19:13:59:041 (00046524) > [Startup] The Last of Us™ Part II
19:13:59:041 (00046524) > [Startup] ==============
19:13:59:041 (00046524) > [Startup] 
19:13:59:041 (00046524) > [Startup] Build: v1.6.10721.0105
19:13:59:041 (00046524) > [Startup] Windows 11.0 (build 26200.8037)
19:13:59:041 (00046524) > [Startup] Distribution platform: Steam
19:13:59:041 (00046524) > [Startup] Game directory: C:\Users\<username>\Documents\The Last of Us Part II\
19:13:59:041 (00046524) > [Startup] Working directory: D:\Installed Games\The Last of Us Part II
19:13:59:041 (00046524) > [Startup] Run ID: 9ED0-1867-A7C9-00F4
19:13:59:041 (00046524) > [Startup] 
19:13:59:041 (00046524) > [Startup] Memory statistics:
19:13:59:041 (00046524) > [Startup]   Total RAM = 31.2 GB (31908 MB)
19:13:59:041 (00046524) > [Startup]   Avail RAM = 21.4 GB (21932 MB)
19:13:59:041 (00046524) > [Startup]   Total virtual memory = 131072.0 GB (134217727 MB)
19:13:59:041 (00046524) > [Startup]   Avail virtual memory = 130554.6 GB (133687938 MB)
19:13:59:041 (00046524) > [Startup]   Total page file = 75.7 GB (77476 MB)
19:13:59:041 (00046524) > [Startup]   Avail page file = 52.8 GB (54111 MB)
19:13:59:041 (00046524) > [Startup] 

19:13:59:174 (00046524) > [Steam] Initializing.
19:13:59:174 (00046524) > [Steam] Successfully initialized.
19:13:59:174 (00046524) > [Steam] Currently connected to 0 remote sessions
19:13:59:174 (00046524) > [NxSteam] End previously existing file batch, did the game quit abnormally while saving?
19:13:59:174 (00046524) > [Steam] Steam beta branch: unknown
19:13:59:245 (00046524) > [NxApp] PreInit
19:13:59:245 (00046524) > [NxProcessorInfo] Processor info:
19:13:59:245 (00046524) > [NxProcessorInfo] 	Description:             	AMD Ryzen 5 7600X 6-Core Processor             
19:13:59:245 (00046524) > [NxProcessorInfo] 	NumaNode Count:    	0
19:13:59:245 (00046524) > [NxProcessorInfo] 	Group Count:       	1
19:13:59:245 (00046524) > [NxProcessorInfo] 	Physical Core:     	6
19:13:59:245 (00046524) > [NxProcessorInfo] 	Logical  Core:     	12
19:13:59:245 (00046524) > [NxProcessorInfo] 	Distinct L3 Cache: 	1
19:13:59:245 (00046524) > [NxProcessorInfo] 	Family:            	25
19:13:59:245 (00046524) > [NxProcessorInfo] 	Model:             	97
19:13:59:245 (00046524) > [NxProcessorInfo] 	Name:              	AMD Ryzen 5 7600X 6-Core Processor             
19:13:59:245 (00046524) > [NxProcessorInfo] 	AVX:               	1
19:13:59:245 (00046524) > [NxProcessorInfo] 	F16C:              	1
19:13:59:245 (00046524) > [NxProcessorInfo] 	AVX2:              	1
19:13:59:245 (00046524) > [NxProcessorInfo] 	NormalAffinity(auto)
19:13:59:246 (00046524) > [SwapChain] Initializing...
19:13:59:246 (00046524) > [DXGI] Initializing...
19:14:01:094 (00046524) > [NxApp] Streamline was successfully initialized. Version: 2.7.2
19:14:01:095 (00046524) > [DXGI] Successfully initialized.
19:14:01:095 (00046524) > [Render] Enumerating adapters:
19:14:01:095 (00046524) > [Render] 	Adapter 0:
19:14:01:095 (00046524) > [Monitor] 		Description             : NVIDIA GeForce RTX 4090
19:14:01:095 (00046524) > [Monitor] 		Vendor                  : nVidia (10de)
19:14:01:095 (00046524) > [Monitor] 		Device                  : 2684
19:14:01:095 (00046524) > [Monitor] 		Sub system              : 165b10de
19:14:01:095 (00046524) > [Monitor] 		Revision                : 161
19:14:01:095 (00046524) > [Monitor] 		Dedicated Video Memory  : 24138 MB
19:14:01:095 (00046524) > [Monitor] 		Dedicated System Memory : 0000 MB
19:14:01:095 (00046524) > [Monitor] 		Shared System Memory    : 15954 MB
19:14:01:095 (00046524) > [Monitor] 
19:14:01:095 (00046524) > [Render] Loading NVAPI...
19:14:01:096 (00046524) > [Render] Done loading NVAPI
19:14:01:096 (00046524) > [Render] 	Adapter 1:
19:14:01:096 (00046524) > [Monitor] 		Description             : Microsoft Basic Render Driver
19:14:01:096 (00046524) > [Monitor] 		Vendor                  : Unknown (1414)
19:14:01:096 (00046524) > [Monitor] 		Device                  : 8c
19:14:01:096 (00046524) > [Monitor] 		Sub system              : 0
19:14:01:096 (00046524) > [Monitor] 		Revision                : 0
19:14:01:096 (00046524) > [Monitor] 		Dedicated Video Memory  : 0000 MB
19:14:01:096 (00046524) > [Monitor] 		Dedicated System Memory : 0000 MB
19:14:01:096 (00046524) > [Monitor] 		Shared System Memory    : 15954 MB
19:14:01:096 (00046524) > [Monitor] 
19:14:01:096 (00046524) > [Render] 	Adapter 2:
19:14:01:096 (00046524) > [Monitor] 		Description             : NVIDIA GeForce RTX 4090
19:14:01:096 (00046524) > [Monitor] 		Vendor                  : nVidia (10de)
19:14:01:096 (00046524) > [Monitor] 		Device                  : 2684
19:14:01:096 (00046524) > [Monitor] 		Sub system              : 165b10de
19:14:01:096 (00046524) > [Monitor] 		Revision                : 161
19:14:01:096 (00046524) > [Monitor] 		Dedicated Video Memory  : 24138 MB
19:14:01:096 (00046524) > [Monitor] 		Dedicated System Memory : 0000 MB
19:14:01:096 (00046524) > [Monitor] 		Shared System Memory    : 15954 MB
19:14:01:096 (00046524) > [Monitor] 
19:14:01:096 (00046524) > [Render] Enumerating monitors:
19:14:01:096 (00046524) > [Render] 	Monitor 0: handle = 00000000044905a5, aspect = 2.39, rounded aspect = 2.39
19:14:01:096 (00046524) > [Render] 	Monitor 1: handle = 0000000013f9087f, aspect = 0.56, rounded aspect = 0.56
19:14:01:096 (00046524) > [Render] 	Monitor 2: handle = 0000000008130455, aspect = 2.40, rounded aspect = 2.40
19:14:01:096 (00046524) > [Render] 
19:14:01:098 (00046524) > [Render] 	Monitor handle = 00000000044905a5, pixel aspect ratio = 1.00
19:14:01:099 (00046524) > [Render] 	Monitor handle = 0000000013f9087f, pixel aspect ratio = 1.00
19:14:01:102 (00046524) > [Render] 	Monitor handle = 0000000008130455, pixel aspect ratio = 1.00
19:14:01:102 (00046524) > [SwapChain] Successfully initialized.
19:14:01:102 (00046524) > [Render] Enumerating Display Modes:
19:14:01:103 (00046524) > [Render] Querying NVAPI for Surround modes
19:14:01:207 (00046524) > [Render] NvAPI_Mosaic_GetDisplayViewportsByResolution() - no surround modes detected
19:14:01:481 (00046524) > [Render] Querying NVAPI for Surround modes
19:14:01:506 (00046524) > [Render] NvAPI_Mosaic_GetDisplayViewportsByResolution() - no surround modes detected
19:14:02:018 (00046524) > [Render] Querying NVAPI for Surround modes
19:14:02:116 (00046524) > [Render] NvAPI_Mosaic_GetDisplayViewportsByResolution() - no surround modes detected
19:14:02:116 (00046524) > [Render] 	Monitor '1 (NVIDIA GeForce RTX 4090(1))' (00000000044905a5): rect(0 3440 0 1440)
19:14:02:116 (00046524) > [Render] 		- Mode  0 :  800 x  600 @  50 Hz, stereo = 0, hdr = 0 exclusive = 0
19:14:02:116 (00046524) > [Render] 		- Mode  1 :  800 x  600 @  50 Hz, stereo = 0, hdr = 0 exclusive = 0
19:14:02:116 (00046524) > [Render] 		- Mode  2 :  800 x  600 @  60 Hz, stereo = 0, hdr = 0 exclusive = 0
19:14:02:116 (00046524) > [Render] 		- Mode  3 :  800 x  600 @  60 Hz, stereo = 0, hdr = 0 exclusive = 0
19:14:02:116 (00046524) > [Render] 		- Mode  4 :  800 x  600 @ 100 Hz, stereo = 0, hdr = 0 exclusive = 0
19:14:02:116 (00046524) > [Render] 		- Mode  5 :  800 x  600 @ 100 Hz, stereo = 0, hdr = 0 exclusive = 0
19:14:02:116 (00046524) > [Render] 		- Mode  6 :  800 x  600 @ 120 Hz, stereo = 0, hdr = 0 exclusive = 0
19:14:02:116 (00046524) > [Render] 		- Mode  7 :  800 x  600 @ 120 Hz, stereo = 0, hdr = 0 exclusive = 0
19:14:02:116 (00046524) > [Render] 		- Mode  8 :  800 x  600 @ 144 Hz, stereo = 0, hdr = 0 exclusive = 0
19:14:02:116 (00046524) > [Render] 		- Mode  9 :  800 x  600 @ 144 Hz, stereo = 0, hdr = 0 exclusive = 0
19:14:02:116 (00046524) > [Render] 		- Mode 10 :  800 x  600 @ 240 Hz, stereo = 0, hdr = 0 exclusive = 0
19:14:02:116 (00046524) > [Render] 		- Mode 11 :  800 x  600 @ 240 Hz, stereo = 0, hdr = 0 exclusive = 0
19:14:02:116 (00046524) > [Render] 		- Mode 12 : 1024 x  768 @  50 Hz, stereo = 0, hdr = 0 exclusive = 0
19:14:02:116 (00046524) > [Render] 		- Mode 13 : 1024 x  768 @  50 Hz, stereo = 0, hdr = 0 exclusive = 0
19:14:02:116 (00046524) > [Render] 		- Mode 14 : 1024 x  768 @  60 Hz, stereo = 0, hdr = 0 exclusive = 0
19:14:02:116 (00046524) > [Render] 		- Mode 15 : 1024 x  768 @  60 Hz, stereo = 0, hdr = 0 exclusive = 0
19:14:02:116 (00046524) > [Render] 		- Mode 16 : 1024 x  768 @ 100 Hz, stereo = 0, hdr = 0 exclusive = 0
19:14:02:116 (00046524) > [Render] 		- Mode 17 : 1024 x  768 @ 100 Hz, stereo = 0, hdr = 0 exclusive = 0
19:14:02:116 (00046524) > [Render] 		- Mode 18 : 1024 x  768 @ 120 Hz, stereo = 0, hdr = 0 exclusive = 0
19:14:02:116 (00046524) > [Render] 		- Mode 19 : 1024 x  768 @ 120 Hz, stereo = 0, hdr = 0 exclusive = 0
19:14:02:116 (00046524) > [Render] 		- Mode 20 : 1024 x  768 @ 144 Hz, stereo = 0, hdr = 0 exclusive = 0
19:14:02:116 (00046524) > [Render] 		- Mode 21 : 1024 x  768 @ 144 Hz, stereo = 0, hdr = 0 exclusive = 0
19:14:02:116 (00046524) > [Render] 		- Mode 22 : 1024 x  768 @ 240 Hz, stereo = 0, hdr = 0 exclusive = 0
19:14:02:116 (00046524) > [Render] 		- Mode 23 : 1024 x  768 @ 240 Hz, stereo = 0, hdr = 0 exclusive = 0
19:14:02:116 (00046524) > [Render] 		- Mode 24 : 1152 x  864 @  50 Hz, stereo = 0, hdr = 0 exclusive = 0
19:14:02:116 (00046524) > [Render] 		- Mode 25 : 1152 x  864 @  50 Hz, stereo = 0, hdr = 0 exclusive = 0
19:14:02:116 (00046524) > [Render] 		- Mode 26 : 1152 x  864 @  60 Hz, stereo = 0, hdr = 0 exclusive = 0
19:14:02:116 (00046524) > [Render] 		- Mode 27 : 1152 x  864 @  60 Hz, stereo = 0, hdr = 0 exclusive = 0
19:14:02:116 (00046524) > [Render] 		- Mode 28 : 1152 x  864 @ 100 Hz, stereo = 0, hdr = 0 exclusive = 0
19:14:02:116 (00046524) > [Render] 		- Mode 29 : 1152 x  864 @ 100 Hz, stereo = 0, hdr = 0 exclusive = 0
19:14:02:116 (00046524) > [Render] 		- Mode 30 : 1152 x  864 @ 120 Hz, stereo = 0, hdr = 0 exclusive = 0
19:14:02:116 (00046524) > [Render] 		- Mode 31 : 1152 x  864 @ 120 Hz, stereo = 0, hdr = 0 exclusive = 0
19:14:02:116 (00046524) > [Render] 		- Mode 32 : 1152 x  864 @ 144 Hz, stereo = 0, hdr = 0 exclusive = 0
19:14:02:116 (00046524) > [Render] 		- Mode 33 : 1152 x  864 @ 144 Hz, stereo = 0, hdr = 0 exclusive = 0
19:14:02:116 (00046524) > [Render] 		- Mode 34 : 1152 x  864 @ 240 Hz, stereo = 0, hdr = 0 exclusive = 0
19:14:02:116 (00046524) > [Render] 		- Mode 35 : 1152 x  864 @ 240 Hz, stereo = 0, hdr = 0 exclusive = 0
19:14:02:116 (00046524) > [Render] 		- Mode 36 : 1280 x  720 @  50 Hz, stereo = 0, hdr = 0 exclusive = 0
19:14:02:116 (00046524) > [Render] 		- Mode 37 : 1280 x  720 @  50 Hz, stereo = 0, hdr = 0 exclusive = 0
19:14:02:116 (00046524) > [Render] 		- Mode 38 : 1280 x  720 @  60 Hz, stereo = 0, hdr = 0 exclusive = 0
19:14:02:116 (00046524) > [Render] 		- Mode 39 : 1280 x  720 @  60 Hz, stereo = 0, hdr = 0 exclusive = 0
19:14:02:116 (00046524) > [Render] 		- Mode 40 : 1280 x  720 @ 100 Hz, stereo = 0, hdr = 0 exclusive = 0
19:14:02:116 (00046524) > [Render] 		- Mode 41 : 1280 x  720 @ 100 Hz, stereo = 0, hdr = 0 exclusive = 0
19:14:02:116 (00046524) > [Render] 		- Mode 42 : 1280 x  720 @ 120 Hz, stereo = 0, hdr = 0 exclusive = 0
19:14:02:116 (00046524) > [Render] 		- Mode 43 : 1280 x  720 @ 120 Hz, stereo = 0, hdr = 0 exclusive = 0
19:14:02:116 (00046524) > [Render] 		- Mode 44 : 1280 x  720 @ 144 Hz, stereo = 0, hdr = 0 exclusive = 0
19:14:02:116 (00046524) > [Render] 		- Mode 45 : 1280 x  720 @ 144 Hz, stereo = 0, hdr = 0 exclusive = 0
19:14:02:116 (00046524) > [Render] 		- Mode 46 : 1280 x  720 @ 240 Hz, stereo = 0, hdr = 0 exclusive = 0
19:14:02:116 (00046524) > [Render] 		- Mode 47 : 1280 x  720 @ 240 Hz, stereo = 0, hdr = 0 exclusive = 0
19:14:02:116 (00046524) > [Render] 		- Mode 48 : 1280 x  768 @  50 Hz, stereo = 0, hdr = 0 exclusive = 0
19:14:02:116 (00046524) > [Render] 		- Mode 49 : 1280 x  768 @  50 Hz, stereo = 0, hdr = 0 exclusive = 0
19:14:02:116 (00046524) > [Render] 		- Mode 50 : 1280 x  768 @  60 Hz, stereo = 0, hdr = 0 exclusive = 0
19:14:02:116 (00046524) > [Render] 		- Mode 51 : 1280 x  768 @  60 Hz, stereo = 0, hdr = 0 exclusive = 0
19:14:02:116 (00046524) > [Render] 		- Mode 52 : 1280 x  768 @ 100 Hz, stereo = 0, hdr = 0 exclusive = 0
19:14:02:116 (00046524) > [Render] 		- Mode 53 : 1280 x  768 @ 100 Hz, stereo = 0, hdr = 0 exclusive = 0
19:14:02:116 (00046524) > [Render] 		- Mode 54 : 1280 x  768 @ 120 Hz, stereo = 0, hdr = 0 exclusive = 0
19:14:02:116 (00046524) > [Render] 		- Mode 55 : 1280 x  768 @ 120 Hz, stereo = 0, hdr = 0 exclusive = 0
19:14:02:116 (00046524) > [Render] 		- Mode 56 : 1280 x  768 @ 144 Hz, stereo = 0, hdr = 0 exclusive = 0
19:14:02:116 (00046524) > [Render] 		- Mode 57 : 1280 x  768 @ 144 Hz, stereo = 0, hdr = 0 exclusive = 0
19:14:02:116 (00046524) > [Render] 		- Mode 58 : 1280 x  768 @ 240 Hz, stereo = 0, hdr = 0 exclusive = 0
19:14:02:116 (00046524) > [Render] 		- Mode 59 : 1280 x  768 @ 240 Hz, stereo = 0, hdr = 0 exclusive = 0
19:14:02:116 (00046524) > [Render] 		- Mode 60 : 1280 x  800 @  50 Hz, stereo = 0, hdr = 0 exclusive = 0
19:14:02:116 (00046524) > [Render] 		- Mode 61 : 1280 x  800 @  50 Hz, stereo = 0, hdr = 0 exclusive = 0
19:14:02:116 (00046524) > [Render] 		- Mode 62 : 1280 x  800 @  60 Hz, stereo = 0, hdr = 0 exclusive = 0
19:14:02:116 (00046524) > [Render] 		- Mode 63 : 1280 x  800 @  60 Hz, stereo = 0, hdr = 0 exclusive = 0
19:14:02:116 (00046524) > [Render] 		- Mode 64 : 1280 x  800 @ 100 Hz, stereo = 0, hdr = 0 exclusive = 0
19:14:02:116 (00046524) > [Render] 		- Mode 65 : 1280 x  800 @ 100 Hz, stereo = 0, hdr = 0 exclusive = 0
19:14:02:116 (00046524) > [Render] 		- Mode 66 : 1280 x  800 @ 120 Hz, stereo = 0, hdr = 0 exclusive = 0
19:14:02:116 (00046524) > [Render] 		- Mode 67 : 1280 x  800 @ 120 Hz, stereo = 0, hdr = 0 exclusive = 0
19:14:02:116 (00046524) > [Render] 		- Mode 68 : 1280 x  800 @ 144 Hz, stereo = 0, hdr = 0 exclusive = 0
19:14:02:116 (00046524) > [Render] 		- Mode 69 : 1280 x  800 @ 144 Hz, stereo = 0, hdr = 0 exclusive = 0
19:14:02:116 (00046524) > [Render] 		- Mode 70 : 1280 x  800 @ 240 Hz, stereo = 0, hdr = 0 exclusive = 0
19:14:02:116 (00046524) > [Render] 		- Mode 71 : 1280 x  800 @ 240 Hz, stereo = 0, hdr = 0 exclusive = 0
19:14:02:116 (00046524) > [Render] 		- Mode 72 : 1280 x  960 @  50 Hz, stereo = 0, hdr = 0 exclusive = 0
19:14:02:116 (00046524) > [Render] 		- Mode 73 : 1280 x  960 @  50 Hz, stereo = 0, hdr = 0 exclusive = 0
19:14:02:117 (00046524) > [Render] 		- Mode 74 : 1280 x  960 @  60 Hz, stereo = 0, hdr = 0 exclusive = 0
19:14:02:117 (00046524) > [Render] 		- Mode 75 : 1280 x  960 @  60 Hz, stereo = 0, hdr = 0 exclusive = 0
19:14:02:117 (00046524) > [Render] 		- Mode 76 : 1280 x  960 @ 100 Hz, stereo = 0, hdr = 0 exclusive = 0
19:14:02:117 (00046524) > [Render] 		- Mode 77 : 1280 x  960 @ 100 Hz, stereo = 0, hdr = 0 exclusive = 0
19:14:02:117 (00046524) > [Render] 		- Mode 78 : 1280 x  960 @ 120 Hz, stereo = 0, hdr = 0 exclusive = 0
19:14:02:117 (00046524) > [Render] 		- Mode 79 : 1280 x  960 @ 120 Hz, stereo = 0, hdr = 0 exclusive = 0
19:14:02:117 (00046524) > [Render] 		- Mode 80 : 1280 x  960 @ 144 Hz, stereo = 0, hdr = 0 exclusive = 0
19:14:02:117 (00046524) > [Render] 		- Mode 81 : 1280 x  960 @ 144 Hz, stereo = 0, hdr = 0 exclusive = 0
19:14:02:117 (00046524) > [Render] 		- Mode 82 : 1280 x  960 @ 240 Hz, stereo = 0, hdr = 0 exclusive = 0
19:14:02:117 (00046524) > [Render] 		- Mode 83 : 1280 x  960 @ 240 Hz, stereo = 0, hdr = 0 exclusive = 0
19:14:02:117 (00046524) > [Render] 		- Mode 84 : 1280 x 1024 @  50 Hz, stereo = 0, hdr = 0 exclusive = 0
19:14:02:117 (00046524) > [Render] 		- Mode 85 : 1280 x 1024 @  50 Hz, stereo = 0, hdr = 0 exclusive = 0
19:14:02:117 (00046524) > [Render] 		- Mode 86 : 1280 x 1024 @  60 Hz, stereo = 0, hdr = 0 exclusive = 0
19:14:02:117 (00046524) > [Render] 		- Mode 87 : 1280 x 1024 @  60 Hz, stereo = 0, hdr = 0 exclusive = 0
19:14:02:117 (00046524) > [Render] 		- Mode 88 : 1280 x 1024 @ 100 Hz, stereo = 0, hdr = 0 exclusive = 0
19:14:02:117 (00046524) > [Render] 		- Mode 89 : 1280 x 1024 @ 100 Hz, stereo = 0, hdr = 0 exclusive = 0
19:14:02:117 (00046524) > [Render] 		- Mode 90 : 1280 x 1024 @ 120 Hz, stereo = 0, hdr = 0 exclusive = 0
19:14:02:117 (00046524) > [Render] 		- Mode 91 : 1280 x 1024 @ 120 Hz, stereo = 0, hdr = 0 exclusive = 0
19:14:02:117 (00046524) > [Render] 		- Mode 92 : 1280 x 1024 @ 144 Hz, stereo = 0, hdr = 0 exclusive = 0
19:14:02:117 (00046524) > [Render] 		- Mode 93 : 1280 x 1024 @ 144 Hz, stereo = 0, hdr = 0 exclusive = 0
19:14:02:117 (00046524) > [Render] 		- Mode 94 : 1280 x 1024 @ 240 Hz, stereo = 0, hdr = 0 exclusive = 0
19:14:02:117 (00046524) > [Render] 		- Mode 95 : 1280 x 1024 @ 240 Hz, stereo = 0, hdr = 0 exclusive = 0
19:14:02:117 (00046524) > [Render] 		- Mode 96 : 1360 x  768 @  50 Hz, stereo = 0, hdr = 0 exclusive = 0
19:14:02:117 (00046524) > [Render] 		- Mode 97 : 1360 x  768 @  50 Hz, stereo = 0, hdr = 0 exclusive = 0
19:14:02:117 (00046524) > [Render] 		- Mode 98 : 1360 x  768 @  60 Hz, stereo = 0, hdr = 0 exclusive = 0
19:14:02:117 (00046524) > [Render] 		- Mode 99 : 1360 x  768 @  60 Hz, stereo = 0, hdr = 0 exclusive = 0
19:14:02:117 (00046524) > [Render] 		- Mode 100 : 1360 x  768 @ 100 Hz, stereo = 0, hdr = 0 exclusive = 0
19:14:02:117 (00046524) > [Render] 		- Mode 101 : 1360 x  768 @ 100 Hz, stereo = 0, hdr = 0 exclusive = 0
19:14:02:117 (00046524) > [Render] 		- Mode 102 : 1360 x  768 @ 120 Hz, stereo = 0, hdr = 0 exclusive = 0
19:14:02:117 (00046524) > [Render] 		- Mode 103 : 1360 x  768 @ 120 Hz, stereo = 0, hdr = 0 exclusive = 0
19:14:02:117 (00046524) > [Render] 		- Mode 104 : 1360 x  768 @ 144 Hz, stereo = 0, hdr = 0 exclusive = 0
19:14:02:117 (00046524) > [Render] 		- Mode 105 : 1360 x  768 @ 144 Hz, stereo = 0, hdr = 0 exclusive = 0
19:14:02:117 (00046524) > [Render] 		- Mode 106 : 1360 x  768 @ 240 Hz, stereo = 0, hdr = 0 exclusive = 0
19:14:02:117 (00046524) > [Render] 		- Mode 107 : 1360 x  768 @ 240 Hz, stereo = 0, hdr = 0 exclusive = 0
19:14:02:117 (00046524) > [Render] 		- Mode 108 : 1366 x  768 @  50 Hz, stereo = 0, hdr = 0 exclusive = 0
19:14:02:117 (00046524) > [Render] 		- Mode 109 : 1366 x  768 @  50 Hz, stereo = 0, hdr = 0 exclusive = 0
19:14:02:117 (00046524) > [Render] 		- Mode 110 : 1366 x  768 @  60 Hz, stereo = 0, hdr = 0 exclusive = 0
19:14:02:117 (00046524) > [Render] 		- Mode 111 : 1366 x  768 @  60 Hz, stereo = 0, hdr = 0 exclusive = 0
19:14:02:117 (00046524) > [Render] 		- Mode 112 : 1366 x  768 @ 100 Hz, stereo = 0, hdr = 0 exclusive = 0
19:14:02:117 (00046524) > [Render] 		- Mode 113 : 1366 x  768 @ 100 Hz, stereo = 0, hdr = 0 exclusive = 0
19:14:02:117 (00046524) > [Render] 		- Mode 114 : 1366 x  768 @ 120 Hz, stereo = 0, hdr = 0 exclusive = 0
19:14:02:117 (00046524) > [Render] 		- Mode 115 : 1366 x  768 @ 120 Hz, stereo = 0, hdr = 0 exclusive = 0
19:14:02:117 (00046524) > [Render] 		- Mode 116 : 1366 x  768 @ 144 Hz, stereo = 0, hdr = 0 exclusive = 0
19:14:02:117 (00046524) > [Render] 		- Mode 117 : 1366 x  768 @ 144 Hz, stereo = 0, hdr = 0 exclusive = 0
19:14:02:117 (00046524) > [Render] 		- Mode 118 : 1366 x  768 @ 240 Hz, stereo = 0, hdr = 0 exclusive = 0
19:14:02:117 (00046524) > [Render] 		- Mode 119 : 1366 x  768 @ 240 Hz, stereo = 0, hdr = 0 exclusive = 0
19:14:02:117 (00046524) > [Render] 		- Mode 120 : 1440 x  900 @  50 Hz, stereo = 0, hdr = 0 exclusive = 0
19:14:02:117 (00046524) > [Render] 		- Mode 121 : 1440 x  900 @  50 Hz, stereo = 0, hdr = 0 exclusive = 0
19:14:02:117 (00046524) > [Render] 		- Mode 122 : 1440 x  900 @  60 Hz, stereo = 0, hdr = 0 exclusive = 0
19:14:02:117 (00046524) > [Render] 		- Mode 123 : 1440 x  900 @  60 Hz, stereo = 0, hdr = 0 exclusive = 0
19:14:02:117 (00046524) > [Render] 		- Mode 124 : 1440 x  900 @ 100 Hz, stereo = 0, hdr = 0 exclusive = 0
19:14:02:117 (00046524) > [Render] 		- Mode 125 : 1440 x  900 @ 100 Hz, stereo = 0, hdr = 0 exclusive = 0
19:14:02:117 (00046524) > [Render] 		- Mode 126 : 1440 x  900 @ 120 Hz, stereo = 0, hdr = 0 exclusive = 0
19:14:02:117 (00046524) > [Render] 		- Mode 127 : 1440 x  900 @ 120 Hz, stereo = 0, hdr = 0 exclusive = 0
19:14:02:117 (00046524) > [Render] 		- Mode 128 : 1440 x  900 @ 144 Hz, stereo = 0, hdr = 0 exclusive = 0
19:14:02:117 (00046524) > [Render] 		- Mode 129 : 1440 x  900 @ 144 Hz, stereo = 0, hdr = 0 exclusive = 0
19:14:02:117 (00046524) > [Render] 		- Mode 130 : 1440 x  900 @ 240 Hz, stereo = 0, hdr = 0 exclusive = 0
19:14:02:117 (00046524) > [Render] 		- Mode 131 : 1440 x  900 @ 240 Hz, stereo = 0, hdr = 0 exclusive = 0
19:14:02:117 (00046524) > [Render] 		- Mode 132 : 1440 x 1080 @  50 Hz, stereo = 0, hdr = 0 exclusive = 0
19:14:02:117 (00046524) > [Render] 		- Mode 133 : 1440 x 1080 @  50 Hz, stereo = 0, hdr = 0 exclusive = 0
19:14:02:117 (00046524) > [Render] 		- Mode 134 : 1440 x 1080 @  60 Hz, stereo = 0, hdr = 0 exclusive = 0
19:14:02:117 (00046524) > [Render] 		- Mode 135 : 1440 x 1080 @  60 Hz, stereo = 0, hdr = 0 exclusive = 0
19:14:02:117 (00046524) > [Render] 		- Mode 136 : 1440 x 1080 @ 100 Hz, stereo = 0, hdr = 0 exclusive = 0
19:14:02:117 (00046524) > [Render] 		- Mode 137 : 1440 x 1080 @ 100 Hz, stereo = 0, hdr = 0 exclusive = 0
19:14:02:117 (00046524) > [Render] 		- Mode 138 : 1440 x 1080 @ 120 Hz, stereo = 0, hdr = 0 exclusive = 0
19:14:02:117 (00046524) > [Render] 		- Mode 139 : 1440 x 1080 @ 120 Hz, stereo = 0, hdr = 0 exclusive = 0
19:14:02:117 (00046524) > [Render] 		- Mode 140 : 1440 x 1080 @ 144 Hz, stereo = 0, hdr = 0 exclusive = 0
19:14:02:117 (00046524) > [Render] 		- Mode 141 : 1440 x 1080 @ 144 Hz, stereo = 0, hdr = 0 exclusive = 0
19:14:02:117 (00046524) > [Render] 		- Mode 142 : 1440 x 1080 @ 240 Hz, stereo = 0, hdr = 0 exclusive = 0
19:14:02:117 (00046524) > [Render] 		- Mode 143 : 1440 x 1080 @ 240 Hz, stereo = 0, hdr = 0 exclusive = 0
19:14:02:117 (00046524) > [Render] 		- Mode 144 : 1600 x  900 @  50 Hz, stereo = 0, hdr = 0 exclusive = 0
19:14:02:117 (00046524) > [Render] 		- Mode 145 : 1600 x  900 @  50 Hz, stereo = 0, hdr = 0 exclusive = 0
19:14:02:117 (00046524) > [Render] 		- Mode 146 : 1600 x  900 @  60 Hz, stereo = 0, hdr = 0 exclusive = 0
19:14:02:117 (00046524) > [Render] 		- Mode 147 : 1600 x  900 @  60 Hz, stereo = 0, hdr = 0 exclusive = 0
19:14:02:117 (00046524) > [Render] 		- Mode 148 : 1600 x  900 @ 100 Hz, stereo = 0, hdr = 0 exclusive = 0
19:14:02:117 (00046524) > [Render] 		- Mode 149 : 1600 x  900 @ 100 Hz, stereo = 0, hdr = 0 exclusive = 0
19:14:02:117 (00046524) > [Render] 		- Mode 150 : 1600 x  900 @ 120 Hz, stereo = 0, hdr = 0 exclusive = 0
19:14:02:117 (00046524) > [Render] 		- Mode 151 : 1600 x  900 @ 120 Hz, stereo = 0, hdr = 0 exclusive = 0
19:14:02:117 (00046524) > [Render] 		- Mode 152 : 1600 x  900 @ 144 Hz, stereo = 0, hdr = 0 exclusive = 0
19:14:02:117 (00046524) > [Render] 		- Mode 153 : 1600 x  900 @ 144 Hz, stereo = 0, hdr = 0 exclusive = 0
19:14:02:117 (00046524) > [Render] 		- Mode 154 : 1600 x  900 @ 240 Hz, stereo = 0, hdr = 0 exclusive = 0
19:14:02:117 (00046524) > [Render] 		- Mode 155 : 1600 x  900 @ 240 Hz, stereo = 0, hdr = 0 exclusive = 0
19:14:02:117 (00046524) > [Render] 		- Mode 156 : 1600 x 1024 @  50 Hz, stereo = 0, hdr = 0 exclusive = 0
19:14:02:117 (00046524) > [Render] 		- Mode 157 : 1600 x 1024 @  50 Hz, stereo = 0, hdr = 0 exclusive = 0
19:14:02:117 (00046524) > [Render] 		- Mode 158 : 1600 x 1024 @  60 Hz, stereo = 0, hdr = 0 exclusive = 0
19:14:02:117 (00046524) > [Render] 		- Mode 159 : 1600 x 1024 @  60 Hz, stereo = 0, hdr = 0 exclusive = 0
19:14:02:117 (00046524) > [Render] 		- Mode 160 : 1600 x 1024 @ 100 Hz, stereo = 0, hdr = 0 exclusive = 0
19:14:02:117 (00046524) > [Render] 		- Mode 161 : 1600 x 1024 @ 100 Hz, stereo = 0, hdr = 0 exclusive = 0
19:14:02:117 (00046524) > [Render] 		- Mode 162 : 1600 x 1024 @ 120 Hz, stereo = 0, hdr = 0 exclusive = 0
19:14:02:117 (00046524) > [Render] 		- Mode 163 : 1600 x 1024 @ 120 Hz, stereo = 0, hdr = 0 exclusive = 0
19:14:02:117 (00046524) > [Render] 		- Mode 164 : 1600 x 1024 @ 144 Hz, stereo = 0, hdr = 0 exclusive = 0
19:14:02:117 (00046524) > [Render] 		- Mode 165 : 1600 x 1024 @ 144 Hz, stereo = 0, hdr = 0 exclusive = 0
19:14:02:117 (00046524) > [Render] 		- Mode 166 : 1600 x 1024 @ 240 Hz, stereo = 0, hdr = 0 exclusive = 0
19:14:02:117 (00046524) > [Render] 		- Mode 167 : 1600 x 1024 @ 240 Hz, stereo = 0, hdr = 0 exclusive = 0
19:14:02:117 (00046524) > [Render] 		- Mode 168 : 1600 x 1200 @  50 Hz, stereo = 0, hdr = 0 exclusive = 0
19:14:02:117 (00046524) > [Render] 		- Mode 169 : 1600 x 1200 @  50 Hz, stereo = 0, hdr = 0 exclusive = 0
19:14:02:117 (00046524) > [Render] 		- Mode 170 : 1600 x 1200 @  60 Hz, stereo = 0, hdr = 0 exclusive = 0
19:14:02:117 (00046524) > [Render] 		- Mode 171 : 1600 x 1200 @  60 Hz, stereo = 0, hdr = 0 exclusive = 0
19:14:02:117 (00046524) > [Render] 		- Mode 172 : 1600 x 1200 @ 100 Hz, stereo = 0, hdr = 0 exclusive = 0
19:14:02:117 (00046524) > [Render] 		- Mode 173 : 1600 x 1200 @ 100 Hz, stereo = 0, hdr = 0 exclusive = 0
19:14:02:117 (00046524) > [Render] 		- Mode 174 : 1600 x 1200 @ 120 Hz, stereo = 0, hdr = 0 exclusive = 0
19:14:02:117 (00046524) > [Render] 		- Mode 175 : 1600 x 1200 @ 120 Hz, stereo = 0, hdr = 0 exclusive = 0
19:14:02:117 (00046524) > [Render] 		- Mode 176 : 1600 x 1200 @ 144 Hz, stereo = 0, hdr = 0 exclusive = 0
19:14:02:117 (00046524) > [Render] 		- Mode 177 : 1600 x 1200 @ 144 Hz, stereo = 0, hdr = 0 exclusive = 0
19:14:02:117 (00046524) > [Render] 		- Mode 178 : 1600 x 1200 @ 240 Hz, stereo = 0, hdr = 0 exclusive = 0
19:14:02:117 (00046524) > [Render] 		- Mode 179 : 1600 x 1200 @ 240 Hz, stereo = 0, hdr = 0 exclusive = 0
19:14:02:117 (00046524) > [Render] 		- Mode 180 : 1680 x 1050 @  50 Hz, stereo = 0, hdr = 0 exclusive = 0
19:14:02:117 (00046524) > [Render] 		- Mode 181 : 1680 x 1050 @  50 Hz, stereo = 0, hdr = 0 exclusive = 0
19:14:02:117 (00046524) > [Render] 		- Mode 182 : 1680 x 1050 @  60 Hz, stereo = 0, hdr = 0 exclusive = 0
19:14:02:117 (00046524) > [Render] 		- Mode 183 : 1680 x 1050 @  60 Hz, stereo = 0, hdr = 0 exclusive = 0
19:14:02:117 (00046524) > [Render] 		- Mode 184 : 1680 x 1050 @ 100 Hz, stereo = 0, hdr = 0 exclusive = 0
19:14:02:117 (00046524) > [Render] 		- Mode 185 : 1680 x 1050 @ 100 Hz, stereo = 0, hdr = 0 exclusive = 0
19:14:02:117 (00046524) > [Render] 		- Mode 186 : 1680 x 1050 @ 120 Hz, stereo = 0, hdr = 0 exclusive = 0
19:14:02:117 (00046524) > [Render] 		- Mode 187 : 1680 x 1050 @ 120 Hz, stereo = 0, hdr = 0 exclusive = 0
19:14:02:117 (00046524) > [Render] 		- Mode 188 : 1680 x 1050 @ 144 Hz, stereo = 0, hdr = 0 exclusive = 0
19:14:02:117 (00046524) > [Render] 		- Mode 189 : 1680 x 1050 @ 144 Hz, stereo = 0, hdr = 0 exclusive = 0
19:14:02:117 (00046524) > [Render] 		- Mode 190 : 1680 x 1050 @ 240 Hz, stereo = 0, hdr = 0 exclusive = 0
19:14:02:117 (00046524) > [Render] 		- Mode 191 : 1680 x 1050 @ 240 Hz, stereo = 0, hdr = 0 exclusive = 0
19:14:02:117 (00046524) > [Render] 		- Mode 192 : 1920 x 1080 @  50 Hz, stereo = 0, hdr = 0 exclusive = 0
19:14:02:117 (00046524) > [Render] 		- Mode 193 : 1920 x 1080 @  50 Hz, stereo = 0, hdr = 0 exclusive = 0
19:14:02:117 (00046524) > [Render] 		- Mode 194 : 1920 x 1080 @  60 Hz, stereo = 0, hdr = 0 exclusive = 0
19:14:02:117 (00046524) > [Render] 		- Mode 195 : 1920 x 1080 @  60 Hz, stereo = 0, hdr = 0 exclusive = 0
19:14:02:117 (00046524) > [Render] 		- Mode 196 : 1920 x 1080 @ 100 Hz, stereo = 0, hdr = 0 exclusive = 0
19:14:02:117 (00046524) > [Render] 		- Mode 197 : 1920 x 1080 @ 100 Hz, stereo = 0, hdr = 0 exclusive = 0
19:14:02:117 (00046524) > [Render] 		- Mode 198 : 1920 x 1080 @ 120 Hz, stereo = 0, hdr = 0 exclusive = 0
19:14:02:117 (00046524) > [Render] 		- Mode 199 : 1920 x 1080 @ 120 Hz, stereo = 0, hdr = 0 exclusive = 0
19:14:02:117 (00046524) > [Render] 		- Mode 200 : 1920 x 1080 @ 144 Hz, stereo = 0, hdr = 0 exclusive = 0
19:14:02:117 (00046524) > [Render] 		- Mode 201 : 1920 x 1080 @ 144 Hz, stereo = 0, hdr = 0 exclusive = 0
19:14:02:117 (00046524) > [Render] 		- Mode 202 : 1920 x 1080 @ 240 Hz, stereo = 0, hdr = 0 exclusive = 0
19:14:02:117 (00046524) > [Render] 		- Mode 203 : 1920 x 1080 @ 240 Hz, stereo = 0, hdr = 0 exclusive = 0
19:14:02:117 (00046524) > [Render] 		- Mode 204 : 1920 x 1200 @  50 Hz, stereo = 0, hdr = 0 exclusive = 0
19:14:02:117 (00046524) > [Render] 		- Mode 205 : 1920 x 1200 @  50 Hz, stereo = 0, hdr = 0 exclusive = 0
19:14:02:117 (00046524) > [Render] 		- Mode 206 : 1920 x 1200 @  60 Hz, stereo = 0, hdr = 0 exclusive = 0
19:14:02:117 (00046524) > [Render] 		- Mode 207 : 1920 x 1200 @  60 Hz, stereo = 0, hdr = 0 exclusive = 0
19:14:02:117 (00046524) > [Render] 		- Mode 208 : 1920 x 1200 @ 100 Hz, stereo = 0, hdr = 0 exclusive = 0
19:14:02:117 (00046524) > [Render] 		- Mode 209 : 1920 x 1200 @ 100 Hz, stereo = 0, hdr = 0 exclusive = 0
19:14:02:117 (00046524) > [Render] 		- Mode 210 : 1920 x 1200 @ 120 Hz, stereo = 0, hdr = 0 exclusive = 0
19:14:02:117 (00046524) > [Render] 		- Mode 211 : 1920 x 1200 @ 120 Hz, stereo = 0, hdr = 0 exclusive = 0
19:14:02:117 (00046524) > [Render] 		- Mode 212 : 1920 x 1200 @ 144 Hz, stereo = 0, hdr = 0 exclusive = 0
19:14:02:117 (00046524) > [Render] 		- Mode 213 : 1920 x 1200 @ 144 Hz, stereo = 0, hdr = 0 exclusive = 0
19:14:02:117 (00046524) > [Render] 		- Mode 214 : 1920 x 1200 @ 240 Hz, stereo = 0, hdr = 0 exclusive = 0
19:14:02:117 (00046524) > [Render] 		- Mode 215 : 1920 x 1200 @ 240 Hz, stereo = 0, hdr = 0 exclusive = 0
19:14:02:117 (00046524) > [Render] 		- Mode 216 : 1920 x 1440 @  50 Hz, stereo = 0, hdr = 0 exclusive = 0
19:14:02:117 (00046524) > [Render] 		- Mode 217 : 1920 x 1440 @  50 Hz, stereo = 0, hdr = 0 exclusive = 0
19:14:02:117 (00046524) > [Render] 		- Mode 218 : 1920 x 1440 @  60 Hz, stereo = 0, hdr = 0 exclusive = 0
19:14:02:117 (00046524) > [Render] 		- Mode 219 : 1920 x 1440 @  60 Hz, stereo = 0, hdr = 0 exclusive = 0
19:14:02:117 (00046524) > [Render] 		- Mode 220 : 1920 x 1440 @ 100 Hz, stereo = 0, hdr = 0 exclusive = 0
19:14:02:117 (00046524) > [Render] 		- Mode 221 : 1920 x 1440 @ 100 Hz, stereo = 0, hdr = 0 exclusive = 0
19:14:02:117 (00046524) > [Render] 		- Mode 222 : 1920 x 1440 @ 120 Hz, stereo = 0, hdr = 0 exclusive = 0
19:14:02:117 (00046524) > [Render] 		- Mode 223 : 1920 x 1440 @ 120 Hz, stereo = 0, hdr = 0 exclusive = 0
19:14:02:117 (00046524) > [Render] 		- Mode 224 : 1920 x 1440 @ 144 Hz, stereo = 0, hdr = 0 exclusive = 0
19:14:02:117 (00046524) > [Render] 		- Mode 225 : 1920 x 1440 @ 144 Hz, stereo = 0, hdr = 0 exclusive = 0
19:14:02:117 (00046524) > [Render] 		- Mode 226 : 1920 x 1440 @ 240 Hz, stereo = 0, hdr = 0 exclusive = 0
19:14:02:117 (00046524) > [Render] 		- Mode 227 : 1920 x 1440 @ 240 Hz, stereo = 0, hdr = 0 exclusive = 0
19:14:02:117 (00046524) > [Render] 		- Mode 228 : 2560 x 1440 @  50 Hz, stereo = 0, hdr = 0 exclusive = 0
19:14:02:117 (00046524) > [Render] 		- Mode 229 : 2560 x 1440 @  50 Hz, stereo = 0, hdr = 0 exclusive = 0
19:14:02:117 (00046524) > [Render] 		- Mode 230 : 2560 x 1440 @  60 Hz, stereo = 0, hdr = 0 exclusive = 0
19:14:02:117 (00046524) > [Render] 		- Mode 231 : 2560 x 1440 @  60 Hz, stereo = 0, hdr = 0 exclusive = 0
19:14:02:117 (00046524) > [Render] 		- Mode 232 : 2560 x 1440 @ 100 Hz, stereo = 0, hdr = 0 exclusive = 0
19:14:02:117 (00046524) > [Render] 		- Mode 233 : 2560 x 1440 @ 100 Hz, stereo = 0, hdr = 0 exclusive = 0
19:14:02:117 (00046524) > [Render] 		- Mode 234 : 2560 x 1440 @ 120 Hz, stereo = 0, hdr = 0 exclusive = 0
19:14:02:117 (00046524) > [Render] 		- Mode 235 : 2560 x 1440 @ 120 Hz, stereo = 0, hdr = 0 exclusive = 0
19:14:02:117 (00046524) > [Render] 		- Mode 236 : 2560 x 1440 @ 144 Hz, stereo = 0, hdr = 0 exclusive = 0
19:14:02:117 (00046524) > [Render] 		- Mode 237 : 2560 x 1440 @ 144 Hz, stereo = 0, hdr = 0 exclusive = 0
19:14:02:117 (00046524) > [Render] 		- Mode 238 : 2560 x 1440 @ 240 Hz, stereo = 0, hdr = 0 exclusive = 0
19:14:02:117 (00046524) > [Render] 		- Mode 239 : 2560 x 1440 @ 240 Hz, stereo = 0, hdr = 0 exclusive = 0
19:14:02:117 (00046524) > [Render] 		- Mode 240 : 3440 x 1440 @  50 Hz, stereo = 0, hdr = 0 exclusive = 0
19:14:02:117 (00046524) > [Render] 		- Mode 241 : 3440 x 1440 @  60 Hz, stereo = 0, hdr = 0 exclusive = 0
19:14:02:117 (00046524) > [Render] 		- Mode 242 : 3440 x 1440 @ 100 Hz, stereo = 0, hdr = 0 exclusive = 0
19:14:02:117 (00046524) > [Render] 		- Mode 243 : 3440 x 1440 @ 120 Hz, stereo = 0, hdr = 0 exclusive = 0
19:14:02:117 (00046524) > [Render] 		- Mode 244 : 3440 x 1440 @ 144 Hz, stereo = 0, hdr = 0 exclusive = 0
19:14:02:117 (00046524) > [Render] 		- Mode 245 : 3440 x 1440 @ 240 Hz, stereo = 0, hdr = 0 exclusive = 0
19:14:02:117 (00046524) > [Render] 		- Mode 246 :  800 x  600 @  50 Hz, stereo = 0, hdr = 1 exclusive = 0
19:14:02:117 (00046524) > [Render] 		- Mode 247 :  800 x  600 @  60 Hz, stereo = 0, hdr = 1 exclusive = 0
19:14:02:117 (00046524) > [Render] 		- Mode 248 :  800 x  600 @ 100 Hz, stereo = 0, hdr = 1 exclusive = 0
19:14:02:117 (00046524) > [Render] 		- Mode 249 :  800 x  600 @ 120 Hz, stereo = 0, hdr = 1 exclusive = 0
19:14:02:117 (00046524) > [Render] 		- Mode 250 :  800 x  600 @ 144 Hz, stereo = 0, hdr = 1 exclusive = 0
19:14:02:117 (00046524) > [Render] 		- Mode 251 :  800 x  600 @ 240 Hz, stereo = 0, hdr = 1 exclusive = 0
19:14:02:117 (00046524) > [Render] 		- Mode 252 : 1024 x  768 @  50 Hz, stereo = 0, hdr = 1 exclusive = 0
19:14:02:117 (00046524) > [Render] 		- Mode 253 : 1024 x  768 @  60 Hz, stereo = 0, hdr = 1 exclusive = 0
19:14:02:117 (00046524) > [Render] 		- Mode 254 : 1024 x  768 @ 100 Hz, stereo = 0, hdr = 1 exclusive = 0
19:14:02:117 (00046524) > [Render] 		- Mode 255 : 1024 x  768 @ 120 Hz, stereo = 0, hdr = 1 exclusive = 0
19:14:02:117 (00046524) > [Render] 		- Mode 256 : 1024 x  768 @ 144 Hz, stereo = 0, hdr = 1 exclusive = 0
19:14:02:117 (00046524) > [Render] 		- Mode 257 : 1024 x  768 @ 240 Hz, stereo = 0, hdr = 1 exclusive = 0
19:14:02:117 (00046524) > [Render] 		- Mode 258 : 1152 x  864 @  50 Hz, stereo = 0, hdr = 1 exclusive = 0
19:14:02:117 (00046524) > [Render] 		- Mode 259 : 1152 x  864 @  60 Hz, stereo = 0, hdr = 1 exclusive = 0
19:14:02:117 (00046524) > [Render] 		- Mode 260 : 1152 x  864 @ 100 Hz, stereo = 0, hdr = 1 exclusive = 0
19:14:02:117 (00046524) > [Render] 		- Mode 261 : 1152 x  864 @ 120 Hz, stereo = 0, hdr = 1 exclusive = 0
19:14:02:117 (00046524) > [Render] 		- Mode 262 : 1152 x  864 @ 144 Hz, stereo = 0, hdr = 1 exclusive = 0
19:14:02:117 (00046524) > [Render] 		- Mode 263 : 1152 x  864 @ 240 Hz, stereo = 0, hdr = 1 exclusive = 0
19:14:02:117 (00046524) > [Render] 		- Mode 264 : 1280 x  720 @  50 Hz, stereo = 0, hdr = 1 exclusive = 0
19:14:02:117 (00046524) > [Render] 		- Mode 265 : 1280 x  720 @  60 Hz, stereo = 0, hdr = 1 exclusive = 0
19:14:02:117 (00046524) > [Render] 		- Mode 266 : 1280 x  720 @ 100 Hz, stereo = 0, hdr = 1 exclusive = 0
19:14:02:117 (00046524) > [Render] 		- Mode 267 : 1280 x  720 @ 120 Hz, stereo = 0, hdr = 1 exclusive = 0
19:14:02:117 (00046524) > [Render] 		- Mode 268 : 1280 x  720 @ 144 Hz, stereo = 0, hdr = 1 exclusive = 0
19:14:02:117 (00046524) > [Render] 		- Mode 269 : 1280 x  720 @ 240 Hz, stereo = 0, hdr = 1 exclusive = 0
19:14:02:117 (00046524) > [Render] 		- Mode 270 : 1280 x  768 @  50 Hz, stereo = 0, hdr = 1 exclusive = 0
19:14:02:117 (00046524) > [Render] 		- Mode 271 : 1280 x  768 @  60 Hz, stereo = 0, hdr = 1 exclusive = 0
19:14:02:117 (00046524) > [Render] 		- Mode 272 : 1280 x  768 @ 100 Hz, stereo = 0, hdr = 1 exclusive = 0
19:14:02:117 (00046524) > [Render] 		- Mode 273 : 1280 x  768 @ 120 Hz, stereo = 0, hdr = 1 exclusive = 0
19:14:02:117 (00046524) > [Render] 		- Mode 274 : 1280 x  768 @ 144 Hz, stereo = 0, hdr = 1 exclusive = 0
19:14:02:117 (00046524) > [Render] 		- Mode 275 : 1280 x  768 @ 240 Hz, stereo = 0, hdr = 1 exclusive = 0
19:14:02:117 (00046524) > [Render] 		- Mode 276 : 1280 x  800 @  50 Hz, stereo = 0, hdr = 1 exclusive = 0
19:14:02:117 (00046524) > [Render] 		- Mode 277 : 1280 x  800 @  60 Hz, stereo = 0, hdr = 1 exclusive = 0
19:14:02:117 (00046524) > [Render] 		- Mode 278 : 1280 x  800 @ 100 Hz, stereo = 0, hdr = 1 exclusive = 0
19:14:02:117 (00046524) > [Render] 		- Mode 279 : 1280 x  800 @ 120 Hz, stereo = 0, hdr = 1 exclusive = 0
19:14:02:117 (00046524) > [Render] 		- Mode 280 : 1280 x  800 @ 144 Hz, stereo = 0, hdr = 1 exclusive = 0
19:14:02:117 (00046524) > [Render] 		- Mode 281 : 1280 x  800 @ 240 Hz, stereo = 0, hdr = 1 exclusive = 0
19:14:02:117 (00046524) > [Render] 		- Mode 282 : 1280 x  960 @  50 Hz, stereo = 0, hdr = 1 exclusive = 0
19:14:02:117 (00046524) > [Render] 		- Mode 283 : 1280 x  960 @  60 Hz, stereo = 0, hdr = 1 exclusive = 0
19:14:02:117 (00046524) > [Render] 		- Mode 284 : 1280 x  960 @ 100 Hz, stereo = 0, hdr = 1 exclusive = 0
19:14:02:117 (00046524) > [Render] 		- Mode 285 : 1280 x  960 @ 120 Hz, stereo = 0, hdr = 1 exclusive = 0
19:14:02:117 (00046524) > [Render] 		- Mode 286 : 1280 x  960 @ 144 Hz, stereo = 0, hdr = 1 exclusive = 0
19:14:02:117 (00046524) > [Render] 		- Mode 287 : 1280 x  960 @ 240 Hz, stereo = 0, hdr = 1 exclusive = 0
19:14:02:117 (00046524) > [Render] 		- Mode 288 : 1280 x 1024 @  50 Hz, stereo = 0, hdr = 1 exclusive = 0
19:14:02:117 (00046524) > [Render] 		- Mode 289 : 1280 x 1024 @  60 Hz, stereo = 0, hdr = 1 exclusive = 0
19:14:02:117 (00046524) > [Render] 		- Mode 290 : 1280 x 1024 @ 100 Hz, stereo = 0, hdr = 1 exclusive = 0
19:14:02:117 (00046524) > [Render] 		- Mode 291 : 1280 x 1024 @ 120 Hz, stereo = 0, hdr = 1 exclusive = 0
19:14:02:117 (00046524) > [Render] 		- Mode 292 : 1280 x 1024 @ 144 Hz, stereo = 0, hdr = 1 exclusive = 0
19:14:02:117 (00046524) > [Render] 		- Mode 293 : 1280 x 1024 @ 240 Hz, stereo = 0, hdr = 1 exclusive = 0
19:14:02:117 (00046524) > [Render] 		- Mode 294 : 1360 x  768 @  50 Hz, stereo = 0, hdr = 1 exclusive = 0
19:14:02:117 (00046524) > [Render] 		- Mode 295 : 1360 x  768 @  60 Hz, stereo = 0, hdr = 1 exclusive = 0
19:14:02:117 (00046524) > [Render] 		- Mode 296 : 1360 x  768 @ 100 Hz, stereo = 0, hdr = 1 exclusive = 0
19:14:02:117 (00046524) > [Render] 		- Mode 297 : 1360 x  768 @ 120 Hz, stereo = 0, hdr = 1 exclusive = 0
19:14:02:117 (00046524) > [Render] 		- Mode 298 : 1360 x  768 @ 144 Hz, stereo = 0, hdr = 1 exclusive = 0
19:14:02:117 (00046524) > [Render] 		- Mode 299 : 1360 x  768 @ 240 Hz, stereo = 0, hdr = 1 exclusive = 0
19:14:02:117 (00046524) > [Render] 		- Mode 300 : 1366 x  768 @  50 Hz, stereo = 0, hdr = 1 exclusive = 0
19:14:02:117 (00046524) > [Render] 		- Mode 301 : 1366 x  768 @  60 Hz, stereo = 0, hdr = 1 exclusive = 0
19:14:02:117 (00046524) > [Render] 		- Mode 302 : 1366 x  768 @ 100 Hz, stereo = 0, hdr = 1 exclusive = 0
19:14:02:117 (00046524) > [Render] 		- Mode 303 : 1366 x  768 @ 120 Hz, stereo = 0, hdr = 1 exclusive = 0
19:14:02:117 (00046524) > [Render] 		- Mode 304 : 1366 x  768 @ 144 Hz, stereo = 0, hdr = 1 exclusive = 0
19:14:02:117 (00046524) > [Render] 		- Mode 305 : 1366 x  768 @ 240 Hz, stereo = 0, hdr = 1 exclusive = 0
19:14:02:117 (00046524) > [Render] 		- Mode 306 : 1440 x  900 @  50 Hz, stereo = 0, hdr = 1 exclusive = 0
19:14:02:117 (00046524) > [Render] 		- Mode 307 : 1440 x  900 @  60 Hz, stereo = 0, hdr = 1 exclusive = 0
19:14:02:117 (00046524) > [Render] 		- Mode 308 : 1440 x  900 @ 100 Hz, stereo = 0, hdr = 1 exclusive = 0
19:14:02:117 (00046524) > [Render] 		- Mode 309 : 1440 x  900 @ 120 Hz, stereo = 0, hdr = 1 exclusive = 0
19:14:02:117 (00046524) > [Render] 		- Mode 310 : 1440 x  900 @ 144 Hz, stereo = 0, hdr = 1 exclusive = 0
19:14:02:117 (00046524) > [Render] 		- Mode 311 : 1440 x  900 @ 240 Hz, stereo = 0, hdr = 1 exclusive = 0
19:14:02:117 (00046524) > [Render] 		- Mode 312 : 1440 x 1080 @  50 Hz, stereo = 0, hdr = 1 exclusive = 0
19:14:02:117 (00046524) > [Render] 		- Mode 313 : 1440 x 1080 @  60 Hz, stereo = 0, hdr = 1 exclusive = 0
19:14:02:117 (00046524) > [Render] 		- Mode 314 : 1440 x 1080 @ 100 Hz, stereo = 0, hdr = 1 exclusive = 0
19:14:02:117 (00046524) > [Render] 		- Mode 315 : 1440 x 1080 @ 120 Hz, stereo = 0, hdr = 1 exclusive = 0
19:14:02:117 (00046524) > [Render] 		- Mode 316 : 1440 x 1080 @ 144 Hz, stereo = 0, hdr = 1 exclusive = 0
19:14:02:117 (00046524) > [Render] 		- Mode 317 : 1440 x 1080 @ 240 Hz, stereo = 0, hdr = 1 exclusive = 0
19:14:02:117 (00046524) > [Render] 		- Mode 318 : 1600 x  900 @  50 Hz, stereo = 0, hdr = 1 exclusive = 0
19:14:02:117 (00046524) > [Render] 		- Mode 319 : 1600 x  900 @  60 Hz, stereo = 0, hdr = 1 exclusive = 0
19:14:02:117 (00046524) > [Render] 		- Mode 320 : 1600 x  900 @ 100 Hz, stereo = 0, hdr = 1 exclusive = 0
19:14:02:117 (00046524) > [Render] 		- Mode 321 : 1600 x  900 @ 120 Hz, stereo = 0, hdr = 1 exclusive = 0
19:14:02:117 (00046524) > [Render] 		- Mode 322 : 1600 x  900 @ 144 Hz, stereo = 0, hdr = 1 exclusive = 0
19:14:02:117 (00046524) > [Render] 		- Mode 323 : 1600 x  900 @ 240 Hz, stereo = 0, hdr = 1 exclusive = 0
19:14:02:117 (00046524) > [Render] 		- Mode 324 : 1600 x 1024 @  50 Hz, stereo = 0, hdr = 1 exclusive = 0
19:14:02:117 (00046524) > [Render] 		- Mode 325 : 1600 x 1024 @  60 Hz, stereo = 0, hdr = 1 exclusive = 0
19:14:02:117 (00046524) > [Render] 		- Mode 326 : 1600 x 1024 @ 100 Hz, stereo = 0, hdr = 1 exclusive = 0
19:14:02:117 (00046524) > [Render] 		- Mode 327 : 1600 x 1024 @ 120 Hz, stereo = 0, hdr = 1 exclusive = 0
19:14:02:117 (00046524) > [Render] 		- Mode 328 : 1600 x 1024 @ 144 Hz, stereo = 0, hdr = 1 exclusive = 0
19:14:02:118 (00046524) > [Render] 		- Mode 329 : 1600 x 1024 @ 240 Hz, stereo = 0, hdr = 1 exclusive = 0
19:14:02:118 (00046524) > [Render] 		- Mode 330 : 1600 x 1200 @  50 Hz, stereo = 0, hdr = 1 exclusive = 0
19:14:02:118 (00046524) > [Render] 		- Mode 331 : 1600 x 1200 @  60 Hz, stereo = 0, hdr = 1 exclusive = 0
19:14:02:118 (00046524) > [Render] 		- Mode 332 : 1600 x 1200 @ 100 Hz, stereo = 0, hdr = 1 exclusive = 0
19:14:02:118 (00046524) > [Render] 		- Mode 333 : 1600 x 1200 @ 120 Hz, stereo = 0, hdr = 1 exclusive = 0
19:14:02:118 (00046524) > [Render] 		- Mode 334 : 1600 x 1200 @ 144 Hz, stereo = 0, hdr = 1 exclusive = 0
19:14:02:118 (00046524) > [Render] 		- Mode 335 : 1600 x 1200 @ 240 Hz, stereo = 0, hdr = 1 exclusive = 0
19:14:02:118 (00046524) > [Render] 		- Mode 336 : 1680 x 1050 @  50 Hz, stereo = 0, hdr = 1 exclusive = 0
19:14:02:118 (00046524) > [Render] 		- Mode 337 : 1680 x 1050 @  60 Hz, stereo = 0, hdr = 1 exclusive = 0
19:14:02:118 (00046524) > [Render] 		- Mode 338 : 1680 x 1050 @ 100 Hz, stereo = 0, hdr = 1 exclusive = 0
19:14:02:118 (00046524) > [Render] 		- Mode 339 : 1680 x 1050 @ 120 Hz, stereo = 0, hdr = 1 exclusive = 0
19:14:02:118 (00046524) > [Render] 		- Mode 340 : 1680 x 1050 @ 144 Hz, stereo = 0, hdr = 1 exclusive = 0
19:14:02:118 (00046524) > [Render] 		- Mode 341 : 1680 x 1050 @ 240 Hz, stereo = 0, hdr = 1 exclusive = 0
19:14:02:118 (00046524) > [Render] 		- Mode 342 : 1920 x 1080 @  50 Hz, stereo = 0, hdr = 1 exclusive = 0
19:14:02:118 (00046524) > [Render] 		- Mode 343 : 1920 x 1080 @  60 Hz, stereo = 0, hdr = 1 exclusive = 0
19:14:02:118 (00046524) > [Render] 		- Mode 344 : 1920 x 1080 @ 100 Hz, stereo = 0, hdr = 1 exclusive = 0
19:14:02:118 (00046524) > [Render] 		- Mode 345 : 1920 x 1080 @ 120 Hz, stereo = 0, hdr = 1 exclusive = 0
19:14:02:118 (00046524) > [Render] 		- Mode 346 : 1920 x 1080 @ 144 Hz, stereo = 0, hdr = 1 exclusive = 0
19:14:02:118 (00046524) > [Render] 		- Mode 347 : 1920 x 1080 @ 240 Hz, stereo = 0, hdr = 1 exclusive = 0
19:14:02:118 (00046524) > [Render] 		- Mode 348 : 1920 x 1200 @  50 Hz, stereo = 0, hdr = 1 exclusive = 0
19:14:02:118 (00046524) > [Render] 		- Mode 349 : 1920 x 1200 @  60 Hz, stereo = 0, hdr = 1 exclusive = 0
19:14:02:118 (00046524) > [Render] 		- Mode 350 : 1920 x 1200 @ 100 Hz, stereo = 0, hdr = 1 exclusive = 0
19:14:02:118 (00046524) > [Render] 		- Mode 351 : 1920 x 1200 @ 120 Hz, stereo = 0, hdr = 1 exclusive = 0
19:14:02:118 (00046524) > [Render] 		- Mode 352 : 1920 x 1200 @ 144 Hz, stereo = 0, hdr = 1 exclusive = 0
19:14:02:118 (00046524) > [Render] 		- Mode 353 : 1920 x 1200 @ 240 Hz, stereo = 0, hdr = 1 exclusive = 0
19:14:02:118 (00046524) > [Render] 		- Mode 354 : 1920 x 1440 @  50 Hz, stereo = 0, hdr = 1 exclusive = 0
19:14:02:118 (00046524) > [Render] 		- Mode 355 : 1920 x 1440 @  60 Hz, stereo = 0, hdr = 1 exclusive = 0
19:14:02:118 (00046524) > [Render] 		- Mode 356 : 1920 x 1440 @ 100 Hz, stereo = 0, hdr = 1 exclusive = 0
19:14:02:118 (00046524) > [Render] 		- Mode 357 : 1920 x 1440 @ 120 Hz, stereo = 0, hdr = 1 exclusive = 0
19:14:02:118 (00046524) > [Render] 		- Mode 358 : 1920 x 1440 @ 144 Hz, stereo = 0, hdr = 1 exclusive = 0
19:14:02:118 (00046524) > [Render] 		- Mode 359 : 1920 x 1440 @ 240 Hz, stereo = 0, hdr = 1 exclusive = 0
19:14:02:118 (00046524) > [Render] 		- Mode 360 : 2560 x 1440 @  50 Hz, stereo = 0, hdr = 1 exclusive = 0
19:14:02:118 (00046524) > [Render] 		- Mode 361 : 2560 x 1440 @  60 Hz, stereo = 0, hdr = 1 exclusive = 0
19:14:02:118 (00046524) > [Render] 		- Mode 362 : 2560 x 1440 @ 100 Hz, stereo = 0, hdr = 1 exclusive = 0
19:14:02:118 (00046524) > [Render] 		- Mode 363 : 2560 x 1440 @ 120 Hz, stereo = 0, hdr = 1 exclusive = 0
19:14:02:118 (00046524) > [Render] 		- Mode 364 : 2560 x 1440 @ 144 Hz, stereo = 0, hdr = 1 exclusive = 0
19:14:02:118 (00046524) > [Render] 		- Mode 365 : 2560 x 1440 @ 240 Hz, stereo = 0, hdr = 1 exclusive = 0
19:14:02:118 (00046524) > [Render] 		- Mode 366 : 3440 x 1440 @  50 Hz, stereo = 0, hdr = 1 exclusive = 0
19:14:02:118 (00046524) > [Render] 		- Mode 367 : 3440 x 1440 @  60 Hz, stereo = 0, hdr = 1 exclusive = 0
19:14:02:118 (00046524) > [Render] 		- Mode 368 : 3440 x 1440 @ 100 Hz, stereo = 0, hdr = 1 exclusive = 0
19:14:02:118 (00046524) > [Render] 		- Mode 369 : 3440 x 1440 @ 120 Hz, stereo = 0, hdr = 1 exclusive = 0
19:14:02:118 (00046524) > [Render] 		- Mode 370 : 3440 x 1440 @ 144 Hz, stereo = 0, hdr = 1 exclusive = 0
19:14:02:118 (00046524) > [Render] 		- Mode 371 : 3440 x 1440 @ 240 Hz, stereo = 0, hdr = 1 exclusive = 0
19:14:02:118 (00046524) > [Render] ***** Additional Monitor Output Info *****
19:14:02:118 (00046524) > [Render] 		BitsPerColor: 10
19:14:02:118 (00046524) > [Render] 		Primaries: R=0.6768;0.3213  G=0.2520;0.6807  B=0.1465;0.0566  White-Point=0.3135;0.3291
19:14:02:118 (00046524) > [Render] 		HDR: Yes (Color Space: DXGI_COLOR_SPACE_RGB_FULL_G2084_NONE_P2020)
19:14:02:118 (00046524) > [Render] 		Luminance: Min=0.0000 Max=603.0000 MaxFullFrame=276.0000
19:14:02:118 (00046524) > [Render] ******************************************
19:14:02:118 (00046524) > [Render] 	Monitor '2 (NVIDIA GeForce RTX 4090(1))' (0000000013f9087f): rect(-1080 0 0 1920)
19:14:02:118 (00046524) > [Render] 		- Mode  0 :  800 x 1280 @  60 Hz, stereo = 0, hdr = 0 exclusive = 0
19:14:02:118 (00046524) > [Render] 		- Mode  1 :  800 x 1280 @  60 Hz, stereo = 0, hdr = 0 exclusive = 0
19:14:02:118 (00046524) > [Render] 		- Mode  2 :  800 x 1280 @ 120 Hz, stereo = 0, hdr = 0 exclusive = 0
19:14:02:118 (00046524) > [Render] 		- Mode  3 :  800 x 1280 @ 120 Hz, stereo = 0, hdr = 0 exclusive = 0
19:14:02:118 (00046524) > [Render] 		- Mode  4 :  800 x 1280 @ 144 Hz, stereo = 0, hdr = 0 exclusive = 0
19:14:02:118 (00046524) > [Render] 		- Mode  5 :  800 x 1280 @ 144 Hz, stereo = 0, hdr = 0 exclusive = 0
19:14:02:118 (00046524) > [Render] 		- Mode  6 :  864 x 1152 @  75 Hz, stereo = 0, hdr = 0 exclusive = 0
19:14:02:118 (00046524) > [Render] 		- Mode  7 :  864 x 1152 @ 120 Hz, stereo = 0, hdr = 0 exclusive = 0
19:14:02:118 (00046524) > [Render] 		- Mode  8 :  864 x 1152 @ 120 Hz, stereo = 0, hdr = 0 exclusive = 0
19:14:02:118 (00046524) > [Render] 		- Mode  9 :  864 x 1152 @ 144 Hz, stereo = 0, hdr = 0 exclusive = 0
19:14:02:118 (00046524) > [Render] 		- Mode 10 :  864 x 1152 @ 144 Hz, stereo = 0, hdr = 0 exclusive = 0
19:14:02:118 (00046524) > [Render] 		- Mode 11 :  900 x 1440 @  60 Hz, stereo = 0, hdr = 0 exclusive = 0
19:14:02:118 (00046524) > [Render] 		- Mode 12 :  900 x 1440 @ 120 Hz, stereo = 0, hdr = 0 exclusive = 0
19:14:02:118 (00046524) > [Render] 		- Mode 13 :  900 x 1440 @ 120 Hz, stereo = 0, hdr = 0 exclusive = 0
19:14:02:118 (00046524) > [Render] 		- Mode 14 :  900 x 1440 @ 144 Hz, stereo = 0, hdr = 0 exclusive = 0
19:14:02:118 (00046524) > [Render] 		- Mode 15 :  900 x 1440 @ 144 Hz, stereo = 0, hdr = 0 exclusive = 0
19:14:02:118 (00046524) > [Render] 		- Mode 16 :  900 x 1600 @  60 Hz, stereo = 0, hdr = 0 exclusive = 0
19:14:02:118 (00046524) > [Render] 		- Mode 17 :  900 x 1600 @  60 Hz, stereo = 0, hdr = 0 exclusive = 0
19:14:02:118 (00046524) > [Render] 		- Mode 18 :  900 x 1600 @ 120 Hz, stereo = 0, hdr = 0 exclusive = 0
19:14:02:118 (00046524) > [Render] 		- Mode 19 :  900 x 1600 @ 120 Hz, stereo = 0, hdr = 0 exclusive = 0
19:14:02:118 (00046524) > [Render] 		- Mode 20 :  900 x 1600 @ 144 Hz, stereo = 0, hdr = 0 exclusive = 0
19:14:02:118 (00046524) > [Render] 		- Mode 21 :  900 x 1600 @ 144 Hz, stereo = 0, hdr = 0 exclusive = 0
19:14:02:118 (00046524) > [Render] 		- Mode 22 :  960 x 1280 @  60 Hz, stereo = 0, hdr = 0 exclusive = 0
19:14:02:118 (00046524) > [Render] 		- Mode 23 :  960 x 1280 @ 120 Hz, stereo = 0, hdr = 0 exclusive = 0
19:14:02:118 (00046524) > [Render] 		- Mode 24 :  960 x 1280 @ 120 Hz, stereo = 0, hdr = 0 exclusive = 0
19:14:02:118 (00046524) > [Render] 		- Mode 25 :  960 x 1280 @ 144 Hz, stereo = 0, hdr = 0 exclusive = 0
19:14:02:118 (00046524) > [Render] 		- Mode 26 :  960 x 1280 @ 144 Hz, stereo = 0, hdr = 0 exclusive = 0
19:14:02:118 (00046524) > [Render] 		- Mode 27 : 1024 x 1280 @  60 Hz, stereo = 0, hdr = 0 exclusive = 0
19:14:02:118 (00046524) > [Render] 		- Mode 28 : 1024 x 1280 @  75 Hz, stereo = 0, hdr = 0 exclusive = 0
19:14:02:118 (00046524) > [Render] 		- Mode 29 : 1024 x 1280 @ 120 Hz, stereo = 0, hdr = 0 exclusive = 0
19:14:02:118 (00046524) > [Render] 		- Mode 30 : 1024 x 1280 @ 120 Hz, stereo = 0, hdr = 0 exclusive = 0
19:14:02:118 (00046524) > [Render] 		- Mode 31 : 1024 x 1280 @ 144 Hz, stereo = 0, hdr = 0 exclusive = 0
19:14:02:118 (00046524) > [Render] 		- Mode 32 : 1024 x 1280 @ 144 Hz, stereo = 0, hdr = 0 exclusive = 0
19:14:02:118 (00046524) > [Render] 		- Mode 33 : 1024 x 1600 @  60 Hz, stereo = 0, hdr = 0 exclusive = 0
19:14:02:118 (00046524) > [Render] 		- Mode 34 : 1024 x 1600 @  60 Hz, stereo = 0, hdr = 0 exclusive = 0
19:14:02:118 (00046524) > [Render] 		- Mode 35 : 1024 x 1600 @ 120 Hz, stereo = 0, hdr = 0 exclusive = 0
19:14:02:118 (00046524) > [Render] 		- Mode 36 : 1024 x 1600 @ 120 Hz, stereo = 0, hdr = 0 exclusive = 0
19:14:02:118 (00046524) > [Render] 		- Mode 37 : 1024 x 1600 @ 144 Hz, stereo = 0, hdr = 0 exclusive = 0
19:14:02:118 (00046524) > [Render] 		- Mode 38 : 1024 x 1600 @ 144 Hz, stereo = 0, hdr = 0 exclusive = 0
19:14:02:118 (00046524) > [Render] 		- Mode 39 : 1050 x 1680 @  60 Hz, stereo = 0, hdr = 0 exclusive = 0
19:14:02:118 (00046524) > [Render] 		- Mode 40 : 1050 x 1680 @ 120 Hz, stereo = 0, hdr = 0 exclusive = 0
19:14:02:118 (00046524) > [Render] 		- Mode 41 : 1050 x 1680 @ 120 Hz, stereo = 0, hdr = 0 exclusive = 0
19:14:02:118 (00046524) > [Render] 		- Mode 42 : 1050 x 1680 @ 144 Hz, stereo = 0, hdr = 0 exclusive = 0
19:14:02:118 (00046524) > [Render] 		- Mode 43 : 1050 x 1680 @ 144 Hz, stereo = 0, hdr = 0 exclusive = 0
19:14:02:118 (00046524) > [Render] 		- Mode 44 : 1080 x 1440 @  50 Hz, stereo = 0, hdr = 0 exclusive = 0
19:14:02:118 (00046524) > [Render] 		- Mode 45 : 1080 x 1440 @  50 Hz, stereo = 0, hdr = 0 exclusive = 0
19:14:02:118 (00046524) > [Render] 		- Mode 46 : 1080 x 1440 @  60 Hz, stereo = 0, hdr = 0 exclusive = 0
19:14:02:118 (00046524) > [Render] 		- Mode 47 : 1080 x 1440 @  60 Hz, stereo = 0, hdr = 0 exclusive = 0
19:14:02:118 (00046524) > [Render] 		- Mode 48 : 1080 x 1440 @  60 Hz, stereo = 0, hdr = 0 exclusive = 0
19:14:02:118 (00046524) > [Render] 		- Mode 49 : 1080 x 1440 @  60 Hz, stereo = 0, hdr = 0 exclusive = 0
19:14:02:118 (00046524) > [Render] 		- Mode 50 : 1080 x 1440 @ 120 Hz, stereo = 0, hdr = 0 exclusive = 0
19:14:02:118 (00046524) > [Render] 		- Mode 51 : 1080 x 1440 @ 120 Hz, stereo = 0, hdr = 0 exclusive = 0
19:14:02:118 (00046524) > [Render] 		- Mode 52 : 1080 x 1440 @ 144 Hz, stereo = 0, hdr = 0 exclusive = 0
19:14:02:118 (00046524) > [Render] 		- Mode 53 : 1080 x 1440 @ 144 Hz, stereo = 0, hdr = 0 exclusive = 0
19:14:02:118 (00046524) > [Render] 		- Mode 54 : 1080 x 1920 @  50 Hz, stereo = 0, hdr = 0 exclusive = 0
19:14:02:118 (00046524) > [Render] 		- Mode 55 : 1080 x 1920 @  60 Hz, stereo = 0, hdr = 0 exclusive = 0
19:14:02:118 (00046524) > [Render] 		- Mode 56 : 1080 x 1920 @  60 Hz, stereo = 0, hdr = 0 exclusive = 0
19:14:02:118 (00046524) > [Render] 		- Mode 57 : 1080 x 1920 @ 120 Hz, stereo = 0, hdr = 0 exclusive = 0
19:14:02:118 (00046524) > [Render] 		- Mode 58 : 1080 x 1920 @ 144 Hz, stereo = 0, hdr = 0 exclusive = 0
19:14:02:118 (00046524) > [Render] ***** Additional Monitor Output Info *****
19:14:02:118 (00046524) > [Render] 		BitsPerColor: 8
19:14:02:118 (00046524) > [Render] 		Primaries: R=0.6641;0.3086  G=0.2754;0.6699  B=0.1543;0.0508  White-Point=0.3135;0.3291
19:14:02:118 (00046524) > [Render] 		HDR: No (Color Space: DXGI_COLOR_SPACE_RGB_FULL_G22_NONE_P709)
19:14:02:118 (00046524) > [Render] 		Luminance: Min=0.5000 Max=270.0000 MaxFullFrame=270.0000
19:14:02:118 (00046524) > [Render] ******************************************
19:14:02:118 (00046524) > [Render] 	Monitor '3 (NVIDIA GeForce RTX 4090(1))' (0000000008130455): rect(3440 6880 0 1440)
19:14:02:118 (00046524) > [Render] 		- Mode  0 :  800 x  600 @  60 Hz, stereo = 0, hdr = 0 exclusive = 0
19:14:02:118 (00046524) > [Render] 		- Mode  1 :  800 x  600 @ 100 Hz, stereo = 0, hdr = 0 exclusive = 0
19:14:02:118 (00046524) > [Render] 		- Mode  2 :  800 x  600 @ 100 Hz, stereo = 0, hdr = 0 exclusive = 0
19:14:02:118 (00046524) > [Render] 		- Mode  3 :  800 x  600 @ 144 Hz, stereo = 0, hdr = 0 exclusive = 0
19:14:02:118 (00046524) > [Render] 		- Mode  4 :  800 x  600 @ 144 Hz, stereo = 0, hdr = 0 exclusive = 0
19:14:02:118 (00046524) > [Render] 		- Mode  5 :  800 x  600 @ 160 Hz, stereo = 0, hdr = 0 exclusive = 0
19:14:02:118 (00046524) > [Render] 		- Mode  6 :  800 x  600 @ 160 Hz, stereo = 0, hdr = 0 exclusive = 0
19:14:02:118 (00046524) > [Render] 		- Mode  7 : 1024 x  768 @  60 Hz, stereo = 0, hdr = 0 exclusive = 0
19:14:02:118 (00046524) > [Render] 		- Mode  8 : 1024 x  768 @ 100 Hz, stereo = 0, hdr = 0 exclusive = 0
19:14:02:118 (00046524) > [Render] 		- Mode  9 : 1024 x  768 @ 100 Hz, stereo = 0, hdr = 0 exclusive = 0
19:14:02:118 (00046524) > [Render] 		- Mode 10 : 1024 x  768 @ 144 Hz, stereo = 0, hdr = 0 exclusive = 0
19:14:02:118 (00046524) > [Render] 		- Mode 11 : 1024 x  768 @ 144 Hz, stereo = 0, hdr = 0 exclusive = 0
19:14:02:118 (00046524) > [Render] 		- Mode 12 : 1024 x  768 @ 160 Hz, stereo = 0, hdr = 0 exclusive = 0
19:14:02:118 (00046524) > [Render] 		- Mode 13 : 1024 x  768 @ 160 Hz, stereo = 0, hdr = 0 exclusive = 0
19:14:02:118 (00046524) > [Render] 		- Mode 14 : 1152 x  864 @  60 Hz, stereo = 0, hdr = 0 exclusive = 0
19:14:02:118 (00046524) > [Render] 		- Mode 15 : 1152 x  864 @  60 Hz, stereo = 0, hdr = 0 exclusive = 0
19:14:02:118 (00046524) > [Render] 		- Mode 16 : 1152 x  864 @  60 Hz, stereo = 0, hdr = 0 exclusive = 0
19:14:02:118 (00046524) > [Render] 		- Mode 17 : 1152 x  864 @  60 Hz, stereo = 0, hdr = 0 exclusive = 0
19:14:02:118 (00046524) > [Render] 		- Mode 18 : 1152 x  864 @ 100 Hz, stereo = 0, hdr = 0 exclusive = 0
19:14:02:118 (00046524) > [Render] 		- Mode 19 : 1152 x  864 @ 100 Hz, stereo = 0, hdr = 0 exclusive = 0
19:14:02:118 (00046524) > [Render] 		- Mode 20 : 1152 x  864 @ 144 Hz, stereo = 0, hdr = 0 exclusive = 0
19:14:02:118 (00046524) > [Render] 		- Mode 21 : 1152 x  864 @ 144 Hz, stereo = 0, hdr = 0 exclusive = 0
19:14:02:118 (00046524) > [Render] 		- Mode 22 : 1152 x  864 @ 160 Hz, stereo = 0, hdr = 0 exclusive = 0
19:14:02:118 (00046524) > [Render] 		- Mode 23 : 1152 x  864 @ 160 Hz, stereo = 0, hdr = 0 exclusive = 0
19:14:02:118 (00046524) > [Render] 		- Mode 24 : 1176 x  664 @  60 Hz, stereo = 0, hdr = 0 exclusive = 0
19:14:02:118 (00046524) > [Render] 		- Mode 25 : 1176 x  664 @  60 Hz, stereo = 0, hdr = 0 exclusive = 0
19:14:02:118 (00046524) > [Render] 		- Mode 26 : 1176 x  664 @  60 Hz, stereo = 0, hdr = 0 exclusive = 0
19:14:02:118 (00046524) > [Render] 		- Mode 27 : 1176 x  664 @  60 Hz, stereo = 0, hdr = 0 exclusive = 0
19:14:02:118 (00046524) > [Render] 		- Mode 28 : 1176 x  664 @ 100 Hz, stereo = 0, hdr = 0 exclusive = 0
19:14:02:118 (00046524) > [Render] 		- Mode 29 : 1176 x  664 @ 100 Hz, stereo = 0, hdr = 0 exclusive = 0
19:14:02:118 (00046524) > [Render] 		- Mode 30 : 1176 x  664 @ 144 Hz, stereo = 0, hdr = 0 exclusive = 0
19:14:02:118 (00046524) > [Render] 		- Mode 31 : 1176 x  664 @ 144 Hz, stereo = 0, hdr = 0 exclusive = 0
19:14:02:118 (00046524) > [Render] 		- Mode 32 : 1176 x  664 @ 160 Hz, stereo = 0, hdr = 0 exclusive = 0
19:14:02:118 (00046524) > [Render] 		- Mode 33 : 1176 x  664 @ 160 Hz, stereo = 0, hdr = 0 exclusive = 0
19:14:02:118 (00046524) > [Render] 		- Mode 34 : 1280 x  720 @  60 Hz, stereo = 0, hdr = 0 exclusive = 0
19:14:02:118 (00046524) > [Render] 		- Mode 35 : 1280 x  720 @  60 Hz, stereo = 0, hdr = 0 exclusive = 0
19:14:02:118 (00046524) > [Render] 		- Mode 36 : 1280 x  720 @ 100 Hz, stereo = 0, hdr = 0 exclusive = 0
19:14:02:118 (00046524) > [Render] 		- Mode 37 : 1280 x  720 @ 100 Hz, stereo = 0, hdr = 0 exclusive = 0
19:14:02:118 (00046524) > [Render] 		- Mode 38 : 1280 x  720 @ 144 Hz, stereo = 0, hdr = 0 exclusive = 0
19:14:02:118 (00046524) > [Render] 		- Mode 39 : 1280 x  720 @ 144 Hz, stereo = 0, hdr = 0 exclusive = 0
19:14:02:118 (00046524) > [Render] 		- Mode 40 : 1280 x  720 @ 160 Hz, stereo = 0, hdr = 0 exclusive = 0
19:14:02:118 (00046524) > [Render] 		- Mode 41 : 1280 x  720 @ 160 Hz, stereo = 0, hdr = 0 exclusive = 0
19:14:02:118 (00046524) > [Render] 		- Mode 42 : 1280 x  768 @  60 Hz, stereo = 0, hdr = 0 exclusive = 0
19:14:02:118 (00046524) > [Render] 		- Mode 43 : 1280 x  768 @  60 Hz, stereo = 0, hdr = 0 exclusive = 0
19:14:02:118 (00046524) > [Render] 		- Mode 44 : 1280 x  768 @  60 Hz, stereo = 0, hdr = 0 exclusive = 0
19:14:02:118 (00046524) > [Render] 		- Mode 45 : 1280 x  768 @  60 Hz, stereo = 0, hdr = 0 exclusive = 0
19:14:02:118 (00046524) > [Render] 		- Mode 46 : 1280 x  768 @ 100 Hz, stereo = 0, hdr = 0 exclusive = 0
19:14:02:118 (00046524) > [Render] 		- Mode 47 : 1280 x  768 @ 100 Hz, stereo = 0, hdr = 0 exclusive = 0
19:14:02:118 (00046524) > [Render] 		- Mode 48 : 1280 x  768 @ 144 Hz, stereo = 0, hdr = 0 exclusive = 0
19:14:02:118 (00046524) > [Render] 		- Mode 49 : 1280 x  768 @ 144 Hz, stereo = 0, hdr = 0 exclusive = 0
19:14:02:118 (00046524) > [Render] 		- Mode 50 : 1280 x  768 @ 160 Hz, stereo = 0, hdr = 0 exclusive = 0
19:14:02:118 (00046524) > [Render] 		- Mode 51 : 1280 x  768 @ 160 Hz, stereo = 0, hdr = 0 exclusive = 0
19:14:02:118 (00046524) > [Render] 		- Mode 52 : 1280 x  800 @  60 Hz, stereo = 0, hdr = 0 exclusive = 0
19:14:02:118 (00046524) > [Render] 		- Mode 53 : 1280 x  800 @  60 Hz, stereo = 0, hdr = 0 exclusive = 0
19:14:02:118 (00046524) > [Render] 		- Mode 54 : 1280 x  800 @  60 Hz, stereo = 0, hdr = 0 exclusive = 0
19:14:02:118 (00046524) > [Render] 		- Mode 55 : 1280 x  800 @  60 Hz, stereo = 0, hdr = 0 exclusive = 0
19:14:02:118 (00046524) > [Render] 		- Mode 56 : 1280 x  800 @ 100 Hz, stereo = 0, hdr = 0 exclusive = 0
19:14:02:118 (00046524) > [Render] 		- Mode 57 : 1280 x  800 @ 100 Hz, stereo = 0, hdr = 0 exclusive = 0
19:14:02:118 (00046524) > [Render] 		- Mode 58 : 1280 x  800 @ 144 Hz, stereo = 0, hdr = 0 exclusive = 0
19:14:02:118 (00046524) > [Render] 		- Mode 59 : 1280 x  800 @ 144 Hz, stereo = 0, hdr = 0 exclusive = 0
19:14:02:118 (00046524) > [Render] 		- Mode 60 : 1280 x  800 @ 160 Hz, stereo = 0, hdr = 0 exclusive = 0
19:14:02:118 (00046524) > [Render] 		- Mode 61 : 1280 x  800 @ 160 Hz, stereo = 0, hdr = 0 exclusive = 0
19:14:02:118 (00046524) > [Render] 		- Mode 62 : 1280 x  960 @  60 Hz, stereo = 0, hdr = 0 exclusive = 0
19:14:02:118 (00046524) > [Render] 		- Mode 63 : 1280 x  960 @  60 Hz, stereo = 0, hdr = 0 exclusive = 0
19:14:02:118 (00046524) > [Render] 		- Mode 64 : 1280 x  960 @  60 Hz, stereo = 0, hdr = 0 exclusive = 0
19:14:02:118 (00046524) > [Render] 		- Mode 65 : 1280 x  960 @  60 Hz, stereo = 0, hdr = 0 exclusive = 0
19:14:02:118 (00046524) > [Render] 		- Mode 66 : 1280 x  960 @ 100 Hz, stereo = 0, hdr = 0 exclusive = 0
19:14:02:118 (00046524) > [Render] 		- Mode 67 : 1280 x  960 @ 100 Hz, stereo = 0, hdr = 0 exclusive = 0
19:14:02:118 (00046524) > [Render] 		- Mode 68 : 1280 x  960 @ 144 Hz, stereo = 0, hdr = 0 exclusive = 0
19:14:02:118 (00046524) > [Render] 		- Mode 69 : 1280 x  960 @ 144 Hz, stereo = 0, hdr = 0 exclusive = 0
19:14:02:118 (00046524) > [Render] 		- Mode 70 : 1280 x  960 @ 160 Hz, stereo = 0, hdr = 0 exclusive = 0
19:14:02:118 (00046524) > [Render] 		- Mode 71 : 1280 x  960 @ 160 Hz, stereo = 0, hdr = 0 exclusive = 0
19:14:02:118 (00046524) > [Render] 		- Mode 72 : 1280 x 1024 @  60 Hz, stereo = 0, hdr = 0 exclusive = 0
19:14:02:118 (00046524) > [Render] 		- Mode 73 : 1280 x 1024 @  60 Hz, stereo = 0, hdr = 0 exclusive = 0
19:14:02:118 (00046524) > [Render] 		- Mode 74 : 1280 x 1024 @  60 Hz, stereo = 0, hdr = 0 exclusive = 0
19:14:02:118 (00046524) > [Render] 		- Mode 75 : 1280 x 1024 @  60 Hz, stereo = 0, hdr = 0 exclusive = 0
19:14:02:118 (00046524) > [Render] 		- Mode 76 : 1280 x 1024 @ 100 Hz, stereo = 0, hdr = 0 exclusive = 0
19:14:02:118 (00046524) > [Render] 		- Mode 77 : 1280 x 1024 @ 100 Hz, stereo = 0, hdr = 0 exclusive = 0
19:14:02:118 (00046524) > [Render] 		- Mode 78 : 1280 x 1024 @ 144 Hz, stereo = 0, hdr = 0 exclusive = 0
19:14:02:118 (00046524) > [Render] 		- Mode 79 : 1280 x 1024 @ 144 Hz, stereo = 0, hdr = 0 exclusive = 0
19:14:02:118 (00046524) > [Render] 		- Mode 80 : 1280 x 1024 @ 160 Hz, stereo = 0, hdr = 0 exclusive = 0
19:14:02:118 (00046524) > [Render] 		- Mode 81 : 1280 x 1024 @ 160 Hz, stereo = 0, hdr = 0 exclusive = 0
19:14:02:118 (00046524) > [Render] 		- Mode 82 : 1360 x  768 @  60 Hz, stereo = 0, hdr = 0 exclusive = 0
19:14:02:118 (00046524) > [Render] 		- Mode 83 : 1360 x  768 @  60 Hz, stereo = 0, hdr = 0 exclusive = 0
19:14:02:118 (00046524) > [Render] 		- Mode 84 : 1360 x  768 @  60 Hz, stereo = 0, hdr = 0 exclusive = 0
19:14:02:118 (00046524) > [Render] 		- Mode 85 : 1360 x  768 @  60 Hz, stereo = 0, hdr = 0 exclusive = 0
19:14:02:118 (00046524) > [Render] 		- Mode 86 : 1360 x  768 @ 100 Hz, stereo = 0, hdr = 0 exclusive = 0
19:14:02:118 (00046524) > [Render] 		- Mode 87 : 1360 x  768 @ 100 Hz, stereo = 0, hdr = 0 exclusive = 0
19:14:02:118 (00046524) > [Render] 		- Mode 88 : 1360 x  768 @ 144 Hz, stereo = 0, hdr = 0 exclusive = 0
19:14:02:118 (00046524) > [Render] 		- Mode 89 : 1360 x  768 @ 144 Hz, stereo = 0, hdr = 0 exclusive = 0
19:14:02:118 (00046524) > [Render] 		- Mode 90 : 1360 x  768 @ 160 Hz, stereo = 0, hdr = 0 exclusive = 0
19:14:02:118 (00046524) > [Render] 		- Mode 91 : 1360 x  768 @ 160 Hz, stereo = 0, hdr = 0 exclusive = 0
19:14:02:118 (00046524) > [Render] 		- Mode 92 : 1366 x  768 @  60 Hz, stereo = 0, hdr = 0 exclusive = 0
19:14:02:118 (00046524) > [Render] 		- Mode 93 : 1366 x  768 @  60 Hz, stereo = 0, hdr = 0 exclusive = 0
19:14:02:118 (00046524) > [Render] 		- Mode 94 : 1366 x  768 @  60 Hz, stereo = 0, hdr = 0 exclusive = 0
19:14:02:118 (00046524) > [Render] 		- Mode 95 : 1366 x  768 @  60 Hz, stereo = 0, hdr = 0 exclusive = 0
19:14:02:118 (00046524) > [Render] 		- Mode 96 : 1366 x  768 @ 100 Hz, stereo = 0, hdr = 0 exclusive = 0
19:14:02:118 (00046524) > [Render] 		- Mode 97 : 1366 x  768 @ 100 Hz, stereo = 0, hdr = 0 exclusive = 0
19:14:02:118 (00046524) > [Render] 		- Mode 98 : 1366 x  768 @ 144 Hz, stereo = 0, hdr = 0 exclusive = 0
19:14:02:118 (00046524) > [Render] 		- Mode 99 : 1366 x  768 @ 144 Hz, stereo = 0, hdr = 0 exclusive = 0
19:14:02:118 (00046524) > [Render] 		- Mode 100 : 1366 x  768 @ 160 Hz, stereo = 0, hdr = 0 exclusive = 0
19:14:02:118 (00046524) > [Render] 		- Mode 101 : 1366 x  768 @ 160 Hz, stereo = 0, hdr = 0 exclusive = 0
19:14:02:118 (00046524) > [Render] 		- Mode 102 : 1440 x  900 @  60 Hz, stereo = 0, hdr = 0 exclusive = 0
19:14:02:118 (00046524) > [Render] 		- Mode 103 : 1440 x  900 @  60 Hz, stereo = 0, hdr = 0 exclusive = 0
19:14:02:118 (00046524) > [Render] 		- Mode 104 : 1440 x  900 @  60 Hz, stereo = 0, hdr = 0 exclusive = 0
19:14:02:118 (00046524) > [Render] 		- Mode 105 : 1440 x  900 @  60 Hz, stereo = 0, hdr = 0 exclusive = 0
19:14:02:118 (00046524) > [Render] 		- Mode 106 : 1440 x  900 @ 100 Hz, stereo = 0, hdr = 0 exclusive = 0
19:14:02:118 (00046524) > [Render] 		- Mode 107 : 1440 x  900 @ 100 Hz, stereo = 0, hdr = 0 exclusive = 0
19:14:02:118 (00046524) > [Render] 		- Mode 108 : 1440 x  900 @ 144 Hz, stereo = 0, hdr = 0 exclusive = 0
19:14:02:118 (00046524) > [Render] 		- Mode 109 : 1440 x  900 @ 144 Hz, stereo = 0, hdr = 0 exclusive = 0
19:14:02:118 (00046524) > [Render] 		- Mode 110 : 1440 x  900 @ 160 Hz, stereo = 0, hdr = 0 exclusive = 0
19:14:02:118 (00046524) > [Render] 		- Mode 111 : 1440 x  900 @ 160 Hz, stereo = 0, hdr = 0 exclusive = 0
19:14:02:118 (00046524) > [Render] 		- Mode 112 : 1440 x 1080 @  60 Hz, stereo = 0, hdr = 0 exclusive = 0
19:14:02:118 (00046524) > [Render] 		- Mode 113 : 1440 x 1080 @  60 Hz, stereo = 0, hdr = 0 exclusive = 0
19:14:02:118 (00046524) > [Render] 		- Mode 114 : 1440 x 1080 @  60 Hz, stereo = 0, hdr = 0 exclusive = 0
19:14:02:118 (00046524) > [Render] 		- Mode 115 : 1440 x 1080 @  60 Hz, stereo = 0, hdr = 0 exclusive = 0
19:14:02:118 (00046524) > [Render] 		- Mode 116 : 1440 x 1080 @ 100 Hz, stereo = 0, hdr = 0 exclusive = 0
19:14:02:118 (00046524) > [Render] 		- Mode 117 : 1440 x 1080 @ 100 Hz, stereo = 0, hdr = 0 exclusive = 0
19:14:02:118 (00046524) > [Render] 		- Mode 118 : 1440 x 1080 @ 144 Hz, stereo = 0, hdr = 0 exclusive = 0
19:14:02:118 (00046524) > [Render] 		- Mode 119 : 1440 x 1080 @ 144 Hz, stereo = 0, hdr = 0 exclusive = 0
19:14:02:118 (00046524) > [Render] 		- Mode 120 : 1440 x 1080 @ 160 Hz, stereo = 0, hdr = 0 exclusive = 0
19:14:02:118 (00046524) > [Render] 		- Mode 121 : 1440 x 1080 @ 160 Hz, stereo = 0, hdr = 0 exclusive = 0
19:14:02:118 (00046524) > [Render] 		- Mode 122 : 1600 x  900 @  60 Hz, stereo = 0, hdr = 0 exclusive = 0
19:14:02:118 (00046524) > [Render] 		- Mode 123 : 1600 x  900 @  60 Hz, stereo = 0, hdr = 0 exclusive = 0
19:14:02:118 (00046524) > [Render] 		- Mode 124 : 1600 x  900 @  60 Hz, stereo = 0, hdr = 0 exclusive = 0
19:14:02:118 (00046524) > [Render] 		- Mode 125 : 1600 x  900 @  60 Hz, stereo = 0, hdr = 0 exclusive = 0
19:14:02:118 (00046524) > [Render] 		- Mode 126 : 1600 x  900 @ 100 Hz, stereo = 0, hdr = 0 exclusive = 0
19:14:02:118 (00046524) > [Render] 		- Mode 127 : 1600 x  900 @ 100 Hz, stereo = 0, hdr = 0 exclusive = 0
19:14:02:118 (00046524) > [Render] 		- Mode 128 : 1600 x  900 @ 144 Hz, stereo = 0, hdr = 0 exclusive = 0
19:14:02:118 (00046524) > [Render] 		- Mode 129 : 1600 x  900 @ 144 Hz, stereo = 0, hdr = 0 exclusive = 0
19:14:02:118 (00046524) > [Render] 		- Mode 130 : 1600 x  900 @ 160 Hz, stereo = 0, hdr = 0 exclusive = 0
19:14:02:118 (00046524) > [Render] 		- Mode 131 : 1600 x  900 @ 160 Hz, stereo = 0, hdr = 0 exclusive = 0
19:14:02:118 (00046524) > [Render] 		- Mode 132 : 1600 x 1024 @  60 Hz, stereo = 0, hdr = 0 exclusive = 0
19:14:02:118 (00046524) > [Render] 		- Mode 133 : 1600 x 1024 @  60 Hz, stereo = 0, hdr = 0 exclusive = 0
19:14:02:118 (00046524) > [Render] 		- Mode 134 : 1600 x 1024 @  60 Hz, stereo = 0, hdr = 0 exclusive = 0
19:14:02:118 (00046524) > [Render] 		- Mode 135 : 1600 x 1024 @  60 Hz, stereo = 0, hdr = 0 exclusive = 0
19:14:02:118 (00046524) > [Render] 		- Mode 136 : 1600 x 1024 @ 100 Hz, stereo = 0, hdr = 0 exclusive = 0
19:14:02:118 (00046524) > [Render] 		- Mode 137 : 1600 x 1024 @ 100 Hz, stereo = 0, hdr = 0 exclusive = 0
19:14:02:118 (00046524) > [Render] 		- Mode 138 : 1600 x 1024 @ 144 Hz, stereo = 0, hdr = 0 exclusive = 0
19:14:02:118 (00046524) > [Render] 		- Mode 139 : 1600 x 1024 @ 144 Hz, stereo = 0, hdr = 0 exclusive = 0
19:14:02:118 (00046524) > [Render] 		- Mode 140 : 1600 x 1024 @ 160 Hz, stereo = 0, hdr = 0 exclusive = 0
19:14:02:118 (00046524) > [Render] 		- Mode 141 : 1600 x 1024 @ 160 Hz, stereo = 0, hdr = 0 exclusive = 0
19:14:02:118 (00046524) > [Render] 		- Mode 142 : 1600 x 1200 @  60 Hz, stereo = 0, hdr = 0 exclusive = 0
19:14:02:118 (00046524) > [Render] 		- Mode 143 : 1600 x 1200 @  60 Hz, stereo = 0, hdr = 0 exclusive = 0
19:14:02:118 (00046524) > [Render] 		- Mode 144 : 1600 x 1200 @ 100 Hz, stereo = 0, hdr = 0 exclusive = 0
19:14:02:118 (00046524) > [Render] 		- Mode 145 : 1600 x 1200 @ 100 Hz, stereo = 0, hdr = 0 exclusive = 0
19:14:02:118 (00046524) > [Render] 		- Mode 146 : 1600 x 1200 @ 144 Hz, stereo = 0, hdr = 0 exclusive = 0
19:14:02:118 (00046524) > [Render] 		- Mode 147 : 1600 x 1200 @ 144 Hz, stereo = 0, hdr = 0 exclusive = 0
19:14:02:118 (00046524) > [Render] 		- Mode 148 : 1600 x 1200 @ 160 Hz, stereo = 0, hdr = 0 exclusive = 0
19:14:02:118 (00046524) > [Render] 		- Mode 149 : 1600 x 1200 @ 160 Hz, stereo = 0, hdr = 0 exclusive = 0
19:14:02:118 (00046524) > [Render] 		- Mode 150 : 1680 x 1050 @  60 Hz, stereo = 0, hdr = 0 exclusive = 0
19:14:02:119 (00046524) > [Render] 		- Mode 151 : 1680 x 1050 @  60 Hz, stereo = 0, hdr = 0 exclusive = 0
19:14:02:119 (00046524) > [Render] 		- Mode 152 : 1680 x 1050 @  60 Hz, stereo = 0, hdr = 0 exclusive = 0
19:14:02:119 (00046524) > [Render] 		- Mode 153 : 1680 x 1050 @  60 Hz, stereo = 0, hdr = 0 exclusive = 0
19:14:02:119 (00046524) > [Render] 		- Mode 154 : 1680 x 1050 @ 100 Hz, stereo = 0, hdr = 0 exclusive = 0
19:14:02:119 (00046524) > [Render] 		- Mode 155 : 1680 x 1050 @ 100 Hz, stereo = 0, hdr = 0 exclusive = 0
19:14:02:119 (00046524) > [Render] 		- Mode 156 : 1680 x 1050 @ 144 Hz, stereo = 0, hdr = 0 exclusive = 0
19:14:02:119 (00046524) > [Render] 		- Mode 157 : 1680 x 1050 @ 144 Hz, stereo = 0, hdr = 0 exclusive = 0
19:14:02:119 (00046524) > [Render] 		- Mode 158 : 1680 x 1050 @ 160 Hz, stereo = 0, hdr = 0 exclusive = 0
19:14:02:119 (00046524) > [Render] 		- Mode 159 : 1680 x 1050 @ 160 Hz, stereo = 0, hdr = 0 exclusive = 0
19:14:02:119 (00046524) > [Render] 		- Mode 160 : 1720 x 1440 @  60 Hz, stereo = 0, hdr = 0 exclusive = 0
19:14:02:119 (00046524) > [Render] 		- Mode 161 : 1720 x 1440 @  60 Hz, stereo = 0, hdr = 0 exclusive = 0
19:14:02:119 (00046524) > [Render] 		- Mode 162 : 1720 x 1440 @ 100 Hz, stereo = 0, hdr = 0 exclusive = 0
19:14:02:119 (00046524) > [Render] 		- Mode 163 : 1720 x 1440 @ 100 Hz, stereo = 0, hdr = 0 exclusive = 0
19:14:02:119 (00046524) > [Render] 		- Mode 164 : 1720 x 1440 @ 144 Hz, stereo = 0, hdr = 0 exclusive = 0
19:14:02:119 (00046524) > [Render] 		- Mode 165 : 1720 x 1440 @ 144 Hz, stereo = 0, hdr = 0 exclusive = 0
19:14:02:119 (00046524) > [Render] 		- Mode 166 : 1720 x 1440 @ 160 Hz, stereo = 0, hdr = 0 exclusive = 0
19:14:02:119 (00046524) > [Render] 		- Mode 167 : 1720 x 1440 @ 160 Hz, stereo = 0, hdr = 0 exclusive = 0
19:14:02:119 (00046524) > [Render] 		- Mode 168 : 1920 x 1080 @  60 Hz, stereo = 0, hdr = 0 exclusive = 0
19:14:02:119 (00046524) > [Render] 		- Mode 169 : 1920 x 1080 @  60 Hz, stereo = 0, hdr = 0 exclusive = 0
19:14:02:119 (00046524) > [Render] 		- Mode 170 : 1920 x 1080 @ 100 Hz, stereo = 0, hdr = 0 exclusive = 0
19:14:02:119 (00046524) > [Render] 		- Mode 171 : 1920 x 1080 @ 100 Hz, stereo = 0, hdr = 0 exclusive = 0
19:14:02:119 (00046524) > [Render] 		- Mode 172 : 1920 x 1080 @ 144 Hz, stereo = 0, hdr = 0 exclusive = 0
19:14:02:119 (00046524) > [Render] 		- Mode 173 : 1920 x 1080 @ 144 Hz, stereo = 0, hdr = 0 exclusive = 0
19:14:02:119 (00046524) > [Render] 		- Mode 174 : 1920 x 1080 @ 160 Hz, stereo = 0, hdr = 0 exclusive = 0
19:14:02:119 (00046524) > [Render] 		- Mode 175 : 1920 x 1080 @ 160 Hz, stereo = 0, hdr = 0 exclusive = 0
19:14:02:119 (00046524) > [Render] 		- Mode 176 : 1920 x 1200 @  60 Hz, stereo = 0, hdr = 0 exclusive = 0
19:14:02:119 (00046524) > [Render] 		- Mode 177 : 1920 x 1200 @  60 Hz, stereo = 0, hdr = 0 exclusive = 0
19:14:02:119 (00046524) > [Render] 		- Mode 178 : 1920 x 1200 @ 100 Hz, stereo = 0, hdr = 0 exclusive = 0
19:14:02:119 (00046524) > [Render] 		- Mode 179 : 1920 x 1200 @ 100 Hz, stereo = 0, hdr = 0 exclusive = 0
19:14:02:119 (00046524) > [Render] 		- Mode 180 : 1920 x 1200 @ 144 Hz, stereo = 0, hdr = 0 exclusive = 0
19:14:02:119 (00046524) > [Render] 		- Mode 181 : 1920 x 1200 @ 144 Hz, stereo = 0, hdr = 0 exclusive = 0
19:14:02:119 (00046524) > [Render] 		- Mode 182 : 1920 x 1200 @ 160 Hz, stereo = 0, hdr = 0 exclusive = 0
19:14:02:119 (00046524) > [Render] 		- Mode 183 : 1920 x 1200 @ 160 Hz, stereo = 0, hdr = 0 exclusive = 0
19:14:02:119 (00046524) > [Render] 		- Mode 184 : 1920 x 1440 @  60 Hz, stereo = 0, hdr = 0 exclusive = 0
19:14:02:119 (00046524) > [Render] 		- Mode 185 : 1920 x 1440 @  60 Hz, stereo = 0, hdr = 0 exclusive = 0
19:14:02:119 (00046524) > [Render] 		- Mode 186 : 1920 x 1440 @ 100 Hz, stereo = 0, hdr = 0 exclusive = 0
19:14:02:119 (00046524) > [Render] 		- Mode 187 : 1920 x 1440 @ 100 Hz, stereo = 0, hdr = 0 exclusive = 0
19:14:02:119 (00046524) > [Render] 		- Mode 188 : 1920 x 1440 @ 144 Hz, stereo = 0, hdr = 0 exclusive = 0
19:14:02:119 (00046524) > [Render] 		- Mode 189 : 1920 x 1440 @ 144 Hz, stereo = 0, hdr = 0 exclusive = 0
19:14:02:119 (00046524) > [Render] 		- Mode 190 : 1920 x 1440 @ 160 Hz, stereo = 0, hdr = 0 exclusive = 0
19:14:02:119 (00046524) > [Render] 		- Mode 191 : 1920 x 1440 @ 160 Hz, stereo = 0, hdr = 0 exclusive = 0
19:14:02:119 (00046524) > [Render] 		- Mode 192 : 2560 x 1440 @  60 Hz, stereo = 0, hdr = 0 exclusive = 0
19:14:02:119 (00046524) > [Render] 		- Mode 193 : 2560 x 1440 @  60 Hz, stereo = 0, hdr = 0 exclusive = 0
19:14:02:119 (00046524) > [Render] 		- Mode 194 : 2560 x 1440 @ 100 Hz, stereo = 0, hdr = 0 exclusive = 0
19:14:02:119 (00046524) > [Render] 		- Mode 195 : 2560 x 1440 @ 100 Hz, stereo = 0, hdr = 0 exclusive = 0
19:14:02:119 (00046524) > [Render] 		- Mode 196 : 2560 x 1440 @ 144 Hz, stereo = 0, hdr = 0 exclusive = 0
19:14:02:119 (00046524) > [Render] 		- Mode 197 : 2560 x 1440 @ 144 Hz, stereo = 0, hdr = 0 exclusive = 0
19:14:02:119 (00046524) > [Render] 		- Mode 198 : 2560 x 1440 @ 160 Hz, stereo = 0, hdr = 0 exclusive = 0
19:14:02:119 (00046524) > [Render] 		- Mode 199 : 2560 x 1440 @ 160 Hz, stereo = 0, hdr = 0 exclusive = 0
19:14:02:119 (00046524) > [Render] 		- Mode 200 : 3440 x 1440 @  60 Hz, stereo = 0, hdr = 0 exclusive = 0
19:14:02:119 (00046524) > [Render] 		- Mode 201 : 3440 x 1440 @ 100 Hz, stereo = 0, hdr = 0 exclusive = 0
19:14:02:119 (00046524) > [Render] 		- Mode 202 : 3440 x 1440 @ 144 Hz, stereo = 0, hdr = 0 exclusive = 0
19:14:02:119 (00046524) > [Render] 		- Mode 203 : 3440 x 1440 @ 160 Hz, stereo = 0, hdr = 0 exclusive = 0
19:14:02:119 (00046524) > [Render] ***** Additional Monitor Output Info *****
19:14:02:119 (00046524) > [Render] 		BitsPerColor: 8
19:14:02:119 (00046524) > [Render] 		Primaries: R=0.6504;0.3252  G=0.3037;0.6211  B=0.1455;0.0605  White-Point=0.3135;0.3291
19:14:02:119 (00046524) > [Render] 		HDR: No (Color Space: DXGI_COLOR_SPACE_RGB_FULL_G22_NONE_P709)
19:14:02:119 (00046524) > [Render] 		Luminance: Min=0.0979 Max=301.8492 MaxFullFrame=301.8492
19:14:02:119 (00046524) > [Render] ******************************************
19:14:02:119 (00046524) > [Render] 
19:14:02:507 (00046524) > [NxReflex] Reflex support result:Result::eOk
19:14:02:507 (00046524) > [NxReflex] Reflex GetState result:Result::eErrorNotInitialized
19:14:02:507 (00046524) > [NxReflex] DLSSG support result:Result::eOk
19:14:02:507 (00046524) > [NxApp] Querying GPU Driver Info...
19:14:02:507 (00046524) > [NxApp] Enumerating available display adapters:
19:14:02:519 (00046524) > [NxApp] 		AMD Radeon(TM) Graphics
19:14:02:519 (00046524) > [NxApp] 		NVIDIA GeForce RTX 4090 (active)
19:14:02:519 (00046524) > [NxApp] Successfully found GPU Driver Info
19:14:02:519 (00046524) > [D3D] Max supported feature level: 11.0
19:14:02:519 (00046524) > [Render] Disabled D3D12 experimentals
19:14:02:642 (00046524) > [Render] VMEM Budget: 23370 MB
19:14:02:642 (00046524) > [Render] VMEM Available: 23359 MB
19:14:03:743 (00046524) > [Render] GPU node count: 1
19:14:03:776 (00046524) > [NxFfx] Anti-Lag2 not supported. Error code (-2147024809)
19:14:03:776 (00046524) > [NxReflex] Reflex support result:Result::eOk
19:14:03:776 (00046524) > [NxReflex] Reflex GetState result:Result::eOk
19:14:03:776 (00046524) > [NxReflex] Max generated DLSSG frames: 1
19:14:03:776 (00046524) > [NxApp] PreInit successful.
19:14:03:777 (00046524) > [NxStorage] Detected device at 'D:/Installed Games/The Last of Us Part II/build/pc/main', name 'WD Blue SN580 2TB', SSD: Yes, NVMe : Yes
19:14:04:460 (00046524) > [NxStorage] DirectStorage initialization succeeded
19:14:04:460 (00046524) > [NxUpscaler] SL DLSS support: Result::eOk
19:14:04:487 (00046524) > [NxUpscaler] XeSS init, code = 0
19:14:04:507 (00046524) > [Input] Keyboard language: "English (India)" (id: 16393)
19:14:04:507 (00046524) > [Input] Keyboard physical layout: "US" (id: 00000409)
19:14:04:507 (00046524) > [Input] Joystick            ""   product 654 vendor 1118 version 0 usage 5 usagePage 1 xinput yes
19:14:04:507 (00046524) > [Input] Joystick            ""   product 640 vendor 13364 version 259 usage 1 usagePage 12 xinput no
19:14:04:507 (00046524) > [Input] Joystick            ""   product 2675 vendor 6940 version 0 usage 1 usagePage 65368 xinput no
19:14:04:507 (00046524) > [Input] Joystick            ""   product 2675 vendor 6940 version 0 usage 2 usagePage 65346 xinput no
19:14:04:507 (00046524) > [Input] Joystick            ""   product 2675 vendor 6940 version 0 usage 1 usagePage 65346 xinput no
19:14:04:507 (00046524) > [Input] Joystick            ""   product 2675 vendor 6940 version 0 usage 1 usagePage 12 xinput no
19:14:04:507 (00046524) > [Input] Joystick            ""   product 2675 vendor 6940 version 0 usage 2 usagePage 65345 xinput no
19:14:04:507 (00046524) > [Input] Joystick            ""   product 2675 vendor 6940 version 0 usage 1 usagePage 12 xinput no
19:14:04:507 (00046524) > [Input] Joystick            ""   product 12553 vendor 11720 version 512 usage 1 usagePage 140 xinput no
19:14:04:507 (00046524) > [Input] Joystick            ""   product 50495 vendor 1133 version 17409 usage 136 usagePage 65468 xinput no
19:14:04:507 (00046524) > [Input] Joystick            ""   product 2675 vendor 6940 version 0 usage 6 usagePage 65344 xinput no
19:14:04:507 (00046524) > [Input] Joystick            ""   product 50495 vendor 1133 version 17409 usage 1 usagePage 12 xinput no
19:14:04:507 (00046524) > [Input] Joystick            ""   product 640 vendor 13364 version 259 usage 97 usagePage 65376 xinput no
19:14:04:507 (00046524) > [Input] Joystick            ""   product 50495 vendor 1133 version 17409 usage 4 usagePage 65280 xinput no
19:14:04:507 (00046524) > [Input] Joystick            ""   product 50495 vendor 1133 version 17409 usage 2 usagePage 65280 xinput no
19:14:04:507 (00046524) > [Input] Joystick            ""   product 50495 vendor 1133 version 17409 usage 1 usagePage 65280 xinput no
19:14:04:507 (00046524) > [Input] Joystick            ""   product 6575 vendor 2821 version 256 usage 161 usagePage 65394 xinput no
19:14:04:507 (00046524) > [Input] Mouse               "HID-compliant mouse"   id 256 buttons 16 sampleRate 0 horizontalWheel no
19:14:04:507 (00046524) > [Input] Mouse               "HID-compliant mouse"   id 256 buttons 8 sampleRate 0 horizontalWheel no
19:14:04:507 (00046524) > [Input] Keyboard            "HID Keyboard Device"   type 81 subType 0 mode 1 function 12 indicators 3 total 264
19:14:04:507 (00046524) > [Input] Keyboard            "HID Keyboard Device"   type 81 subType 0 mode 1 function 12 indicators 3 total 248
19:14:04:507 (00046524) > [Input] Keyboard            "HID Keyboard Device"   type 81 subType 0 mode 1 function 12 indicators 3 total 173
19:14:04:512 (00046524) > [Input] Trying to load libScePad from C:\ProgramData\Sony Interactive Entertainment Inc\PSPC_SDK\S22\3.50.00.11\libScePad.dll
19:14:04:513 (00046524) > [Input] Using LibScePad
19:14:04:514 (00046524) > [Input] Gamepads connected: 0 -> 1
19:14:04:514 (00046524) > [Input] Gamepad for main player: 8
19:14:04:515 (00046524) > [XInput] Enumerating available xusb hid devices:

19:14:04:519 (00046524) > [Xinput] Found device: {745A17A0-74D3-11D0-B6FE-00A0C90F57DA}(USB\VID_045E&PID_028E&IG_01),USB Input Device 
	USB\VID_045E&PID_028E&IG_01\B&17D470FD&0&01

19:14:04:520 (00046524) > [Xinput] Found device: {D61CA365-5AF4-4486-998B-9DB4734C6CA3}(USB\VID_045E&PID_028E&REV_0104),Xbox 360 Controller for Windows 
	USB\VID_045E&PID_028E\FLYDIGI_VADER3

19:14:04:537 (00016936) > [Input] new Windows.Gaming.Input raw-controller found 45e 28e {wgi/nrid/eMaT-=oV-FH3e^-Q[Oc-n9cH-`G]c:-@Y7eL-Bk} Xbox 360 Controller for Windows

19:14:07:594 (00046524) > [Input] Windows.Gaming.Input controller connected. index: 0
19:14:07:594 (00046524) > [Input] Gamepads connected: 1 -> 2
19:14:07:594 (00046524) > [Input] Gamepad for main player: 0
19:14:07:710 (00046524) > [Input] XInput disabled, disconnecting controller. index: 0
19:14:07:710 (00046524) > [Input] Gamepads connected: 2 -> 1
19:14:07:710 (00046524) > [Input] Gamepad for main player: 0
19:14:10:556 (00046524) > [NxReflex] Reflex support result:Result::eOk
19:14:10:556 (00046524) > [NxReflex] Reflex GetState result:Result::eOk
19:14:10:556 (00046524) > [NxReflex] Max generated DLSSG frames: 1
19:14:10:556 (00046524) > [NxReflex] DLSSG support result:Result::eOk
19:14:10:556 (00046524) > [NxApp] Driver Desc: NVIDIA GeForce RTX 4090
19:14:10:556 (00046524) > [NxApp] Driver Version: 595.97
19:14:10:556 (00046524) > [**************************************************Display + Graphics Settings**************************************************] 
19:14:10:556 (00046524) > [Settings] DirectX Version: 12
19:14:10:556 (00046524) > [Settings] Window mode: Exclusive fullscreen
19:14:10:556 (00046524) > [Settings] Fullscreen display mode:
19:14:10:556 (00046524) > [Settings] 	Displaying on monitor: 0
19:14:10:556 (00046524) > [Settings] 	Resolution: 3440x1440
19:14:10:556 (00046524) > [Settings] 	Forced Aspect Ratio: Auto
19:14:10:556 (00046524) > [Settings] Settings Refresh rate: 240
19:14:10:556 (00046524) > [Settings] 	HDR: On
19:14:10:556 (00046524) > [Settings] 	HDR max luminance :603.000000 nits
19:14:10:556 (00046524) > [Settings] 	HDR paper white :200.000000 nits
19:14:10:556 (00046524) > [Settings] 	Contrast: 0.520000
19:14:10:556 (00046524) > [Settings] 	OS reported Refresh rate: 240
19:14:10:556 (00046524) > [Settings] 	VSync: Off
19:14:10:556 (00046524) > [Settings] 	Reflex: Low Latency
19:14:10:556 (00046524) > [Settings] 	Anti-Lag2: Off
19:14:10:556 (00046524) > [Settings] 	Frame generation: DLSSG
19:14:10:556 (00046524) > [Settings] 	Max generated frames: 1
19:14:10:556 (00046524) > [Settings] 	Dynamic resolution FPS target: 0
19:14:10:556 (00046524) > [Settings] Anti aliasing: DLAA
19:14:10:556 (00046524) > [Settings] Upscale method: None
19:14:10:556 (00046524) > [Settings] Upscale quality: Quality
19:14:10:557 (00046524) > [Settings] DLSS preset: Transformer
19:14:10:557 (00046524) > [Settings] Upscale sharpen: 0.001000
19:14:10:557 (00046524) > [Settings] Graphics Options:
19:14:10:557 (00046524) > [Settings] 	Dynamic Objects Texture Quality: Ultra
19:14:10:557 (00046524) > [Settings] 	Character Texture Quality: Ultra
19:14:10:557 (00046524) > [Settings] 	Environment Texture Quality: Ultra
19:14:10:557 (00046524) > [Settings] 	Visual Effects Texture Quality: Ultra
19:14:10:557 (00046524) > [Settings] 	Texture Filtering: Anisotropic16x
19:14:10:557 (00046524) > [Settings] 	Shadow Spotlight Resolution: Ultra
19:14:10:557 (00046524) > [Settings] 	Shadow Pointlight Resolution: Ultra
19:14:10:557 (00046524) > [Settings] 	Ambient Shadow Quality: Ultra
19:14:10:557 (00046524) > [Settings] 	Directional Shadow Resolution: Ultra
19:14:10:557 (00046524) > [Settings] 	Directional Shadow Distance: Ultra
19:14:10:557 (00046524) > [Settings] 	Depth of Field: Ultra
19:14:10:557 (00046524) > [Settings] 	Foreground Level of Detail: Ultra
19:14:10:557 (00046524) > [Settings] 	Character Level of Detail: Ultra
19:14:10:557 (00046524) > [Settings] 	Background Level of Detail: Ultra
19:14:10:557 (00046524) > [Settings] 	Terrain Detail: High
19:14:10:557 (00046524) > [Settings] 	Ambient Occlusion: SSAO Quality
19:14:10:557 (00046524) > [Settings] 	Screen space contact shadows: Ultra
19:14:10:557 (00046524) > [Settings] 	Screen Space Reflections: High
19:14:10:557 (00046524) > [Settings] 	Screen Space Accuracy: High
19:14:10:557 (00046524) > [Settings] 	Screen Space Distance: High
19:14:10:557 (00046524) > [Settings] 	Real-Time Reflections: Ultra
19:14:10:557 (00046524) > [Settings] 	Refraction Quality: Ultra
19:14:10:557 (00046524) > [Settings] 	Screen Space Shadows: Ultra
19:14:10:557 (00046524) > [Settings] 	Depth of Field Mode: Always On
19:14:10:557 (00046524) > [Settings] 	Motion Blur Quality: Ultra
19:14:10:557 (00046524) > [Settings] 	Particle Density: Ultra
19:14:10:557 (00046524) > [Settings] 	Volumetric Fog: Ultra
19:14:10:557 (00046524) > [Settings] 	SS Sub-Surface Scattering: Always On
19:14:10:557 (00046524) > [Settings] 	Bloom: On
19:14:10:557 (00046524) > [Settings] 	Vignette: On
19:14:10:557 (00046524) > [Settings] 	Caustics: On
19:14:10:557 (00046524) > [Settings] 	Image Based Lighting: On
19:14:10:557 (00046524) > [Settings] 	Bounced Lighting: On
19:14:10:557 (00046524) > [Settings] 	Dynamic Screen Space Shadows: On
19:14:10:557 (00046524) > [Settings] 	RT Cloud reflections: On
19:14:10:557 (00046524) > [Settings] 	Motion Blur: 0.000000
19:14:10:557 (00046524) > [Settings] 	Framerate Cap: 240.000000
19:14:10:557 (00046524) > [Settings] 	FOV Correction: 1.000000
19:14:10:557 (00046524) > [Settings] 	Camera Shake: 1.000000
19:14:10:557 (00046524) > [Settings] 	Chromatic Abberation: 0.000000
19:14:10:557 (00046524) > [Settings] 	Lens Dirt: 1.000000
19:14:10:557 (00046524) > [Settings] 	Film Grain Strength: 0.000000
19:14:10:557 (00046524) > [Settings] 	Cinematic Pillarboxes: Off
19:14:10:557 (00046524) > [**************************************************Display + Graphics Settings**************************************************] 
-[ GPU Adapter Info ]------------------------------------------------
    Number of Adapters          : 3
    Number of Supported Adapters: 3

    1. NVIDIA GeForce RTX 4090 [used]
            Supported           : Yes
            Type                : Hardware
            Max Feature Level   : 12_2 [require 12_0]
            Vendor ID           : 0x000010de
            Device ID           : 0x00002684
            SubSys ID           : 0x165b10de
            Revision            : 0x000000a1
            Video Memory        : 23.57 GiB (24,138 MiB)
            System Memory       : 0
            Shared System Memory: 15.58 GiB (15,954 MiB)
            Graphics Preemption : pixel
            Compute Preemption  : dispatch
            TFlops              : 101.744637
            Dedicated GPU       : 1
            Flags               : ACG_COMPATIBLE (0x04)
                                  SUPPORT_MONITORED_FENCES (0x08)
                                  KEYED_MUTEX_CONFORMANCE (0x20)
         -- Features -----------------------------------------------
          + UAV Additional Formats    - Yes      [required        ]
          + Raster Order View         - Yes      [not required    ]
          + PSO Libraries             - Yes      [not required    ]
          + PSO Driver InProc Cache   - No       [not required    ]
          + PSO Driver Disk Cache     - No       [not required    ]
          + Existing Heaps            - Yes      [not required    ]
          + PS Output Stencil Ref     - No       [not required    ]
          + More Compute Res States   - Yes      [not required    ]
          + Logical Blend Ops         - Yes      [not required    ]
          + Atomic Int 64 Typed Res   - Yes      [required        ]
          + Atomic Int 64 Group Share - Yes      [not required    ]
          + Atomic Int 64 Desc Heap   - Yes      [required        ]
          + Double Shader Ops         - Yes      [not required    ]
          + Int64 Shader Ops          - Yes      [required        ]
          + 16 bit Shader Ops         - Yes      [not required    ]
          + Wave Ops                  - Yes      [required        ]
          + Resource Binding          - Tier 3   [require Tier 3  ]
          + Tiled Resources           - No       [not required    ]
          + Conservative Raster       - Tier 3   [not required    ]
          + Resource Heap             - Tier 2   [require Tier 1  ]
          + View Instancing           - Tier 3   [not required    ]
          + Raytracing                - No       [not required    ]
          + Variable Rate Shading     - Tier 2   [not required    ]
          + Mesh Shaders              - Tier 1   [not required    ]
          + Sampler Feedback          - Tier 0.9 [not required    ]
          + Min Float Precision       - 16 bit   [require 32 bit  ]
          + Max Resource Addressing   - 40 bit   [require 32 bit  ]
          + Max Process Addressing    - 40 bit   [require 32 bit  ]
          + Wave Lane Count Min       - 32       [require 0       ]
          + Wave Lane Count Max       - 32       [require 0       ]
          + Root Signature Version    - 1_1      [require 1_1     ]
          + Shader Model              - 6_8      [require 6_6     ]

    2. NVIDIA GeForce RTX 4090
            Supported           : Yes
            Type                : Hardware
            Max Feature Level   : 12_2 [require 12_0]
            Vendor ID           : 0x000010de
            Device ID           : 0x00002684
            SubSys ID           : 0x165b10de
            Revision            : 0x000000a1
            Video Memory        : 23.57 GiB (24,138 MiB)
            System Memory       : 0
            Shared System Memory: 15.58 GiB (15,954 MiB)
            Graphics Preemption : pixel
            Compute Preemption  : dispatch
            TFlops              : 101.744637
            Dedicated GPU       : 1
            Flags               : ACG_COMPATIBLE (0x04)
                                  SUPPORT_MONITORED_FENCES (0x08)
                                  KEYED_MUTEX_CONFORMANCE (0x20)
         -- Features -----------------------------------------------
          + UAV Additional Formats    - Yes      [required        ]
          + Raster Order View         - Yes      [not required    ]
          + PSO Libraries             - Yes      [not required    ]
          + PSO Driver InProc Cache   - No       [not required    ]
          + PSO Driver Disk Cache     - No       [not required    ]
          + Existing Heaps            - Yes      [not required    ]
          + PS Output Stencil Ref     - No       [not required    ]
          + More Compute Res States   - Yes      [not required    ]
          + Logical Blend Ops         - Yes      [not required    ]
          + Atomic Int 64 Typed Res   - Yes      [required        ]
          + Atomic Int 64 Group Share - Yes      [not required    ]
          + Atomic Int 64 Desc Heap   - Yes      [required        ]
          + Double Shader Ops         - Yes      [not required    ]
          + Int64 Shader Ops          - Yes      [required        ]
          + 16 bit Shader Ops         - Yes      [not required    ]
          + Wave Ops                  - Yes      [required        ]
          + Resource Binding          - Tier 3   [require Tier 3  ]
          + Tiled Resources           - No       [not required    ]
          + Conservative Raster       - Tier 3   [not required    ]
          + Resource Heap             - Tier 2   [require Tier 1  ]
          + View Instancing           - Tier 3   [not required    ]
          + Raytracing                - No       [not required    ]
          + Variable Rate Shading     - Tier 2   [not required    ]
          + Mesh Shaders              - Tier 1   [not required    ]
          + Sampler Feedback          - Tier 0.9 [not required    ]
          + Min Float Precision       - 16 bit   [require 32 bit  ]
          + Max Resource Addressing   - 40 bit   [require 32 bit  ]
          + Max Process Addressing    - 40 bit   [require 32 bit  ]
          + Wave Lane Count Min       - 32       [require 0       ]
          + Wave Lane Count Max       - 32       [require 0       ]
          + Root Signature Version    - 1_1      [require 1_1     ]
          + Shader Model              - 6_8      [require 6_6     ]

    3. NVIDIA GeForce RTX 4090
            Supported           : Yes
            Type                : Hardware
            Max Feature Level   : 12_2 [require 12_0]
            Vendor ID           : 0x000010de
            Device ID           : 0x00002684
            SubSys ID           : 0x165b10de
            Revision            : 0x000000a1
            Video Memory        : 23.57 GiB (24,138 MiB)
            System Memory       : 0
            Shared System Memory: 15.58 GiB (15,954 MiB)
            Graphics Preemption : pixel
            Compute Preemption  : dispatch
            TFlops              : 101.744637
            Dedicated GPU       : 1
            Flags               : ACG_COMPATIBLE (0x04)
                                  SUPPORT_MONITORED_FENCES (0x08)
                                  KEYED_MUTEX_CONFORMANCE (0x20)
         -- Features -----------------------------------------------
          + UAV Additional Formats    - Yes      [required        ]
          + Raster Order View         - Yes      [not required    ]
          + PSO Libraries             - Yes      [not required    ]
          + PSO Driver InProc Cache   - No       [not required    ]
          + PSO Driver Disk Cache     - No       [not required    ]
          + Existing Heaps            - Yes      [not required    ]
          + PS Output Stencil Ref     - No       [not required    ]
          + More Compute Res States   - Yes      [not required    ]
          + Logical Blend Ops         - Yes      [not required    ]
          + Atomic Int 64 Typed Res   - Yes      [required        ]
          + Atomic Int 64 Group Share - Yes      [not required    ]
          + Atomic Int 64 Desc Heap   - Yes      [required        ]
          + Double Shader Ops         - Yes      [not required    ]
          + Int64 Shader Ops          - Yes      [required        ]
          + 16 bit Shader Ops         - Yes      [not required    ]
          + Wave Ops                  - Yes      [required        ]
          + Resource Binding          - Tier 3   [require Tier 3  ]
          + Tiled Resources           - No       [not required    ]
          + Conservative Raster       - Tier 3   [not required    ]
          + Resource Heap             - Tier 2   [require Tier 1  ]
          + View Instancing           - Tier 3   [not required    ]
          + Raytracing                - No       [not required    ]
          + Variable Rate Shading     - Tier 2   [not required    ]
          + Mesh Shaders              - Tier 1   [not required    ]
          + Sampler Feedback          - Tier 0.9 [not required    ]
          + Min Float Precision       - 16 bit   [require 32 bit  ]
          + Max Resource Addressing   - 40 bit   [require 32 bit  ]
          + Max Process Addressing    - 40 bit   [require 32 bit  ]
          + Wave Lane Count Min       - 32       [require 0       ]
          + Wave Lane Count Max       - 32       [require 0       ]
          + Root Signature Version    - 1_1      [require 1_1     ]
          + Shader Model              - 6_8      [require 6_6     ]
---------------------------------------------------------------------
-[ NVIDIA Driver Info ]----------------------------------------------
	Version       : 595.97
	Branch        : r595_88
---------------------------------------------------------------------
19:14:10:589 (00046524) > [NxApp] Creating window...
19:14:10:595 (00031420) > [GameWindow] UpdateState bVisible true
19:14:10:605 (00046524) > [NxApp] Window created.
19:14:10:605 (00046524) > [NxApp] Initializing swapchain...
19:14:10:605 (00046252) > [SwapChain] Creating...
19:14:10:605 (00046252) > [NxSwapChainImpl] Swapchain native backbuffer (windows) resolution: 3440x1440
19:14:10:605 (00046252) > [Upscaler] ConvertScreenToRenderRes: wxh = 3440x1440 | min = 1720x720 | max =  3440x1440
19:14:10:654 (00046252) > [DXGI] Created swapchain.
19:14:12:177 (00046252) > [DXGI] Set-up exclusive fullscreen 
19:14:12:177 (00046252) > [NxDXGI] Creating exclusive fullscreen swapchain with refresh rate 240
19:14:12:543 (00046252) > [SwapChain] Gamma correction is enabled.
19:14:12:543 (00046252) > [SwapChain] Successfully created.
19:14:12:543 (00046252) > [NxSwapChainImpl] Swapchain native backbuffer (windows) resolution: 3440x1440
19:14:12:543 (00046252) > [Upscaler] ConvertScreenToRenderRes: wxh = 3440x1440 | min = 1720x720 | max =  3440x1440
19:14:12:543 (00046524) > [NxApp] Swapchain initialized
19:14:12:543 (00046524) > [NxApp] Initializing renderer...
19:14:12:558 (00046524) > [NxApp] Renderer initialized
19:14:12:558 (00046524) > [SteamController] "ingame" is not a valid action set!
19:14:12:558 (00046524) > [SteamController] "menu" is not a valid action set!
19:14:12:865 (00046524) > [Render] Pipeline cache default.pso read succesfully, added 103684 pipelines. Found 0 duplicates.
19:14:12:873 (00046524) > [Render] Pipeline cache C:\Users\<username>\AppData\Roaming\Naughty Dog\The Last of Us Part II\user.pso read succesfully, added 1233 pipelines. Found 2611 duplicates.
19:14:18:169 (00003388) > [Steam] Stats received: 2
19:14:53:179 (00046252) > [NxSwapChainImpl] Swapchain native backbuffer (windows) resolution: 3440x1440
19:14:53:179 (00046252) > [Upscaler] ConvertScreenToRenderRes: wxh = 2293x960 | min = 1720x720 | max =  3440x1440
19:14:53:203 (00046252) > [NxDXGI] Resizing exclusive fullscreen swapchain with refresh rate 240
19:14:53:767 (00046252) > [DXGI] Resized swapchain.
19:14:53:772 (00048004) > [NxReflex] Reflex support result:Result::eOk
19:14:53:772 (00048004) > [NxReflex] Reflex GetState result:Result::eOk
19:14:53:772 (00048004) > [NxReflex] Max generated DLSSG frames: 1
19:14:53:773 (00048004) > [NxReflex] DLSSG support result:Result::eOk
19:14:53:773 (00048004) > [Settings] New display settings are:
19:14:53:773 (00048004) > [**************************************************Display + Graphics Settings**************************************************] 
19:14:53:773 (00048004) > [Settings] DirectX Version: 12
19:14:53:773 (00048004) > [Settings] Window mode: Exclusive fullscreen
19:14:53:773 (00048004) > [Settings] Fullscreen display mode:
19:14:53:773 (00048004) > [Settings] 	Displaying on monitor: 0
19:14:53:773 (00048004) > [Settings] 	Resolution: 3440x1440
19:14:53:773 (00048004) > [Settings] 	Forced Aspect Ratio: Auto
19:14:53:773 (00048004) > [Settings] Settings Refresh rate: 240
19:14:53:773 (00048004) > [Settings] 	HDR: On
19:14:53:773 (00048004) > [Settings] 	HDR max luminance :603.000000 nits
19:14:53:773 (00048004) > [Settings] 	HDR paper white :200.000000 nits
19:14:53:773 (00048004) > [Settings] 	Contrast: 0.520000
19:14:53:773 (00048004) > [Settings] 	OS reported Refresh rate: 240
19:14:53:773 (00048004) > [Settings] 	VSync: Off
19:14:53:773 (00048004) > [Settings] 	Reflex: Low Latency
19:14:53:773 (00048004) > [Settings] 	Anti-Lag2: Off
19:14:53:773 (00048004) > [Settings] 	Frame generation: DLSSG
19:14:53:773 (00048004) > [Settings] 	Max generated frames: 1
19:14:53:773 (00048004) > [Settings] 	Dynamic resolution FPS target: 0
19:14:53:773 (00048004) > [Settings] Anti aliasing: DLAA
19:14:53:773 (00048004) > [Settings] Upscale method: DLSS
19:14:53:773 (00048004) > [Settings] Upscale quality: Quality
19:14:53:773 (00048004) > [Settings] DLSS preset: Transformer
19:14:53:773 (00048004) > [Settings] Upscale sharpen: 0.001000
19:14:53:773 (00048004) > [Settings] Graphics Options:
19:14:53:773 (00048004) > [Settings] 	Dynamic Objects Texture Quality: Ultra
19:14:53:773 (00048004) > [Settings] 	Character Texture Quality: Ultra
19:14:53:773 (00048004) > [Settings] 	Environment Texture Quality: Ultra
19:14:53:773 (00048004) > [Settings] 	Visual Effects Texture Quality: Ultra
19:14:53:773 (00048004) > [Settings] 	Texture Filtering: Anisotropic16x
19:14:53:773 (00048004) > [Settings] 	Shadow Spotlight Resolution: Ultra
19:14:53:773 (00048004) > [Settings] 	Shadow Pointlight Resolution: Ultra
19:14:53:773 (00048004) > [Settings] 	Ambient Shadow Quality: Ultra
19:14:53:773 (00048004) > [Settings] 	Directional Shadow Resolution: Ultra
19:14:53:773 (00048004) > [Settings] 	Directional Shadow Distance: Ultra
19:14:53:773 (00048004) > [Settings] 	Depth of Field: Ultra
19:14:53:773 (00048004) > [Settings] 	Foreground Level of Detail: Ultra
19:14:53:773 (00048004) > [Settings] 	Character Level of Detail: Ultra
19:14:53:773 (00048004) > [Settings] 	Background Level of Detail: Ultra
19:14:53:773 (00048004) > [Settings] 	Terrain Detail: High
19:14:53:773 (00048004) > [Settings] 	Ambient Occlusion: SSAO Quality
19:14:53:773 (00048004) > [Settings] 	Screen space contact shadows: Ultra
19:14:53:773 (00048004) > [Settings] 	Screen Space Reflections: High
19:14:53:773 (00048004) > [Settings] 	Screen Space Accuracy: High
19:14:53:773 (00048004) > [Settings] 	Screen Space Distance: High
19:14:53:773 (00048004) > [Settings] 	Real-Time Reflections: Ultra
19:14:53:773 (00048004) > [Settings] 	Refraction Quality: Ultra
19:14:53:773 (00048004) > [Settings] 	Screen Space Shadows: Ultra
19:14:53:773 (00048004) > [Settings] 	Depth of Field Mode: Always On
19:14:53:773 (00048004) > [Settings] 	Motion Blur Quality: Ultra
19:14:53:773 (00048004) > [Settings] 	Particle Density: Ultra
19:14:53:773 (00048004) > [Settings] 	Volumetric Fog: Ultra
19:14:53:773 (00048004) > [Settings] 	SS Sub-Surface Scattering: Always On
19:14:53:773 (00048004) > [Settings] 	Bloom: On
19:14:53:773 (00048004) > [Settings] 	Vignette: On
19:14:53:773 (00048004) > [Settings] 	Caustics: On
19:14:53:773 (00048004) > [Settings] 	Image Based Lighting: On
19:14:53:773 (00048004) > [Settings] 	Bounced Lighting: On
19:14:53:773 (00048004) > [Settings] 	Dynamic Screen Space Shadows: On
19:14:53:773 (00048004) > [Settings] 	RT Cloud reflections: On
19:14:53:773 (00048004) > [Settings] 	Motion Blur: 0.000000
19:14:53:773 (00048004) > [Settings] 	Framerate Cap: 240.000000
19:14:53:773 (00048004) > [Settings] 	FOV Correction: 1.000000
19:14:53:773 (00048004) > [Settings] 	Camera Shake: 1.000000
19:14:53:773 (00048004) > [Settings] 	Chromatic Abberation: 0.000000
19:14:53:773 (00048004) > [Settings] 	Lens Dirt: 1.000000
19:14:53:773 (00048004) > [Settings] 	Film Grain Strength: 0.000000
19:14:53:773 (00048004) > [Settings] 	Cinematic Pillarboxes: Off
19:14:53:773 (00048004) > [**************************************************Display + Graphics Settings**************************************************] 
19:14:53:773 (00048004) > [Settings] End of settings.
19:14:53:773 (00048004) > [NxApp (Render Thread)] Finished enforcing display settings
19:14:53:775 (00048004) > [NxApp] Finished enforcing display settings
19:14:59:067 (00040804) > [Render] Quering NVAPI for GPU temperature
19:14:59:069 (00040804) > [Render] Working set: 4487MB Page file: 20383MB Video Budget: 23370MB Video Usage: 6915MB Sys Budget: 15186MB Sys Usage: 1757MB Demoted: 0MB fps: 69.5
19:15:59:103 (00040804) > [Render] Quering NVAPI for GPU temperature
19:15:59:103 (00040804) > [Render] Working set: 6697MB Page file: 23387MB Video Budget: 23370MB Video Usage: 9255MB Sys Budget: 15186MB Sys Usage: 1758MB Demoted: 0MB fps: 199.5
19:16:59:069 (00040804) > [Render] Quering NVAPI for GPU temperature
19:16:59:069 (00040804) > [Render] Working set: 7161MB Page file: 24001MB Video Budget: 23370MB Video Usage: 9503MB Sys Budget: 15186MB Sys Usage: 1770MB Demoted: 0MB fps: 165.7
19:17:59:064 (00040804) > [Render] Quering NVAPI for GPU temperature
19:17:59:066 (00040804) > [Render] Working set: 7459MB Page file: 23842MB Video Budget: 23370MB Video Usage: 9304MB Sys Budget: 15186MB Sys Usage: 1786MB Demoted: 0MB fps: 126.2
19:18:59:070 (00040804) > [Render] Quering NVAPI for GPU temperature
19:18:59:070 (00040804) > [Render] Working set: 7469MB Page file: 23834MB Video Budget: 23370MB Video Usage: 9287MB Sys Budget: 15186MB Sys Usage: 1794MB Demoted: 0MB fps: 145.0
19:19:59:066 (00040804) > [Render] Quering NVAPI for GPU temperature
19:19:59:067 (00040804) > [Render] Working set: 7487MB Page file: 23414MB Video Budget: 23370MB Video Usage: 8856MB Sys Budget: 15186MB Sys Usage: 1795MB Demoted: 0MB fps: 122.4
19:20:59:069 (00040804) > [Render] Quering NVAPI for GPU temperature
19:20:59:069 (00040804) > [Render] Working set: 7489MB Page file: 23419MB Video Budget: 23370MB Video Usage: 8854MB Sys Budget: 15186MB Sys Usage: 1796MB Demoted: 0MB fps: 130.2
19:21:59:070 (00040804) > [Render] Quering NVAPI for GPU temperature
19:21:59:070 (00040804) > [Render] Working set: 7862MB Page file: 24162MB Video Budget: 23370MB Video Usage: 9525MB Sys Budget: 15186MB Sys Usage: 1798MB Demoted: 0MB fps: 113.9
19:22:59:067 (00040804) > [Render] Quering NVAPI for GPU temperature
19:22:59:067 (00040804) > [Render] Working set: 7794MB Page file: 23795MB Video Budget: 23370MB Video Usage: 9047MB Sys Budget: 15186MB Sys Usage: 1798MB Demoted: 0MB fps: 120.4
19:23:59:067 (00040804) > [Render] Quering NVAPI for GPU temperature
19:23:59:068 (00040804) > [Render] Working set: 7790MB Page file: 23784MB Video Budget: 23370MB Video Usage: 9047MB Sys Budget: 15186MB Sys Usage: 1798MB Demoted: 0MB fps: 132.2
19:24:59:065 (00040804) > [Render] Quering NVAPI for GPU temperature
19:24:59:065 (00040804) > [Render] Working set: 7794MB Page file: 23826MB Video Budget: 23370MB Video Usage: 9055MB Sys Budget: 15186MB Sys Usage: 1798MB Demoted: 0MB fps: 115.6
19:25:59:063 (00040804) > [Render] Quering NVAPI for GPU temperature
19:25:59:063 (00040804) > [Render] Working set: 7797MB Page file: 24541MB Video Budget: 23370MB Video Usage: 9805MB Sys Budget: 15186MB Sys Usage: 1798MB Demoted: 0MB fps: 114.9
19:26:59:067 (00040804) > [Render] Quering NVAPI for GPU temperature
19:26:59:068 (00040804) > [Render] Working set: 7798MB Page file: 23994MB Video Budget: 23370MB Video Usage: 9259MB Sys Budget: 15186MB Sys Usage: 1798MB Demoted: 0MB fps: 119.6
19:27:59:065 (00040804) > [Render] Quering NVAPI for GPU temperature
19:27:59:065 (00040804) > [Render] Working set: 7805MB Page file: 23428MB Video Budget: 23370MB Video Usage: 8753MB Sys Budget: 15186MB Sys Usage: 1799MB Demoted: 0MB fps: 126.9
19:28:59:065 (00040804) > [Render] Quering NVAPI for GPU temperature
19:28:59:065 (00040804) > [Render] Working set: 7714MB Page file: 23498MB Video Budget: 23370MB Video Usage: 8830MB Sys Budget: 15186MB Sys Usage: 1799MB Demoted: 0MB fps: 122.8
19:29:59:068 (00040804) > [Render] Quering NVAPI for GPU temperature
19:29:59:068 (00040804) > [Render] Working set: 7808MB Page file: 23809MB Video Budget: 23370MB Video Usage: 9080MB Sys Budget: 15186MB Sys Usage: 1799MB Demoted: 0MB fps: 121.0
19:30:59:069 (00040804) > [Render] Quering NVAPI for GPU temperature
19:30:59:070 (00040804) > [Render] Working set: 7797MB Page file: 23891MB Video Budget: 23370MB Video Usage: 9184MB Sys Budget: 15186MB Sys Usage: 1799MB Demoted: 0MB fps: 113.0
19:31:59:066 (00040804) > [Render] Quering NVAPI for GPU temperature
19:31:59:066 (00040804) > [Render] Working set: 7800MB Page file: 23904MB Video Budget: 23370MB Video Usage: 9200MB Sys Budget: 15186MB Sys Usage: 1799MB Demoted: 0MB fps: 124.8
19:32:59:066 (00040804) > [Render] Quering NVAPI for GPU temperature
19:32:59:066 (00040804) > [Render] Working set: 7843MB Page file: 23941MB Video Budget: 23370MB Video Usage: 9210MB Sys Budget: 15186MB Sys Usage: 1799MB Demoted: 0MB fps: 120.4
19:33:59:064 (00040804) > [Render] Quering NVAPI for GPU temperature
19:33:59:065 (00040804) > [Render] Working set: 7888MB Page file: 23965MB Video Budget: 23370MB Video Usage: 9133MB Sys Budget: 15186MB Sys Usage: 1799MB Demoted: 0MB fps: 125.8
19:34:59:069 (00040804) > [Render] Quering NVAPI for GPU temperature
19:34:59:069 (00040804) > [Render] Working set: 7953MB Page file: 24366MB Video Budget: 23370MB Video Usage: 9602MB Sys Budget: 15186MB Sys Usage: 1799MB Demoted: 0MB fps: 109.0
19:35:59:063 (00040804) > [Render] Quering NVAPI for GPU temperature
19:35:59:063 (00040804) > [Render] Working set: 7962MB Page file: 24405MB Video Budget: 23370MB Video Usage: 9609MB Sys Budget: 15186MB Sys Usage: 1799MB Demoted: 0MB fps: 121.7
19:36:59:067 (00040804) > [Render] Quering NVAPI for GPU temperature
19:36:59:068 (00040804) > [Render] Working set: 8102MB Page file: 24782MB Video Budget: 23370MB Video Usage: 9927MB Sys Budget: 15186MB Sys Usage: 1799MB Demoted: 0MB fps: 130.2
19:37:59:070 (00040804) > [Render] Quering NVAPI for GPU temperature
19:37:59:070 (00040804) > [Render] Working set: 8146MB Page file: 24845MB Video Budget: 23370MB Video Usage: 9948MB Sys Budget: 15186MB Sys Usage: 1799MB Demoted: 0MB fps: 156.7
