Log: Log file open, 13/09/2025 14:39:10
Log: GPsyonixBuildID 250811.43331.492665
Log: Command line: 
Init: WinSock: version 1.1 (2.2), MaxSocks=32767, MaxUdp=65467
Log:  ... running in INSTALLED mode
Warning: Warning, Unknown language extension . Defaulting to INT
Init: Language extension: INT
Init: Language extension: INT
DevConfig: GConfig::LoadFile associated file:  ..\..\TAGame\Config\TAUI.ini
Init: Version: 250811.43331.492665
Init: Compiled (64-bit): Aug 11 2025 12:21:07
Init: Command line: 
Init: Base directory: E:\SteamLibrary\steamapps\common\rocketleague\Binaries\Win64\
[0000.80] Log: Purging 30-day cache '..\..\TAGame\Cache\WebCache\*.*'...
[0001.14] Log: Purging 3-day cache '..\..\TAGame\Logs\*.log'...
[0001.14] Init: Computer: DESKTOP-7CKDBO1
[0001.14] Init: User: Kutan
[0001.14] Init: CPU Page size=4096, Processors=12
[0001.14] Init: High frequency timer resolution =10.000000 MHz
[0001.14] Init: Memory total: Physical=31.2GB (32GB approx) Pagefile=93.2GB Virtual=131072.0GB
[0001.14] Init: Presizing for 138000 objects not considered by GC, pre-allocating 0 bytes.
[0001.14] Init: Object subsystem initialized
[0001.17] Log: Using feature set PrimeUpdate55_1
[0001.24] Log: FOnlineSubsystemEOS: EOS version = 1.17.1.0-42836111
[0001.30] Log: Steam Client API initialized 1
[0001.38] Log: Steam Game Server API initialized 1
[0001.68] Log: Found D3D11 adapter 0: NVIDIA GeForce RTX 4090
[0001.68] Log: Adapter has 24142MB of dedicated video memory, 0MB of dedicated system memory, and 15954MB of shared system memory
[0001.76] Log: Found D3D11 adapter 1: AMD Radeon(TM) Graphics
[0001.76] Log: Adapter has 485MB of dedicated video memory, 0MB of dedicated system memory, and 15954MB of shared system memory
[0001.94] Log: Found D3D11 adapter 2: NVIDIA GeForce RTX 4090
[0001.94] Log: Adapter has 24142MB of dedicated video memory, 0MB of dedicated system memory, and 15954MB of shared system memory
[0001.97] Log: Found D3D11 adapter 3: Microsoft Basic Render Driver
[0001.97] Log: Adapter has 0MB of dedicated video memory, 0MB of dedicated system memory, and 15954MB of shared system memory
[0001.97] Log: Shader platform (RHI): PC-D3D-SM5
[0002.03] Breadcrumbs: Startup_PreInit: 2.026
[0002.05] Breadcrumbs: Startup_LoadGlobalShaders: 0.022
[0005.77] Log: ProductDatabase_TA::InitProductLabels  0.01 sec total.
[0005.80] Log: ProductDatabase_TA::UpdateAvailableProducts  0.03 sec total.
[0005.81] Breadcrumbs: Startup_LoadScriptPackages: 3.759
[0006.28] Breadcrumbs: Startup_LoadNonNativePackages: 0.478
[0006.29] Log: 154708 objects as part of root set at end of initial load.
[0006.29] Log: 0 out of 0 bytes used by permanent object pool.
[0006.29] Log: ShaderCache load stats: AccumLoadSeconds=(2.173) ShadersLoaded=(425112) Duplicates=(28495)
[0006.29] Log: Initializing Engine...
[0006.29] Log: BuildID: 151471783 from GPsyonixBuildID
[0006.35] SystemSettings: Loading PC Settings
[0006.35] Breadcrumbs: Startup_BuildGuidCache: 0.069
[0006.37] Log: Running hardware survey...
[0006.37] Log: Wwise(R) SDK Version 2023.1.11 Build 8682. Copyright (c) 2006-2012 Audiokinetic Inc. / All Rights Reserved.
[0006.58] Log: OS: Microsoft Windows 11 Home Single Language  (26100)
[0006.58] Log: WinSAT: 8.9 [9.3 CPU, 9.9 2D, 9.9 3D, 9.3 Mem, 8.9 Disk]
[0006.58] Log: Processor: AMD Ryzen 5 7600X 6-Core Processor              (AMD64 Family 25 Model 97 Stepping 2) 6 Cores, 12 Threads
[0006.58] Breadcrumbs: Startup_ClientInit: 0.223
[0006.72] Log: Memory: 16.00GB
[0006.72] Log: Memory: 16.00GB
[0006.72] Log: VideoController: SudoMaker Virtual Display Adapter (1.10.9.289)
[0006.72] Log: VideoController: AMD Radeon(TM) Graphics (32.0.11016.3)
[0006.72] Log: VideoController: NVIDIA GeForce RTX 4090 (32.0.15.8108)
[0007.43] Log: Network Adapter: Realtek Gaming 2.5GbE Family Controller
[0007.43] Log: Network Adapter: Wintun Userspace Tunnel
[0007.43] Log: Network Adapter: Wintun Userspace Tunnel
[0007.43] Log: Detected 1 GPUs for rendering
[0008.59] Breadcrumbs: Startup_CreateViewport: 2.015
[0008.59] DevOnline: Created named interface (RecentPlayersList) of type (Engine.OnlineRecentPlayersList)
[0008.59] Log: Initializing Steamworks
[0008.60] DevOnline: Steam ID: 76561198026543789
[0008.60] DevOnline: Steam universe: PUBLIC
[0008.60] DevOnline: Steam appid: 252950
[0008.60] DevOnline: Steam IsSubscribed: 1
[0008.60] DevOnline: Steam IsLowViolence: 0
[0008.60] DevOnline: Steam IsCybercafe: 0
[0008.60] DevOnline: Steam IsVACBanned: 0
[0008.60] DevOnline: Steam IP country: IN
[0008.60] DevOnline: Steam official server time: 1757754558
[0008.60] DevOnline: Steam Cloud quota: 1001541 / 100000000
[0008.60] DevOnline: Steam original app owner: 76561198026543789
[0008.60] DevOnline: Logged in as 'Lock'
[0008.61] VoiceChat: The desired playback sample rate is 11000.
[0008.61] ScriptLog: PsyNet using environment DBE_Production Prod
[0008.62] PsyNet: PsyNetConnection_X_0 disabled OSCS_ServiceUnavailable
[0008.62] PsyNetStaticData: HandleCacheExpired
[0008.62] PsyNetStaticData: HandleGetURL URL=(https://config.psynet.gg/v2/Config/BattleCars/151471783/Prod/Steam/INT/)
[0008.62] PsyNetStaticData: Blocking sync start
[0008.62] DevOnline: WebRequest_X_0 SEND: https://config.psynet.gg/v2/Config/BattleCars/151471783/Prod/Steam/INT/
[0009.03] DevOnline: WebRequest_X_0 RECV: 200 
[0009.04] Log: FCacheExportTask(..\..\TAGame\Cache\WebCache/aHR0cHM6Ly9jb25maWcucHN5bmV0LmdnL3YyL0NvbmZpZy9CYXR0bGVDYXJzLzE1MTQ3MTc4My9Qcm9kL1N0ZWFtL0lOVC8=) wrote 446651 bytes to memory
[0009.04] PsyNetStaticData: Blocking sync complete. Elapsed=0.4170
[0009.04] PsyNetStaticData: HandleDataChanged
[0009.04] DevOnline: EOS Platform CacheDirectory=C:\Users\Kutan\AppData\Local\Rocket League\
[0009.05] DevOnline: EOSSDK-LogEOSIntegratedPlatform: Steam sanitizer disabled reason: EOS_IntegratedPlatform_Steam_Options.SteamMinorVersion Required to be at least 45.
[0009.13] DevOnline: EOSSDK-LogEOSUI: Hot key event ignored because there are no known users.
[0009.16] DevOnline: EOSSDK-LogEOSRTC: EOS_RTCAudio_GetAudioInputDevicesCount is deprecated. Use EOS_RTCAudio_QueryInputDevicesInformation with EOS_RTCAudio_GetInputDevicesCount instead.
[0009.30] DevOnline: EOSSDK-LogEOSRTC: EOS_RTCAudio_GetAudioInputDeviceByIndex is deprecated. Use EOS_RTCAudio_QueryInputDevicesInformation with EOS_RTCAudio_CopyInputDeviceInformationByIndex instead.
[0009.30] DevOnline: EOSSDK-LogEOSRTC: EOS_RTCAudio_GetAudioOutputDevicesCount is deprecated. Use EOS_RTCAudio_QueryOutputDevicesInformation with EOS_RTCAudio_GetOutputDevicesCount instead.
[0009.30] DevOnline: EOSSDK-LogEOSRTC: EOS_RTCAudio_GetAudioOutputDeviceByIndex is deprecated. Use EOS_RTCAudio_QueryOutputDevicesInformation with EOS_RTCAudio_CopyOutputDeviceInformationByIndex instead.
[0009.30] EOSGameClips: EOSGameClips: Activate called successfully.
[0009.30] EOSGameClips: EOSGameClips: Audio initialized successfully.
[0009.30] EOSGameClips: EOSGameClips: Subscribed to game clips status events successfully.
[0009.30] EOSGameClips: EOSGameClips: Subscribed to user status events successfully.
[0009.30] EOSGameClips: EOSGameClips: Successfully initialized!
[0009.31] ScriptWarning: ScriptWarning, Assertion failed, line 36
	ContentConfig_TA Transient.Untitled_0.ContentConfig
	Function ProjectX.ContentConfig_X:Apply:01D5
Script call stack:
	Function ProjectX.OnlineConfigDispatcher_X:ApplyConfigObject
	Function TAGame.ContentConfig_TA:Apply
	Function ProjectX.ContentConfig_X:Apply

[0009.31] ScriptWarning: ScriptWarning, Assertion failed, line 36
	ContentConfig_TA Transient.Untitled_0.ContentConfig
	Function ProjectX.ContentConfig_X:Apply:01D5
Script call stack:
	Function ProjectX.OnlineConfigDispatcher_X:ApplyConfigObject
	Function TAGame.ContentConfig_TA:Apply
	Function ProjectX.ContentConfig_X:Apply

[0009.31] ScriptWarning: ScriptWarning, Assertion failed, line 36
	ContentConfig_TA Transient.Untitled_0.ContentConfig
	Function ProjectX.ContentConfig_X:Apply:01D5
Script call stack:
	Function ProjectX.OnlineConfigDispatcher_X:ApplyConfigObject
	Function TAGame.ContentConfig_TA:Apply
	Function ProjectX.ContentConfig_X:Apply

[0009.31] ScriptWarning: ScriptWarning, Assertion failed, line 36
	ContentConfig_TA Transient.Untitled_0.ContentConfig
	Function ProjectX.ContentConfig_X:Apply:01D5
Script call stack:
	Function ProjectX.OnlineConfigDispatcher_X:ApplyConfigObject
	Function TAGame.ContentConfig_TA:Apply
	Function ProjectX.ContentConfig_X:Apply

[0009.34] Log: ProductDatabase_TA::UpdateAvailableProducts  0.03 sec total.
[0009.89] Log: ProductDatabase_TA::InitProductLabels  0.01 sec total.
[0009.89] PsyNet: PsyNetConnection_X_0 enabled
[0009.91] PsyNetStaticData: UpdateCacheTimerEnabled CacheTimer.bEnabled=(True)
[0009.91] EOSGameClips: Construct Constructed EOSGameClipsManager_TA. Self=(EOSGameClipsManager_TA_0)
[0009.91] AuthPsyNetVerbose: New auth error. Error 'OSCS_NotConnected'
[0009.91] AuthPsyNetVerbose: OnlinePlayerAuthentication_TA_0 None Unknown|0|0 Logout
[0009.91] PsyNet: PsyNetConnection_X_1 disabled OSCS_NotConnected
[0009.91] AuthPsyNetVerbose: PsyNet connection status changed. Error 'OSCS_NotConnected'
[0009.91] AuthPsyNetVerbose: New auth error. Error 'OSCS_NotConnected'
[0009.91] AuthPsyNetVerbose: OnlinePlayerAuthentication_TA_0 LoggedOut Unknown|0|0 Logout
[0009.91] AuthPlatformCritical: Initiating auth. Player num '0', Name '', Password length '0'
[0009.91] DevOnline: Logged in as 'Lock'
[0009.91] AuthPlatformCritical: Login status changed for player '0' to 'LS_LoggedIn'
[0009.91] AuthPlatformVerbose: Login attempt concluded
[0009.91] PsyNet: PsyNetConnection_X_1 enabled
[0009.91] AuthPsyNetVerbose: PsyNet connection status changed. Error 'None'
[0009.91] AuthPsyNetVerbose: Transitioning to state 'RequestAuthCode'
[0009.91] AuthPsyNetCritical: Requesting auth ticket from platform for 'Steam|76561198026543789|0'
[0009.91] DevOnline: Issuing request for auth session ticket
[0009.91] DevOnline: Successfully set the friend join URL: 
[0009.91] Party: HandleLocalPlayerLoginStatusChanged PlayerName=Lock PlayerID=Steam|76561198026543789|0 LoginStatus=LS_LoggedIn IsPrimary=True IsInParty=False
[0009.91] SaveGame: Load Player.ControllerId=(0) SaveFileName=(..\..\TAGame\SaveData\DBE_Production\76561198026543789.save)
[0009.92] Breadcrumbs: Startup_InitOnlineSubsystem: 1.327
[0009.93] DevNet: Browse: MENU_Main_p
[0009.93] Log: LoadMap: MENU_Main_p
[0009.93] Exit: XAudio2 Device shut down.
[0009.95] Log: Fully load package: ..\..\TAGame\CookedPCConsole\GameInfo_GFxMenu_SF.upk
[0010.02] Log: Fully load package: ..\..\TAGame\CookedPCConsole\GFxSounds_MainMenu_SF.upk
[0010.03] Log: Fully load package: ..\..\TAGame\CookedPCConsole\GFX_StartMenu_SF.upk
[0010.07] Log: Fully load package: ..\..\TAGame\CookedPCConsole\GFX_MainMenu_SF.upk
[0010.11] Log: Game class is 'GameInfo_GFxMenu_TA'
[0010.13] Log: Bringing World menu_main_p.TheWorld up for play (0) at 2025.09.13-14.39.19
[0010.13] Log: Flushing async loaders.
[0010.35] Log: Flushed async loaders.
[0010.35] Log: Bringing up level for play took: 0.236667
[0010.64] DevOnline: DiscordCreate FAILED= 4
[0010.64] DevOnline: Set rich presence to: Main Menu data: Menu
[0010.64] Log: ########### Finished loading level: 0.715999 seconds
[0010.66] Breadcrumbs: Startup_Browse: 0.738
[0010.66] Log: Initializing Engine Completed
[0010.66] Breadcrumbs: Startup_Total: 10.658
[0010.69] AuthPsyNetCritical: Platform auth ticket completed with success 'True'
[0010.69] AuthPsyNetVerbose: Transitioning to state 'WaitForEOS'
[0010.69] AuthPsyNetCritical: Waiting for EOS initialization
[0010.69] AuthPsyNetCritical: EOS initialization received
[0010.69] AuthPsyNetVerbose: Transitioning to state 'RequestEpicAuthCode'
[0010.69] AuthEpicCritical: Sending auth request for player '76561198026543789'
[0010.69] AuthEpicCritical: Initiating login for player '76561198026543789'
[0010.69] ScriptLog: HandleBlockListStatusCreated Status=(PlatformBlockListStatus_0) ControllerId=(0)
[0010.69] AuthEpicCritical: Sending Eos login request with Credentials '{Version '4', Id Length '0', Token Length '516', Type 'EOS_LCT_ExternalAuth', SystemAuthCredentialsOptions null? 'Null', ExternalType 'EOS_ECT_STEAM_SESSION_TICKET'}'
[0010.69] DevOnline: WebRequest_X_1 SEND: https://rl-cdn.psyonix.com/SpecialEvent/Images/Champs/2025/ChampsRoad_EventLogo_e889fa.png
[0010.69] DevOnline: WebRequest_X_2 SEND: https://rl-cdn.psyonix.com/SpecialEvent/Images/Champs/2025/ChampsRoad_Event_f8sdf.jpg
[0010.69] DevOnline: WebRequest_X_3 SEND: https://rl-cdn.psyonix.com/LogoImages/S19/RL_U55_S19_Logo_EN_duhde.png
[0010.69] DevOnline: EOSSDK-LogEOSIntegratedPlatform: Steam version does not support string sanitization. Minimum version required = 1.45
[0010.77] SaveGame: HandleDataLoaded Result.Code=(BasicLoadResult_Success)
[0010.78] ScriptLog: NetworkSave_TA_0 ApplySettings ReplicationRate=60 NetSpeed=15000 InputRate=60
[0011.08] SaveData: Profile_TA_0 OnLoaded LocalID=(0)
[0011.08] SaveData: Profile_TA_1 OnLoaded LocalID=(1)
[0011.08] ScriptLog: GetDLCProducts, UnlockedDLCList=SuperSonic,Revenge,Wasteland,body_charged
[0011.76] ScriptLog: GetDLCProducts, UnlockedDLCList=SuperSonic,Revenge,Wasteland,body_charged
[0011.76] SaveGame: LocalPlayer_TA_0 HandleSaveDataLoaded 
[0011.78] Log: 


BakkesMod loaded


[0012.09] FTECritical: [GFx] Changed active tutorial from 'null' to 'NONE'. Tutorial active? 'false', New checkpoint active? 'false'
[0012.09] FTEVerbose: Checkpoint 'None' attempted completion while the FTE isn't active!
[0012.10] Log: Flushing async loaders.
[0012.28] Log: Flushed async loaders.
[0012.45] XPGatedPlaylists: Not currently in a party.
[0012.45] DevOnline: Obtained steam user stats, user: 76561198026543789
[0012.46] DevOnline: EOSSDK-LogEOSGameClips: Recording supported and available.
[0012.46] EOSGameClips: EOSGameClips: Availability changed from Pending to Available.
[0013.13] DevOnline: WebRequest_X_2 RECV: 304 
[0013.13] DevOnline: WebRequest_X_3 RECV: 304 
[0013.17] DevOnline: WebRequest_X_1 RECV: 304 
[0014.12] Log: Flushing async loaders.
[0014.17] Log: Flushed async loaders.
[0015.20] AuthEpicCritical: Eos login result 'EOS_Success' for player '0'
[0015.59] AuthEpicCritical: Connect login result 'EOS_Success' for player '29102162b92948868b021454382b618a', local num '0'
[0015.59] FTEVerbose: [GFx] EULA sync started, waiting for response.
[0015.59] DevOnline: WebRequest_X_4 SEND: https://eulatracking-public-service-prod06.ol.epicgames.com/eulatracking/api/eos/v1/agreements/rocket_league/identities/29102162b92948868b021454382b618a?locale=en
[0015.59] AuthEpicCritical: Login status changed for player '0' to 'LS_LoggedIn'
[0015.59] AuthPsyNetCritical: Epic auth ticket completed for '29102162b92948868b021454382b618a' with error 'None'
[0015.59] AuthPsyNetVerbose: Transitioning to state 'SendLoginRequest'
[0015.59] AuthPsyNetCritical: Sending login RPC for player '76561198026543789' Auth ticket required? 'True'
[0015.59] AuthPsyNetCritical: Primary player ID? 'Steam|76561198026543789|0' Logging In PlayerID '76561198026543789'
[0015.59] AuthEpicVerbose: Requesting cabined status for player '0'
[0015.59] DevOnline: WebRequest_X_5 SEND: https://api.epicgames.dev/epic/id/v1/accounts?accountId=29102162b92948868b021454382b618a
[0015.59] PsyNet: HTTP send ID=PsyNetMessage_X_0 Message=PsyNetMessage_X_0
[0015.59] DevOnline: WebRequest_X_6 SEND: https://api.rlpp.psynet.gg/rpc/Auth/AuthPlayer/v2
[0015.70] XPGatedPlaylists: Not currently in a party.
[0016.26] DevOnline: EOSSDK-LogEOSIntegratedPlatform: FIntegratedSteamSanitizer: Sanitizer is implemented for this platform, but steam sanitizer not initialized. Falling back to generic sanitizer
[0016.26] DevOnline: EOSSDK-LogEOSIntegratedPlatform: FIntegratedSteamSanitizer: Sanitizer is implemented for this platform, but steam sanitizer not initialized. Falling back to generic sanitizer
[0016.49] DevOnline: WebRequest_X_6 RECV: 200 
[0016.49] PsyNet: HTTP recv ID=PsyNetMessage_X_0 Message=PsyNetMessage_X_1
[0016.49] AuthPsyNetCritical: PsyNet auth RPC succeeded for player '76561198026543789'
[0016.49] AuthPsyNetVerbose: Transitioning to state 'LoggedIn'
[0016.49] AuthPsyNetCritical: Login successful for player '76561198026543789'
[0016.49] Auth: OnlinePlayer_TA_0 OnlinePlayerAuthentication_TA_0 HandleAuthLoginChange Auth.bLoggedIn=(True)
[0016.49] PsyNet: Enabling PerCon
[0016.49] PsyNet: PsyNetConnection_X_1 SetAuthorized bAuthorized=True
[0016.49] RankedReconnect: LocalPlayer_TA_0.CheckForRankedReconnect() bOpenedStartMenu=(False) IsMenuLevel=(True) bLoggedIn=(True) IsPrimaryPlayer=(True) RankedReconnectAvailable=(False) EpochTime=(0) EpochNow=(1757754566) TimeSince=(1757754566) ReconnectTimeoutSeconds=(900) Reservation=()
[0016.59] XPGatedPlaylists: Not currently in a party.
[0016.92] DevOnline: WebRequest_X_5 RECV: 200 
[0016.92] AuthEpicVerbose: Cabined request completed for user '0' with result 'False', Error 'None'
[0016.92] ScriptLog: ChatFilterManager HandleSaveLoaded: [Error: Type:None] 
[0016.92] ScriptLog: ChatFilterManager: Updating Permissions for player LocalPlayer_TA_0
[0016.92] ScriptLog: ChatFilterManager: Updating MostRestrictiveVoiceFilter [Save: ChatFilter_None] [Current: ChatFilter_All
[0016.92] ScriptLog: ChatFilterManager: Updating Permissions for player LocalPlayer_TA_0
[0016.92] ScriptLog: ChatFilterManager: Updating MostRestrictiveVoiceFilter [Save: ChatFilter_None] [Current: ChatFilter_All
[0016.92] AuthEpicVerbose: [GFx] Epic flow completed 'false'
[0016.92] FTEVerbose: [GFx] Checked FTE progress before a primary player is set
[0016.92] FTEVerbose: [GFx] Checked FTE progress before a primary player is set
[0017.02] XPGatedPlaylists: Not currently in a party.
[0017.03] PsyNet: PsyNetMessengerWebSocket_X_0 Connected
[0017.03] PsyNet: PsyNetConnection_X_1 UpdateConnectionState bConnected=(True) bFreshConnection=(True)
[0017.03] DevOnline: WebRequest_X_7 SEND: https://api.kws.ol.epicgames.com/v1/epic-settings/public/users/29102162b92948868b021454382b618a/values?game=rl
[0017.03] DevOnline: EOSSDK-LogEOSRTC: EOS_RTCAudio_SetAudioInputSettings is deprecated. Use EOS_RTCAudio_SetInputDeviceSettings instead.
[0017.03] DevOnline: EOSSDK-LogEOSRTC: EOS_RTCAudio_SetAudioOutputSettings is deprecated. Use EOS_RTCAudio_SetOutputDeviceSettings instead.
[0017.03] DevOnline: WebRequest_X_8 SEND: https://api.epicgames.dev/epic/friends/v1/29102162b92948868b021454382b618a/blocklist
[0017.03] DevOnline: PlayerDataStorage_QueryFileList: Beginning to query files. User=(29102162b92948868b021454382b618a)
[0017.03] PsyNetBeaconDetail_X: PsyNetBeacon_X_0 SetPsyNetConnection InPsyNetConnection=(PsyNetConnection_X_1)
[0017.03] PsyNet: PsyNetConnection_X_1 UpdateConnectionState bPerConConnected=(True)
[0017.05] Vanity: All Vanity Queries Complete
[0017.13] DevOnline: WebRequest_X_4 RECV: 204 
[0017.13] Log: Failed to parse JSON: offset:'0' 'The document is empty.'
[0017.13] Log: UJSONSerializer_X::DecodeObject() Failed: Object=EulaTextResponse Transient.EulaTextResponse_0
Json:

[0017.13] DevOnline: WebRequest_X_9 SEND: https://eulatracking-public-service-prod06.ol.epicgames.com/eulatracking/api/eos/v1/agreements/rocket_league?locale=en
[0017.13] FTEVerbose: [GFx] EULA sync response received.
[0017.18] Log: Disk C: 44.44GB free of 231.93GB
[0017.18] Log: Disk D: 579.46GB free of 1863.00GB
[0017.18] Log: Disk E: 247.40GB free of 931.50GB
[0017.18] Log: Disk F: 112.79GB free of 931.50GB
[0017.18] Log: Disk G: 1484.95GB free of 1907.71GB
[0017.24] Log: Sound Device: AMD High Definition Audio Device
[0017.24] Log: Sound Device: CORSAIR HS80 RGB Wireless Gaming Headset
[0017.24] Log: Sound Device: NVIDIA High Definition Audio
[0017.24] Log: Sound Device: Realtek High Definition Audio
[0017.24] Log: Sound Device: Steam Streaming Microphone
[0017.24] Log: Sound Device: Steam Streaming Speakers
[0017.24] Log: Sound Device: NVIDIA Virtual Audio Device (Wave Extensible) (WDM)
[0017.24] Log: Sound Device: ASUS Utility
[0017.24] Log: Hardware survey complete in 10.88 seconds.
[0017.29] EOSVoice: HandleFriendsListChanged
[0017.35] ScriptLog: ListenForBlockListDownloaded PrimaryStatus=(PlatformBlockListStatus_0) PrimaryStatus.DownloadStatus=(EB_Pending)
[0017.36] DevOnline: WebRequest_X_8 RECV: 200 
[0017.48] DevOnline: WebRequest_X_10 SEND: https://rl-cdn.psyonix.com/ChallengeIcons/Challenge_Play.jpg
[0017.48] DevOnline: WebRequest_X_11 SEND: https://rl-cdn.psyonix.com/ChallengeIcons/Challenge_Shot.jpg
[0017.48] DevOnline: WebRequest_X_12 SEND: https://rl-cdn.psyonix.com/ChallengeIcons/Challenge_Save.jpg
[0017.48] DevOnline: WebRequest_X_13 SEND: https://rl-cdn.psyonix.com/ChallengeIcons/Challenge_Center.jpg
[0017.48] DevOnline: WebRequest_X_14 SEND: https://rl-cdn.psyonix.com/ChallengeIcons/Challenge_Win.jpg
[0017.48] DevOnline: WebRequest_X_15 SEND: https://rl-cdn.psyonix.com/ChallengeIcons/Challenge_AerialGoal.jpg
[0017.48] DevOnline: WebRequest_X_16 SEND: https://rl-cdn.psyonix.com/ChallengeIcons/Challenge_SAG.jpg
[0017.48] DevOnline: WebRequest_X_17 SEND: https://rl-cdn.psyonix.com/ChallengeIcons/Challenge_Clear.jpg
[0017.48] DevOnline: WebRequest_X_18 SEND: https://rl-cdn.psyonix.com/ChallengeIcons/Challenge_Goal.jpg
[0017.49] DevOnline: WebRequest_X_19 SEND: https://rl-cdn.psyonix.com/ChallengeBanners/NUX_Popup_Octane.png
[0017.49] DevOnline: WebRequest_X_20 SEND: https://rl-cdn.psyonix.com/ChallengeBanners/rl_s19_challengerewardsimage_final_ofeofew.png
[0017.50] DevOnline: WebRequest_X_21 SEND: https://rl-cdn.psyonix.com/ChallengeBanners/RL_U55_S19_Dash_V2_oiwufwn.png
[0017.50] DevOnline: WebRequest_X_22 SEND: https://rl-cdn.psyonix.com/SpecialEvent/Images/Champs/2025/ChampsRoad_Widget_cw897.png
[0017.50] DevOnline: WebRequest_X_23 SEND: https://rl-cdn.psyonix.com/SpecialEvent/Images/Champs/2025/ChampsRoad_fj0w.png
[0017.52] DevOnline: WebRequest_X_24 SEND: https://rl-cdn.psyonix.com/Playlists/Images/Finals/playlist_ltm_soccarpong_heatseeker_cdn_dfijs.png
[0017.53] DevOnline: WebRequest_X_25 SEND: https://rl-cdn.psyonix.com/Playlists/Images/rl_knockout_bash_2022_playlist_details_image.jpg
[0017.53] DevOnline: WebRequest_X_26 SEND: https://rl-cdn.psyonix.com/Playlists/Images/Finals/rl_heatseeker_pong_playlist_details_image_djifsuh.jpg
[0017.54] DevOnline: WebRequest_X_27 SEND: https://rl-cdn.psyonix.com/Playlists/Images/Limited_Events_BG_JumpJam_9-8yudgfiuh.jpg
[0017.55] DevOnline: WebRequest_X_10 RECV: 304 
[0017.55] DevOnline: WebRequest_X_11 RECV: 304 
[0017.55] Log: [HandleVoiceModerationAgreementCallback] EpicAccountId=29102162b92948868b021454382b618a bIsAccepted=0 bHasResponse=1 bNewAgreement=0
[0017.56] DevOnline: WebRequest_X_12 RECV: 304 
[0017.57] DevOnline: WebRequest_X_25 RECV: 304 
[0017.57] DevOnline: WebRequest_X_26 RECV: 304 
[0017.58] DevOnline: PlayerDataStorage_QueryFileList: Finished querying files. User=(29102162b92948868b021454382b618a) Success=(1)
[0017.58] DevOnline: PlayerDataStorage_ReadFile: Beginning to download file. User=(29102162b92948868b021454382b618a) FileName=(RLSaveData)
[0017.58] DevOnline: WebRequest_X_13 RECV: 304 
[0017.59] DevOnline: WebRequest_X_15 RECV: 304 
[0017.59] DevOnline: WebRequest_X_16 RECV: 304 
[0017.59] DevOnline: WebRequest_X_17 RECV: 304 
[0017.59] DevOnline: WebRequest_X_18 RECV: 304 
[0017.59] DevOnline: WebRequest_X_19 RECV: 304 
[0017.59] DevOnline: WebRequest_X_14 RECV: 304 
[0017.59] DevOnline: WebRequest_X_21 RECV: 304 
[0017.60] DevOnline: WebRequest_X_20 RECV: 304 
[0017.60] DevOnline: WebRequest_X_22 RECV: 304 
[0017.60] DevOnline: WebRequest_X_23 RECV: 304 
[0017.61] DevOnline: WebRequest_X_24 RECV: 304 
[0017.62] DevOnline: WebRequest_X_27 RECV: 304 
[0017.73] DevOnline: WebRequest_X_9 RECV: 200 
[0017.79] DevOnline: WebRequest_X_7 RECV: 200 
[0017.79] ScriptLog: Setting.Namespace: chat, Setting.SettingName: enhanced-text-reporting
[0017.79] ScriptLog: Setting.Namespace: chat, Setting.SettingName: enhanced-voice-reporting
[0017.79] EOSPermissions: NS=chat SN=enhanced-voice-reporting PL=null EL=null DV=prefer-not-recording IV=0
[0017.79] ScriptLog: Setting.Namespace: chat, Setting.SettingName: filter-out-mature-language
[0017.79] ScriptLog: Setting.Namespace: chat, Setting.SettingName: text
[0017.79] EOSPermissions: NS=chat SN=text PL=null EL=null DV=0 IV=0
[0017.79] ScriptLog: Setting.Namespace: chat, Setting.SettingName: voice
[0017.79] EOSPermissions: NS=chat SN=voice PL=null EL=null DV=0 IV=0
[0017.79] ScriptLog: Setting.Namespace: prm, Setting.SettingName: experience
[0017.79] ScriptLog: Setting.Namespace: prm, Setting.SettingName: marketing
[0017.79] EOSPermissions: NS=prm SN=marketing PL=null EL=True DV=True IV=True
[0017.79] ScriptLog: Setting.Namespace: profile, Setting.SettingName: p2p-trading
[0017.79] ScriptLog: Setting.Namespace: profile, Setting.SettingName: require-pin-to-add-friend
[0017.79] EOSPermissions: NS=profile SN=require-pin-to-add-friend PL=null EL=null DV=False IV=False
[0017.79] ScriptLog: Setting.Namespace: profile, Setting.SettingName: spoken-stem
[0017.79] ScriptLog: Setting.Namespace: profile, Setting.SettingName: rapid-hook
[0017.79] ScriptLog: Setting.Namespace: stats, Setting.SettingName: show-in-leaderboard
[0017.79] DevOnline: WebRequest_X_28 SEND: https://api.epicgames.dev/epic/friends/v1/29102162b92948868b021454382b618a/outgoing
[0017.81] ScriptLog: RegionPinger_X_0 PingRegions ("13.244.191.130:8747","43.199.212.125:8701","43.206.167.83:8750","13.204.143.149:8730","18.138.229.254:8700","3.25.156.89:8780","18.157.30.206:8927","13.49.164.61:8811","3.252.139.145:8729","18.168.38.78:9186","13.38.190.140:8821","15.184.35.42:8796","15.229.123.90:8700","3.239.147.176:8734","3.143.27.92:8721","18.88.3.28:8788","3.101.166.126:8808","44.234.102.176:8730")
[0017.86] DevOnline: EOSSDK-LogEOSIntegratedPlatform: FIntegratedSteamSanitizer: Sanitizer is implemented for this platform, but steam sanitizer not initialized. Falling back to generic sanitizer
[0017.87] ScriptLog: HandleStatusChanged PrimaryStatus.DownloadStatus=(EB_Success) ControllerId=(0)
[0017.89] EOSVoice: HandleFriendsListChanged
[0017.95] DevOnline: EOSSDK-LogEOSIntegratedPlatform: FIntegratedSteamSanitizer: Sanitizer is implemented for this platform, but steam sanitizer not initialized. Falling back to generic sanitizer
[0017.98] DevOnline: EOSSDK-LogEOSIntegratedPlatform: FIntegratedSteamSanitizer: Sanitizer is implemented for this platform, but steam sanitizer not initialized. Falling back to generic sanitizer
[0017.98] DevOnline: EOSSDK-LogEOSIntegratedPlatform: FIntegratedSteamSanitizer: Sanitizer is implemented for this platform, but steam sanitizer not initialized. Falling back to generic sanitizer
[0017.98] DevOnline: EOSSDK-LogEOSUI: Social Overlay: HandleFriendsStateUpdateRequest - Sanitized display name is not set!
[0018.11] DevOnline: PlayerDataStorage_ReadFile: File download complete. User=(29102162b92948868b021454382b618a) FileName=(RLSaveData) Success=(1)
[0018.12] EOSSync: HandleFileReadComplete LocalSaveTick: 41478
[0018.12] EOSSync: HandleFileReadComplete OnlineSaveTick: 41479
[0018.12] ScriptLog: NetworkSave_TA_1 ApplySettings ReplicationRate=60 NetSpeed=15000 InputRate=60
[0018.12] ScriptLog: ChatFilterManager: Updating Permissions for player LocalPlayer_TA_0
[0018.12] ScriptLog: ChatFilterManager: Updating MostRestrictiveVoiceFilter [Save: ChatFilter_None] [Current: ChatFilter_All
[0018.12] ScriptLog: ChatFilterManager: Updating Permissions for player LocalPlayer_TA_0
[0018.12] ScriptLog: ChatFilterManager: Updating MostRestrictiveVoiceFilter [Save: ChatFilter_None] [Current: ChatFilter_All
[0018.16] Log: FSaveDataExportTask(0) wrote 4334596 bytes to memory
[0018.16] Log: SaveGameDataAsync game thread time: 31 ms
[0018.17] Log: Resetting full product sync timestamp because these productIDs were not found: 617 668 1017 
[0018.17] ScriptLog: NewProductIDs128: 
[0018.18] ScriptLog: GetDLCProducts, UnlockedDLCList=SuperSonic,Revenge,Wasteland,body_charged
[0018.68] Log: Deleting old save file ..\..\TAGame\SaveData\DBE_Production\76561198026543789_2.save
[0018.68] Log: SaveDataExport(0): Finished - File:[..\..\TAGame\SaveData\DBE_Production\76561198026543789_1.save] Result:[1]
[0018.68] AuthEpicVerbose: Epic save data loaded
[0018.68] AuthEpicVerbose: [GFx] Epic login changed. m_uiState:StartMenu bPromptParentalConsent:false bPromptToChoosePrimaryAccount:false bEpicSaveDataLoaded:true bPlatformLinked:true
[0018.68] ScriptLog: GetDLCProducts, UnlockedDLCList=SuperSonic,Revenge,Wasteland,body_charged
[0018.69] EOSVoice: HandleFriendsListChanged
[0018.69] DevOnline: WebRequest_X_29 SEND: https://rl-cdn.psyonix.com/Legal/PC/PrivacyPolicy/INT.txt
[0018.69] DevOnline: WebRequest_X_30 SEND: https://rl-cdn.psyonix.com/Legal/PC/ToS/INT.txt
[0018.69] DevOnline: WebRequest_X_31 SEND: https://rl-cdn.psyonix.com/Legal/PC/SCT/INT.txt
[0018.69] DevOnline: WebRequest_X_32 SEND: https://rl-cdn.psyonix.com/Legal/PC/PaymentServices/INT.txt
[0018.71] DevOnline: WebRequest_X_29 RECV: 304 
[0018.71] DevOnline: WebRequest_X_32 RECV: 304 
[0018.73] DevOnline: WebRequest_X_31 RECV: 304 
[0018.78] DevOnline: WebRequest_X_30 RECV: 304 
[0019.31] DevOnline: WebRequest_X_28 RECV: 200 
[0020.02] Matchmaking: All Regions Pinged: USE (1.0000),USC (1.0000),USW (1.0000),EU (1.0000),ASC (1.0000),ASM (1.0000),JPN (1.0000),ME (1.0000),OCE (1.0000),SAF (1.0000),SAM (1.0000),IND (1.0000),SAF1 (0.3321),ASC1 (0.1090),JPN1 (0.1318),IND1 (0.0465),ASM1 (0.0789),OCE1 (0.1578),EU5 (0.2368),EU1 (0.2850),EU3 (0.2970),EU7 (0.2586),EU9 (0.2323),ME1 (0.2719),SAM1 (0.2768),USE1 (0.2768),USE3 (0.2704),USC1 (0.2704),USW1 (1.0000),USW3 (0.2620)
[0020.02] Matchmaking: Failed to ping 'USW1'. Using cached ping '0.2445'
[0020.02] Log: FCacheExportTask(..\..\TAGame\Cache\RegionCache.cache) wrote 1713 bytes to memory
[0020.12] EOSVoice: HandleFriendsListChanged
[0020.69] DevOnline: EOSSDK-LogEOSRTC: TickTracker Tick is delayed. TimePeriod=[10.001925s]  TickIntervalThreshold=[0.100000s] MaxTickInterval=[0.532315s] MaxExecutionTime=[0.000167s] TicksCount=[1382] ExpectedTicksCount=[1000]
[0022.02] DevOnline: WebRequest_X_33 SEND: https://api.epicgames.dev/epic/friends/v1/29102162b92948868b021454382b618a/friends/29102162b92948868b021454382b618a
[0022.33] DevOnline: WebRequest_X_33 RECV: 400 {"errorCode":"errors.com.epicgames.friends.invalid_friendship","errorMessage":"Users cannot be friends with themselves","messageVars":[],"numericErrorCode":14001,"originatingService":"friends","intent":"prod"}
[0022.33] Log: WebRequest_X_33 type: HTTPError, message: {"errorCode":"errors.com.epicgames.friends.invalid_friendship","errorMessage":"Users cannot be friends with themselves","messageVars":[],"numericErrorCode":14001,"originatingService":"friends","intent":"prod"}
[0022.33] ScriptLog: EOS: HTTP request failed with error: Users cannot be friends with themselves (errors.com.epicgames.friends.invalid_friendship)
[0072.24] DevOnline: WebRequest_X_34 SEND: https://datarouter.ol.epicgames.com/datarouter/api/v1/public/data?AppID=RocketLeague.Release&AppVersion=151471783&AppEnvironment=Prod&UploadType=eteventstream&UserID=|29102162b92948868b021454382b618a|||Steam|76561198026543789|0&SessionID=700C96144B471C578B626EBFD6F11A60
[0073.49] DevOnline: WebRequest_X_34 RECV: 204 
[0132.25] DevOnline: WebRequest_X_35 SEND: https://datarouter.ol.epicgames.com/datarouter/api/v1/public/data?AppID=RocketLeague.Release&AppVersion=151471783&AppEnvironment=Prod&UploadType=eteventstream&UserID=|29102162b92948868b021454382b618a|||Steam|76561198026543789|0&SessionID=700C96144B471C578B626EBFD6F11A60
[0132.54] DevOnline: WebRequest_X_35 RECV: 204 
[0154.21] Log: Found Unsupported controller W, Type: 66069, 4 Axes, 18 Buttons, 1 POVs
[0158.56] Log: Detected new XInput controller 0
[0158.57] Log: Assigning XInput controller to 0
[0158.59] DevOnline: Set rich presence to: Main Menu data: Menu
[0158.59] Legacy: State Set
[0158.59] FTEVerbose: [GFx] Checking FTE progress: Shown login flow 'true', Legal modal valid? 'true', Online? 'true', Cabined state '2', Legacy state '3'
[0158.59] FTEDev: Trying to start FTE Group Prime_InitialStartup which is already completed and cannot be restarted CurrentActiveGroup.bCanBeDoneAgain=(False) bIgnoreCompletion=(False)
[0158.59] FTE: Starting Group:Prime_LegalText at Checkpoint:FTE_PrimaryPlayerIsXboxGuest
[0158.59] FTE: CompleteCheckpoint GroupName=(Prime_LegalText) CheckpointName=(FTE_PrimaryPlayerIsXboxGuest)
[0158.59] FTE: Moving to Checkpoint:FTE_PrivacyPolicy
[0158.59] FTEVerbose: [GFx] Checking FTE progress: Shown login flow 'true', Legal modal valid? 'true', Online? 'true', Cabined state '2', Legacy state '3'
[0158.59] FTEDev: Trying to start FTE Group Prime_InitialStartup while another Group Prime_LegalText is active
[0158.59] FTE: CompleteCheckpoint GroupName=(Prime_LegalText) CheckpointName=(FTE_PrivacyPolicy)
[0158.59] FTE: Moving to Checkpoint:FTE_EulaText
[0158.59] FTEVerbose: [GFx] Checking FTE progress: Shown login flow 'true', Legal modal valid? 'true', Online? 'true', Cabined state '2', Legacy state '3'
[0158.59] FTEDev: Trying to start FTE Group Prime_InitialStartup while another Group Prime_LegalText is active
[0158.59] Eula: RequiresAcceptance? EulaConfig?.bRequiresAcceptance=(True) GetUISave()?.Contains('bAcceptedOfflineEULA')=(True) Eula.SyncState=(LSS_Accepted)
[0158.59] FTE: CompleteCheckpoint GroupName=(Prime_LegalText) CheckpointName=(FTE_EulaText)
[0158.59] FTE: CompleteActiveGroup GroupName:Prime_LegalText
[0158.59] FTEVerbose: [GFx] Checking FTE progress: Shown login flow 'true', Legal modal valid? 'true', Online? 'true', Cabined state '2', Legacy state '3'
[0158.59] FTEDev: Trying to start FTE Group Prime_InitialStartup which is already completed and cannot be restarted CurrentActiveGroup.bCanBeDoneAgain=(False) bIgnoreCompletion=(False)
[0158.59] FTEDev: Group Prime_CarSelect Is not meant for users of type FTESave.LegacyGroupType=(LGT_LegacyUser)
[0158.59] FTEDev: Group Prime_FreeToPlayTutorial_1 Is not meant for users of type FTESave.LegacyGroupType=(LGT_LegacyUser)
[0158.60] FTEVerbose: [GFx] Checking FTE progress: Shown login flow 'true', Legal modal valid? 'true', Online? 'true', Cabined state '2', Legacy state '3'
[0158.60] FTEDev: Trying to start FTE Group Prime_InitialStartup which is already completed and cannot be restarted CurrentActiveGroup.bCanBeDoneAgain=(False) bIgnoreCompletion=(False)
[0158.60] FTEDev: Group Prime_CarSelect Is not meant for users of type FTESave.LegacyGroupType=(LGT_LegacyUser)
[0158.60] FTEVerbose: [GFx] Checking FTE progress: Shown login flow 'true', Legal modal valid? 'true', Online? 'true', Cabined state '2', Legacy state '3'
[0158.60] FTEDev: Trying to start FTE Group Prime_InitialStartup which is already completed and cannot be restarted CurrentActiveGroup.bCanBeDoneAgain=(False) bIgnoreCompletion=(False)
[0158.60] FTEDev: Group Prime_CarSelect Is not meant for users of type FTESave.LegacyGroupType=(LGT_LegacyUser)
[0158.60] FTEDev: Group Prime_FreeToPlayTutorial_1 Is not meant for users of type FTESave.LegacyGroupType=(LGT_LegacyUser)
[0158.60] FTECritical: [GFx] Changed active tutorial from 'null' to 'NONE'. Tutorial active? 'false', New checkpoint active? 'false'
[0158.60] FTEVerbose: Checkpoint 'None' attempted completion while the FTE isn't active!
[0158.60] FTEVerbose: [GFx] Checking FTE progress: Shown login flow 'true', Legal modal valid? 'true', Online? 'true', Cabined state '2', Legacy state '3'
[0158.60] FTEDev: Trying to start FTE Group Prime_InitialStartup which is already completed and cannot be restarted CurrentActiveGroup.bCanBeDoneAgain=(False) bIgnoreCompletion=(False)
[0158.60] FTEDev: Group Prime_CarSelect Is not meant for users of type FTESave.LegacyGroupType=(LGT_LegacyUser)
[0158.60] FTEDev: Group Prime_FreeToPlayTutorial_1 Is not meant for users of type FTESave.LegacyGroupType=(LGT_LegacyUser)
[0158.60] Eula: RequiresAcceptance? EulaConfig?.bRequiresAcceptance=(True) GetUISave()?.Contains('bAcceptedOfflineEULA')=(True) Eula.SyncState=(LSS_Accepted)
[0158.60] AuthEpicVerbose: [GFx] Epic login changed. m_uiState:MainMenu bPromptParentalConsent:false bPromptToChoosePrimaryAccount:false bEpicSaveDataLoaded:true bPlatformLinked:true
[0158.60] FTEDev: Group Prime_MatchComplete Is not meant for users of type FTESave.LegacyGroupType=(LGT_LegacyUser)
[0158.62] RankedReconnect: LocalPlayer_TA_0.CheckForRankedReconnect() bOpenedStartMenu=(True) IsMenuLevel=(True) bLoggedIn=(True) IsPrimaryPlayer=(True) RankedReconnectAvailable=(False) EpochTime=(0) EpochNow=(1757754708) TimeSince=(1757754708) ReconnectTimeoutSeconds=(900) Reservation=()
[0158.62] MTX: ConditionalClaimEntitlements bAllowEntitlements=(True) bClaimingEntitlements=(False) bEntitlementsDirty=(True) PsyNetConnected=(True) SplitscreenID=(0) bMtxCodeExpired=(False)
[0158.62] MTX: HandleMtxCode bSuccess=True
[0158.62] Online: TryToPlayOnline ControllerID=(-1)
[0158.65] ThankYouMessage: Thank You message already shown to the player
[0158.67] Online: HandlePrivilegeCheckFinished PrivilegeCheck.bHasRestriction=(False)
[0158.67] Online: HandlePrivilegeCheck PrivilegeCheck.bHasRestriction=(False)
[0158.67] DevOnline: WebRequest_X_36 SEND: https://rl-cdn.psyonix.com/EsportsIcons/EsportsButton_Lyon_Worlds_2025.png
[0158.68] DevOnline: WebRequest_X_37 SEND: https://rl-cdn.psyonix.com/Blog/Images/RL_S20_3panel_CG_Trailer_672x840.png
[0158.68] DevOnline: WebRequest_X_38 SEND: https://rl-cdn.psyonix.com/Blog/Images/RL_U55_Champions_Road_TriNewsPannel2_672x840_V2.png
[0158.68] DevOnline: WebRequest_X_39 SEND: https://rl-cdn.psyonix.com/Blog/Images/RL_U52_ChampionsRoad_3panel_WorldChamp_672x840.png
[0158.73] Log: FSaveDataExportTask(0) wrote 4334653 bytes to memory
[0158.73] Log: SaveGameDataAsync game thread time: 30 ms
[0158.77] Log: Deleting old save file ..\..\TAGame\SaveData\DBE_Production\76561198026543789.save
[0158.77] Log: SaveDataExport(0): Finished - File:[..\..\TAGame\SaveData\DBE_Production\76561198026543789_2.save] Result:[1]
[0158.83] DevOnline: WebRequest_X_36 RECV: 200 
[0158.83] Log: FCacheExportTask(..\..\TAGame\Cache\WebCache/aHR0cHM6Ly9ybC1jZG4ucHN5b25peC5jb20vRXNwb3J0c0ljb25zL0VzcG9ydHNCdXR0b25fTHlvbl9Xb3JsZHNfMjAyNS5wbmc=) wrote 141237 bytes to memory
[0158.84] DevOnline: WebRequest_X_38 RECV: 200 
[0158.84] Log: FCacheExportTask(..\..\TAGame\Cache\WebCache/aHR0cHM6Ly9ybC1jZG4ucHN5b25peC5jb20vQmxvZy9JbWFnZXMvUkxfVTU1X0NoYW1waW9uc19Sb2FkX1RyaU5ld3NQYW5uZWwyXzY3Mng4NDBfVjIucG5n) wrote 639178 bytes to memory
[0158.85] DevOnline: WebRequest_X_39 RECV: 200 
[0158.86] Log: FCacheExportTask(..\..\TAGame\Cache\WebCache/aHR0cHM6Ly9ybC1jZG4ucHN5b25peC5jb20vQmxvZy9JbWFnZXMvUkxfVTUyX0NoYW1waW9uc1JvYWRfM3BhbmVsX1dvcmxkQ2hhbXBfNjcyeDg0MC5wbmc=) wrote 457396 bytes to memory
[0158.86] DevOnline: WebRequest_X_37 RECV: 200 
[0158.87] Log: FCacheExportTask(..\..\TAGame\Cache\WebCache/aHR0cHM6Ly9ybC1jZG4ucHN5b25peC5jb20vQmxvZy9JbWFnZXMvUkxfUzIwXzNwYW5lbF9DR19UcmFpbGVyXzY3Mng4NDAucG5n) wrote 912457 bytes to memory
[0159.14] MTX: HandleClaimSuccess Products=0
[0162.39] Prime24121: StartSearch.PreferredRegions.Length 2
[0162.39] Matchmaking: OnlineGameMatchmaking_X_0 OnlineGameMatchmaking_X -> PingRegions
[0162.96] ScriptLog: RegionPinger_X_1 PingRegions ("65.0.30.146:8720","47.129.245.248:8735","18.162.188.171:8742","43.206.167.83:8729","3.27.19.98:8748","15.237.0.229:8922","18.157.30.206:8851","3.101.167.144:8814","13.41.11.113:9187","44.234.185.150:8758","18.88.25.102:8736","3.129.130.142:8716","15.184.84.46:8785","15.229.135.72:8755","3.237.111.5:8747","13.50.37.125:8767","18.201.200.178:8781","13.244.210.192:8734")
[0163.49] Online: TryToUseUGC ControllerID=(-1)
[0163.49] Online: HandlePrivilegeCheckFinished PrivilegeCheck.bHasRestriction=(False)
[0163.49] Online: HandlePrivilegeCheck PrivilegeCheck.bHasRestriction=(False)
[0163.53] Online: TryToPlayOnlineAndUseUGC ControllerID=(-1)
[0163.53] Online: HandlePrivilegeCheckFinished PrivilegeCheck.bHasRestriction=(False)
[0163.53] Online: HandlePrivilegeCheck PrivilegeCheck.bHasRestriction=(False)
[0163.66] Online: TryToPlayOnlineAndUseUGC ControllerID=(-1)
[0163.66] Online: HandlePrivilegeCheckFinished PrivilegeCheck.bHasRestriction=(False)
[0163.66] Online: HandlePrivilegeCheck PrivilegeCheck.bHasRestriction=(False)
[0163.84] Log: FUniqueNetId::FromString - could not parse ''
[0163.84] Log: FUniqueNetId::FromString - could not parse ''
[0163.84] Log: FUniqueNetId::FromString - could not parse ''
[0163.84] Log: FUniqueNetId::FromString - could not parse ''
[0163.84] Log: FUniqueNetId::FromString - could not parse ''
[0163.84] Log: FUniqueNetId::FromString - could not parse ''
[0163.84] Log: FUniqueNetId::FromString - could not parse ''
[0163.84] Log: FUniqueNetId::FromString - could not parse ''
[0163.95] Log: FUniqueNetId::FromString - could not parse ''
[0164.06] Matchmaking: All Regions Pinged: IND1 (0.0398),ASM1 (0.0796),ASC1 (0.1195),JPN1 (0.1413),OCE1 (0.1542),EU9 (0.2286),EU5 (0.2516),USW1 (0.2365),EU7 (0.2650),USW3 (0.2518),USC1 (0.2660),USE3 (0.2758),ME1 (0.2670),SAM1 (0.4225),USE1 (0.3049),EU1 (0.2581),EU3 (0.2785),SAF1 (0.4239),JPN (1.0000),ASC (1.0000),ASM (1.0000),EU (1.0000),IND (1.0000),ME (1.0000),OCE (1.0000),SAF (1.0000),SAM (1.0000),USC (1.0000),USE (1.0000),USW (1.0000)
[0164.06] Log: FCacheExportTask(..\..\TAGame\Cache\RegionCache.cache) wrote 1713 bytes to memory
[0164.06] Matchmaking: OnlineGameMatchmaking_X_0 PingRegions -> Searching
[0164.06] Prime24121: HandleRegionsPinged.PreferredRegions.Length 2
[0164.06] Matchmaking: OnlineGameMatchmaking_X::RecordStart
[0164.06] Matchmaking: Pre-divide PartyLeaderMMR: 96.2715
[0164.06] Matchmaking: Post-divide PartyLeaderMMR: 48.1357
[0164.06] Matchmaking: PartyLeaderTier=(16)
[0164.06] Matchmaking: StartMatchmaking at 2025-09-13 09:11:54 in IND1,ASM1 for playlists 13,11 on game server 
[0164.06] Matchmaking: Creating RPC_StartMatchmaking_X
[0164.06] Matchmaking: PreferredRegions.Length=(2) PreferredPlaylists.Length=(2) Party.GetOrderedPartyMemberIDs().Length=(1)
[0164.06] Matchmaking: SecondsSearching=(1) CurrentServerID=() bDisableCrossplay=(False) bIgnoreSkill=(False)
[0164.38] Matchmaking: Matchmaking RPC succeeded.
[0164.38] Matchmaking: EstimatedQueueTime=(6.0000)
[0164.46] Log: FSaveDataExportTask(0) wrote 3017 bytes to memory
[0164.46] Log: SaveGameDataAsync game thread time: 0 ms
[0164.47] Log: SaveDataExport(0): Finished - File:[..\..\TAGame\Training\0110000103f352ad\Downloaded\Temp(1).Tem] Result:[1]
[0164.48] DevNet: Browse: beach_night_p?Game=TAGame.GameInfo_TrainingEditor_TA?Offline?LoadSave=Downloaded\Temp(1)?Playtest
[0164.55] Log: FSaveDataExportTask(0) wrote 4334653 bytes to memory
[0164.55] Log: SaveGameDataAsync game thread time: 31 ms
[0164.55] Log: Flushing async loaders.
[0164.56] Log: Flushed async loaders.
[0164.56] Log: LoadMap: beach_night_p?Game=TAGame.GameInfo_TrainingEditor_TA?Offline?LoadSave=Downloaded\Temp(1)?Playtest
[0164.58] DevOnline: PsyNet Flush Start TimeoutSeconds=0.250000
[0164.62] Log: Deleting old save file ..\..\TAGame\SaveData\DBE_Production\76561198026543789_1.save
[0164.62] Log: SaveDataExport(0): Finished - File:[..\..\TAGame\SaveData\DBE_Production\76561198026543789.save] Result:[1]
[0164.83] DevOnline: PsyNet Flush End
[0165.01] Log: Fully load package: ..\..\TAGame\CookedPCConsole\GameInfo_TrainingEditor_SF.upk
[0165.09] Log: Fully load package: ..\..\TAGame\CookedPCConsole\GFxSounds_XP_SF.upk
[0165.11] Log: Fully load package: ..\..\TAGame\CookedPCConsole\GFx_XPProgressMenu_SF.upk
[0165.13] Log: Fully load package: ..\..\TAGame\CookedPCConsole\GFX_EndGameMenu_SF.upk
[0165.16] Log: Fully load package: ..\..\TAGame\CookedPCConsole\GFX_WinnerMenu_SF.upk
[0165.17] Log: Fully load package: ..\..\TAGame\CookedPCConsole\GFX_MidGameScoreboard_SF.upk
[0165.18] Log: Fully load package: ..\..\TAGame\CookedPCConsole\GFX_MidGameMenu_SF.upk
[0165.20] Log: Fully load package: ..\..\TAGame\CookedPCConsole\GFX_HudMatchInfo_SF.upk
[0165.22] Log: Fully load package: ..\..\TAGame\CookedPCConsole\GFX_Hud_SF.upk
[0165.25] Log: Game class is 'GameInfo_TrainingEditor_TA'
[0165.25] Log: Octree Warning (AddPrimitive): StaticMeshActor_SMC_33 (Owner: beach_night_p.TheWorld:PersistentLevel.MeshCollector0) Outside World.
[0165.25] Log: Octree Warning (AddPrimitive): StaticMeshActor_SMC_722 (Owner: beach_night_p.TheWorld:PersistentLevel.MeshCollector0) Outside World.
[0165.25] Warning: Warning, Material Body_Bush.grey missing bUsedWithStaticLighting=True!
[0165.25] Warning: Warning, Material Body_Bush.grey missing bUsedWithStaticLighting=True!
[0165.25] Warning: Warning, Material Body_Bush.grey missing bUsedWithStaticLighting=True!
[0165.25] Warning: Warning, Material Body_Bush.grey missing bUsedWithStaticLighting=True!
[0165.25] Warning: Warning, Material Body_Bush.grey missing bUsedWithStaticLighting=True!
[0165.25] Warning: Warning, Material Body_Bush.grey missing bUsedWithStaticLighting=True!
[0165.25] Warning: Warning, Material Body_Bush.grey missing bUsedWithStaticLighting=True!
[0165.25] Warning: Warning, Material Body_Bush.grey missing bUsedWithStaticLighting=True!
[0165.25] Warning: Warning, Material Body_Bush.grey missing bUsedWithStaticLighting=True!
[0165.25] Warning: Warning, Material Body_Bush.grey missing bUsedWithStaticLighting=True!
[0165.25] Warning: Warning, Material Body_Bush.grey missing bUsedWithStaticLighting=True!
[0165.25] Warning: Warning, Material Body_Bush.grey missing bUsedWithStaticLighting=True!
[0165.25] Warning: Warning, Material Body_Bush.grey missing bUsedWithStaticLighting=True!
[0165.25] Warning: Warning, Material Body_Bush.grey missing bUsedWithStaticLighting=True!
[0165.25] Warning: Warning, Material Body_Bush.grey missing bUsedWithStaticLighting=True!
[0165.25] Warning: Warning, Material Body_Bush.grey missing bUsedWithStaticLighting=True!
[0165.25] Warning: Warning, Material Body_Bush.grey missing bUsedWithStaticLighting=True!
[0165.28] Log: Bringing World beach_night_p.TheWorld up for play (0) at 2025.09.13-14.41.54
[0165.28] Log: Flushing async loaders.
[0165.69] Log: Flushed async loaders.
[0165.69] Warning: Warning, Material Body_Bush.grey missing bUsedWithStaticLighting=True!
[0165.69] Warning: Warning, Material Body_Bush.grey missing bUsedWithStaticLighting=True!
[0165.69] Warning: Warning, Material Body_Bush.grey missing bUsedWithStaticLighting=True!
[0165.69] Warning: Warning, Material Body_Bush.grey missing bUsedWithStaticLighting=True!
[0165.69] Warning: Warning, Material Body_Bush.grey missing bUsedWithStaticLighting=True!
[0165.70] MatchBroadcast: Init bBroadcastMatch=(False) MatchLog=(None)
[0165.70] ScriptLog: MatchTypeClass=(MatchType_Tutorial_TA)
[0165.76] LTM: SettingsType=(CustomMatchSettingsType_PrivateMatch)
[0165.76] LTM: SettingsType=(CustomMatchSettingsType_PrivateMatch) InSettingsType=(CustomMatchSettingsType_LocalMatch)
[0165.76] Log: Bringing up level for play took: 0.509349
[0165.77] ScriptWarning: ScriptWarning, Accessed None 'GameEvent'
	GFxHUD_TA beach_night_p.TheWorld:PersistentLevel.GFxHUD_TA_0
	Function TAGame.GFxHUD_TA:HandleGameDataSelected:02B4
Script call stack:
	Function TAGame.PlayerController_TA:ReceivedPlayer
	Function TAGame.PlayerControllerBase_TA:ReceivedPlayer
	Function ProjectX.PlayerController_X:ReceivedPlayer
	Function ProjectX.PlayerController_X:SpawnDefaultHUD
	Function Engine.PlayerController:SetHUD
	Function TAGame.GFxHUD_TA:Init
	Function TAGame.GFxHUD_TA:InitGFx
	Function TAGame.GFxHUD_TA:HandleGRIReplicated
	Function TAGame.GFxHUD_TA:HandleGameDataSelected

[0165.87] DevOnline: Set rich presence to: In Training data: Tutorial
[0165.87] Log: ########### Finished loading level: 1.314418 seconds
[0165.88] DevOnline: Set rich presence to: In BakkesMod custom training data: In BakkesMod custom training
[0165.88] EOSVoice: Not requesting voice token, no MatchGUID
[0165.89] DevOnline: RPCQueue_X_1 FAIL: PsyNetMessage_X_104->PsyNetMessage_X_106 PsyTime=1757754714 Error={NotMatchmaking ''} [Matchmaking/Heartbeat]
[0165.89] Log: RPC Error (failure): Service=Matchmaking/Heartbeat, Type=NotMatchmaking, Code=-1, Message=
[0166.03] Matchmaking: Matchmaking RPC failed.
[0166.03] Matchmaking: Creating RPC_StartMatchmaking_X
[0166.03] Matchmaking: PreferredRegions.Length=(2) PreferredPlaylists.Length=(2) Party.GetOrderedPartyMemberIDs().Length=(1)
[0166.03] Matchmaking: SecondsSearching=(3) CurrentServerID=() bDisableCrossplay=(False) bIgnoreSkill=(False)
[0166.37] Matchmaking: Matchmaking RPC succeeded.
[0166.37] Matchmaking: EstimatedQueueTime=(6.0000)
[0167.50] Vanity: All Vanity Queries Complete
[0170.76] DevOnline: EOSSDK-LogEOSRTC: TickTracker Tick is delayed. TimePeriod=[10.002514s]  TickIntervalThreshold=[0.100000s] MaxTickInterval=[0.147348s] MaxExecutionTime=[0.000051s] TicksCount=[1851] ExpectedTicksCount=[1000]
[0172.83] DevOnline: Set rich presence to: In BakkesMod custom training data: In BakkesMod custom training
[0179.70] DevOnline: Set rich presence to: In BakkesMod custom training data: In BakkesMod custom training
[0180.02] DevOnline: Set rich presence to: In BakkesMod custom training data: In BakkesMod custom training
[0186.79] DevOnline: Set rich presence to: In BakkesMod custom training data: In BakkesMod custom training
[0192.74] DevOnline: Set rich presence to: In BakkesMod custom training data: In BakkesMod custom training
[0193.25] DevOnline: WebRequest_X_40 SEND: https://datarouter.ol.epicgames.com/datarouter/api/v1/public/data?AppID=RocketLeague.Release&AppVersion=151471783&AppEnvironment=Prod&UploadType=eteventstream&UserID=|29102162b92948868b021454382b618a|||Steam|76561198026543789|0&SessionID=700C96144B471C578B626EBFD6F11A60
[0195.47] DevOnline: WebRequest_X_40 RECV: 204 
[0199.49] DevOnline: Set rich presence to: In BakkesMod custom training data: In BakkesMod custom training
[0205.66] DevOnline: Set rich presence to: In BakkesMod custom training data: In BakkesMod custom training
[0212.18] DevOnline: Set rich presence to: In BakkesMod custom training data: In BakkesMod custom training
[0220.05] DevOnline: Set rich presence to: In BakkesMod custom training data: In BakkesMod custom training
[0222.25] DevOnline: Set rich presence to: In BakkesMod custom training data: In BakkesMod custom training
[0223.51] PsyNetBeaconDetail_X: PsyNetBeacon_X_0 ReserveConnection ReservationID=(A3D9EC8887B345B783D6736180568EF1) ConnectionID=(eyJ0eXAiOiJKV1QiLCJhbGciOiJIUzUxMiJ9.eyJqdGkiOiJlZjc4ZTcxOWM4Yjc0Mzg3YTljMTY0OWFjZTMwZWMxOSIsImlzcyI6IlBzeU5ldCIsInBsYXllcl9pZCI6IlN0ZWFtfDc2NTYxMTk4MDI2NTQzNzg5fDAiLCJzZXJ2ZXJfbmFtZSI6IkFTTTEtMEUxNTkxMzQ1MzI3RTA4MDUtSG90c2hvdCIsImlhdCI6MTc1Nzc1NDc3MywibmJmIjoxNzU3NzU0NzczLCJleHAiOjE3NTc3NjkxNzN9.kzU8oaVD9nSrbKB6ShFugljUshYPbPfupZLJngIhytDkV_Q1yqgwiyOZRaOH-k0eJLiwBp3vPGjz6_C5IZndTA)
[0223.51] PsyNetBeaconDetail_X: PsyNetBeacon_X_0 ClientHandleMessage Message.MessageType=(ClientReservationMessage_X) Message.ReservationID=(A3D9EC8887B345B783D6736180568EF1)
[0223.51] CheckReservation: Received game server from notification (v3) Message.Reservation=((ServerName="ASM1-0E1591345327E0805-Hotshot",Playlist=11,Region="ASM",ReservationID="A3D9EC8887B345B783D6736180568EF1",DSRToken="eyJ0eXAiOiJKV1QiLCJhbGciOiJIUzUxMiJ9.eyJqdGkiOiJlZjc4ZTcxOWM4Yjc0Mzg3YTljMTY0OWFjZTMwZWMxOSIsImlzcyI6IlBzeU5ldCIsInBsYXllcl9pZCI6IlN0ZWFtfDc2NTYxMTk4MDI2NTQzNzg5fDAiLCJzZXJ2ZXJfbmFtZSI6IkFTTTEtMEUxNTkxMzQ1MzI3RTA4MDUtSG90c2hvdCIsImlhdCI6MTc1Nzc1NDc3MywibmJmIjoxNzU3NzU0NzczLCJleHAiOjE3NTc3NjkxNzN9.kzU8oaVD9nSrbKB6ShFugljUshYPbPfupZLJngIhytDkV_Q1yqgwiyOZRaOH-k0eJLiwBp3vPGjz6_C5IZndTA",JoinName="HPBBO580L2R4NEM3",JoinPassword="FGO8PM89FJ8ZK5NS"))
[0223.51] JoinGame: StartJoin Reservation=((ServerName="ASM1-0E1591345327E0805-Hotshot",Playlist=11,Region="ASM",ReservationID="A3D9EC8887B345B783D6736180568EF1",DSRToken="eyJ0eXAiOiJKV1QiLCJhbGciOiJIUzUxMiJ9.eyJqdGkiOiJlZjc4ZTcxOWM4Yjc0Mzg3YTljMTY0OWFjZTMwZWMxOSIsImlzcyI6IlBzeU5ldCIsInBsYXllcl9pZCI6IlN0ZWFtfDc2NTYxMTk4MDI2NTQzNzg5fDAiLCJzZXJ2ZXJfbmFtZSI6IkFTTTEtMEUxNTkxMzQ1MzI3RTA4MDUtSG90c2hvdCIsImlhdCI6MTc1Nzc1NDc3MywibmJmIjoxNzU3NzU0NzczLCJleHAiOjE3NTc3NjkxNzN9.kzU8oaVD9nSrbKB6ShFugljUshYPbPfupZLJngIhytDkV_Q1yqgwiyOZRaOH-k0eJLiwBp3vPGjz6_C5IZndTA",JoinName="HPBBO580L2R4NEM3",JoinPassword="FGO8PM89FJ8ZK5NS")) JoinSettings=((PlaylistId=11))
[0223.51] DevOnline: Successfully set the friend join URL: 
[0223.51] JoinGame: GotoJoinGameState OnlineGameJoinGame_TA -> VerifyPrivileges
[0223.51] Online: TryToPlayOnline ControllerID=(-1)
[0223.51] Matchmaking: OnlineGameMatchmaking_X_0 Searching -> Joining
[0223.51] Online: HandlePrivilegeCheckFinished PrivilegeCheck.bHasRestriction=(False)
[0223.51] JoinGame: GotoJoinGameState VerifyPrivileges -> ReservingServerForMatchmaking
[0223.51] PsyNetBeaconDetail_X: PsyNetBeacon_X_0 SendMessageToServer Message=(AddReservationMessagePublic_X_0)
[0223.51] PsyNet: PsyNetServiceProvider_X_1 ExecuteService Complete, Service=DSR/ClientMessage 
[0224.20] PsyNetBeaconDetail_X: PsyNetBeacon_X_0 ClientHandleMessage Message.MessageType=(ReservationsWaitingMessage_X) Message.ReservationID=(A3D9EC8887B345B783D6736180568EF1)
[0224.20] JoinGame: Waiting for more players to add reservations
[0224.20] Party: HandleServerReserved (Reservation=(ServerName="ASM1-0E1591345327E0805-Hotshot",Playlist=11,Region="ASM",ReservationID="A3D9EC8887B345B783D6736180568EF1",DSRToken="eyJ0eXAiOiJKV1QiLCJhbGciOiJIUzUxMiJ9.eyJqdGkiOiJlZjc4ZTcxOWM4Yjc0Mzg3YTljMTY0OWFjZTMwZWMxOSIsImlzcyI6IlBzeU5ldCIsInBsYXllcl9pZCI6IlN0ZWFtfDc2NTYxMTk4MDI2NTQzNzg5fDAiLCJzZXJ2ZXJfbmFtZSI6IkFTTTEtMEUxNTkxMzQ1MzI3RTA4MDUtSG90c2hvdCIsImlhdCI6MTc1Nzc1NDc3MywibmJmIjoxNzU3NzU0NzczLCJleHAiOjE3NTc3NjkxNzN9.kzU8oaVD9nSrbKB6ShFugljUshYPbPfupZLJngIhytDkV_Q1yqgwiyOZRaOH-k0eJLiwBp3vPGjz6_C5IZndTA",JoinName="HPBBO580L2R4NEM3",JoinPassword="FGO8PM89FJ8ZK5NS"),JoinCredentials="HPBBO580L2R4NEM3:FGO8PM89FJ8ZK5NS")
[0224.21] PsyNet: PsyNetServiceProvider_X_1 ExecuteService Complete, Service=DSR/ClientMessage 
[0225.25] PsyNetBeaconDetail_X: PsyNetBeacon_X_0 ClientHandleMessage Message.MessageType=(ReservationsReadyMessage_X) Message.ReservationID=(A3D9EC8887B345B783D6736180568EF1)
[0225.25] DevNet: Add Network Encryption {PlayerID=Steam|76561198026543789|0 Key={Key=51613B79D01EC55925CA2919A93EB4CEBFA74A9363F71655A8D4F4A4A146ECC8 IV=E3C514EC0EBEE121FCD8304AB0B05592 HMAC=A6C0EB7566658D2471EDECE724974DFE57CCBACF9B89C4E2D8D2F965C37765B6 Session=F030B34DFC2F65481470823DAF525D27}}
[0225.25] DevOnline: Successfully set the friend join URL: 
[0225.25] Party: HandleServerReserved (Reservation=(ServerName="ASM1-0E1591345327E0805-Hotshot",Playlist=11,Region="ASM",ReservationID="A3D9EC8887B345B783D6736180568EF1",DSRToken="eyJ0eXAiOiJKV1QiLCJhbGciOiJIUzUxMiJ9.eyJqdGkiOiJlZjc4ZTcxOWM4Yjc0Mzg3YTljMTY0OWFjZTMwZWMxOSIsImlzcyI6IlBzeU5ldCIsInBsYXllcl9pZCI6IlN0ZWFtfDc2NTYxMTk4MDI2NTQzNzg5fDAiLCJzZXJ2ZXJfbmFtZSI6IkFTTTEtMEUxNTkxMzQ1MzI3RTA4MDUtSG90c2hvdCIsImlhdCI6MTc1Nzc1NDc3MywibmJmIjoxNzU3NzU0NzczLCJleHAiOjE3NTc3NjkxNzN9.kzU8oaVD9nSrbKB6ShFugljUshYPbPfupZLJngIhytDkV_Q1yqgwiyOZRaOH-k0eJLiwBp3vPGjz6_C5IZndTA",JoinName="HPBBO580L2R4NEM3",JoinPassword="FGO8PM89FJ8ZK5NS"),PingURL="13.250.126.208:8714",GameURL="13.250.126.208:7714",JoinCredentials="HPBBO580L2R4NEM3:FGO8PM89FJ8ZK5NS")
[0225.25] JoinGame: GotoJoinGameState ReservingServerForMatchmaking -> JoinCountdown
[0225.25] PsyNetBeaconDetail_X: PsyNetBeacon_X_0 SendMessageToServer Message=(PingMessage_X_0)
[0225.25] PsyNet: PsyNetServiceProvider_X_1 ExecuteService Complete, Service=DSR/ClientMessage 
[0225.78] PsyNetBeaconDetail_X: PsyNetBeacon_X_0 ClientHandleMessage Message.MessageType=(PingMessage_X) Message.ReservationID=(A3D9EC8887B345B783D6736180568EF1)
[0225.78] PsyNet: PsyNetServiceProvider_X_1 ExecuteService Complete, Service=DSR/ClientMessage 
[0228.25] JoinGame: GotoJoinGameState JoinCountdown -> OpeningLoadingScreen
[0228.26] RankedReconnect: OnlineGameJoinGame_TA_0::OpeningLoadingScreen.BeginState()
[0228.26] RankedReconnect: LocalPlayer_TA_0.UpdateRankedReconnect() RankedTeamDoubles True 4 False
[0228.26] RankedReconnect: RankedReconnectSave_TA_0.SetRankedReconnect() Server=((Reservation=(ServerName="ASM1-0E1591345327E0805-Hotshot",Playlist=11,Region="ASM",ReservationID="A3D9EC8887B345B783D6736180568EF1",DSRToken="eyJ0eXAiOiJKV1QiLCJhbGciOiJIUzUxMiJ9.eyJqdGkiOiJlZjc4ZTcxOWM4Yjc0Mzg3YTljMTY0OWFjZTMwZWMxOSIsImlzcyI6IlBzeU5ldCIsInBsYXllcl9pZCI6IlN0ZWFtfDc2NTYxMTk4MDI2NTQzNzg5fDAiLCJzZXJ2ZXJfbmFtZSI6IkFTTTEtMEUxNTkxMzQ1MzI3RTA4MDUtSG90c2hvdCIsImlhdCI6MTc1Nzc1NDc3MywibmJmIjoxNzU3NzU0NzczLCJleHAiOjE3NTc3NjkxNzN9.kzU8oaVD9nSrbKB6ShFugljUshYPbPfupZLJngIhytDkV_Q1yqgwiyOZRaOH-k0eJLiwBp3vPGjz6_C5IZndTA",JoinName="HPBBO580L2R4NEM3",JoinPassword="FGO8PM89FJ8ZK5NS"),PingURL="13.250.126.208:8714",GameURL="13.250.126.208:7714",JoinCredentials="HPBBO580L2R4NEM3:FGO8PM89FJ8ZK5NS")) EpochNow=(1757754777)
[0228.26] DevNet: Browse: JoinGameTransition?game=TAGame.GameInfo_Transition_TA?Offline?LoadSave=Downloaded\Temp(1)?Playtest
[0228.32] Log: FSaveDataExportTask(0) wrote 4335616 bytes to memory
[0228.32] Log: SaveGameDataAsync game thread time: 32 ms
[0228.32] Log: LoadMap: JoinGameTransition?game=TAGame.GameInfo_Transition_TA?Offline?LoadSave=Downloaded\Temp(1)?Playtest
[0228.32] EOSVoice: Not requesting voice token, no MatchGUID
[0228.34] DevOnline: PsyNet Flush Start TimeoutSeconds=0.250000
[0228.39] Log: Deleting old save file ..\..\TAGame\SaveData\DBE_Production\76561198026543789_2.save
[0228.39] Log: SaveDataExport(0): Finished - File:[..\..\TAGame\SaveData\DBE_Production\76561198026543789_1.save] Result:[1]
[0228.59] DevOnline: PsyNet Flush End
[0228.61] Log: Fully load package: ..\..\TAGame\CookedPCConsole\GameInfo_Transition_SF.upk
[0228.62] Log: Game class is 'GameInfo_Transition_TA'
[0228.65] Log: Bringing World JoinGameTransition.TheWorld up for play (0) at 2025.09.13-14.42.58
[0228.65] Log: Bringing up level for play took: 0.038721
[0228.65] JoinGame: GotoJoinGameState OpeningLoadingScreen -> JoiningNewServer
[0228.65] DevNet: SetProgress, MessageType=1, Title=, Message=Connecting...
[0228.65] Log: ########### Finished loading level: 0.335915 seconds
[0228.66] DevNet: Browse: 13.250.126.208:7714/MENU_Main_p?Name=Lock
[0228.66] DevNet: Game client on port 7714, rate 15000
[0228.66] NetComeGo: TcpipConnection_0 13.250.126.208:7714 using encryption {Key=51613B79D01EC55925CA2919A93EB4CEBFA74A9363F71655A8D4F4A4A146ECC8 IV=E3C514EC0EBEE121FCD8304AB0B05592 HMAC=A6C0EB7566658D2471EDECE724974DFE57CCBACF9B89C4E2D8D2F965C37765B6 Session=F030B34DFC2F65481470823DAF525D27}
[0228.66] NetComeGo: SEND first packet Length=80 CRC=-1678320158
[0228.75] NetComeGo: TcpipConnection_0 RECV first packet IP=13.250.126.208:7714 Length=15 CRC=1051225251 HandshakeStatus=0 bUseSessionUID=1 InSessionUID=(0 0 0) SessionUID=(0 0 0)
[0228.75] NetComeGo: Client set SessionUID to: 105 215 195
[0229.03] DevNet: Welcomed by server (Level: EuroStadium_P, Game: TAGame.GameInfo_Soccar_TA, GameTags: )
[0229.07] Log: FSaveDataExportTask(0) wrote 4335616 bytes to memory
[0229.07] Log: SaveGameDataAsync game thread time: 31 ms
[0229.07] Log: Flushing async loaders.
[0229.08] Log: Flushed async loaders.
[0229.08] Log: LoadMap: 13.250.126.208:7714/EuroStadium_P?Name=Lock?game=TAGame.GameInfo_Soccar_TA
[0229.09] DevOnline: PsyNet Flush Start TimeoutSeconds=0.250000
[0229.14] Log: Deleting old save file ..\..\TAGame\SaveData\DBE_Production\76561198026543789.save
[0229.14] Log: SaveDataExport(0): Finished - File:[..\..\TAGame\SaveData\DBE_Production\76561198026543789_2.save] Result:[1]
[0229.35] DevOnline: PsyNet Flush End
[0229.37] Log: Fully load package: ..\..\TAGame\CookedPCConsole\GameInfo_Soccar_SF.upk
[0229.42] Log: Fully load package: ..\..\TAGame\CookedPCConsole\GFxSounds_XP_SF.upk
[0229.42] Log: Fully load package: ..\..\TAGame\CookedPCConsole\GFx_XPProgressMenu_SF.upk
[0229.44] Log: Fully load package: ..\..\TAGame\CookedPCConsole\GFX_EndGameMenu_SF.upk
[0229.46] Log: Fully load package: ..\..\TAGame\CookedPCConsole\GFX_WinnerMenu_SF.upk
[0229.47] Log: Fully load package: ..\..\TAGame\CookedPCConsole\GFX_MidGameScoreboard_SF.upk
[0229.47] Log: Fully load package: ..\..\TAGame\CookedPCConsole\GFX_MidGameMenu_SF.upk
[0229.49] Log: Fully load package: ..\..\TAGame\CookedPCConsole\GFX_HudMatchInfo_SF.upk
[0229.50] Log: Fully load package: ..\..\TAGame\CookedPCConsole\GFX_Hud_SF.upk
[0229.83] Log: Bringing World EuroStadium_P.TheWorld up for play (0) at 2025.09.13-14.42.59
[0229.83] Log: Bringing up level for play took: 0.103966
[0229.90] JoinGame: OnJoinGameComplete bSuccess=(True) FailReason=()
[0229.90] JoinGame: GotoJoinGameState JoiningNewServer -> None
[0229.90] PsyNetBeaconDetail_X: PsyNetBeacon_X_0 Close
[0229.90] PsyNetBeaconDetail_X: PsyNetBeacon_X_0 CloseConnection Connection.ConnectionID=(eyJ0eXAiOiJKV1QiLCJhbGciOiJIUzUxMiJ9.eyJqdGkiOiJlZjc4ZTcxOWM4Yjc0Mzg3YTljMTY0OWFjZTMwZWMxOSIsImlzcyI6IlBzeU5ldCIsInBsYXllcl9pZCI6IlN0ZWFtfDc2NTYxMTk4MDI2NTQzNzg5fDAiLCJzZXJ2ZXJfbmFtZSI6IkFTTTEtMEUxNTkxMzQ1MzI3RTA4MDUtSG90c2hvdCIsImlhdCI6MTc1Nzc1NDc3MywibmJmIjoxNzU3NzU0NzczLCJleHAiOjE3NTc3NjkxNzN9.kzU8oaVD9nSrbKB6ShFugljUshYPbPfupZLJngIhytDkV_Q1yqgwiyOZRaOH-k0eJLiwBp3vPGjz6_C5IZndTA)
[0229.90] Matchmaking: OnlineGameMatchmaking_X_0 Joining -> None
[0229.92] Log: ########### Finished loading level: 0.839809 seconds
[0230.04] ScriptLog: Client InputRate=60
[0230.04] DevNet: PlayerController_TA_2 setplayer LocalPlayer_TA_0
[0230.04] PsyNetStaticData: UpdateCacheTimerEnabled CacheTimer.bEnabled=(False)
[0230.04] MatchBroadcast: Init bBroadcastMatch=(False) MatchLog=(None)
[0230.04] ScriptLog: MatchGUID: D431CAE411F090815811CCA53F9E4336
[0230.04] ScriptWarning: ScriptWarning, Accessed None 'GameEvent'
	GFxHUD_TA EuroStadium_P.TheWorld:PersistentLevel.GFxHUD_TA_2
	Function TAGame.GFxHUD_TA:HandleGameDataSelected:02B4
Script call stack:
	Function ProjectX.GRI_X:ReplicatedEvent
	Function ProjectX.GRI_X:SetGameData
	Function TAGame.GFxHUD_TA:HandleGameDataSelected

[0230.04] ScriptLog: Uncached PlatformId for Epic|7d75e819f849454da2baedad2740f2ea|0
[0230.05] DevOnline: Set rich presence to: Doubles in Mannfield data: Playlist-11
[0230.12] LTM: SettingsType=(CustomMatchSettingsType_PrivateMatch)
[0230.18] Vanity: All Vanity Queries Complete
[0230.19] EOSVoice: AlertVoiceError: VoiceModerationEULANotAccepted
[0230.50] DevOnline: WebRequest_X_41 SEND: https://rl-cdn.psyonix.com/Ads/Prod/232.oQH1JzR6/401.jpg
[0230.58] DevOnline: WebRequest_X_41 RECV: 200 
[0230.58] Log: FCacheExportTask(..\..\TAGame\Cache\WebCache/aHR0cHM6Ly9ybC1jZG4ucHN5b25peC5jb20vQWRzL1Byb2QvMjMyLm9RSDFKelI2LzQwMS5qcGc=) wrote 185668 bytes to memory
[0230.69] DevOnline: WebRequest_X_42 SEND: https://rl-cdn.psyonix.com/Ads/Prod/232.oQH1JzR6/402.jpg
[0230.74] DevOnline: WebRequest_X_42 RECV: 200 
[0230.75] Log: FCacheExportTask(..\..\TAGame\Cache\WebCache/aHR0cHM6Ly9ybC1jZG4ucHN5b25peC5jb20vQWRzL1Byb2QvMjMyLm9RSDFKelI2LzQwMi5qcGc=) wrote 170290 bytes to memory
[0230.78] DevOnline: EOSSDK-LogEOSRTC: TickTracker Tick is delayed. TimePeriod=[10.005650s]  TickIntervalThreshold=[0.100000s] MaxTickInterval=[0.161438s] MaxExecutionTime=[0.000062s] TicksCount=[1787] ExpectedTicksCount=[1000]
[0231.29] DevOnline: EOSSDK-LogEOSIntegratedPlatform: FIntegratedSteamSanitizer: Sanitizer is implemented for this platform, but steam sanitizer not initialized. Falling back to generic sanitizer
[0244.89] DevOnline: Set rich presence to: InGame 0:0 [4:59 remaining] data: InGame 0:0 [4:59 remaining]
[0253.74] DevOnline: WebRequest_X_43 SEND: https://datarouter.ol.epicgames.com/datarouter/api/v1/public/data?AppID=RocketLeague.Release&AppVersion=151471783&AppEnvironment=Prod&UploadType=eteventstream&UserID=|29102162b92948868b021454382b618a|||Steam|76561198026543789|0&SessionID=700C96144B471C578B626EBFD6F11A60
[0254.05] DevOnline: WebRequest_X_43 RECV: 204 
[0254.20] Party: HandlePlayerInvited bAccepted=(False) InLobbyId:'Steam-109775243618003282' FriendId:'Steam|76561198980616336|0'
[0258.92] DevOnline: Set rich presence to: InGame 0:0 [4:45 remaining] data: InGame 0:0 [4:45 remaining]
[0273.90] DevOnline: Set rich presence to: InGame 0:0 [4:30 remaining] data: InGame 0:0 [4:30 remaining]
[0288.90] DevOnline: Set rich presence to: InGame 0:0 [4:15 remaining] data: InGame 0:0 [4:15 remaining]
[0293.41] DevOnline: Set rich presence to: InGame 1:0 [4:11 remaining] data: InGame 1:0 [4:11 remaining]
[0296.97] EOSGameClips: EOSGameClips: Currently recording: false
[0313.74] DevOnline: WebRequest_X_44 SEND: https://datarouter.ol.epicgames.com/datarouter/api/v1/public/data?AppID=RocketLeague.Release&AppVersion=151471783&AppEnvironment=Prod&UploadType=eteventstream&UserID=|29102162b92948868b021454382b618a|||Steam|76561198026543789|0&SessionID=700C96144B471C578B626EBFD6F11A60
[0314.06] DevOnline: WebRequest_X_44 RECV: 204 
[0314.20] DevOnline: Set rich presence to: InGame 1:0 [4:00 remaining] data: InGame 1:0 [4:00 remaining]
[0329.19] DevOnline: Set rich presence to: InGame 1:0 [3:45 remaining] data: InGame 1:0 [3:45 remaining]
[0344.19] DevOnline: Set rich presence to: InGame 1:0 [3:30 remaining] data: InGame 1:0 [3:30 remaining]
[0347.84] DevOnline: Set rich presence to: InGame 2:0 [3:27 remaining] data: InGame 2:0 [3:27 remaining]
[0351.40] EOSGameClips: EOSGameClips: Currently recording: false
[0369.59] DevOnline: Set rich presence to: InGame 2:0 [3:15 remaining] data: InGame 2:0 [3:15 remaining]
[0373.74] DevOnline: WebRequest_X_45 SEND: https://datarouter.ol.epicgames.com/datarouter/api/v1/public/data?AppID=RocketLeague.Release&AppVersion=151471783&AppEnvironment=Prod&UploadType=eteventstream&UserID=|29102162b92948868b021454382b618a|||Steam|76561198026543789|0&SessionID=700C96144B471C578B626EBFD6F11A60
[0374.06] DevOnline: WebRequest_X_45 RECV: 204 
[0384.58] DevOnline: Set rich presence to: InGame 2:0 [3:00 remaining] data: InGame 2:0 [3:00 remaining]
[0399.59] DevOnline: Set rich presence to: InGame 2:0 [2:45 remaining] data: InGame 2:0 [2:45 remaining]
[0402.50] DevOnline: Set rich presence to: InGame 3:0 [2:43 remaining] data: InGame 3:0 [2:43 remaining]
[0406.05] EOSGameClips: EOSGameClips: Currently recording: false
[0425.95] DevOnline: Set rich presence to: InGame 3:0 [2:30 remaining] data: InGame 3:0 [2:30 remaining]
[0433.74] DevOnline: WebRequest_X_46 SEND: https://datarouter.ol.epicgames.com/datarouter/api/v1/public/data?AppID=RocketLeague.Release&AppVersion=151471783&AppEnvironment=Prod&UploadType=eteventstream&UserID=|29102162b92948868b021454382b618a|||Steam|76561198026543789|0&SessionID=700C96144B471C578B626EBFD6F11A60
[0434.06] DevOnline: WebRequest_X_46 RECV: 204 
[0440.94] DevOnline: Set rich presence to: InGame 3:0 [2:15 remaining] data: InGame 3:0 [2:15 remaining]
[0455.94] DevOnline: Set rich presence to: InGame 3:0 [2:00 remaining] data: InGame 3:0 [2:00 remaining]
[0464.12] DevOnline: Set rich presence to: InGame 3:1 [1:52 remaining] data: InGame 3:1 [1:52 remaining]
[0467.67] EOSGameClips: EOSGameClips: Currently recording: false
[0481.58] DevOnline: Set rich presence to: InGame 3:1 [1:45 remaining] data: InGame 3:1 [1:45 remaining]
[0493.75] DevOnline: WebRequest_X_47 SEND: https://datarouter.ol.epicgames.com/datarouter/api/v1/public/data?AppID=RocketLeague.Release&AppVersion=151471783&AppEnvironment=Prod&UploadType=eteventstream&UserID=|29102162b92948868b021454382b618a|||Steam|76561198026543789|0&SessionID=700C96144B471C578B626EBFD6F11A60
[0494.06] DevOnline: WebRequest_X_47 RECV: 204 
[0496.58] DevOnline: Set rich presence to: InGame 3:1 [1:30 remaining] data: InGame 3:1 [1:30 remaining]
[0511.58] DevOnline: Set rich presence to: InGame 3:1 [1:15 remaining] data: InGame 3:1 [1:15 remaining]
[0526.59] DevOnline: Set rich presence to: InGame 3:1 [1:00 remaining] data: InGame 3:1 [1:00 remaining]
[0541.58] DevOnline: Set rich presence to: InGame 3:1 [0:45 remaining] data: InGame 3:1 [0:45 remaining]
[0553.74] DevOnline: WebRequest_X_48 SEND: https://datarouter.ol.epicgames.com/datarouter/api/v1/public/data?AppID=RocketLeague.Release&AppVersion=151471783&AppEnvironment=Prod&UploadType=eteventstream&UserID=|29102162b92948868b021454382b618a|||Steam|76561198026543789|0&SessionID=700C96144B471C578B626EBFD6F11A60
[0554.06] DevOnline: WebRequest_X_48 RECV: 204 
[0556.58] DevOnline: Set rich presence to: InGame 3:1 [0:30 remaining] data: InGame 3:1 [0:30 remaining]
[0560.10] DevOnline: Set rich presence to: InGame 4:1 [0:27 remaining] data: InGame 4:1 [0:27 remaining]
[0562.71] DevOnline: Unknown remote talker specified to UnregisterRemoteTalker()
[0562.71] DevOnline: Unknown remote talker specified to UnregisterRemoteTalker()
[0563.65] EOSGameClips: EOSGameClips: Currently recording: false
[0565.55] Party: Ranked Game Finished, Clear party member server
[0565.55] RankedReconnect: RankedReconnectSave_TA_0.ClearRankedReconnect()
[0565.61] DevOnline: PlayerDataStorage_WriteFile: Beginning to upload file. User=(29102162b92948868b021454382b618a) FileName=(RLSaveData)
[0565.90] PsyNet: PsyNetServiceProvider_X_1 ExecuteService Complete, Service=Challenges/PlayerProgress 
[0566.02] PsyNet: PsyNetServiceProvider_X_1 ExecuteService Complete, Service=Challenges/PlayerProgress 
[0566.11] PsyNet: PsyNetServiceProvider_X_1 ExecuteService Complete, Service=Challenges/PlayerProgress 
[0566.13] PsyNet: PsyNetServiceProvider_X_1 ExecuteService Complete, Service=Reward/RewardResult 
[0566.13] ScriptLog: GetDLCProducts, UnlockedDLCList=SuperSonic,Revenge,Wasteland,body_charged
[0566.22] Prime24121: StartSearch.PreferredRegions.Length 2
[0566.22] Matchmaking: OnlineGameMatchmaking_X_0 OnlineGameMatchmaking_X -> PingRegions
[0566.23] DevOnline: PlayerDataStorage_WriteFile: File transfer is already in progress. Aborting write for User=(29102162b92948868b021454382b618a) FileName=(RLSaveData)
[0566.23] ScriptWarning: ScriptWarning, Something went wrong uploading save data 29102162b92948868b021454382b618a RLSaveData
	EOSOnlineStorageUploader_TA Transient.SaveData_TA_1:EOSOnlineStorageUploader_TA_0
	Function TAGame.EOSOnlineStorageUploader_TA:UploadSaveData:07A8
Script call stack:
	Function TAGame.SaveData_TA:UploadSaveData
	Function TAGame.EOSOnlineStorageUploader_TA:UploadSaveData

[0566.66] SplitScreen: Press Start ControllerId=0 Player=LocalPlayer_TA_0
[0566.88] ScriptLog: RegionPinger_X_2 PingRegions ("3.111.171.20:8718","13.215.209.72:8741","18.162.188.171:8722","35.79.99.67:8735","3.106.234.194:8751","15.237.30.238:8795","3.101.167.201:8745","18.157.18.49:8794","13.41.12.37:8874","44.234.185.150:8772","18.88.26.225:8723","3.142.58.43:8701","15.185.240.10:8702","3.239.147.176:8756","15.228.137.74:8746","13.49.151.1:8743","3.252.139.145:8738","13.244.211.36:8720")
[0567.61] Log: FSaveDataExportTask(0) wrote 4335034 bytes to memory
[0567.61] Log: SaveGameDataAsync game thread time: 31 ms
[0567.61] RankedReconnect: RankedReconnectSave_TA_0.ClearRankedReconnect()
[0567.61] NetComeGo: TcpipConnection_0 Control channel closed, reason=Disconnect command
[0567.62] DevNet: URL: Adding default option Name=Lock
[0567.62] DevNet: Browse: MENU_Main_p?closed?Name=Lock
[0567.62] Log: Failed; returning to Entry
[0567.66] Log: Deleting old save file ..\..\TAGame\SaveData\DBE_Production\76561198026543789_1.save
[0567.66] Log: SaveDataExport(0): Finished - File:[..\..\TAGame\SaveData\DBE_Production\76561198026543789.save] Result:[1]
[0567.66] Log: LoadMap: MENU_Main_p?closed?Name=Lock
[0567.66] PsyNetStaticData: HandleCacheExpired
[0567.66] PsyNetStaticData: UpdateCacheTimerEnabled CacheTimer.bEnabled=(True)
[0567.66] DevOnline: Unknown remote talker specified to UnregisterRemoteTalker()
[0567.66] DevOnline: Unknown remote talker specified to UnregisterRemoteTalker()
[0567.66] DevOnline: UnregisterRemoteTalker(0x0110000103F352AD) returned 0x00000000
[0567.66] DevOnline: Unknown remote talker specified to UnregisterRemoteTalker()
[0567.66] DevOnline: Unknown remote talker specified to UnregisterRemoteTalker()
[0567.66] DevOnline: Unknown remote talker specified to UnregisterRemoteTalker()
[0567.68] DevOnline: PsyNet Flush Start TimeoutSeconds=0.250000
[0567.93] DevOnline: PsyNet Flush End
[0567.94] NetComeGo: Close TcpipConnection_0 13.250.126.208:7714 13/09/2025 14:48:37 'UNetConnection::CleanUp'
[0567.94] NetComeGo: TcpipConnection_0 Control channel null, Sending unstable close to 13.250.126.208:7714 on temporary Control channel.
[0567.94] Exit: TcpNetDriver_0 shut down
[0567.96] Log: Fully load package: ..\..\TAGame\CookedPCConsole\GameInfo_GFxMenu_SF.upk
[0567.97] Log: Fully load package: ..\..\TAGame\CookedPCConsole\GFxSounds_MainMenu_SF.upk
[0567.98] Log: Fully load package: ..\..\TAGame\CookedPCConsole\GFX_StartMenu_SF.upk
[0568.03] Log: Fully load package: ..\..\TAGame\CookedPCConsole\GFX_MainMenu_SF.upk
[0568.06] Log: Game class is 'GameInfo_GFxMenu_TA'
[0568.07] Log: Bringing World menu_main_p.TheWorld up for play (0) at 2025.09.13-14.48.37
[0568.07] Log: Flushing async loaders.
[0568.28] Log: Flushed async loaders.
[0568.28] DevOnline: UnregisterLocalTalker(0) returned 0x00000000
[0568.29] DevOnline: Successfully set the friend join URL: 
[0568.29] Log: Bringing up level for play took: 0.226518
[0568.37] DevOnline: Set rich presence to: Main Menu data: Menu
[0568.37] Log: ########### Finished loading level: 0.717995 seconds
[0568.38] DevOnline: WebRequest_X_49 SEND: https://config.psynet.gg/v2/Config/BattleCars/151471783/Prod/Steam/INT/
[0568.39] Log: Flushing async loaders.
[0568.55] Log: Flushed async loaders.
[0568.72] DevOnline: PlayerDataStorage_WriteFile: File transfer is already in progress. Aborting write for User=(29102162b92948868b021454382b618a) FileName=(RLSaveData)
[0568.72] ScriptWarning: ScriptWarning, Something went wrong uploading save data 29102162b92948868b021454382b618a RLSaveData
	EOSOnlineStorageUploader_TA Transient.SaveData_TA_1:EOSOnlineStorageUploader_TA_0
	Function TAGame.EOSOnlineStorageUploader_TA:UploadSaveData:07A8
Script call stack:
	Function TAGame.SaveData_TA:HandlePostMapChange
	Function TAGame.SaveData_TA:UploadSaveData
	Function TAGame.EOSOnlineStorageUploader_TA:UploadSaveData

[0568.74] Eula: RequiresAcceptance? EulaConfig?.bRequiresAcceptance=(True) GetUISave()?.Contains('bAcceptedOfflineEULA')=(True) Eula.SyncState=(LSS_Accepted)
[0568.74] AuthEpicVerbose: [GFx] Epic login changed. m_uiState:MainMenu bPromptParentalConsent:false bPromptToChoosePrimaryAccount:false bEpicSaveDataLoaded:false bPlatformLinked:false
[0568.74] FTEDev: Group Prime_MatchComplete Is not meant for users of type FTESave.LegacyGroupType=(LGT_LegacyUser)
[0568.74] FTEDev: Group Prime_MatchComplete Is not meant for users of type FTESave.LegacyGroupType=(LGT_LegacyUser)
[0568.90] Online: TryToPlayOnline ControllerID=(-1)
[0568.90] Log: Flushing async loaders.
[0568.90] Log: Flushed async loaders.
[0568.93] ThankYouMessage: Thank You message already shown to the player
[0568.94] Online: HandlePrivilegeCheckFinished PrivilegeCheck.bHasRestriction=(False)
[0568.94] Online: HandlePrivilegeCheck PrivilegeCheck.bHasRestriction=(False)
[0568.95] Vanity: All Vanity Queries Complete
[0569.03] Log: FSaveDataExportTask(0) wrote 4335034 bytes to memory
[0569.03] Log: SaveGameDataAsync game thread time: 31 ms
[0569.07] Log: Deleting old save file ..\..\TAGame\SaveData\DBE_Production\76561198026543789_2.save
[0569.07] Log: SaveDataExport(0): Finished - File:[..\..\TAGame\SaveData\DBE_Production\76561198026543789_1.save] Result:[1]
[0569.13] DevOnline: WebRequest_X_49 RECV: 304 
[0569.33] Matchmaking: All Regions Pinged: IND1 (0.0526),ASM1 (0.0614),ASC1 (0.1052),JPN1 (0.1580),OCE1 (0.1621),EU9 (0.2368),USW1 (0.2368),EU5 (0.2169),EU7 (0.2192),USW3 (0.2607),USC1 (0.2870),USE3 (0.2939),ME1 (0.2852),USE1 (0.3026),SAM1 (0.4254),EU1 (0.2412),EU3 (0.2387),SAF1 (0.3816),JPN (1.0000),ASC (1.0000),ASM (1.0000),EU (1.0000),IND (1.0000),ME (1.0000),OCE (1.0000),SAF (1.0000),SAM (1.0000),USC (1.0000),USE (1.0000),USW (1.0000)
[0569.33] Log: FCacheExportTask(..\..\TAGame\Cache\RegionCache.cache) wrote 1713 bytes to memory
[0569.33] Matchmaking: OnlineGameMatchmaking_X_0 PingRegions -> Searching
[0569.33] Prime24121: HandleRegionsPinged.PreferredRegions.Length 2
[0569.33] Matchmaking: OnlineGameMatchmaking_X::RecordStart
[0569.33] Matchmaking: Pre-divide PartyLeaderMMR: 96.7300
[0569.33] Matchmaking: Post-divide PartyLeaderMMR: 48.3650
[0569.33] Matchmaking: PartyLeaderTier=(16)
[0569.33] Matchmaking: StartMatchmaking at 2025-09-13 09:18:39 in IND1,ASM1 for playlists 13,11 on game server 
[0569.33] Matchmaking: Creating RPC_StartMatchmaking_X
[0569.33] Matchmaking: PreferredRegions.Length=(2) PreferredPlaylists.Length=(2) Party.GetOrderedPartyMemberIDs().Length=(1)
[0569.33] Matchmaking: SecondsSearching=(3) CurrentServerID=() bDisableCrossplay=(False) bIgnoreSkill=(False)
[0569.64] Matchmaking: Matchmaking RPC succeeded.
[0569.64] Matchmaking: EstimatedQueueTime=(9.0000)
[0569.94] DevOnline: PlayerDataStorage_WriteFile: File upload complete. User=(29102162b92948868b021454382b618a) FileName=(RLSaveData) Success=(1)
[0570.39] Log: Flushing async loaders.
[0570.42] Log: Flushed async loaders.
[0570.69] Online: TryToPlayOnline ControllerID=(-1)
[0570.69] Online: HandlePrivilegeCheckFinished PrivilegeCheck.bHasRestriction=(False)
[0570.69] Online: HandlePrivilegeCheck PrivilegeCheck.bHasRestriction=(False)
[0570.85] DevOnline: EOSSDK-LogEOSRTC: TickTracker Tick is delayed. TimePeriod=[10.001059s]  TickIntervalThreshold=[0.100000s] MaxTickInterval=[0.154301s] MaxExecutionTime=[0.000162s] TicksCount=[1796] ExpectedTicksCount=[1000]
[0572.02] Log: FSaveDataExportTask(0) wrote 4335034 bytes to memory
[0572.02] Log: SaveGameDataAsync game thread time: 30 ms
[0572.06] Log: Deleting old save file ..\..\TAGame\SaveData\DBE_Production\76561198026543789.save
[0572.06] Log: SaveDataExport(0): Finished - File:[..\..\TAGame\SaveData\DBE_Production\76561198026543789_2.save] Result:[1]
[0572.40] PsyNet: PsyNetServiceProvider_X_1 ExecuteService Complete, Service=Challenges/PlayerProgress 
[0572.41] PsyNet: PsyNetServiceProvider_X_1 ExecuteService Complete, Service=Reward/RewardResult 
[0572.43] PsyNet: PsyNetServiceProvider_X_1 ExecuteService Complete, Service=Challenges/PlayerProgress 
[0575.02] Log: FSaveDataExportTask(0) wrote 4335034 bytes to memory
[0575.02] Log: SaveGameDataAsync game thread time: 31 ms
[0575.07] Log: Deleting old save file ..\..\TAGame\SaveData\DBE_Production\76561198026543789_1.save
[0575.07] Log: SaveDataExport(0): Finished - File:[..\..\TAGame\SaveData\DBE_Production\76561198026543789.save] Result:[1]
[0575.43] Loadout: Could not find package for asset title_generic_T_SF
[0576.66] PsyNet: PsyNetServiceProvider_X_1 ExecuteService Complete, Service=Reward/RewardResult 
[0576.66] ScriptLog: GetDLCProducts, UnlockedDLCList=SuperSonic,Revenge,Wasteland,body_charged
[0576.68] PsyNet: PsyNetServiceProvider_X_1 ExecuteService Complete, Service=Challenges/PlayerProgress 
[0576.70] Loadout: Could not find package for asset title_generic_T_SF
[0578.02] Log: FSaveDataExportTask(0) wrote 4335664 bytes to memory
[0578.02] Log: SaveGameDataAsync game thread time: 31 ms
[0578.07] Log: Deleting old save file ..\..\TAGame\SaveData\DBE_Production\76561198026543789_2.save
[0578.07] Log: SaveDataExport(0): Finished - File:[..\..\TAGame\SaveData\DBE_Production\76561198026543789_1.save] Result:[1]
[0578.55] PsyNet: PsyNetServiceProvider_X_1 ExecuteService Complete, Service=Reward/RewardResult 
[0578.55] ScriptLog: GetDLCProducts, UnlockedDLCList=SuperSonic,Revenge,Wasteland,body_charged
[0578.58] PsyNet: PsyNetServiceProvider_X_1 ExecuteService Complete, Service=Challenges/PlayerProgress 
[0581.02] Log: FSaveDataExportTask(0) wrote 4336127 bytes to memory
[0581.02] Log: SaveGameDataAsync game thread time: 31 ms
[0581.06] Log: Deleting old save file ..\..\TAGame\SaveData\DBE_Production\76561198026543789.save
[0581.06] Log: SaveDataExport(0): Finished - File:[..\..\TAGame\SaveData\DBE_Production\76561198026543789_2.save] Result:[1]
[0583.51] ThankYouMessage: Thank You message already shown to the player
[0583.58] Loadout: Could not find package for asset title_generic_T_SF
[0599.75] DevOnline: PlayerDataStorage_WriteFile: Beginning to upload file. User=(29102162b92948868b021454382b618a) FileName=(RLSaveData)
[0603.23] DevOnline: PlayerDataStorage_WriteFile: File upload complete. User=(29102162b92948868b021454382b618a) FileName=(RLSaveData) Success=(1)
[0614.11] DevOnline: WebRequest_X_50 SEND: https://datarouter.ol.epicgames.com/datarouter/api/v1/public/data?AppID=RocketLeague.Release&AppVersion=151471783&AppEnvironment=Prod&UploadType=eteventstream&UserID=|29102162b92948868b021454382b618a|||Steam|76561198026543789|0&SessionID=700C96144B471C578B626EBFD6F11A60
[0614.42] DevOnline: WebRequest_X_50 RECV: 204 
[0646.63] Online: TryToPlayOnline ControllerID=(-1)
[0646.64] Online: HandlePrivilegeCheckFinished PrivilegeCheck.bHasRestriction=(False)
[0646.64] Online: HandlePrivilegeCheck PrivilegeCheck.bHasRestriction=(False)
[0647.43] ThankYouMessage: Thank You message already shown to the player
[0647.53] Loadout: Could not find package for asset title_generic_T_SF
[0650.24] Online: TryToUseUGC ControllerID=(-1)
[0650.24] Online: HandlePrivilegeCheckFinished PrivilegeCheck.bHasRestriction=(False)
[0650.24] Online: HandlePrivilegeCheck PrivilegeCheck.bHasRestriction=(False)
[0650.28] Online: TryToPlayOnlineAndUseUGC ControllerID=(-1)
[0650.29] Online: HandlePrivilegeCheckFinished PrivilegeCheck.bHasRestriction=(False)
[0650.29] Online: HandlePrivilegeCheck PrivilegeCheck.bHasRestriction=(False)
[0650.40] Online: TryToPlayOnlineAndUseUGC ControllerID=(-1)
[0650.40] Online: HandlePrivilegeCheckFinished PrivilegeCheck.bHasRestriction=(False)
[0650.40] Online: HandlePrivilegeCheck PrivilegeCheck.bHasRestriction=(False)
[0650.46] Vanity: All Vanity Queries Complete
[0650.60] Log: FUniqueNetId::FromString - could not parse ''
[0650.60] Log: FUniqueNetId::FromString - could not parse ''
[0650.60] Log: FUniqueNetId::FromString - could not parse ''
[0650.60] Log: FUniqueNetId::FromString - could not parse ''
[0650.60] Log: FUniqueNetId::FromString - could not parse ''
[0650.60] Log: FUniqueNetId::FromString - could not parse ''
[0650.60] Log: FUniqueNetId::FromString - could not parse ''
[0650.60] Log: FUniqueNetId::FromString - could not parse ''
[0650.66] Vanity: All Vanity Queries Complete
[0650.91] DevNet: URL: Adding default option Name=Lock
[0650.91] DevNet: URL: Adding default option Name=Lock
[0650.91] DevNet: Browse: beach_night_p?Game=TAGame.GameInfo_TrainingEditor_TA?Offline?LoadSave=Downloaded\Temp(1)?Playtest?Name=Lock
[0650.97] Log: FSaveDataExportTask(0) wrote 4336127 bytes to memory
[0650.97] Log: SaveGameDataAsync game thread time: 31 ms
[0650.97] Log: Flushing async loaders.
[0650.98] Log: Flushed async loaders.
[0650.98] Log: LoadMap: beach_night_p?Game=TAGame.GameInfo_TrainingEditor_TA?Offline?LoadSave=Downloaded\Temp(1)?Playtest?Name=Lock
[0651.00] DevOnline: PsyNet Flush Start TimeoutSeconds=0.250000
[0651.04] Log: Deleting old save file ..\..\TAGame\SaveData\DBE_Production\76561198026543789_1.save
[0651.04] Log: SaveDataExport(0): Finished - File:[..\..\TAGame\SaveData\DBE_Production\76561198026543789.save] Result:[1]
[0651.26] DevOnline: PsyNet Flush End
[0651.36] Log: Fully load package: ..\..\TAGame\CookedPCConsole\GameInfo_TrainingEditor_SF.upk
[0651.42] Log: Fully load package: ..\..\TAGame\CookedPCConsole\GFxSounds_XP_SF.upk
[0651.42] Log: Fully load package: ..\..\TAGame\CookedPCConsole\GFx_XPProgressMenu_SF.upk
[0651.44] Log: Fully load package: ..\..\TAGame\CookedPCConsole\GFX_EndGameMenu_SF.upk
[0651.46] Log: Fully load package: ..\..\TAGame\CookedPCConsole\GFX_WinnerMenu_SF.upk
[0651.47] Log: Fully load package: ..\..\TAGame\CookedPCConsole\GFX_MidGameScoreboard_SF.upk
[0651.48] Log: Fully load package: ..\..\TAGame\CookedPCConsole\GFX_MidGameMenu_SF.upk
[0651.49] Log: Fully load package: ..\..\TAGame\CookedPCConsole\GFX_HudMatchInfo_SF.upk
[0651.50] Log: Fully load package: ..\..\TAGame\CookedPCConsole\GFX_Hud_SF.upk
[0651.53] Log: Game class is 'GameInfo_TrainingEditor_TA'
[0651.53] Log: Octree Warning (AddPrimitive): StaticMeshActor_SMC_33 (Owner: beach_night_p.TheWorld:PersistentLevel.MeshCollector0) Outside World.
[0651.53] Log: Octree Warning (AddPrimitive): StaticMeshActor_SMC_722 (Owner: beach_night_p.TheWorld:PersistentLevel.MeshCollector0) Outside World.
[0651.53] Warning: Warning, Material Body_Bush.grey missing bUsedWithStaticLighting=True!
[0651.53] Warning: Warning, Material Body_Bush.grey missing bUsedWithStaticLighting=True!
[0651.53] Warning: Warning, Material Body_Bush.grey missing bUsedWithStaticLighting=True!
[0651.53] Warning: Warning, Material Body_Bush.grey missing bUsedWithStaticLighting=True!
[0651.53] Warning: Warning, Material Body_Bush.grey missing bUsedWithStaticLighting=True!
[0651.53] Warning: Warning, Material Body_Bush.grey missing bUsedWithStaticLighting=True!
[0651.53] Warning: Warning, Material Body_Bush.grey missing bUsedWithStaticLighting=True!
[0651.53] Warning: Warning, Material Body_Bush.grey missing bUsedWithStaticLighting=True!
[0651.53] Warning: Warning, Material Body_Bush.grey missing bUsedWithStaticLighting=True!
[0651.53] Warning: Warning, Material Body_Bush.grey missing bUsedWithStaticLighting=True!
[0651.53] Warning: Warning, Material Body_Bush.grey missing bUsedWithStaticLighting=True!
[0651.53] Warning: Warning, Material Body_Bush.grey missing bUsedWithStaticLighting=True!
[0651.53] Warning: Warning, Material Body_Bush.grey missing bUsedWithStaticLighting=True!
[0651.53] Warning: Warning, Material Body_Bush.grey missing bUsedWithStaticLighting=True!
[0651.53] Warning: Warning, Material Body_Bush.grey missing bUsedWithStaticLighting=True!
[0651.53] Warning: Warning, Material Body_Bush.grey missing bUsedWithStaticLighting=True!
[0651.53] Warning: Warning, Material Body_Bush.grey missing bUsedWithStaticLighting=True!
[0651.56] Log: Bringing World beach_night_p.TheWorld up for play (0) at 2025.09.13-14.50.01
[0651.56] Log: Flushing async loaders.
[0651.90] Log: Flushed async loaders.
[0651.90] Warning: Warning, Material Body_Bush.grey missing bUsedWithStaticLighting=True!
[0651.90] Warning: Warning, Material Body_Bush.grey missing bUsedWithStaticLighting=True!
[0651.90] Warning: Warning, Material Body_Bush.grey missing bUsedWithStaticLighting=True!
[0651.90] Warning: Warning, Material Body_Bush.grey missing bUsedWithStaticLighting=True!
[0651.90] Warning: Warning, Material Body_Bush.grey missing bUsedWithStaticLighting=True!
[0651.91] MatchBroadcast: Init bBroadcastMatch=(False) MatchLog=(None)
[0651.91] ScriptLog: MatchTypeClass=(MatchType_Tutorial_TA)
[0651.96] LTM: SettingsType=(CustomMatchSettingsType_PrivateMatch)
[0651.96] LTM: SettingsType=(CustomMatchSettingsType_PrivateMatch) InSettingsType=(CustomMatchSettingsType_LocalMatch)
[0651.97] Log: Bringing up level for play took: 0.435559
[0651.98] ScriptWarning: ScriptWarning, Accessed None 'GameEvent'
	GFxHUD_TA beach_night_p.TheWorld:PersistentLevel.GFxHUD_TA_3
	Function TAGame.GFxHUD_TA:HandleGameDataSelected:02B4
Script call stack:
	Function TAGame.PlayerController_TA:ReceivedPlayer
	Function TAGame.PlayerControllerBase_TA:ReceivedPlayer
	Function ProjectX.PlayerController_X:ReceivedPlayer
	Function ProjectX.PlayerController_X:SpawnDefaultHUD
	Function Engine.PlayerController:SetHUD
	Function TAGame.GFxHUD_TA:Init
	Function TAGame.GFxHUD_TA:InitGFx
	Function TAGame.GFxHUD_TA:HandleGRIReplicated
	Function TAGame.GFxHUD_TA:HandleGameDataSelected

[0652.06] DevOnline: Set rich presence to: In Training data: Tutorial
[0652.06] Log: ########### Finished loading level: 1.083822 seconds
[0652.07] DevOnline: Set rich presence to: In BakkesMod custom training data: In BakkesMod custom training
[0652.07] EOSVoice: Not requesting voice token, no MatchGUID
[0652.31] Vanity: All Vanity Queries Complete
[0658.63] DevOnline: Set rich presence to: In BakkesMod custom training data: In BakkesMod custom training
[0660.87] DevOnline: EOSSDK-LogEOSRTC: TickTracker Tick is delayed. TimePeriod=[10.001478s]  TickIntervalThreshold=[0.100000s] MaxTickInterval=[0.205678s] MaxExecutionTime=[0.000028s] TicksCount=[1925] ExpectedTicksCount=[1000]
[0670.76] DevOnline: Set rich presence to: In BakkesMod custom training data: In BakkesMod custom training
[0674.86] DevOnline: WebRequest_X_51 SEND: https://datarouter.ol.epicgames.com/datarouter/api/v1/public/data?AppID=RocketLeague.Release&AppVersion=151471783&AppEnvironment=Prod&UploadType=eteventstream&UserID=|29102162b92948868b021454382b618a|||Steam|76561198026543789|0&SessionID=700C96144B471C578B626EBFD6F11A60
[0675.17] DevOnline: WebRequest_X_51 RECV: 204 
[0680.50] EOSGameClips: EOSGameClips: Currently recording: false
[0688.47] DevOnline: Set rich presence to: In BakkesMod custom training data: In BakkesMod custom training
[0688.74] PsyNetBeaconDetail_X: PsyNetBeacon_X_0 ReserveConnection ReservationID=(414CF1DCBC3C4D4EB018DB96CAC4C626) ConnectionID=(eyJ0eXAiOiJKV1QiLCJhbGciOiJIUzUxMiJ9.eyJqdGkiOiI1YjA1YTljZmFhNzE0MjhiYmNjMGMyZDcwN2Q2OTE3NSIsImlzcyI6IlBzeU5ldCIsInBsYXllcl9pZCI6IlN0ZWFtfDc2NTYxMTk4MDI2NTQzNzg5fDAiLCJzZXJ2ZXJfbmFtZSI6IkFTTTEtMDZFQkE2NDA5NzlGOUZGNjAtQm9saWRlIiwiaWF0IjoxNzU3NzU1MjM4LCJuYmYiOjE3NTc3NTUyMzgsImV4cCI6MTc1Nzc2OTYzOH0.CG2zWGLKR18mKNX0Wj4107w0pXRcEz_SbFN8o1OKCJ93QDYdBwLNKSJIp3S77NHQkn3xZsoaf7kDceGcfK0Vag)
[0688.74] PsyNetBeaconDetail_X: PsyNetBeacon_X_0 ClientHandleMessage Message.MessageType=(ClientReservationMessage_X) Message.ReservationID=(414CF1DCBC3C4D4EB018DB96CAC4C626)
[0688.74] CheckReservation: Received game server from notification (v3) Message.Reservation=((ServerName="ASM1-06EBA640979F9FF60-Bolide",Playlist=11,Region="ASM",ReservationID="414CF1DCBC3C4D4EB018DB96CAC4C626",DSRToken="eyJ0eXAiOiJKV1QiLCJhbGciOiJIUzUxMiJ9.eyJqdGkiOiI1YjA1YTljZmFhNzE0MjhiYmNjMGMyZDcwN2Q2OTE3NSIsImlzcyI6IlBzeU5ldCIsInBsYXllcl9pZCI6IlN0ZWFtfDc2NTYxMTk4MDI2NTQzNzg5fDAiLCJzZXJ2ZXJfbmFtZSI6IkFTTTEtMDZFQkE2NDA5NzlGOUZGNjAtQm9saWRlIiwiaWF0IjoxNzU3NzU1MjM4LCJuYmYiOjE3NTc3NTUyMzgsImV4cCI6MTc1Nzc2OTYzOH0.CG2zWGLKR18mKNX0Wj4107w0pXRcEz_SbFN8o1OKCJ93QDYdBwLNKSJIp3S77NHQkn3xZsoaf7kDceGcfK0Vag",JoinName="82OEQNCTAULXEEGA",JoinPassword="HQL51SXQN0SYK6MI"))
[0688.74] JoinGame: StartJoin Reservation=((ServerName="ASM1-06EBA640979F9FF60-Bolide",Playlist=11,Region="ASM",ReservationID="414CF1DCBC3C4D4EB018DB96CAC4C626",DSRToken="eyJ0eXAiOiJKV1QiLCJhbGciOiJIUzUxMiJ9.eyJqdGkiOiI1YjA1YTljZmFhNzE0MjhiYmNjMGMyZDcwN2Q2OTE3NSIsImlzcyI6IlBzeU5ldCIsInBsYXllcl9pZCI6IlN0ZWFtfDc2NTYxMTk4MDI2NTQzNzg5fDAiLCJzZXJ2ZXJfbmFtZSI6IkFTTTEtMDZFQkE2NDA5NzlGOUZGNjAtQm9saWRlIiwiaWF0IjoxNzU3NzU1MjM4LCJuYmYiOjE3NTc3NTUyMzgsImV4cCI6MTc1Nzc2OTYzOH0.CG2zWGLKR18mKNX0Wj4107w0pXRcEz_SbFN8o1OKCJ93QDYdBwLNKSJIp3S77NHQkn3xZsoaf7kDceGcfK0Vag",JoinName="82OEQNCTAULXEEGA",JoinPassword="HQL51SXQN0SYK6MI")) JoinSettings=((PlaylistId=11))
[0688.74] DevOnline: Successfully set the friend join URL: 
[0688.74] JoinGame: GotoJoinGameState OnlineGameJoinGame_TA -> VerifyPrivileges
[0688.74] Online: TryToPlayOnline ControllerID=(-1)
[0688.74] Matchmaking: OnlineGameMatchmaking_X_0 Searching -> Joining
[0688.74] Online: HandlePrivilegeCheckFinished PrivilegeCheck.bHasRestriction=(False)
[0688.74] JoinGame: GotoJoinGameState VerifyPrivileges -> ReservingServerForMatchmaking
[0688.74] PsyNetBeaconDetail_X: PsyNetBeacon_X_0 SendMessageToServer Message=(AddReservationMessagePublic_X_1)
[0688.74] PsyNet: PsyNetServiceProvider_X_1 ExecuteService Complete, Service=DSR/ClientMessage 
[0689.42] PsyNetBeaconDetail_X: PsyNetBeacon_X_0 ClientHandleMessage Message.MessageType=(ReservationsWaitingMessage_X) Message.ReservationID=(414CF1DCBC3C4D4EB018DB96CAC4C626)
[0689.42] JoinGame: Waiting for more players to add reservations
[0689.42] Party: HandleServerReserved (Reservation=(ServerName="ASM1-06EBA640979F9FF60-Bolide",Playlist=11,Region="ASM",ReservationID="414CF1DCBC3C4D4EB018DB96CAC4C626",DSRToken="eyJ0eXAiOiJKV1QiLCJhbGciOiJIUzUxMiJ9.eyJqdGkiOiI1YjA1YTljZmFhNzE0MjhiYmNjMGMyZDcwN2Q2OTE3NSIsImlzcyI6IlBzeU5ldCIsInBsYXllcl9pZCI6IlN0ZWFtfDc2NTYxMTk4MDI2NTQzNzg5fDAiLCJzZXJ2ZXJfbmFtZSI6IkFTTTEtMDZFQkE2NDA5NzlGOUZGNjAtQm9saWRlIiwiaWF0IjoxNzU3NzU1MjM4LCJuYmYiOjE3NTc3NTUyMzgsImV4cCI6MTc1Nzc2OTYzOH0.CG2zWGLKR18mKNX0Wj4107w0pXRcEz_SbFN8o1OKCJ93QDYdBwLNKSJIp3S77NHQkn3xZsoaf7kDceGcfK0Vag",JoinName="82OEQNCTAULXEEGA",JoinPassword="HQL51SXQN0SYK6MI"),JoinCredentials="82OEQNCTAULXEEGA:HQL51SXQN0SYK6MI")
[0689.43] PsyNet: PsyNetServiceProvider_X_1 ExecuteService Complete, Service=DSR/ClientMessage 
[0690.58] PsyNetBeaconDetail_X: PsyNetBeacon_X_0 ClientHandleMessage Message.MessageType=(ReservationsReadyMessage_X) Message.ReservationID=(414CF1DCBC3C4D4EB018DB96CAC4C626)
[0690.58] DevNet: Add Network Encryption {PlayerID=Steam|76561198026543789|0 Key={Key=8E7552B2E34FAC6CEDDB69A16BA5697818550B4CEDDF52A2A0D30A1EAD5614EB IV=FAE6A1DC78F378AD47D83564550BCCC1 HMAC=737E5CD8A0903DDC6E2384D9BCA9F29FED05A80702390EAB8071A1C18648757C Session=CDB5512169654AC16EA1CBE1E13C8327}}
[0690.58] DevOnline: Successfully set the friend join URL: 
[0690.58] Party: HandleServerReserved (Reservation=(ServerName="ASM1-06EBA640979F9FF60-Bolide",Playlist=11,Region="ASM",ReservationID="414CF1DCBC3C4D4EB018DB96CAC4C626",DSRToken="eyJ0eXAiOiJKV1QiLCJhbGciOiJIUzUxMiJ9.eyJqdGkiOiI1YjA1YTljZmFhNzE0MjhiYmNjMGMyZDcwN2Q2OTE3NSIsImlzcyI6IlBzeU5ldCIsInBsYXllcl9pZCI6IlN0ZWFtfDc2NTYxMTk4MDI2NTQzNzg5fDAiLCJzZXJ2ZXJfbmFtZSI6IkFTTTEtMDZFQkE2NDA5NzlGOUZGNjAtQm9saWRlIiwiaWF0IjoxNzU3NzU1MjM4LCJuYmYiOjE3NTc3NTUyMzgsImV4cCI6MTc1Nzc2OTYzOH0.CG2zWGLKR18mKNX0Wj4107w0pXRcEz_SbFN8o1OKCJ93QDYdBwLNKSJIp3S77NHQkn3xZsoaf7kDceGcfK0Vag",JoinName="82OEQNCTAULXEEGA",JoinPassword="HQL51SXQN0SYK6MI"),PingURL="13.250.108.193:8742",GameURL="13.250.108.193:7742",JoinCredentials="82OEQNCTAULXEEGA:HQL51SXQN0SYK6MI")
[0690.58] JoinGame: GotoJoinGameState ReservingServerForMatchmaking -> JoinCountdown
[0690.58] PsyNetBeaconDetail_X: PsyNetBeacon_X_0 SendMessageToServer Message=(PingMessage_X_2)
[0690.58] PsyNet: PsyNetServiceProvider_X_1 ExecuteService Complete, Service=DSR/ClientMessage 
[0691.11] PsyNetBeaconDetail_X: PsyNetBeacon_X_0 ClientHandleMessage Message.MessageType=(PingMessage_X) Message.ReservationID=(414CF1DCBC3C4D4EB018DB96CAC4C626)
[0691.12] PsyNet: PsyNetServiceProvider_X_1 ExecuteService Complete, Service=DSR/ClientMessage 
[0693.58] JoinGame: GotoJoinGameState JoinCountdown -> OpeningLoadingScreen
[0693.58] RankedReconnect: OnlineGameJoinGame_TA_0::OpeningLoadingScreen.BeginState()
[0693.58] RankedReconnect: LocalPlayer_TA_0.UpdateRankedReconnect() RankedTeamDoubles True 4 False
[0693.58] RankedReconnect: RankedReconnectSave_TA_0.SetRankedReconnect() Server=((Reservation=(ServerName="ASM1-06EBA640979F9FF60-Bolide",Playlist=11,Region="ASM",ReservationID="414CF1DCBC3C4D4EB018DB96CAC4C626",DSRToken="eyJ0eXAiOiJKV1QiLCJhbGciOiJIUzUxMiJ9.eyJqdGkiOiI1YjA1YTljZmFhNzE0MjhiYmNjMGMyZDcwN2Q2OTE3NSIsImlzcyI6IlBzeU5ldCIsInBsYXllcl9pZCI6IlN0ZWFtfDc2NTYxMTk4MDI2NTQzNzg5fDAiLCJzZXJ2ZXJfbmFtZSI6IkFTTTEtMDZFQkE2NDA5NzlGOUZGNjAtQm9saWRlIiwiaWF0IjoxNzU3NzU1MjM4LCJuYmYiOjE3NTc3NTUyMzgsImV4cCI6MTc1Nzc2OTYzOH0.CG2zWGLKR18mKNX0Wj4107w0pXRcEz_SbFN8o1OKCJ93QDYdBwLNKSJIp3S77NHQkn3xZsoaf7kDceGcfK0Vag",JoinName="82OEQNCTAULXEEGA",JoinPassword="HQL51SXQN0SYK6MI"),PingURL="13.250.108.193:8742",GameURL="13.250.108.193:7742",JoinCredentials="82OEQNCTAULXEEGA:HQL51SXQN0SYK6MI")) EpochNow=(1757755243)
[0693.58] DevNet: Browse: JoinGameTransition?game=TAGame.GameInfo_Transition_TA?Offline?LoadSave=Downloaded\Temp(1)?Playtest?Name=Lock
[0693.64] Log: FSaveDataExportTask(0) wrote 4337034 bytes to memory
[0693.64] Log: SaveGameDataAsync game thread time: 31 ms
[0693.64] Log: LoadMap: JoinGameTransition?game=TAGame.GameInfo_Transition_TA?Offline?LoadSave=Downloaded\Temp(1)?Playtest?Name=Lock
[0693.65] EOSVoice: Not requesting voice token, no MatchGUID
[0693.66] DevOnline: PsyNet Flush Start TimeoutSeconds=0.250000
[0693.71] Log: Deleting old save file ..\..\TAGame\SaveData\DBE_Production\76561198026543789_2.save
[0693.71] Log: SaveDataExport(0): Finished - File:[..\..\TAGame\SaveData\DBE_Production\76561198026543789_1.save] Result:[1]
[0693.93] DevOnline: PsyNet Flush End
[0693.96] Log: Fully load package: ..\..\TAGame\CookedPCConsole\GameInfo_Transition_SF.upk
[0693.96] Log: Game class is 'GameInfo_Transition_TA'
[0693.96] Log: Bringing World JoinGameTransition.TheWorld up for play (0) at 2025.09.13-14.50.43
[0693.96] Log: Bringing up level for play took: 0.003641
[0693.96] JoinGame: GotoJoinGameState OpeningLoadingScreen -> JoiningNewServer
[0693.96] DevNet: SetProgress, MessageType=1, Title=, Message=Connecting...
[0693.96] Log: ########### Finished loading level: 0.319553 seconds
[0693.96] DevNet: Browse: 13.250.108.193:7742/MENU_Main_p?Name=Lock
[0693.96] DevNet: Game client on port 7742, rate 15000
[0693.96] NetComeGo: TcpipConnection_1 13.250.108.193:7742 using encryption {Key=8E7552B2E34FAC6CEDDB69A16BA5697818550B4CEDDF52A2A0D30A1EAD5614EB IV=FAE6A1DC78F378AD47D83564550BCCC1 HMAC=737E5CD8A0903DDC6E2384D9BCA9F29FED05A80702390EAB8071A1C18648757C Session=CDB5512169654AC16EA1CBE1E13C8327}
[0693.96] NetComeGo: SEND first packet Length=80 CRC=464487745
[0694.06] NetComeGo: TcpipConnection_1 RECV first packet IP=13.250.108.193:7742 Length=15 CRC=-694984886 HandshakeStatus=0 bUseSessionUID=1 InSessionUID=(0 0 0) SessionUID=(0 0 0)
[0694.06] NetComeGo: Client set SessionUID to: 41 200 145
[0694.37] DevNet: Welcomed by server (Level: Underwater_P, Game: TAGame.GameInfo_Soccar_TA, GameTags: )
[0694.40] Log: FSaveDataExportTask(0) wrote 4337034 bytes to memory
[0694.40] Log: SaveGameDataAsync game thread time: 32 ms
[0694.41] Log: Flushing async loaders.
[0694.41] Log: Flushed async loaders.
[0694.41] Log: LoadMap: 13.250.108.193:7742/Underwater_P?Name=Lock?game=TAGame.GameInfo_Soccar_TA
[0694.43] DevOnline: PsyNet Flush Start TimeoutSeconds=0.250000
[0694.47] Log: Deleting old save file ..\..\TAGame\SaveData\DBE_Production\76561198026543789.save
[0694.47] Log: SaveDataExport(0): Finished - File:[..\..\TAGame\SaveData\DBE_Production\76561198026543789_2.save] Result:[1]
[0694.69] DevOnline: PsyNet Flush End
[0694.70] Log: Fully load package: ..\..\TAGame\CookedPCConsole\GameInfo_Soccar_SF.upk
[0694.75] Log: Fully load package: ..\..\TAGame\CookedPCConsole\GFxSounds_XP_SF.upk
[0694.75] Log: Fully load package: ..\..\TAGame\CookedPCConsole\GFx_XPProgressMenu_SF.upk
[0694.77] Log: Fully load package: ..\..\TAGame\CookedPCConsole\GFX_EndGameMenu_SF.upk
[0694.79] Log: Fully load package: ..\..\TAGame\CookedPCConsole\GFX_WinnerMenu_SF.upk
[0694.80] Log: Fully load package: ..\..\TAGame\CookedPCConsole\GFX_MidGameScoreboard_SF.upk
[0694.81] Log: Fully load package: ..\..\TAGame\CookedPCConsole\GFX_MidGameMenu_SF.upk
[0694.82] Log: Fully load package: ..\..\TAGame\CookedPCConsole\GFX_HudMatchInfo_SF.upk
[0694.83] Log: Fully load package: ..\..\TAGame\CookedPCConsole\GFX_Hud_SF.upk
[0695.45] Log: Bringing World Underwater_P.TheWorld up for play (0) at 2025.09.13-14.50.45
[0695.45] Log: Bringing up level for play took: 0.075195
[0695.52] JoinGame: OnJoinGameComplete bSuccess=(True) FailReason=()
[0695.52] JoinGame: GotoJoinGameState JoiningNewServer -> None
[0695.52] PsyNetBeaconDetail_X: PsyNetBeacon_X_0 Close
[0695.52] PsyNetBeaconDetail_X: PsyNetBeacon_X_0 CloseConnection Connection.ConnectionID=(eyJ0eXAiOiJKV1QiLCJhbGciOiJIUzUxMiJ9.eyJqdGkiOiI1YjA1YTljZmFhNzE0MjhiYmNjMGMyZDcwN2Q2OTE3NSIsImlzcyI6IlBzeU5ldCIsInBsYXllcl9pZCI6IlN0ZWFtfDc2NTYxMTk4MDI2NTQzNzg5fDAiLCJzZXJ2ZXJfbmFtZSI6IkFTTTEtMDZFQkE2NDA5NzlGOUZGNjAtQm9saWRlIiwiaWF0IjoxNzU3NzU1MjM4LCJuYmYiOjE3NTc3NTUyMzgsImV4cCI6MTc1Nzc2OTYzOH0.CG2zWGLKR18mKNX0Wj4107w0pXRcEz_SbFN8o1OKCJ93QDYdBwLNKSJIp3S77NHQkn3xZsoaf7kDceGcfK0Vag)
[0695.52] Matchmaking: OnlineGameMatchmaking_X_0 Joining -> None
[0695.54] Log: ########### Finished loading level: 1.125811 seconds
[0695.66] ScriptLog: Client InputRate=60
[0695.66] DevNet: PlayerController_TA_5 setplayer LocalPlayer_TA_0
[0695.66] PsyNetStaticData: UpdateCacheTimerEnabled CacheTimer.bEnabled=(False)
[0695.66] MatchBroadcast: Init bBroadcastMatch=(False) MatchLog=(None)
[0695.66] ScriptLog: MatchGUID: E97BD85811F09082177575926D034FCF
[0695.66] ScriptWarning: ScriptWarning, Accessed None 'GameEvent'
	GFxHUD_TA Underwater_P.TheWorld:PersistentLevel.GFxHUD_TA_5
	Function TAGame.GFxHUD_TA:HandleGameDataSelected:02B4
Script call stack:
	Function ProjectX.GRI_X:ReplicatedEvent
	Function ProjectX.GRI_X:SetGameData
	Function TAGame.GFxHUD_TA:HandleGameDataSelected

[0695.66] DevOnline: Set rich presence to: Doubles in AquaDome data: Playlist-11
[0695.73] LTM: SettingsType=(CustomMatchSettingsType_PrivateMatch)
[0695.81] EOSVoice: AlertVoiceError: VoiceModerationEULANotAccepted
[0695.81] Vanity: All Vanity Queries Complete
[0696.02] ScriptLog: Uncached PlatformId for Epic|9700db73088642ebb74a318abb82796f|0
[0696.16] ScriptLog: Uncached PlatformId for Epic|c0beb59917ed4bac92ea95d4b623b32d|0
[0700.57] Log: Flushing async loaders.
[0700.57] Log: Flushed async loaders.
[0700.89] DevOnline: EOSSDK-LogEOSRTC: TickTracker Tick is delayed. TimePeriod=[10.002602s]  TickIntervalThreshold=[0.100000s] MaxTickInterval=[0.171408s] MaxExecutionTime=[0.000063s] TicksCount=[1687] ExpectedTicksCount=[1000]
[0710.65] DevOnline: Set rich presence to: InGame 0:0 [4:59 remaining] data: InGame 0:0 [4:59 remaining]
[0724.65] DevOnline: Set rich presence to: InGame 0:0 [4:45 remaining] data: InGame 0:0 [4:45 remaining]
[0735.64] DevOnline: WebRequest_X_52 SEND: https://datarouter.ol.epicgames.com/datarouter/api/v1/public/data?AppID=RocketLeague.Release&AppVersion=151471783&AppEnvironment=Prod&UploadType=eteventstream&UserID=|29102162b92948868b021454382b618a|||Steam|76561198026543789|0&SessionID=700C96144B471C578B626EBFD6F11A60
[0735.95] DevOnline: WebRequest_X_52 RECV: 204 
[0739.65] DevOnline: Set rich presence to: InGame 0:0 [4:30 remaining] data: InGame 0:0 [4:30 remaining]
[0754.64] DevOnline: Set rich presence to: InGame 0:0 [4:15 remaining] data: InGame 0:0 [4:15 remaining]
[0769.65] DevOnline: Set rich presence to: InGame 0:0 [4:00 remaining] data: InGame 0:0 [4:00 remaining]
[0784.64] DevOnline: Set rich presence to: InGame 0:0 [3:45 remaining] data: InGame 0:0 [3:45 remaining]
[0795.64] DevOnline: WebRequest_X_53 SEND: https://datarouter.ol.epicgames.com/datarouter/api/v1/public/data?AppID=RocketLeague.Release&AppVersion=151471783&AppEnvironment=Prod&UploadType=eteventstream&UserID=|29102162b92948868b021454382b618a|||Steam|76561198026543789|0&SessionID=700C96144B471C578B626EBFD6F11A60
[0795.95] DevOnline: WebRequest_X_53 RECV: 204 
[0799.65] DevOnline: Set rich presence to: InGame 0:0 [3:30 remaining] data: InGame 0:0 [3:30 remaining]
[0814.65] DevOnline: Set rich presence to: InGame 0:0 [3:15 remaining] data: InGame 0:0 [3:15 remaining]
[0828.63] DevOnline: Set rich presence to: InGame 1:0 [3:02 remaining] data: InGame 1:0 [3:02 remaining]
[0832.17] EOSGameClips: EOSGameClips: Currently recording: false
[0849.10] DevOnline: Set rich presence to: InGame 1:0 [3:00 remaining] data: InGame 1:0 [3:00 remaining]
[0855.04] DevOnline: Set rich presence to: InGame 2:0 [2:55 remaining] data: InGame 2:0 [2:55 remaining]
[0855.64] DevOnline: WebRequest_X_54 SEND: https://datarouter.ol.epicgames.com/datarouter/api/v1/public/data?AppID=RocketLeague.Release&AppVersion=151471783&AppEnvironment=Prod&UploadType=eteventstream&UserID=|29102162b92948868b021454382b618a|||Steam|76561198026543789|0&SessionID=700C96144B471C578B626EBFD6F11A60
[0855.95] DevOnline: WebRequest_X_54 RECV: 204 
[0858.59] EOSGameClips: EOSGameClips: Currently recording: false
[0881.19] DevOnline: Set rich presence to: InGame 2:0 [2:45 remaining] data: InGame 2:0 [2:45 remaining]
[0896.19] DevOnline: Set rich presence to: InGame 2:0 [2:30 remaining] data: InGame 2:0 [2:30 remaining]
[0901.45] DevOnline: Set rich presence to: InGame 2:1 [2:25 remaining] data: InGame 2:1 [2:25 remaining]
[0904.99] EOSGameClips: EOSGameClips: Currently recording: false
[0915.64] DevOnline: WebRequest_X_55 SEND: https://datarouter.ol.epicgames.com/datarouter/api/v1/public/data?AppID=RocketLeague.Release&AppVersion=151471783&AppEnvironment=Prod&UploadType=eteventstream&UserID=|29102162b92948868b021454382b618a|||Steam|76561198026543789|0&SessionID=700C96144B471C578B626EBFD6F11A60
[0915.95] DevOnline: WebRequest_X_55 RECV: 204 
[0922.82] DevOnline: Set rich presence to: InGame 2:1 [2:15 remaining] data: InGame 2:1 [2:15 remaining]
[0937.81] DevOnline: Set rich presence to: InGame 2:1 [2:00 remaining] data: InGame 2:1 [2:00 remaining]
[0952.82] DevOnline: Set rich presence to: InGame 2:1 [1:45 remaining] data: InGame 2:1 [1:45 remaining]
[0958.49] DevOnline: Set rich presence to: InGame 3:1 [1:40 remaining] data: InGame 3:1 [1:40 remaining]
[0962.04] EOSGameClips: EOSGameClips: Currently recording: false
[0975.63] DevOnline: WebRequest_X_56 SEND: https://datarouter.ol.epicgames.com/datarouter/api/v1/public/data?AppID=RocketLeague.Release&AppVersion=151471783&AppEnvironment=Prod&UploadType=eteventstream&UserID=|29102162b92948868b021454382b618a|||Steam|76561198026543789|0&SessionID=700C96144B471C578B626EBFD6F11A60
[0975.95] DevOnline: WebRequest_X_56 RECV: 204 
[0978.15] DevOnline: Set rich presence to: InGame 3:1 [1:30 remaining] data: InGame 3:1 [1:30 remaining]
[0984.46] DevOnline: Set rich presence to: InGame 3:2 [1:24 remaining] data: InGame 3:2 [1:24 remaining]
[0988.03] EOSGameClips: EOSGameClips: Currently recording: false
[1004.38] DevOnline: Set rich presence to: InGame 3:2 [1:15 remaining] data: InGame 3:2 [1:15 remaining]
[1011.98] DevOnline: Set rich presence to: InGame 3:3 [1:08 remaining] data: InGame 3:3 [1:08 remaining]
[1015.54] EOSGameClips: EOSGameClips: Currently recording: false
[1029.34] DevOnline: Set rich presence to: InGame 3:3 [1:00 remaining] data: InGame 3:3 [1:00 remaining]
[1035.63] DevOnline: WebRequest_X_57 SEND: https://datarouter.ol.epicgames.com/datarouter/api/v1/public/data?AppID=RocketLeague.Release&AppVersion=151471783&AppEnvironment=Prod&UploadType=eteventstream&UserID=|29102162b92948868b021454382b618a|||Steam|76561198026543789|0&SessionID=700C96144B471C578B626EBFD6F11A60
[1035.95] DevOnline: WebRequest_X_57 RECV: 204 
[1044.34] DevOnline: Set rich presence to: InGame 3:3 [0:45 remaining] data: InGame 3:3 [0:45 remaining]
[1059.34] DevOnline: Set rich presence to: InGame 3:3 [0:30 remaining] data: InGame 3:3 [0:30 remaining]
[1072.60] DevOnline: Set rich presence to: InGame 4:3 [0:17 remaining] data: InGame 4:3 [0:17 remaining]
[1076.16] EOSGameClips: EOSGameClips: Currently recording: false
[1084.27] DevOnline: Set rich presence to: InGame 4:3 [0:15 remaining] data: InGame 4:3 [0:15 remaining]
[1095.64] DevOnline: WebRequest_X_58 SEND: https://datarouter.ol.epicgames.com/datarouter/api/v1/public/data?AppID=RocketLeague.Release&AppVersion=151471783&AppEnvironment=Prod&UploadType=eteventstream&UserID=|29102162b92948868b021454382b618a|||Steam|76561198026543789|0&SessionID=700C96144B471C578B626EBFD6F11A60
[1095.95] DevOnline: WebRequest_X_58 RECV: 204 
[1102.07] Party: Ranked Game Finished, Clear party member server
[1102.07] RankedReconnect: RankedReconnectSave_TA_0.ClearRankedReconnect()
[1102.39] PsyNet: PsyNetServiceProvider_X_1 ExecuteService Complete, Service=Challenges/PlayerProgress 
[1102.45] PsyNet: PsyNetServiceProvider_X_1 ExecuteService Complete, Service=Challenges/PlayerProgress 
[1102.47] PsyNet: PsyNetServiceProvider_X_1 ExecuteService Complete, Service=Reward/RewardResult 
[1102.76] SplitScreen: Press Start ControllerId=0 Player=LocalPlayer_TA_0
[1102.83] Log: FSaveDataExportTask(0) wrote 4336195 bytes to memory
[1102.83] Log: SaveGameDataAsync game thread time: 32 ms
[1102.88] Log: Deleting old save file ..\..\TAGame\SaveData\DBE_Production\76561198026543789_1.save
[1102.88] Log: SaveDataExport(0): Finished - File:[..\..\TAGame\SaveData\DBE_Production\76561198026543789.save] Result:[1]
[1103.05] DevOnline: Unknown remote talker specified to UnregisterRemoteTalker()
[1103.70] RankedReconnect: RankedReconnectSave_TA_0.ClearRankedReconnect()
[1103.70] NetComeGo: TcpipConnection_1 Control channel closed, reason=Disconnect command
[1103.70] DevNet: URL: Adding default option Name=Lock
[1103.70] DevNet: Browse: MENU_Main_p?closed?Name=Lock
[1103.70] Log: Failed; returning to Entry
[1103.76] Log: FSaveDataExportTask(0) wrote 4336195 bytes to memory
[1103.76] Log: SaveGameDataAsync game thread time: 31 ms
[1103.76] Log: LoadMap: MENU_Main_p?closed?Name=Lock
[1103.76] PsyNetStaticData: HandleCacheExpired
[1103.76] PsyNetStaticData: UpdateCacheTimerEnabled CacheTimer.bEnabled=(True)
[1103.77] DevOnline: UnregisterRemoteTalker(0x0110000103F352AD) returned 0x00000000
[1103.77] DevOnline: Unknown remote talker specified to UnregisterRemoteTalker()
[1103.77] DevOnline: Unknown remote talker specified to UnregisterRemoteTalker()
[1103.77] DevOnline: Unknown remote talker specified to UnregisterRemoteTalker()
[1103.77] DevOnline: Unknown remote talker specified to UnregisterRemoteTalker()
[1103.77] DevOnline: Unknown remote talker specified to UnregisterRemoteTalker()
[1103.77] DevOnline: Unknown remote talker specified to UnregisterRemoteTalker()
[1103.78] DevOnline: PsyNet Flush Start TimeoutSeconds=0.250000
[1103.83] Log: Deleting old save file ..\..\TAGame\SaveData\DBE_Production\76561198026543789_2.save
[1103.83] Log: SaveDataExport(0): Finished - File:[..\..\TAGame\SaveData\DBE_Production\76561198026543789_1.save] Result:[1]
[1104.03] DevOnline: PsyNet Flush End
[1104.05] NetComeGo: Close TcpipConnection_1 13.250.108.193:7742 13/09/2025 14:57:33 'UNetConnection::CleanUp'
[1104.05] NetComeGo: TcpipConnection_1 Control channel null, Sending unstable close to 13.250.108.193:7742 on temporary Control channel.
[1104.05] Exit: TcpNetDriver_1 shut down
[1104.07] Log: Fully load package: ..\..\TAGame\CookedPCConsole\GameInfo_GFxMenu_SF.upk
[1104.08] Log: Fully load package: ..\..\TAGame\CookedPCConsole\GFxSounds_MainMenu_SF.upk
[1104.08] Log: Fully load package: ..\..\TAGame\CookedPCConsole\GFX_StartMenu_SF.upk
[1104.13] Log: Fully load package: ..\..\TAGame\CookedPCConsole\GFX_MainMenu_SF.upk
[1104.17] Log: Game class is 'GameInfo_GFxMenu_TA'
[1104.18] Log: Bringing World menu_main_p.TheWorld up for play (0) at 2025.09.13-14.57.33
[1104.18] Log: Flushing async loaders.
[1104.39] Log: Flushed async loaders.
[1104.39] DevOnline: UnregisterLocalTalker(0) returned 0x00000000
[1104.39] DevOnline: Successfully set the friend join URL: 
[1104.39] Log: Bringing up level for play took: 0.227696
[1104.48] DevOnline: Set rich presence to: Main Menu data: Menu
[1104.48] Log: ########### Finished loading level: 0.718226 seconds
[1104.49] DevOnline: PlayerDataStorage_WriteFile: Beginning to upload file. User=(29102162b92948868b021454382b618a) FileName=(RLSaveData)
[1104.49] DevOnline: WebRequest_X_59 SEND: https://config.psynet.gg/v2/Config/BattleCars/151471783/Prod/Steam/INT/
[1104.50] Log: Flushing async loaders.
[1104.66] Log: Flushed async loaders.
[1104.82] DevOnline: PlayerDataStorage_WriteFile: File transfer is already in progress. Aborting write for User=(29102162b92948868b021454382b618a) FileName=(RLSaveData)
[1104.82] ScriptWarning: ScriptWarning, Something went wrong uploading save data 29102162b92948868b021454382b618a RLSaveData
	EOSOnlineStorageUploader_TA Transient.SaveData_TA_1:EOSOnlineStorageUploader_TA_0
	Function TAGame.EOSOnlineStorageUploader_TA:UploadSaveData:07A8
Script call stack:
	Function TAGame.SaveData_TA:HandlePostMapChange
	Function TAGame.SaveData_TA:UploadSaveData
	Function TAGame.EOSOnlineStorageUploader_TA:UploadSaveData

[1104.83] Eula: RequiresAcceptance? EulaConfig?.bRequiresAcceptance=(True) GetUISave()?.Contains('bAcceptedOfflineEULA')=(True) Eula.SyncState=(LSS_Accepted)
[1104.83] AuthEpicVerbose: [GFx] Epic login changed. m_uiState:MainMenu bPromptParentalConsent:false bPromptToChoosePrimaryAccount:false bEpicSaveDataLoaded:false bPlatformLinked:false
[1104.83] FTEDev: Group Prime_MatchComplete Is not meant for users of type FTESave.LegacyGroupType=(LGT_LegacyUser)
[1104.84] FTEDev: Group Prime_MatchComplete Is not meant for users of type FTESave.LegacyGroupType=(LGT_LegacyUser)
[1105.01] Online: TryToPlayOnline ControllerID=(-1)
[1105.01] Log: Flushing async loaders.
[1105.01] Log: Flushed async loaders.
[1105.04] ThankYouMessage: Thank You message already shown to the player
[1105.06] Online: HandlePrivilegeCheckFinished PrivilegeCheck.bHasRestriction=(False)
[1105.06] Online: HandlePrivilegeCheck PrivilegeCheck.bHasRestriction=(False)
[1105.06] Vanity: All Vanity Queries Complete
[1105.21] DevOnline: WebRequest_X_59 RECV: 304 
[1106.49] Log: Flushing async loaders.
[1106.53] Log: Flushed async loaders.
[1109.06] DevOnline: PlayerDataStorage_WriteFile: File upload complete. User=(29102162b92948868b021454382b618a) FileName=(RLSaveData) Success=(1)
[1110.97] DevOnline: EOSSDK-LogEOSRTC: TickTracker Tick is delayed. TimePeriod=[10.001040s]  TickIntervalThreshold=[0.100000s] MaxTickInterval=[0.171849s] MaxExecutionTime=[0.000038s] TicksCount=[1850] ExpectedTicksCount=[1000]
[1156.02] DevOnline: WebRequest_X_60 SEND: https://datarouter.ol.epicgames.com/datarouter/api/v1/public/data?AppID=RocketLeague.Release&AppVersion=151471783&AppEnvironment=Prod&UploadType=eteventstream&UserID=|29102162b92948868b021454382b618a|||Steam|76561198026543789|0&SessionID=700C96144B471C578B626EBFD6F11A60
[1156.34] DevOnline: WebRequest_X_60 RECV: 204 
[1190.10] Party: HandlePlayerInvited bAccepted=(False) InLobbyId:'Steam-109775243618003282' FriendId:'Steam|76561198980616336|0'
[1191.66] Prime24121: StartSearch.PreferredRegions.Length 2
[1191.66] Matchmaking: OnlineGameMatchmaking_X_0 OnlineGameMatchmaking_X -> PingRegions
[1192.26] ScriptLog: RegionPinger_X_3 PingRegions ("3.108.2.191:8720","13.215.209.72:8749","18.162.188.171:8743","35.73.59.178:8749","3.26.119.247:8712","15.236.254.85:8793","3.101.99.185:8805","18.156.255.218:8779","18.168.45.204:9139","44.234.102.176:8710","18.88.18.178:8795","3.143.27.92:8759","15.184.34.45:8705","44.197.165.146:8755","15.229.129.203:8736","13.50.37.125:8764","54.246.255.68:8809","13.244.211.36:8730")
[1192.30] Online: TryToUseUGC ControllerID=(-1)
[1192.30] Online: HandlePrivilegeCheckFinished PrivilegeCheck.bHasRestriction=(False)
[1192.30] Online: HandlePrivilegeCheck PrivilegeCheck.bHasRestriction=(False)
[1192.34] Online: TryToPlayOnlineAndUseUGC ControllerID=(-1)
[1192.36] Online: HandlePrivilegeCheckFinished PrivilegeCheck.bHasRestriction=(False)
[1192.36] Online: HandlePrivilegeCheck PrivilegeCheck.bHasRestriction=(False)
[1192.50] Online: TryToPlayOnlineAndUseUGC ControllerID=(-1)
[1192.50] Online: HandlePrivilegeCheckFinished PrivilegeCheck.bHasRestriction=(False)
[1192.50] Online: HandlePrivilegeCheck PrivilegeCheck.bHasRestriction=(False)
[1192.56] Vanity: All Vanity Queries Complete
[1192.67] Log: FUniqueNetId::FromString - could not parse ''
[1192.67] Log: FUniqueNetId::FromString - could not parse ''
[1192.67] Log: FUniqueNetId::FromString - could not parse ''
[1192.67] Log: FUniqueNetId::FromString - could not parse ''
[1192.67] Log: FUniqueNetId::FromString - could not parse ''
[1192.67] Log: FUniqueNetId::FromString - could not parse ''
[1192.67] Log: FUniqueNetId::FromString - could not parse ''
[1192.67] Log: FUniqueNetId::FromString - could not parse ''
[1192.74] DevNet: URL: Adding default option Name=Lock
[1192.74] DevNet: URL: Adding default option Name=Lock
[1192.74] DevNet: Browse: beach_night_p?Game=TAGame.GameInfo_TrainingEditor_TA?Offline?LoadSave=Downloaded\Temp(1)?Playtest?Name=Lock
[1192.80] Log: FSaveDataExportTask(0) wrote 4336195 bytes to memory
[1192.80] Log: SaveGameDataAsync game thread time: 32 ms
[1192.81] Log: Flushing async loaders.
[1192.81] Log: Flushed async loaders.
[1192.81] Log: LoadMap: beach_night_p?Game=TAGame.GameInfo_TrainingEditor_TA?Offline?LoadSave=Downloaded\Temp(1)?Playtest?Name=Lock
[1192.84] DevOnline: PsyNet Flush Start TimeoutSeconds=0.250000
[1192.87] Log: Deleting old save file ..\..\TAGame\SaveData\DBE_Production\76561198026543789.save
[1192.87] Log: SaveDataExport(0): Finished - File:[..\..\TAGame\SaveData\DBE_Production\76561198026543789_2.save] Result:[1]
[1193.11] DevOnline: PsyNet Flush End
[1193.19] Log: Fully load package: ..\..\TAGame\CookedPCConsole\GameInfo_TrainingEditor_SF.upk
[1193.25] Log: Fully load package: ..\..\TAGame\CookedPCConsole\GFxSounds_XP_SF.upk
[1193.25] Log: Fully load package: ..\..\TAGame\CookedPCConsole\GFx_XPProgressMenu_SF.upk
[1193.27] Log: Fully load package: ..\..\TAGame\CookedPCConsole\GFX_EndGameMenu_SF.upk
[1193.29] Log: Fully load package: ..\..\TAGame\CookedPCConsole\GFX_WinnerMenu_SF.upk
[1193.30] Log: Fully load package: ..\..\TAGame\CookedPCConsole\GFX_MidGameScoreboard_SF.upk
[1193.31] Log: Fully load package: ..\..\TAGame\CookedPCConsole\GFX_MidGameMenu_SF.upk
[1193.32] Log: Fully load package: ..\..\TAGame\CookedPCConsole\GFX_HudMatchInfo_SF.upk
[1193.34] Log: Fully load package: ..\..\TAGame\CookedPCConsole\GFX_Hud_SF.upk
[1193.36] Log: Game class is 'GameInfo_TrainingEditor_TA'
[1193.36] Log: Octree Warning (AddPrimitive): StaticMeshActor_SMC_33 (Owner: beach_night_p.TheWorld:PersistentLevel.MeshCollector0) Outside World.
[1193.36] Log: Octree Warning (AddPrimitive): StaticMeshActor_SMC_722 (Owner: beach_night_p.TheWorld:PersistentLevel.MeshCollector0) Outside World.
[1193.36] Warning: Warning, Material Body_Bush.grey missing bUsedWithStaticLighting=True!
[1193.36] Warning: Warning, Material Body_Bush.grey missing bUsedWithStaticLighting=True!
[1193.36] Warning: Warning, Material Body_Bush.grey missing bUsedWithStaticLighting=True!
[1193.36] Warning: Warning, Material Body_Bush.grey missing bUsedWithStaticLighting=True!
[1193.36] Warning: Warning, Material Body_Bush.grey missing bUsedWithStaticLighting=True!
[1193.36] Warning: Warning, Material Body_Bush.grey missing bUsedWithStaticLighting=True!
[1193.36] Warning: Warning, Material Body_Bush.grey missing bUsedWithStaticLighting=True!
[1193.36] Warning: Warning, Material Body_Bush.grey missing bUsedWithStaticLighting=True!
[1193.36] Warning: Warning, Material Body_Bush.grey missing bUsedWithStaticLighting=True!
[1193.36] Warning: Warning, Material Body_Bush.grey missing bUsedWithStaticLighting=True!
[1193.36] Warning: Warning, Material Body_Bush.grey missing bUsedWithStaticLighting=True!
[1193.36] Warning: Warning, Material Body_Bush.grey missing bUsedWithStaticLighting=True!
[1193.36] Warning: Warning, Material Body_Bush.grey missing bUsedWithStaticLighting=True!
[1193.36] Warning: Warning, Material Body_Bush.grey missing bUsedWithStaticLighting=True!
[1193.36] Warning: Warning, Material Body_Bush.grey missing bUsedWithStaticLighting=True!
[1193.36] Warning: Warning, Material Body_Bush.grey missing bUsedWithStaticLighting=True!
[1193.36] Warning: Warning, Material Body_Bush.grey missing bUsedWithStaticLighting=True!
[1193.39] Log: Bringing World beach_night_p.TheWorld up for play (0) at 2025.09.13-14.59.02
[1193.39] Log: Flushing async loaders.
[1193.75] Log: Flushed async loaders.
[1193.75] Warning: Warning, Material Body_Bush.grey missing bUsedWithStaticLighting=True!
[1193.75] Warning: Warning, Material Body_Bush.grey missing bUsedWithStaticLighting=True!
[1193.75] Warning: Warning, Material Body_Bush.grey missing bUsedWithStaticLighting=True!
[1193.75] Warning: Warning, Material Body_Bush.grey missing bUsedWithStaticLighting=True!
[1193.75] Warning: Warning, Material Body_Bush.grey missing bUsedWithStaticLighting=True!
[1193.75] MatchBroadcast: Init bBroadcastMatch=(False) MatchLog=(None)
[1193.75] ScriptLog: MatchTypeClass=(MatchType_Tutorial_TA)
[1193.81] LTM: SettingsType=(CustomMatchSettingsType_PrivateMatch)
[1193.81] LTM: SettingsType=(CustomMatchSettingsType_PrivateMatch) InSettingsType=(CustomMatchSettingsType_LocalMatch)
[1193.81] Log: Bringing up level for play took: 0.450631
[1193.83] ScriptWarning: ScriptWarning, Accessed None 'GameEvent'
	GFxHUD_TA beach_night_p.TheWorld:PersistentLevel.GFxHUD_TA_6
	Function TAGame.GFxHUD_TA:HandleGameDataSelected:02B4
Script call stack:
	Function TAGame.PlayerController_TA:ReceivedPlayer
	Function TAGame.PlayerControllerBase_TA:ReceivedPlayer
	Function ProjectX.PlayerController_X:ReceivedPlayer
	Function ProjectX.PlayerController_X:SpawnDefaultHUD
	Function Engine.PlayerController:SetHUD
	Function TAGame.GFxHUD_TA:Init
	Function TAGame.GFxHUD_TA:InitGFx
	Function TAGame.GFxHUD_TA:HandleGRIReplicated
	Function TAGame.GFxHUD_TA:HandleGameDataSelected

[1193.90] DevOnline: Set rich presence to: In Training data: Tutorial
[1193.90] Log: ########### Finished loading level: 1.089607 seconds
[1193.91] DevOnline: Set rich presence to: In BakkesMod custom training data: In BakkesMod custom training
[1193.91] EOSVoice: Not requesting voice token, no MatchGUID
[1194.11] Vanity: All Vanity Queries Complete
[1194.63] Matchmaking: All Regions Pinged: IND1 (0.0398),ASM1 (0.0836),ASC1 (0.1079),JPN1 (0.1577),OCE1 (0.1622),EU9 (0.2651),USW1 (0.2642),EU5 (0.2533),EU7 (0.2425),USW3 (0.2729),USC1 (0.2672),USE3 (0.2970),ME1 (0.3068),USE1 (0.3024),SAM1 (0.4216),EU1 (0.2904),EU3 (0.3266),SAF1 (0.4005),JPN (1.0000),ASC (1.0000),ASM (1.0000),EU (1.0000),IND (1.0000),ME (1.0000),OCE (1.0000),SAF (1.0000),SAM (1.0000),USC (1.0000),USE (1.0000),USW (1.0000)
[1194.63] Log: FCacheExportTask(..\..\TAGame\Cache\RegionCache.cache) wrote 1713 bytes to memory
[1194.63] Matchmaking: OnlineGameMatchmaking_X_0 PingRegions -> Searching
[1194.63] Prime24121: HandleRegionsPinged.PreferredRegions.Length 2
[1194.63] Matchmaking: OnlineGameMatchmaking_X::RecordStart
[1194.63] Matchmaking: Pre-divide PartyLeaderMMR: 97.1892
[1194.63] Matchmaking: Post-divide PartyLeaderMMR: 48.5946
[1194.63] Matchmaking: PartyLeaderTier=(16)
[1194.63] Matchmaking: StartMatchmaking at 2025-09-13 09:29:05 in IND1,ASM1 for playlists 13,11 on game server 
[1194.63] Matchmaking: Creating RPC_StartMatchmaking_X
[1194.63] Matchmaking: PreferredRegions.Length=(2) PreferredPlaylists.Length=(2) Party.GetOrderedPartyMemberIDs().Length=(1)
[1194.63] Matchmaking: SecondsSearching=(2) CurrentServerID=() bDisableCrossplay=(False) bIgnoreSkill=(False)
[1194.94] Matchmaking: Matchmaking RPC succeeded.
[1194.94] Matchmaking: EstimatedQueueTime=(46.0000)
[1199.06] PsyNetBeaconDetail_X: PsyNetBeacon_X_0 ReserveConnection ReservationID=(F41D2158069C427992932A67DDF8BE79) ConnectionID=(eyJ0eXAiOiJKV1QiLCJhbGciOiJIUzUxMiJ9.eyJqdGkiOiJjYTZjYjc3OGU3NDU0ZDJjOTM2NTU2NTM4OTI5Y2RhYSIsImlzcyI6IlBzeU5ldCIsInBsYXllcl9pZCI6IlN0ZWFtfDc2NTYxMTk4MDI2NTQzNzg5fDAiLCJzZXJ2ZXJfbmFtZSI6IklORDEtMDRGQkNBNDJBQzFCQUMzRTQtUmF0Y2hldCIsImlhdCI6MTc1Nzc1NTc0OCwibmJmIjoxNzU3NzU1NzQ4LCJleHAiOjE3NTc3NzAxNDh9.hf4T9jQy-IiNrcnG3ysM5Lxif-YDBHU-R8WQP6yQ8A1_gK68q78U0QQsVZHJ0SScpelbB7hV6tlh0IXx5nYDtA)
[1199.06] PsyNetBeaconDetail_X: PsyNetBeacon_X_0 ClientHandleMessage Message.MessageType=(ClientReservationMessage_X) Message.ReservationID=(F41D2158069C427992932A67DDF8BE79)
[1199.06] CheckReservation: Received game server from notification (v3) Message.Reservation=((ServerName="IND1-04FBCA42AC1BAC3E4-Ratchet",Playlist=11,Region="IND",ReservationID="F41D2158069C427992932A67DDF8BE79",DSRToken="eyJ0eXAiOiJKV1QiLCJhbGciOiJIUzUxMiJ9.eyJqdGkiOiJjYTZjYjc3OGU3NDU0ZDJjOTM2NTU2NTM4OTI5Y2RhYSIsImlzcyI6IlBzeU5ldCIsInBsYXllcl9pZCI6IlN0ZWFtfDc2NTYxMTk4MDI2NTQzNzg5fDAiLCJzZXJ2ZXJfbmFtZSI6IklORDEtMDRGQkNBNDJBQzFCQUMzRTQtUmF0Y2hldCIsImlhdCI6MTc1Nzc1NTc0OCwibmJmIjoxNzU3NzU1NzQ4LCJleHAiOjE3NTc3NzAxNDh9.hf4T9jQy-IiNrcnG3ysM5Lxif-YDBHU-R8WQP6yQ8A1_gK68q78U0QQsVZHJ0SScpelbB7hV6tlh0IXx5nYDtA",JoinName="UYM7P3ISK9WOPIOV",JoinPassword="D02GX0NCHKVDNM48"))
[1199.06] JoinGame: StartJoin Reservation=((ServerName="IND1-04FBCA42AC1BAC3E4-Ratchet",Playlist=11,Region="IND",ReservationID="F41D2158069C427992932A67DDF8BE79",DSRToken="eyJ0eXAiOiJKV1QiLCJhbGciOiJIUzUxMiJ9.eyJqdGkiOiJjYTZjYjc3OGU3NDU0ZDJjOTM2NTU2NTM4OTI5Y2RhYSIsImlzcyI6IlBzeU5ldCIsInBsYXllcl9pZCI6IlN0ZWFtfDc2NTYxMTk4MDI2NTQzNzg5fDAiLCJzZXJ2ZXJfbmFtZSI6IklORDEtMDRGQkNBNDJBQzFCQUMzRTQtUmF0Y2hldCIsImlhdCI6MTc1Nzc1NTc0OCwibmJmIjoxNzU3NzU1NzQ4LCJleHAiOjE3NTc3NzAxNDh9.hf4T9jQy-IiNrcnG3ysM5Lxif-YDBHU-R8WQP6yQ8A1_gK68q78U0QQsVZHJ0SScpelbB7hV6tlh0IXx5nYDtA",JoinName="UYM7P3ISK9WOPIOV",JoinPassword="D02GX0NCHKVDNM48")) JoinSettings=((PlaylistId=11))
[1199.06] DevOnline: Successfully set the friend join URL: 
[1199.06] JoinGame: GotoJoinGameState OnlineGameJoinGame_TA -> VerifyPrivileges
[1199.06] Online: TryToPlayOnline ControllerID=(-1)
[1199.06] Matchmaking: OnlineGameMatchmaking_X_0 Searching -> Joining
[1199.06] Online: HandlePrivilegeCheckFinished PrivilegeCheck.bHasRestriction=(False)
[1199.06] JoinGame: GotoJoinGameState VerifyPrivileges -> ReservingServerForMatchmaking
[1199.06] PsyNetBeaconDetail_X: PsyNetBeacon_X_0 SendMessageToServer Message=(AddReservationMessagePublic_X_2)
[1199.06] PsyNet: PsyNetServiceProvider_X_1 ExecuteService Complete, Service=DSR/ClientMessage 
[1200.92] PsyNetBeaconDetail_X: PsyNetBeacon_X_0 ClientHandleMessage Message.MessageType=(ReservationsReadyMessage_X) Message.ReservationID=(F41D2158069C427992932A67DDF8BE79)
[1200.92] DevNet: Add Network Encryption {PlayerID=Steam|76561198026543789|0 Key={Key=5B3A6C078480E46C9B08A3B1CE388CCBD80C18872AD13C142070509D3A439C27 IV=E4FE5E41AF06F0B9B397F08CF9C1469C HMAC=B8E00DC1F97293594829941A19AE6B2BEC3937A997A552B82CBF29D4FDDA0CCE Session=70963754D9ECF17112B1066FAFFE1FDB}}
[1200.92] DevOnline: Successfully set the friend join URL: 
[1200.92] Party: HandleServerReserved (Reservation=(ServerName="IND1-04FBCA42AC1BAC3E4-Ratchet",Playlist=11,Region="IND",ReservationID="F41D2158069C427992932A67DDF8BE79",DSRToken="eyJ0eXAiOiJKV1QiLCJhbGciOiJIUzUxMiJ9.eyJqdGkiOiJjYTZjYjc3OGU3NDU0ZDJjOTM2NTU2NTM4OTI5Y2RhYSIsImlzcyI6IlBzeU5ldCIsInBsYXllcl9pZCI6IlN0ZWFtfDc2NTYxMTk4MDI2NTQzNzg5fDAiLCJzZXJ2ZXJfbmFtZSI6IklORDEtMDRGQkNBNDJBQzFCQUMzRTQtUmF0Y2hldCIsImlhdCI6MTc1Nzc1NTc0OCwibmJmIjoxNzU3NzU1NzQ4LCJleHAiOjE3NTc3NzAxNDh9.hf4T9jQy-IiNrcnG3ysM5Lxif-YDBHU-R8WQP6yQ8A1_gK68q78U0QQsVZHJ0SScpelbB7hV6tlh0IXx5nYDtA",JoinName="UYM7P3ISK9WOPIOV",JoinPassword="D02GX0NCHKVDNM48"),PingURL="13.233.31.224:8754",GameURL="13.233.31.224:7754",JoinCredentials="UYM7P3ISK9WOPIOV:D02GX0NCHKVDNM48")
[1200.92] JoinGame: GotoJoinGameState ReservingServerForMatchmaking -> JoinCountdown
[1200.92] PsyNetBeaconDetail_X: PsyNetBeacon_X_0 SendMessageToServer Message=(PingMessage_X_4)
[1200.92] PsyNet: PsyNetServiceProvider_X_1 ExecuteService Complete, Service=DSR/ClientMessage 
[1201.00] DevOnline: EOSSDK-LogEOSRTC: TickTracker Tick is delayed. TimePeriod=[10.004846s]  TickIntervalThreshold=[0.100000s] MaxTickInterval=[0.158424s] MaxExecutionTime=[0.000037s] TicksCount=[1889] ExpectedTicksCount=[1000]
[1201.54] PsyNetBeaconDetail_X: PsyNetBeacon_X_0 ClientHandleMessage Message.MessageType=(PingMessage_X) Message.ReservationID=(F41D2158069C427992932A67DDF8BE79)
[1201.55] PsyNet: PsyNetServiceProvider_X_1 ExecuteService Complete, Service=DSR/ClientMessage 
[1203.92] JoinGame: GotoJoinGameState JoinCountdown -> OpeningLoadingScreen
[1203.92] RankedReconnect: OnlineGameJoinGame_TA_0::OpeningLoadingScreen.BeginState()
[1203.92] RankedReconnect: LocalPlayer_TA_0.UpdateRankedReconnect() RankedTeamDoubles True 4 False
[1203.92] RankedReconnect: RankedReconnectSave_TA_0.SetRankedReconnect() Server=((Reservation=(ServerName="IND1-04FBCA42AC1BAC3E4-Ratchet",Playlist=11,Region="IND",ReservationID="F41D2158069C427992932A67DDF8BE79",DSRToken="eyJ0eXAiOiJKV1QiLCJhbGciOiJIUzUxMiJ9.eyJqdGkiOiJjYTZjYjc3OGU3NDU0ZDJjOTM2NTU2NTM4OTI5Y2RhYSIsImlzcyI6IlBzeU5ldCIsInBsYXllcl9pZCI6IlN0ZWFtfDc2NTYxMTk4MDI2NTQzNzg5fDAiLCJzZXJ2ZXJfbmFtZSI6IklORDEtMDRGQkNBNDJBQzFCQUMzRTQtUmF0Y2hldCIsImlhdCI6MTc1Nzc1NTc0OCwibmJmIjoxNzU3NzU1NzQ4LCJleHAiOjE3NTc3NzAxNDh9.hf4T9jQy-IiNrcnG3ysM5Lxif-YDBHU-R8WQP6yQ8A1_gK68q78U0QQsVZHJ0SScpelbB7hV6tlh0IXx5nYDtA",JoinName="UYM7P3ISK9WOPIOV",JoinPassword="D02GX0NCHKVDNM48"),PingURL="13.233.31.224:8754",GameURL="13.233.31.224:7754",JoinCredentials="UYM7P3ISK9WOPIOV:D02GX0NCHKVDNM48")) EpochNow=(1757755754)
[1203.92] DevNet: Browse: JoinGameTransition?game=TAGame.GameInfo_Transition_TA?Offline?LoadSave=Downloaded\Temp(1)?Playtest?Name=Lock
[1203.98] Log: FSaveDataExportTask(0) wrote 4337104 bytes to memory
[1203.98] Log: SaveGameDataAsync game thread time: 33 ms
[1203.98] Log: LoadMap: JoinGameTransition?game=TAGame.GameInfo_Transition_TA?Offline?LoadSave=Downloaded\Temp(1)?Playtest?Name=Lock
[1203.99] EOSVoice: Not requesting voice token, no MatchGUID
[1204.00] DevOnline: PsyNet Flush Start TimeoutSeconds=0.250000
[1204.04] Log: Deleting old save file ..\..\TAGame\SaveData\DBE_Production\76561198026543789_1.save
[1204.04] Log: SaveDataExport(0): Finished - File:[..\..\TAGame\SaveData\DBE_Production\76561198026543789.save] Result:[1]
[1204.27] DevOnline: PsyNet Flush End
[1204.29] Log: Fully load package: ..\..\TAGame\CookedPCConsole\GameInfo_Transition_SF.upk
[1204.30] Log: Game class is 'GameInfo_Transition_TA'
[1204.34] Log: Bringing World JoinGameTransition.TheWorld up for play (0) at 2025.09.13-14.59.13
[1204.34] Log: Bringing up level for play took: 0.042475
[1204.34] JoinGame: GotoJoinGameState OpeningLoadingScreen -> JoiningNewServer
[1204.34] DevNet: SetProgress, MessageType=1, Title=, Message=Connecting...
[1204.34] Log: ########### Finished loading level: 0.354874 seconds
[1204.34] DevNet: Browse: 13.233.31.224:7754/MENU_Main_p?Name=Lock
[1204.34] DevNet: Game client on port 7754, rate 15000
[1204.34] NetComeGo: TcpipConnection_2 13.233.31.224:7754 using encryption {Key=5B3A6C078480E46C9B08A3B1CE388CCBD80C18872AD13C142070509D3A439C27 IV=E4FE5E41AF06F0B9B397F08CF9C1469C HMAC=B8E00DC1F97293594829941A19AE6B2BEC3937A997A552B82CBF29D4FDDA0CCE Session=70963754D9ECF17112B1066FAFFE1FDB}
[1204.34] NetComeGo: SEND first packet Length=80 CRC=-1938697571
[1204.39] NetComeGo: TcpipConnection_2 RECV first packet IP=13.233.31.224:7754 Length=15 CRC=-118639137 HandshakeStatus=0 bUseSessionUID=1 InSessionUID=(0 0 0) SessionUID=(0 0 0)
[1204.39] NetComeGo: Client set SessionUID to: 68 81 200
[1204.54] DevNet: Welcomed by server (Level: Park_Night_P, Game: TAGame.GameInfo_Soccar_TA, GameTags: )
[1204.58] Log: FSaveDataExportTask(0) wrote 4337104 bytes to memory
[1204.58] Log: SaveGameDataAsync game thread time: 32 ms
[1204.59] Log: Flushing async loaders.
[1204.59] Log: Flushed async loaders.
[1204.59] Log: LoadMap: 13.233.31.224:7754/Park_Night_P?Name=Lock?game=TAGame.GameInfo_Soccar_TA
[1204.60] DevOnline: PsyNet Flush Start TimeoutSeconds=0.250000
[1204.64] Log: Deleting old save file ..\..\TAGame\SaveData\DBE_Production\76561198026543789_2.save
[1204.64] Log: SaveDataExport(0): Finished - File:[..\..\TAGame\SaveData\DBE_Production\76561198026543789_1.save] Result:[1]
[1204.87] DevOnline: PsyNet Flush End
[1204.87] Log: Fully load package: ..\..\TAGame\CookedPCConsole\GameInfo_Soccar_SF.upk
[1204.93] Log: Fully load package: ..\..\TAGame\CookedPCConsole\GFxSounds_XP_SF.upk
[1204.93] Log: Fully load package: ..\..\TAGame\CookedPCConsole\GFx_XPProgressMenu_SF.upk
[1204.95] Log: Fully load package: ..\..\TAGame\CookedPCConsole\GFX_EndGameMenu_SF.upk
[1204.97] Log: Fully load package: ..\..\TAGame\CookedPCConsole\GFX_WinnerMenu_SF.upk
[1204.98] Log: Fully load package: ..\..\TAGame\CookedPCConsole\GFX_MidGameScoreboard_SF.upk
[1204.98] Log: Fully load package: ..\..\TAGame\CookedPCConsole\GFX_MidGameMenu_SF.upk
[1205.00] Log: Fully load package: ..\..\TAGame\CookedPCConsole\GFX_HudMatchInfo_SF.upk
[1205.01] Log: Fully load package: ..\..\TAGame\CookedPCConsole\GFX_Hud_SF.upk
[1205.24] Log: Octree Warning (AddPrimitive): StaticMeshActor_SMC_33 (Owner: Park_Night_P.TheWorld:PersistentLevel.MeshCollector0) Outside World.
[1205.24] Log: Octree Warning (AddPrimitive): StaticMeshActor_SMC_722 (Owner: Park_Night_P.TheWorld:PersistentLevel.MeshCollector0) Outside World.
[1205.33] Log: Bringing World Park_Night_P.TheWorld up for play (0) at 2025.09.13-14.59.14
[1205.34] Log: Bringing up level for play took: 0.096038
[1205.41] JoinGame: OnJoinGameComplete bSuccess=(True) FailReason=()
[1205.41] JoinGame: GotoJoinGameState JoiningNewServer -> None
[1205.41] PsyNetBeaconDetail_X: PsyNetBeacon_X_0 Close
[1205.41] PsyNetBeaconDetail_X: PsyNetBeacon_X_0 CloseConnection Connection.ConnectionID=(eyJ0eXAiOiJKV1QiLCJhbGciOiJIUzUxMiJ9.eyJqdGkiOiJjYTZjYjc3OGU3NDU0ZDJjOTM2NTU2NTM4OTI5Y2RhYSIsImlzcyI6IlBzeU5ldCIsInBsYXllcl9pZCI6IlN0ZWFtfDc2NTYxMTk4MDI2NTQzNzg5fDAiLCJzZXJ2ZXJfbmFtZSI6IklORDEtMDRGQkNBNDJBQzFCQUMzRTQtUmF0Y2hldCIsImlhdCI6MTc1Nzc1NTc0OCwibmJmIjoxNzU3NzU1NzQ4LCJleHAiOjE3NTc3NzAxNDh9.hf4T9jQy-IiNrcnG3ysM5Lxif-YDBHU-R8WQP6yQ8A1_gK68q78U0QQsVZHJ0SScpelbB7hV6tlh0IXx5nYDtA)
[1205.41] Matchmaking: OnlineGameMatchmaking_X_0 Joining -> None
[1205.42] Log: ########### Finished loading level: 0.830625 seconds
[1205.54] ScriptLog: Client InputRate=60
[1205.54] DevNet: PlayerController_TA_8 setplayer LocalPlayer_TA_0
[1205.54] PsyNetStaticData: UpdateCacheTimerEnabled CacheTimer.bEnabled=(False)
[1205.54] MatchBroadcast: Init bBroadcastMatch=(False) MatchLog=(None)
[1205.59] ScriptLog: MatchGUID: 198C75D811F09084F055EAAAD16595B0
[1205.59] DevOnline: Set rich presence to: Doubles in Beckwith Park (Midnight) data: Playlist-11
[1205.62] LTM: SettingsType=(CustomMatchSettingsType_PrivateMatch)
[1205.65] ScriptLog: Uncached PlatformId for Epic|0f1859047158442ca4aaba207bdce662|0
[1205.98] DevOnline: EOSSDK-LogEOSIntegratedPlatform: FIntegratedSteamSanitizer: Sanitizer is implemented for this platform, but steam sanitizer not initialized. Falling back to generic sanitizer
[1206.80] DevOnline: EOSSDK-LogEOSIntegratedPlatform: FIntegratedSteamSanitizer: Sanitizer is implemented for this platform, but steam sanitizer not initialized. Falling back to generic sanitizer
[1206.85] EOSVoice: AlertVoiceError: VoiceModerationEULANotAccepted
[1207.23] Vanity: All Vanity Queries Complete
[1211.00] DevOnline: EOSSDK-LogEOSRTC: TickTracker Tick is delayed. TimePeriod=[10.004299s]  TickIntervalThreshold=[0.100000s] MaxTickInterval=[0.159338s] MaxExecutionTime=[0.000133s] TicksCount=[1779] ExpectedTicksCount=[1000]
[1217.30] DevOnline: WebRequest_X_61 SEND: https://datarouter.ol.epicgames.com/datarouter/api/v1/public/data?AppID=RocketLeague.Release&AppVersion=151471783&AppEnvironment=Prod&UploadType=eteventstream&UserID=|29102162b92948868b021454382b618a|||Steam|76561198026543789|0&SessionID=700C96144B471C578B626EBFD6F11A60
[1217.61] DevOnline: WebRequest_X_61 RECV: 204 
[1221.60] DevOnline: Set rich presence to: InGame 0:0 [4:59 remaining] data: InGame 0:0 [4:59 remaining]
[1235.58] DevOnline: Set rich presence to: InGame 0:0 [4:45 remaining] data: InGame 0:0 [4:45 remaining]
[1250.59] DevOnline: Set rich presence to: InGame 0:0 [4:30 remaining] data: InGame 0:0 [4:30 remaining]
[1261.52] DevOnline: Set rich presence to: InGame 1:0 [4:20 remaining] data: InGame 1:0 [4:20 remaining]
[1265.08] EOSGameClips: EOSGameClips: Currently recording: false
[1275.80] DevOnline: Set rich presence to: InGame 1:0 [4:15 remaining] data: InGame 1:0 [4:15 remaining]
[1277.30] DevOnline: WebRequest_X_62 SEND: https://datarouter.ol.epicgames.com/datarouter/api/v1/public/data?AppID=RocketLeague.Release&AppVersion=151471783&AppEnvironment=Prod&UploadType=eteventstream&UserID=|29102162b92948868b021454382b618a|||Steam|76561198026543789|0&SessionID=700C96144B471C578B626EBFD6F11A60
[1277.62] DevOnline: WebRequest_X_62 RECV: 204 
[1290.79] DevOnline: Set rich presence to: InGame 1:0 [4:00 remaining] data: InGame 1:0 [4:00 remaining]
[1305.78] DevOnline: Set rich presence to: InGame 1:0 [3:45 remaining] data: InGame 1:0 [3:45 remaining]
[1320.79] DevOnline: Set rich presence to: InGame 1:0 [3:30 remaining] data: InGame 1:0 [3:30 remaining]
[1332.74] DevOnline: Set rich presence to: InGame 1:1 [3:19 remaining] data: InGame 1:1 [3:19 remaining]
[1336.29] EOSGameClips: EOSGameClips: Currently recording: false
[1337.30] DevOnline: WebRequest_X_63 SEND: https://datarouter.ol.epicgames.com/datarouter/api/v1/public/data?AppID=RocketLeague.Release&AppVersion=151471783&AppEnvironment=Prod&UploadType=eteventstream&UserID=|29102162b92948868b021454382b618a|||Steam|76561198026543789|0&SessionID=700C96144B471C578B626EBFD6F11A60
[1337.61] DevOnline: WebRequest_X_63 RECV: 204 
[1346.99] DevOnline: Set rich presence to: InGame 1:1 [3:15 remaining] data: InGame 1:1 [3:15 remaining]
[1360.08] DevOnline: Set rich presence to: InGame 1:2 [3:02 remaining] data: InGame 1:2 [3:02 remaining]
[1363.62] EOSGameClips: EOSGameClips: Currently recording: false
[1372.22] DevOnline: Set rich presence to: InGame 1:2 [3:00 remaining] data: InGame 1:2 [3:00 remaining]
[1372.53] DevOnline: Set rich presence to: InGame 2:2 [3:00 remaining] data: InGame 2:2 [3:00 remaining]
[1376.08] EOSGameClips: EOSGameClips: Currently recording: false
[1397.30] DevOnline: WebRequest_X_64 SEND: https://datarouter.ol.epicgames.com/datarouter/api/v1/public/data?AppID=RocketLeague.Release&AppVersion=151471783&AppEnvironment=Prod&UploadType=eteventstream&UserID=|29102162b92948868b021454382b618a|||Steam|76561198026543789|0&SessionID=700C96144B471C578B626EBFD6F11A60
[1397.61] DevOnline: WebRequest_X_64 RECV: 204 
[1401.45] DevOnline: Set rich presence to: InGame 2:2 [2:45 remaining] data: InGame 2:2 [2:45 remaining]
[1416.45] DevOnline: Set rich presence to: InGame 2:2 [2:30 remaining] data: InGame 2:2 [2:30 remaining]
[1431.45] DevOnline: Set rich presence to: InGame 2:2 [2:15 remaining] data: InGame 2:2 [2:15 remaining]
[1446.45] DevOnline: Set rich presence to: InGame 2:2 [2:00 remaining] data: InGame 2:2 [2:00 remaining]
[1457.30] DevOnline: WebRequest_X_65 SEND: https://datarouter.ol.epicgames.com/datarouter/api/v1/public/data?AppID=RocketLeague.Release&AppVersion=151471783&AppEnvironment=Prod&UploadType=eteventstream&UserID=|29102162b92948868b021454382b618a|||Steam|76561198026543789|0&SessionID=700C96144B471C578B626EBFD6F11A60
[1457.61] DevOnline: WebRequest_X_65 RECV: 204 
[1461.45] DevOnline: Set rich presence to: InGame 2:2 [1:45 remaining] data: InGame 2:2 [1:45 remaining]
[1476.43] DevOnline: Set rich presence to: InGame 2:2 [1:30 remaining] data: InGame 2:2 [1:30 remaining]
[1491.43] DevOnline: Set rich presence to: InGame 2:2 [1:15 remaining] data: InGame 2:2 [1:15 remaining]
[1506.43] DevOnline: Set rich presence to: InGame 2:2 [1:00 remaining] data: InGame 2:2 [1:00 remaining]
[1517.30] DevOnline: WebRequest_X_66 SEND: https://datarouter.ol.epicgames.com/datarouter/api/v1/public/data?AppID=RocketLeague.Release&AppVersion=151471783&AppEnvironment=Prod&UploadType=eteventstream&UserID=|29102162b92948868b021454382b618a|||Steam|76561198026543789|0&SessionID=700C96144B471C578B626EBFD6F11A60
[1517.61] DevOnline: WebRequest_X_66 RECV: 204 
[1521.45] DevOnline: Set rich presence to: InGame 2:2 [0:45 remaining] data: InGame 2:2 [0:45 remaining]
[1538.44] DevOnline: Set rich presence to: InGame 2:2 [0:28 remaining] data: InGame 2:2 [0:28 remaining]
[1551.45] DevOnline: Set rich presence to: InGame 2:2 [0:15 remaining] data: InGame 2:2 [0:15 remaining]
[1562.73] DevOnline: Set rich presence to: InGame 2:3 [0:04 remaining] data: InGame 2:3 [0:04 remaining]
[1566.29] EOSGameClips: EOSGameClips: Currently recording: false
[1577.30] DevOnline: WebRequest_X_67 SEND: https://datarouter.ol.epicgames.com/datarouter/api/v1/public/data?AppID=RocketLeague.Release&AppVersion=151471783&AppEnvironment=Prod&UploadType=eteventstream&UserID=|29102162b92948868b021454382b618a|||Steam|76561198026543789|0&SessionID=700C96144B471C578B626EBFD6F11A60
[1577.61] DevOnline: WebRequest_X_67 RECV: 204 
[1595.28] Party: Ranked Game Finished, Clear party member server
[1595.28] RankedReconnect: RankedReconnectSave_TA_0.ClearRankedReconnect()
[1595.65] PsyNet: PsyNetServiceProvider_X_1 ExecuteService Complete, Service=Challenges/PlayerProgress 
[1595.69] SplitScreen: Press Start ControllerId=0 Player=LocalPlayer_TA_0
[1595.74] PsyNet: PsyNetServiceProvider_X_1 ExecuteService Complete, Service=Challenges/PlayerProgress 
[1595.75] PsyNet: PsyNetServiceProvider_X_1 ExecuteService Complete, Service=Reward/RewardResult 
[1596.46] DevOnline: PlayerDataStorage_WriteFile: Beginning to upload file. User=(29102162b92948868b021454382b618a) FileName=(RLSaveData)
[1596.67] Log: FSaveDataExportTask(0) wrote 4336209 bytes to memory
[1596.67] Log: SaveGameDataAsync game thread time: 32 ms
[1596.67] RankedReconnect: RankedReconnectSave_TA_0.ClearRankedReconnect()
[1596.67] NetComeGo: TcpipConnection_2 Control channel closed, reason=Disconnect command
[1596.67] DevNet: URL: Adding default option Name=Lock
[1596.67] DevNet: Browse: MENU_Main_p?closed?Name=Lock
[1596.67] Log: Failed; returning to Entry
[1596.71] Log: LoadMap: MENU_Main_p?closed?Name=Lock
[1596.71] PsyNetStaticData: HandleCacheExpired
[1596.71] PsyNetStaticData: UpdateCacheTimerEnabled CacheTimer.bEnabled=(True)
[1596.71] DevOnline: UnregisterRemoteTalker(0x0110000103F352AD) returned 0x00000000
[1596.71] Log: Deleting old save file ..\..\TAGame\SaveData\DBE_Production\76561198026543789.save
[1596.71] DevOnline: Unknown remote talker specified to UnregisterRemoteTalker()
[1596.71] Log: SaveDataExport(0): Finished - File:[..\..\TAGame\SaveData\DBE_Production\76561198026543789_2.save] Result:[1]
[1596.71] DevOnline: Unknown remote talker specified to UnregisterRemoteTalker()
[1596.71] DevOnline: Unknown remote talker specified to UnregisterRemoteTalker()
[1596.71] DevOnline: UnregisterRemoteTalker(0x01100001160F41E2) returned 0x00000000
[1596.71] DevOnline: Unknown remote talker specified to UnregisterRemoteTalker()
[1596.71] DevOnline: Unknown remote talker specified to UnregisterRemoteTalker()
[1596.71] DevOnline: Unknown remote talker specified to UnregisterRemoteTalker()
[1596.72] DevOnline: PsyNet Flush Start TimeoutSeconds=0.250000
[1596.99] DevOnline: PsyNet Flush End
[1597.02] NetComeGo: Close TcpipConnection_2 13.233.31.224:7754 13/09/2025 15:05:46 'UNetConnection::CleanUp'
[1597.02] NetComeGo: TcpipConnection_2 Control channel null, Sending unstable close to 13.233.31.224:7754 on temporary Control channel.
[1597.02] Exit: TcpNetDriver_2 shut down
[1597.04] Log: Fully load package: ..\..\TAGame\CookedPCConsole\GameInfo_GFxMenu_SF.upk
[1597.05] Log: Fully load package: ..\..\TAGame\CookedPCConsole\GFxSounds_MainMenu_SF.upk
[1597.05] Log: Fully load package: ..\..\TAGame\CookedPCConsole\GFX_StartMenu_SF.upk
[1597.10] Log: Fully load package: ..\..\TAGame\CookedPCConsole\GFX_MainMenu_SF.upk
[1597.13] Log: Game class is 'GameInfo_GFxMenu_TA'
[1597.14] Log: Bringing World menu_main_p.TheWorld up for play (0) at 2025.09.13-15.05.46
[1597.14] Log: Flushing async loaders.
[1597.35] Log: Flushed async loaders.
[1597.35] DevOnline: UnregisterLocalTalker(0) returned 0x00000000
[1597.36] DevOnline: Successfully set the friend join URL: 
[1597.36] Log: Bringing up level for play took: 0.225703
[1597.45] DevOnline: Set rich presence to: Main Menu data: Menu
[1597.45] Log: ########### Finished loading level: 0.744273 seconds
[1597.46] DevOnline: WebRequest_X_68 SEND: https://config.psynet.gg/v2/Config/BattleCars/151471783/Prod/Steam/INT/
[1597.46] Log: Flushing async loaders.
[1597.63] Log: Flushed async loaders.
[1597.78] DevOnline: PlayerDataStorage_WriteFile: File transfer is already in progress. Aborting write for User=(29102162b92948868b021454382b618a) FileName=(RLSaveData)
[1597.78] ScriptWarning: ScriptWarning, Something went wrong uploading save data 29102162b92948868b021454382b618a RLSaveData
	EOSOnlineStorageUploader_TA Transient.SaveData_TA_1:EOSOnlineStorageUploader_TA_0
	Function TAGame.EOSOnlineStorageUploader_TA:UploadSaveData:07A8
Script call stack:
	Function TAGame.SaveData_TA:HandlePostMapChange
	Function TAGame.SaveData_TA:UploadSaveData
	Function TAGame.EOSOnlineStorageUploader_TA:UploadSaveData

[1597.79] Eula: RequiresAcceptance? EulaConfig?.bRequiresAcceptance=(True) GetUISave()?.Contains('bAcceptedOfflineEULA')=(True) Eula.SyncState=(LSS_Accepted)
[1597.79] AuthEpicVerbose: [GFx] Epic login changed. m_uiState:MainMenu bPromptParentalConsent:false bPromptToChoosePrimaryAccount:false bEpicSaveDataLoaded:false bPlatformLinked:false
[1597.79] FTEDev: Group Prime_MatchComplete Is not meant for users of type FTESave.LegacyGroupType=(LGT_LegacyUser)
[1597.80] FTEDev: Group Prime_MatchComplete Is not meant for users of type FTESave.LegacyGroupType=(LGT_LegacyUser)
[1597.96] Vanity: All Vanity Queries Complete
[1597.97] Online: TryToPlayOnline ControllerID=(-1)
[1597.97] Log: Flushing async loaders.
[1597.97] Log: Flushed async loaders.
[1598.00] ThankYouMessage: Thank You message already shown to the player
[1598.01] Online: HandlePrivilegeCheckFinished PrivilegeCheck.bHasRestriction=(False)
[1598.01] Online: HandlePrivilegeCheck PrivilegeCheck.bHasRestriction=(False)
[1598.10] Log: FSaveDataExportTask(0) wrote 4336209 bytes to memory
[1598.10] Log: SaveGameDataAsync game thread time: 35 ms
[1598.14] DevOnline: WebRequest_X_68 RECV: 304 
[1598.14] Log: Deleting old save file ..\..\TAGame\SaveData\DBE_Production\76561198026543789_1.save
[1598.14] Log: SaveDataExport(0): Finished - File:[..\..\TAGame\SaveData\DBE_Production\76561198026543789.save] Result:[1]
[1599.46] Log: Flushing async loaders.
[1599.49] Log: Flushed async loaders.
[1599.53] Log: Closing by request
[1599.53] Log: appRequestExit(0)
[1601.09] DevOnline: EOSSDK-LogEOSRTC: TickTracker Tick is delayed. TimePeriod=[10.000003s]  TickIntervalThreshold=[0.100000s] MaxTickInterval=[0.173615s] MaxExecutionTime=[0.000105s] TicksCount=[447165] ExpectedTicksCount=[1000]
[1601.83] DevOnline: PlayerDataStorage_WriteFile: File upload complete. User=(29102162b92948868b021454382b618a) FileName=(RLSaveData) Success=(1)
[1601.83] Matchmaking: OnlineGameMatchmaking_X_0 OnlineGameMatchmaking_X -> None
[1601.83] Matchmaking: OnlineGameTourMatchmaking_TA_0 OnlineGameTourMatchmaking_TA -> None
[1601.83] DevOnline: PsyNet Flush Start TimeoutSeconds=0.500000
[1601.83] DevOnline: PsyNet Flush End
[1601.84] Exit: Preparing to exit.
[1601.93] Exit: Game engine shut down
[1603.01] Exit: Windows client shut down
[1603.02] Exit: AK Audio shut down.
[1610.68] Exit: Object subsystem successfully closed.
[1610.69] DevOnline: EOSSDK-LogEOSUI: Social Overlay: browser was closed. Reopening...
[1612.76] Exit: Exiting.
[1612.76] Log: Log file closed, 13/09/2025 15:06:02
