Log: Log file open, 15/02/2026 14:09:48
Log: GPsyonixBuildID 260114.55864.507183
Log: Command line: 
Init: WinSock: version 1.1 (2.2), MaxSocks=32767, MaxUdp=65467
Log:  ... running in INSTALLED mode
Warning: Warning, Unknown language extension . Defaulting to INT
Init: Language extension: INT
Init: Language extension: INT
DevConfig: GConfig::LoadFile associated file:  ..\..\TAGame\Config\TAUI.ini
Init: Version: 260114.55864.507183
Init: Compiled (64-bit): Jan 14 2026 16:00:52
Init: Command line: 
Init: Base directory: E:\SteamLibrary\steamapps\common\rocketleague\Binaries\Win64\
[0000.84] Log: Purging 30-day cache '..\..\TAGame\Cache\WebCache\*.*'...
[0001.06] Log: Purging 3-day cache 'E:\SteamLibrary\steamapps\common\rocketleague\Binaries\Win64\..\..\TAGame\Logs\*.log'...
[0001.08] Init: Computer: DESKTOP-7CKDBO1
[0001.08] Init: User: Kutan
[0001.08] Init: CPU Page size=4096, Processors=12
[0001.08] Init: High frequency timer resolution =10.000000 MHz
[0001.08] Init: Memory total: Physical=31.2GB (32GB approx) Pagefile=85.2GB Virtual=131072.0GB
[0001.08] Init: Presizing for 159000 objects not considered by GC, pre-allocating 0 bytes.
[0001.08] Init: Object subsystem initialized
[0001.12] Log: Using feature set PrimeUpdate57_1
[0001.18] Log: FOnlineSubsystemEOS: EOS version = 1.18.0.0-45084530
[0001.23] Log: Steam Client API initialized 1
[0001.30] Log: Steam Game Server API initialized 1
[0001.62] Log: Found D3D11 adapter 0: NVIDIA GeForce RTX 4090
[0001.62] Log: Adapter has 24138MB of dedicated video memory, 0MB of dedicated system memory, and 15954MB of shared system memory
[0001.70] Log: Found D3D11 adapter 1: AMD Radeon(TM) Graphics
[0001.70] Log: Adapter has 485MB of dedicated video memory, 0MB of dedicated system memory, and 15954MB of shared system memory
[0001.87] Log: Found D3D11 adapter 2: NVIDIA GeForce RTX 4090
[0001.87] Log: Adapter has 24138MB of dedicated video memory, 0MB of dedicated system memory, and 15954MB of shared system memory
[0001.90] Log: Found D3D11 adapter 3: Microsoft Basic Render Driver
[0001.90] Log: Adapter has 0MB of dedicated video memory, 0MB of dedicated system memory, and 15954MB of shared system memory
[0001.91] Log: Shader platform (RHI): PC-D3D-SM5
[0001.96] Breadcrumbs: Startup_PreInit: 1.958
[0001.98] Breadcrumbs: Startup_LoadGlobalShaders: 0.024
[0005.55] Log: ProductDatabase_TA::InitProductLabels  0.01 sec total.
[0005.57] Log: ProductDatabase_TA::UpdateAvailableProducts  0.03 sec total.
[0005.58] Breadcrumbs: Startup_LoadScriptPackages: 3.601
[0006.00] Breadcrumbs: Startup_LoadNonNativePackages: 0.416
[0006.00] Log: 159352 objects as part of root set at end of initial load.
[0006.00] Log: 0 out of 0 bytes used by permanent object pool.
[0006.00] Log: ShaderCache load stats: AccumLoadSeconds=(2.129) ShadersLoaded=(441498) Duplicates=(30264)
[0006.00] Log: Initializing Engine...
[0006.00] Log: BuildID: 1320316429 from GPsyonixBuildID
[0006.09] SystemSettings: Loading PC Settings
[0006.10] Breadcrumbs: Startup_BuildGuidCache: 0.097
[0006.12] Log: Running hardware survey...
[0006.12] Log: Wwise(R) SDK Version 2023.1.11 Build 8682. Copyright (c) 2006-2012 Audiokinetic Inc. / All Rights Reserved.
[0006.62] Log: OS: Microsoft Windows 11 Home Single Language  (26100)
[0006.62] Log: WinSAT: 8.9 [9.3 CPU, 9.9 2D, 9.9 3D, 9.3 Mem, 8.9 Disk]
[0006.62] Log: Processor: AMD Ryzen 5 7600X 6-Core Processor              (AMD64 Family 25 Model 97 Stepping 2) 6 Cores, 12 Threads
[0006.62] Log: Memory: 16.00GB
[0006.62] Log: Memory: 16.00GB
[0006.62] Log: VideoController: SudoMaker Virtual Display Adapter (1.10.9.289)
[0006.62] Log: VideoController: AMD Radeon(TM) Graphics (32.0.11016.3)
[0006.62] Log: VideoController: NVIDIA GeForce RTX 4090 (32.0.15.9174)
[0006.62] Log: Network Adapter: Realtek Gaming 2.5GbE Family Controller
[0006.62] Log: Network Adapter: Wintun Userspace Tunnel
[0006.62] Log: Network Adapter: Wintun Userspace Tunnel
[0006.62] Breadcrumbs: Startup_ClientInit: 0.528
[0007.29] Log: Disk C: 162.60GB free of 400.00GB
[0007.29] Log: Disk D: 199.82GB free of 1863.00GB
[0007.29] Log: Disk E: 605.12GB free of 1863.00GB
[0007.29] Log: Disk F: 232.52GB free of 931.50GB
[0007.29] Log: Disk G: 1650.17GB free of 1863.00GB
[0007.29] Log: Disk H: 368.43GB free of 530.56GB
[0007.29] Log: Sound Device: AMD High Definition Audio Device
[0007.29] Log: Sound Device: CORSAIR HS80 RGB Wireless Gaming Headset
[0007.29] Log: Sound Device: NVIDIA High Definition Audio
[0007.29] Log: Sound Device: Realtek High Definition Audio
[0007.29] Log: Sound Device: Steam Streaming Microphone
[0007.29] Log: Sound Device: Steam Streaming Speakers
[0007.29] Log: Sound Device: NVIDIA Virtual Audio Device (Wave Extensible) (WDM)
[0007.29] Log: Sound Device: ASUS Utility
[0007.29] Log: Hardware survey complete in 0.62 seconds.
[0007.29] Log: Detected 1 GPUs for rendering
[0009.44] Breadcrumbs: Startup_CreateViewport: 2.821
[0009.44] DevOnline: Created named interface (RecentPlayersList) of type (Engine.OnlineRecentPlayersList)
[0009.44] Log: Initializing Steamworks
[0009.46] DevOnline: Steam ID: 76561198026543789
[0009.46] DevOnline: Steam universe: PUBLIC
[0009.46] DevOnline: Steam appid: 252950
[0009.46] DevOnline: Steam IsSubscribed: 1
[0009.46] DevOnline: Steam IsLowViolence: 0
[0009.46] DevOnline: Steam IsCybercafe: 0
[0009.46] DevOnline: Steam IsVACBanned: 0
[0009.46] DevOnline: Steam IP country: IN
[0009.46] DevOnline: Steam official server time: 1771144794
[0009.46] DevOnline: Steam Cloud quota: 634837 / 100000000
[0009.46] DevOnline: Steam original app owner: 76561198026543789
[0009.46] DevOnline: Logged in as 'Lock'
[0009.46] VoiceChat: The desired playback sample rate is 11000.
[0009.46] ScriptLog: PsyNet using environment DBE_Production Prod
[0009.47] ScriptLog: [SonyPricingInfoConfig_TA] Pricing info  RL_PS_50_1000_Credits  has no data
[0009.47] ScriptLog: [SonyPricingInfoConfig_TA] Pricing info  RL_PS_1050_2000_Credits  has no data
[0009.47] ScriptLog: [SonyPricingInfoConfig_TA] Pricing info  RL_PS_2050_3000_Credits  has no data
[0009.47] ScriptLog: [SonyPricingInfoConfig_TA] Pricing info  RL_PS_3050_4000_Credits  has no data
[0009.47] ScriptLog: [SonyPricingInfoConfig_TA] Pricing info  RL_PS_4050_5000_Credits  has no data
[0009.47] PsyNet: PsyNetConnection_X_0 disabled OSCS_ServiceUnavailable
[0009.47] PsyNetStaticData: HandleCacheExpired
[0009.47] PsyNetStaticData: HandleGetURL URL=(https://config.psynet.gg/v2/Config/BattleCars/1320316429/Prod/Steam/INT/)
[0009.47] PsyNetStaticData: Blocking sync start
[0009.47] DevOnline: WebRequest_X_0 SEND: https://config.psynet.gg/v2/Config/BattleCars/1320316429/Prod/Steam/INT/
[0010.03] DevOnline: WebRequest_X_0 RECV: 304 
[0010.03] PsyNetStaticData: Blocking sync complete. Elapsed=0.5658
[0010.03] PsyNetStaticData: HandleDataChanged
[0010.04] DevOnline: EOS Platform CacheDirectory=C:\Users\Kutan\AppData\Local\Rocket League\
[0010.04] DevOnline: EOSSDK-LogEOSIntegratedPlatform: Steam sanitizer disabled reason: EOS_IntegratedPlatform_Steam_Options.SteamMinorVersion Required to be at least 45.
[0010.12] DevOnline: EOSSDK-LogEOSUI: Hot key event ignored because there are no known users.
[0010.13] EOSGameClips: EOSGameClips: Activate called successfully.
[0010.13] EOSGameClips: EOSGameClips: Audio initialized successfully.
[0010.13] EOSGameClips: EOSGameClips: Subscribed to game clips status events successfully.
[0010.13] EOSGameClips: EOSGameClips: Subscribed to user status events successfully.
[0010.13] EOSGameClips: EOSGameClips: Successfully initialized!
[0010.17] Log: ProductDatabase_TA::UpdateAvailableProducts  0.03 sec total.
[0010.69] Log: ProductDatabase_TA::InitProductLabels  0.01 sec total.
[0010.69] PsyNet: PsyNetConnection_X_0 enabled
[0010.71] PsyNetStaticData: UpdateCacheTimerEnabled CacheTimer.bEnabled=(True)
[0010.71] EOSGameClips: Construct Constructed EOSGameClipsManager_TA. Self=(EOSGameClipsManager_TA_0)
[0010.71] AuthPsyNetVerbose: New auth error. Error 'OSCS_NotConnected'
[0010.71] AuthPsyNetVerbose: OnlinePlayerAuthentication_TA_0 None Unknown|0|0 Logout
[0010.71] PsyNet: PsyNetConnection_X_1 disabled OSCS_NotConnected
[0010.71] AuthPsyNetVerbose: PsyNet connection status changed. Error 'OSCS_NotConnected'
[0010.71] AuthPsyNetVerbose: New auth error. Error 'OSCS_NotConnected'
[0010.71] AuthPsyNetVerbose: OnlinePlayerAuthentication_TA_0 LoggedOut Unknown|0|0 Logout
[0010.71] AuthPlatformCritical: Initiating auth. Player num '0', Name '', Password length '0'
[0010.71] DevOnline: Logged in as 'Lock'
[0010.71] AuthPlatformCritical: Login status changed for player '0' to 'LS_LoggedIn'
[0010.71] AuthPlatformVerbose: Login attempt concluded
[0010.71] PsyNet: PsyNetConnection_X_1 enabled
[0010.71] AuthPsyNetVerbose: PsyNet connection status changed. Error 'None'
[0010.71] AuthPsyNetVerbose: Transitioning to state 'RequestAuthCode'
[0010.71] AuthPsyNetCritical: Requesting auth ticket from platform for 'Steam|76561198026543789|0'
[0010.71] DevOnline: Issuing request for auth session ticket
[0010.71] DevOnline: Successfully set the friend join URL: 
[0010.71] Party: HandleLocalPlayerLoginStatusChanged PlayerName=Lock PlayerID=Steam|76561198026543789|0 LoginStatus=LS_LoggedIn IsPrimary=True IsInParty=False
[0010.72] SaveGame: Load Player.ControllerId=(0) SaveFileName=(..\..\TAGame\SaveData\DBE_Production\76561198026543789.save)
[0010.73] Breadcrumbs: Startup_InitOnlineSubsystem: 1.284
[0010.73] DevNet: Browse: MENU_Main_p
[0010.73] Log: LoadMap: MENU_Main_p
[0010.73] Exit: XAudio2 Device shut down.
[0010.75] Log: Fully load package: ..\..\TAGame\CookedPCConsole\GameInfo_GFxMenu_SF.upk
[0010.81] Log: Fully load package: ..\..\TAGame\CookedPCConsole\GFxSounds_MainMenu_SF.upk
[0010.81] Log: Fully load package: ..\..\TAGame\CookedPCConsole\GFX_StartMenu_SF.upk
[0010.84] Log: Fully load package: ..\..\TAGame\CookedPCConsole\GFX_MainMenu_SF.upk
[0010.86] Log: Game class is 'GameInfo_GFxMenu_TA'
[0010.89] Log: Bringing World menu_main_p.TheWorld up for play (0) at 2026.02.15-14.09.58
[0010.89] Log: Flushing async loaders.
[0011.02] Log: Flushed async loaders.
[0011.03] Log: Bringing up level for play took: 0.156680
[0011.03] PartyChallenge: UpdateChallengeProgressForCompetitive bChallengesComplete=(True) ChallengeState=(Challenge_Sync) bChallengeSync=(False) bChallengesAreValid=(False) bLegacyPlayer=(False) bGuestAccount=(False) Online_X.UniqueNetIDToString(Manager.Outer.PlayerID)=(Steam|76561198026543789|0) Syncing
[0011.03] PartyChallenge: InitializeCompetitiveChallenges bGuestAccount=(False) bCompletedChallengesForCompetitive=(True) bLegacyPlayer=(False) Online_X.UniqueNetIDToString(OnlinePlayer.PlayerID)=(Steam|76561198026543789|0)
[0011.29] DevOnline: DiscordCreate FAILED= 4
[0011.29] DevOnline: Set rich presence to: Main Menu data: Menu
[0011.29] Log: ########### Finished loading level: 0.561584 seconds
[0011.30] Breadcrumbs: Startup_Browse: 0.574
[0011.30] Log: Initializing Engine Completed
[0011.30] Breadcrumbs: Startup_Total: 11.305
[0011.33] MTXGarage: GFxData_MTXGarage::HandleSonyPricingInfoConfigChanged PricingArray Num :  0
[0011.33] AuthPsyNetCritical: Platform auth ticket completed with success 'True'
[0011.33] AuthPsyNetVerbose: Transitioning to state 'WaitForEOS'
[0011.33] AuthPsyNetCritical: Waiting for EOS initialization
[0011.33] AuthPsyNetCritical: EOS initialization received
[0011.33] AuthPsyNetVerbose: Transitioning to state 'RequestEpicAuthCode'
[0011.33] AuthEpicCritical: Sending auth request for player '76561198026543789'
[0011.33] AuthEpicCritical: Initiating login for player '76561198026543789'
[0011.33] ScriptLog: HandleBlockListStatusCreated Status=(PlatformBlockListStatus_0) ControllerId=(0)
[0011.33] AuthEpicCritical: Sending Eos login request with Credentials '{Version '4', Id Length '0', Token Length '516', Type 'EOS_LCT_ExternalAuth', SystemAuthCredentialsOptions null? 'Null', ExternalType 'EOS_ECT_STEAM_SESSION_TICKET'}'
[0011.33] DevOnline: WebRequest_X_1 SEND: https://rl-cdn.psyonix.com/SpecialEvent/Images/Goalentines/RL_U39.40_Goalentines_EventScreen_Logo_agd9ui.png
[0011.34] DevOnline: WebRequest_X_2 SEND: https://rl-cdn.psyonix.com/SpecialEvent/Images/Goalentines/RL_U39.40_Goalentines_EventScreen_ua9fh.jpg
[0011.34] DevOnline: WebRequest_X_3 SEND: https://rl-cdn.psyonix.com/LogoImages/S21/RL_U57_S21_Logo_1024x1024_EN.png
[0011.34] DevOnline: EOSSDK-LogEOSIntegratedPlatform: Steam version does not support string sanitization. Minimum version required = 1.45
[0011.41] SaveGame: HandleDataLoaded Result.Code=(BasicLoadResult_Success)
[0011.42] ScriptLog: NetworkSave_TA_0 ApplySettings ReplicationRate=60 NetSpeed=15000 InputRate=60
[0011.72] SaveData: Profile_TA_0 OnLoaded LocalID=(0)
[0011.72] SaveData: Profile_TA_1 OnLoaded LocalID=(1)
[0011.72] ScriptLog: GetDLCProducts, UnlockedDLCList=SuperSonic,Revenge,Wasteland,body_charged
[0012.38] ScriptLog: GetDLCProducts, UnlockedDLCList=SuperSonic,Revenge,Wasteland,body_charged
[0012.38] SaveGame: LocalPlayer_TA_0 HandleSaveDataLoaded 
[0012.40] Log: 


BakkesMod loaded


[0012.68] FTECritical: [GFx] Changed active tutorial from 'null' to 'NONE'. Tutorial active? 'false', New checkpoint active? 'false'
[0012.68] FTEVerbose: Checkpoint 'None' attempted completion while the FTE isn't active!
[0012.69] Log: Flushing async loaders.
[0013.12] Log: Flushed async loaders.
[0013.12] Warning: Warning, Material hat_flyingcarpet.Whale_FlyingCarpet_MAT missing bUsedWithStaticLighting=True!
[0013.12] Warning: Warning, Material hat_flyingcarpet.Whale_FlyingCarpet_MAT missing bUsedWithStaticLighting=True!
[0013.12] Warning: Warning, Material hat_flyingcarpet.Whale_FlyingCarpet_MAT missing bUsedWithStaticLighting=True!
[0013.12] Warning: Warning, Material hat_flyingcarpet.Whale_FlyingCarpet_MAT missing bUsedWithStaticLighting=True!
[0013.13] Warning: Warning, Material hat_flyingcarpet.Whale_FlyingCarpet_MAT missing bUsedWithStaticLighting=True!
[0013.13] Warning: Warning, Material hat_flyingcarpet.Whale_FlyingCarpet_MAT missing bUsedWithStaticLighting=True!
[0013.13] Warning: Warning, Material hat_flyingcarpet.Whale_FlyingCarpet_MAT missing bUsedWithStaticLighting=True!
[0013.13] Warning: Warning, Material hat_flyingcarpet.Whale_FlyingCarpet_MAT missing bUsedWithStaticLighting=True!
[0013.32] XPGatedPlaylists: Not currently in a party.
[0013.33] DevOnline: Obtained steam user stats, user: 76561198026543789
[0013.34] DevOnline: EOSSDK-LogEOSGameClips: Recording supported and available.
[0013.34] EOSGameClips: EOSGameClips: Availability changed from Pending to Available.
[0013.81] MusicPlayer: SetPlaylistSelectedByName PlaylistName=(MonsterCat3_50) bSelected=(True)
[0013.81] MusicPlayer: SetPlaylistSelectedByName PlaylistName=(MonsterCat2_51) bSelected=(True)
[0013.81] MusicPlayer: SetPlaylistSelectedByName PlaylistName=(RLVol2_54) bSelected=(True)
[0013.81] MusicPlayer: SetPlaylistSelectedByName PlaylistName=(RLVol1_53) bSelected=(True)
[0013.81] MusicPlayer: SetPlaylistSelectedByName PlaylistName=(MonsterCat1_52) bSelected=(True)
[0013.81] MusicPlayer: SetPlaylistSelectedByName PlaylistName=(MonsterCat7) bSelected=(False)
[0013.81] MusicPlayer: SetPlaylistSelectedByName PlaylistName=(MonsterCat6) bSelected=(True)
[0013.81] MusicPlayer: SetPlaylistSelectedByName PlaylistName=(MonsterCatXBeatSaber) bSelected=(False)
[0013.81] MusicPlayer: SetPlaylistSelectedByName PlaylistName=(MonsterCat5) bSelected=(False)
[0013.81] MusicPlayer: SetPlaylistSelectedByName PlaylistName=(MonsterCatRadSum) bSelected=(False)
[0013.81] MusicPlayer: SetPlaylistSelectedByName PlaylistName=(Throttle_WhereUAre) bSelected=(False)
[0013.81] MusicPlayer: SetPlaylistSelectedByName PlaylistName=(MonsterCat4) bSelected=(False)
[0013.81] MusicPlayer: SetPlaylistSelectedByName PlaylistName=(MonsterCat3) bSelected=(False)
[0013.81] MusicPlayer: SetPlaylistSelectedByName PlaylistName=(MonsterCat2) bSelected=(False)
[0013.81] MusicPlayer: SetPlaylistSelectedByName PlaylistName=(RLVol2) bSelected=(True)
[0013.81] MusicPlayer: SetPlaylistSelectedByName PlaylistName=(RLVol1) bSelected=(True)
[0013.81] MusicPlayer: SetPlaylistSelectedByName PlaylistName=(MonsterCat1) bSelected=(False)
[0013.81] MusicPlayer: SetPlaylistSelectedByName PlaylistName=(RLVol3) bSelected=(False)
[0013.81] MusicPlayer: SetPlaylistSelectedByName PlaylistName=(MonsterCatLegacy) bSelected=(True)
[0013.81] MusicPlayer: SetPlaylistSelectedByName PlaylistName=(MonsterCatVol7) bSelected=(False)
[0013.81] MusicPlayer: SetPlaylistSelectedByName PlaylistName=(MonsterCatVol6) bSelected=(False)
[0013.81] MusicPlayer: SetPlaylistSelectedByName PlaylistName=(Monstercat2024) bSelected=(True)
[0013.81] MusicPlayer: SetPlaylistSelectedByName PlaylistName=(Monstercat2023) bSelected=(True)
[0013.81] MusicPlayer: SetPlaylistSelectedByName PlaylistName=(Monstercat2022) bSelected=(True)
[0013.81] MusicPlayer: SetPlaylistSelectedByName PlaylistName=(Monstercat2021) bSelected=(True)
[0013.81] MusicPlayer: SetPlaylistSelectedByName PlaylistName=(Kaskade) bSelected=(True)
[0013.81] MusicPlayer: SetPlaylistSelectedByName PlaylistName=(Monstercat10YrAnn) bSelected=(True)
[0013.81] MusicPlayer: SetPlaylistSelectedByName PlaylistName=(Monstercat_RL_SS) bSelected=(False)
[0013.81] MusicPlayer: SetPlaylistSelectedByName PlaylistName=(AL3JANDRO_HHM2021) bSelected=(True)
[0013.81] MusicPlayer: SetPlaylistSelectedByName PlaylistName=(MonstercatSilk) bSelected=(True)
[0013.81] MusicPlayer: SetPlaylistSelectedByName PlaylistName=(FrostyFest2022) bSelected=(True)
[0013.81] MusicPlayer: SetPlaylistSelectedByName PlaylistName=(Esports) bSelected=(True)
[0016.56] DevOnline: WebRequest_X_2 RECV: 304 
[0016.56] DevOnline: WebRequest_X_3 RECV: 304 
[0016.62] DevOnline: WebRequest_X_1 RECV: 304 
[0017.18] Log: Flushing async loaders.
[0017.22] Log: Flushed async loaders.
[0017.94] AuthEpicCritical: Eos login result 'EOS_Success' for player '0'
[0018.31] AuthEpicCritical: Connect login result 'EOS_Success' for player '29102162b92948868b021454382b618a', local num '0'
[0018.31] FTEVerbose: [GFx] EULA sync started, waiting for response.
[0018.31] DevOnline: WebRequest_X_4 SEND: https://api.epicgames.dev/epic/id/v2/clientEula
[0018.31] AuthEpicCritical: Login status changed for player '0' to 'LS_LoggedIn'
[0018.31] AuthPsyNetCritical: Epic auth ticket completed for '29102162b92948868b021454382b618a' with error 'None'
[0018.31] AuthPsyNetVerbose: Transitioning to state 'SendLoginRequest'
[0018.31] AuthPsyNetCritical: Sending login RPC for player '76561198026543789' Auth ticket required? 'True'
[0018.31] AuthPsyNetCritical: Primary player ID? 'Steam|76561198026543789|0' Logging In PlayerID '76561198026543789'
[0018.31] AuthEpicVerbose: Requesting cabined status for player '0'
[0018.31] DevOnline: WebRequest_X_5 SEND: https://api.epicgames.dev/epic/id/v1/accounts?accountId=29102162b92948868b021454382b618a
[0018.31] PsyNet: HTTP send ID=PsyNetMessage_X_0 Message=PsyNetMessage_X_0
[0018.31] DevOnline: WebRequest_X_6 SEND: https://api.rlpp.psynet.gg/rpc/Auth/AuthPlayer/v2
[0018.36] DevOnline: EOSSDK-LogEOSIntegratedPlatform: FIntegratedSteamSanitizer: Sanitizer is implemented for this platform, but steam sanitizer not initialized. Falling back to generic sanitizer
[0018.39] DevOnline: EOSSDK-LogEOSIntegratedPlatform: FIntegratedSteamSanitizer: Sanitizer is implemented for this platform, but steam sanitizer not initialized. Falling back to generic sanitizer
[0018.42] XPGatedPlaylists: Not currently in a party.
[0018.77] DevOnline: WebRequest_X_4 RECV: 200 
[0018.77] DevOnline: WebRequest_X_7 SEND: https://eulatracking-public-service-prod06.ol.epicgames.com/eulatracking/api/eos/v1/agreements/epicgames_tos/identities/29102162b92948868b021454382b618a?locale=en
[0018.80] DevOnline: WebRequest_X_5 RECV: 200 
[0018.80] AuthEpicVerbose: Cabined request completed for user '0' with result 'False', Error 'None'
[0018.80] ScriptLog: ChatFilterManager HandleSaveLoaded: [Error: Type:None] 
[0018.80] ScriptLog: ChatFilterManager: Updating Permissions for player LocalPlayer_TA_0
[0018.80] ScriptLog: ChatFilterManager: Updating MostRestrictiveVoiceFilter [Save: ChatFilter_None] [Current: ChatFilter_All
[0018.80] ScriptLog: ChatFilterManager: Updating Permissions for player LocalPlayer_TA_0
[0018.80] ScriptLog: ChatFilterManager: Updating MostRestrictiveVoiceFilter [Save: ChatFilter_None] [Current: ChatFilter_All
[0018.80] AuthEpicVerbose: [GFx] Epic flow completed 'false'
[0018.80] FTEVerbose: [GFx] Checked FTE progress before a primary player is set
[0018.80] FTEVerbose: [GFx] Checked FTE progress before a primary player is set
[0018.90] XPGatedPlaylists: Not currently in a party.
[0019.38] DevOnline: WebRequest_X_6 RECV: 200 
[0019.38] PsyNet: HTTP recv ID=PsyNetMessage_X_0 Message=PsyNetMessage_X_1
[0019.38] AuthPsyNetCritical: PsyNet auth RPC succeeded for player '76561198026543789'
[0019.38] AuthPsyNetVerbose: Transitioning to state 'LoggedIn'
[0019.38] AuthPsyNetCritical: Login successful for player '76561198026543789'
[0019.38] Auth: OnlinePlayer_TA_0 OnlinePlayerAuthentication_TA_0 HandleAuthLoginChange Auth.bLoggedIn=(True)
[0019.38] PsyNet: Enabling PerCon
[0019.38] PsyNet: PsyNetConnection_X_1 SetAuthorized bAuthorized=True
[0019.38] RankedReconnect: LocalPlayer_TA_0.CheckForRankedReconnect() bOpenedStartMenu=(False) IsMenuLevel=(True) bLoggedIn=(True) IsPrimaryPlayer=(True) RankedReconnectAvailable=(False) EpochTime=(0) EpochNow=(1771144804) TimeSince=(1771144804) ReconnectTimeoutSeconds=(900) Reservation=()
[0019.48] XPGatedPlaylists: Not currently in a party.
[0019.82] Log: [HandleVoiceModerationAgreementCallback] EpicAccountId=29102162b92948868b021454382b618a bIsAccepted=0 bHasResponse=1 bNewAgreement=0
[0019.88] PsyNet: PsyNetMessengerWebSocket_X_0 Connected
[0019.88] PsyNet: PsyNetConnection_X_1 UpdateConnectionState bConnected=(True) bFreshConnection=(True)
[0019.88] DevOnline: WebRequest_X_8 SEND: https://api.kws.ol.epicgames.com/v1/epic-settings/public/users/29102162b92948868b021454382b618a/values?game=rl
[0019.88] DevOnline: EOSSDK-LogEOSRTC: EOS_RTCAudio_SetAudioInputSettings is deprecated. Use EOS_RTCAudio_SetInputDeviceSettings instead.
[0019.88] DevOnline: EOSSDK-LogEOSRTC: EOS_RTCAudio_SetAudioOutputSettings is deprecated. Use EOS_RTCAudio_SetOutputDeviceSettings instead.
[0019.88] DevOnline: WebRequest_X_9 SEND: https://api.epicgames.dev/epic/friends/v1/29102162b92948868b021454382b618a/blocklist
[0019.88] DevOnline: PlayerDataStorage_QueryFileList: Beginning to query files. User=(29102162b92948868b021454382b618a)
[0019.88] PsyNetBeaconDetail_X: PsyNetBeacon_X_0 SetPsyNetConnection InPsyNetConnection=(PsyNetConnection_X_1)
[0019.89] PsyNet: PsyNetConnection_X_1 UpdateConnectionState bPerConConnected=(True)
[0019.89] DevOnline: WebRequest_X_10 SEND: https://publickey-service-live.ecosec.on.epicgames.com/publickey/v2/eas/
[0019.90] Vanity: All Vanity Queries Complete
[0020.14] DevOnline: WebRequest_X_7 RECV: 204 
[0020.14] Log: Failed to parse JSON: offset:'0' 'The document is empty.'
[0020.14] Log: UJSONSerializer_X::DecodeObject() Failed: Object=EulaTextResponse Transient.EulaTextResponse_0
Json:

[0020.14] DevOnline: WebRequest_X_11 SEND: https://eulatracking-public-service-prod06.ol.epicgames.com/eulatracking/api/eos/v1/agreements/epicgames_tos?locale=en
[0020.14] FTEVerbose: [GFx] EULA sync response received.
[0020.14] EOSVoice: HandleFriendsListChanged
[0020.18] DevOnline: WebRequest_X_9 RECV: 200 
[0020.23] DevOnline: PlayerDataStorage_QueryFileList: Finished querying files. User=(29102162b92948868b021454382b618a) Success=(1)
[0020.23] DevOnline: PlayerDataStorage_ReadFile: Beginning to download file. User=(29102162b92948868b021454382b618a) FileName=(RLSaveData)
[0020.28] DevOnline: WebRequest_X_12 SEND: https://rl-cdn.psyonix.com/ChallengeIcons/Challenge_Play.jpg
[0020.28] DevOnline: WebRequest_X_13 SEND: https://rl-cdn.psyonix.com/SpecialEvent/Images/Goalentines/RL_U39.40_Goalentines_EventWidget_nav987.png
[0020.29] DevOnline: WebRequest_X_14 SEND: https://rl-cdn.psyonix.com/SpecialEvent/Images/Goalentines/RL_U39.40_Goalentines_EventDashboard_wuef9.png
[0020.29] DevOnline: WebRequest_X_15 SEND: https://rl-cdn.psyonix.com/ChallengeBanners/Season_imagery_Reward.png
[0020.29] DevOnline: WebRequest_X_16 SEND: https://rl-cdn.psyonix.com/ChallengeIcons/Challenges_DropReward_Comp_9284754.png
[0020.29] ScriptLog: ListenForBlockListDownloaded PrimaryStatus=(PlatformBlockListStatus_0) PrimaryStatus.DownloadStatus=(EB_Pending)
[0020.30] DevOnline: WebRequest_X_17 SEND: https://rl-cdn.psyonix.com/ChallengeBanners/NUX_Popup_Octane.png
[0020.31] DevOnline: WebRequest_X_18 SEND: https://rl-cdn.psyonix.com/Playlists/Images/Limited_Events_BG_JumpJam_9-8yudgfiuh.jpg
[0020.33] DevOnline: WebRequest_X_12 RECV: 304 
[0020.34] DevOnline: WebRequest_X_13 RECV: 304 
[0020.34] DevOnline: WebRequest_X_14 RECV: 304 
[0020.37] DevOnline: WebRequest_X_15 RECV: 304 
[0020.38] DevOnline: WebRequest_X_10 RECV: 200 
[0020.38] TextMod: Registered key for 29102162b92948868b021454382b618a
[0020.38] DevOnline: WebRequest_X_16 RECV: 304 
[0020.38] DevOnline: WebRequest_X_17 RECV: 304 
[0020.45] DevOnline: WebRequest_X_18 RECV: 200 
[0020.46] Log: FCacheExportTask(..\..\TAGame\Cache\WebCache/aHR0cHM6Ly9ybC1jZG4ucHN5b25peC5jb20vUGxheWxpc3RzL0ltYWdlcy9MaW1pdGVkX0V2ZW50c19CR19KdW1wSmFtXzktOHl1ZGdmaXVoLmpwZw==) wrote 995304 bytes to memory
[0020.50] DevOnline: EOSSDK-LogEOSIntegratedPlatform: FIntegratedSteamSanitizer: Sanitizer is implemented for this platform, but steam sanitizer not initialized. Falling back to generic sanitizer
[0020.51] ScriptLog: HandleStatusChanged PrimaryStatus.DownloadStatus=(EB_Success) ControllerId=(0)
[0020.55] DevOnline: EOSSDK-LogEOSIntegratedPlatform: FIntegratedSteamSanitizer: Sanitizer is implemented for this platform, but steam sanitizer not initialized. Falling back to generic sanitizer
[0020.56] DevOnline: EOSSDK-LogEOSIntegratedPlatform: FIntegratedSteamSanitizer: Sanitizer is implemented for this platform, but steam sanitizer not initialized. Falling back to generic sanitizer
[0020.56] DevOnline: EOSSDK-LogEOSIntegratedPlatform: FIntegratedSteamSanitizer: Sanitizer is implemented for this platform, but steam sanitizer not initialized. Falling back to generic sanitizer
[0020.57] DevOnline: EOSSDK-LogEOSUI: Social Overlay: HandleFriendsStateUpdateRequest - Sanitized display name is not set!
[0020.60] ScriptLog: RegionPinger_X_0 PingRegions ("13.244.191.248:7773","18.163.113.22:7891","35.79.100.42:7739","52.66.224.100:7833","54.151.250.140:7777","3.25.158.230:7947","18.157.6.1:7853","13.50.41.136:7803","108.131.146.209:7711","18.133.163.174:7941","15.237.31.128:7781","15.184.40.145:7825","15.229.123.26:7715","3.237.207.5:7861","3.143.32.20:7759","18.88.27.79:8023","3.101.183.229:7853","44.234.96.158:7881")
[0020.60] EOSVoice: HandleFriendsListChanged
[0020.65] DevOnline: WebRequest_X_8 RECV: 200 
[0020.65] ScriptLog: Setting.Namespace: chat, Setting.SettingName: enhanced-text-reporting, Setting.EffectiveValue: prefer-not-recording
[0020.65] EOSPermissions: NS=chat SN=enhanced-text-reporting PL=null EL=null DV=prefer-not-recording IV=0
[0020.65] ScriptLog: Setting.Namespace: chat, Setting.SettingName: enhanced-voice-reporting, Setting.EffectiveValue: prefer-not-recording
[0020.65] EOSPermissions: NS=chat SN=enhanced-voice-reporting PL=null EL=null DV=prefer-not-recording IV=0
[0020.65] ScriptLog: Setting.Namespace: chat, Setting.SettingName: filter-out-mature-language, Setting.EffectiveValue: False
[0020.65] EOSPermissions: NS=chat SN=filter-out-mature-language PL=null EL=null DV=False IV=False
[0020.65] ScriptLog: Setting.Namespace: chat, Setting.SettingName: text, Setting.EffectiveValue: everybody
[0020.65] EOSPermissions: NS=chat SN=text PL=null EL=null DV=0 IV=0
[0020.65] ScriptLog: Setting.Namespace: chat, Setting.SettingName: voice, Setting.EffectiveValue: everybody
[0020.65] EOSPermissions: NS=chat SN=voice PL=null EL=null DV=0 IV=0
[0020.65] ScriptLog: Setting.Namespace: prm, Setting.SettingName: experience, Setting.EffectiveValue: True
[0020.65] ScriptLog: Setting.Namespace: prm, Setting.SettingName: marketing, Setting.EffectiveValue: True
[0020.65] EOSPermissions: NS=prm SN=marketing PL=null EL=True DV=True IV=True
[0020.65] ScriptLog: Setting.Namespace: profile, Setting.SettingName: p2p-trading, Setting.EffectiveValue: everybody
[0020.65] ScriptLog: Setting.Namespace: profile, Setting.SettingName: require-pin-to-add-friend, Setting.EffectiveValue: False
[0020.65] EOSPermissions: NS=profile SN=require-pin-to-add-friend PL=null EL=null DV=False IV=False
[0020.65] ScriptLog: Setting.Namespace: profile, Setting.SettingName: show-price-in-currency, Setting.EffectiveValue: False
[0020.65] EOSPermissions: NS=profile SN=show-price-in-currency PL=null EL=null DV=False IV=False
[0020.65] ScriptLog: Setting.Namespace: profile, Setting.SettingName: show-row-modal, Setting.EffectiveValue: False
[0020.65] EOSPermissions: NS=profile SN=show-row-modal PL=null EL=null DV=False IV=False
[0020.65] ScriptLog: Setting.Namespace: stats, Setting.SettingName: show-in-leaderboard, Setting.EffectiveValue: True
[0020.65] DevOnline: WebRequest_X_19 SEND: https://api.epicgames.dev/epic/friends/v1/29102162b92948868b021454382b618a/outgoing
[0020.65] MTXGarage: GFxData_MTXGarage_TA::HandlePlayerPermissionsSet
[0020.65] MTXGarage: [GetVCPacks]
[0020.65] MTXGarage: Requesting catalog 'MTX_RocketBucks'
[0020.65] MTXGarage: [SendOnlineRequest] Category:MTX_RocketBucks EPE:True RP:False RoW:False JD:False
[0020.65] MTXGarage: [SendOnlineRequest] Additional Category:MTX_ExactAmountVCPack
[0020.71] PartyChallenge: UpdateChallengeProgressForCompetitive bChallengesComplete=(False) ChallengeState=(Challenge_Sync) bChallengeSync=(False) bChallengesAreValid=(False) bLegacyPlayer=(False) bGuestAccount=(False) Online_X.UniqueNetIDToString(Manager.Outer.PlayerID)=(Steam|76561198026543789|0) Syncing
[0020.71] PartyChallenge: UpdateChallengeProgressForCompetitive bChallengesComplete=(False) ChallengeState=(Challenge_Success) bChallengeSync=(True) bChallengesAreValid=(True) bLegacyPlayer=(False) bGuestAccount=(False) Online_X.UniqueNetIDToString(Manager.Outer.PlayerID)=(Steam|76561198026543789|0) Complete
[0020.76] EOSVoice: HandleFriendsListChanged
[0020.80] DevOnline: PlayerDataStorage_ReadFile: File download complete. User=(29102162b92948868b021454382b618a) FileName=(RLSaveData) Success=(1)
[0020.81] EOSSync: HandleFileReadComplete LocalSaveTick: 42429
[0020.81] EOSSync: HandleFileReadComplete OnlineSaveTick: 42428
[0020.81] EOSSync: HandleFileReadComplete Local Save is up to date, keeping this file
[0020.82] Log: Resetting full product sync timestamp because these productIDs were not found: 617 668 1017 
[0020.82] ScriptLog: NewProductIDs128: 
[0020.83] ScriptLog: GetDLCProducts, UnlockedDLCList=SuperSonic,Revenge,Wasteland,body_charged
[0021.30] AuthEpicVerbose: Epic save data loaded
[0021.30] AuthEpicVerbose: [GFx] Epic login changed. m_uiState:StartMenu bPromptParentalConsent:false bPromptToChoosePrimaryAccount:false bEpicSaveDataLoaded:true bPlatformLinked:true
[0021.30] ScriptLog: GetDLCProducts, UnlockedDLCList=SuperSonic,Revenge,Wasteland,body_charged
[0021.31] DevOnline: WebRequest_X_11 RECV: 200 
[0021.35] Log: FSaveDataExportTask(0) wrote 4442798 bytes to memory
[0021.35] Log: SaveGameDataAsync game thread time: 33 ms
[0021.35] DevOnline: EOSSDK-LogEOSRTC: TickTracker Tick is delayed. TimePeriod=[10.013006s]  TickIntervalThreshold=[0.100000s] MaxTickInterval=[0.511451s] MaxExecutionTime=[0.000248s] TicksCount=[681] ExpectedTicksCount=[1001]
[0021.38] MTXGarage: [HandleAllGetCatalogResponseComplete] CatalogInfoItems.Length=4 CatalogInfoExactPacks.Length=97 CombinedInfoItems.Length=101 PriceRequests.Length=0
[0021.38] MTXGarage: [ProcessQueriedCatalog] CatalogCacheEntry.Category=MTX_RocketBucks CatalogCategory=MTX_None
[0021.38] MTXGarage: [ValidatePricingTable] PASS
 Context: VCFactor=50 VCMaxExactPack=5000 Category=RocketBucks Length=101 EPE=True
[0021.38] MTXGarage: [ProcessQueriedCatalog] First condition | PriceInfoItems.Length: 101
[0021.38] MTXGarage: [TriggerCatalogReadyEvents] bTriggerUICallback: False bCatalogQuerySuccess True
[0021.40] Log: Deleting old save file ..\..\TAGame\SaveData\DBE_Production\76561198026543789.save
[0021.40] Log: SaveDataExport(0): Finished - File:[..\..\TAGame\SaveData\DBE_Production\76561198026543789_2.save] Result:[1]
[0021.53] DevOnline: WebRequest_X_19 RECV: 200 
[0022.11] Matchmaking: All Regions Pinged: USE (1.0000),USC (1.0000),USW (1.0000),EU (1.0000),ASC (1.0000),ASM (1.0000),JPN (1.0000),ME (1.0000),OCE (1.0000),SAF (1.0000),SAM (1.0000),IND (1.0000),SAF1 (0.1961),ASC1 (0.0965),JPN1 (0.1316),IND1 (0.0350),ASM1 (0.0604),OCE1 (0.1629),EU5 (0.1698),EU1 (0.1698),EU3 (0.1610),EU7 (0.1610),EU9 (0.1523),ME1 (0.1523),SAM1 (0.1435),USE1 (0.1435),USE3 (0.1347),USC1 (0.1347),USW1 (0.1260),USW3 (0.1260)
[0022.11] Log: FCacheExportTask(..\..\TAGame\Cache\RegionCache.cache) wrote 1713 bytes to memory
[0022.43] DevOnline: EOSSDK-LogEOSIntegratedPlatform: FIntegratedSteamSanitizer: Sanitizer is implemented for this platform, but steam sanitizer not initialized. Falling back to generic sanitizer
[0022.43] DevOnline: EOSSDK-LogEOSIntegratedPlatform: FIntegratedSteamSanitizer: Sanitizer is implemented for this platform, but steam sanitizer not initialized. Falling back to generic sanitizer
[0022.43] DevOnline: EOSSDK-LogEOSIntegratedPlatform: FIntegratedSteamSanitizer: Sanitizer is implemented for this platform, but steam sanitizer not initialized. Falling back to generic sanitizer
[0022.43] DevOnline: EOSSDK-LogEOSIntegratedPlatform: FIntegratedSteamSanitizer: Sanitizer is implemented for this platform, but steam sanitizer not initialized. Falling back to generic sanitizer
[0022.69] EOSVoice: HandleFriendsListChanged
[0023.31] DevOnline: Set rich presence to: Main Menu data: Menu
[0023.31] FTEVerbose: [GFx] Checking FTE progress: Shown login flow 'true', Legal modal valid? 'true', Online? 'true', Cabined state '2', Legacy state '1'
[0023.31] FTEDev: Trying to start FTE Group Prime_InitialStartup which is already completed and cannot be restarted CurrentActiveGroup.bCanBeDoneAgain=(False) bIgnoreCompletion=(False)
[0023.31] FTEVerbose: [GFx] Checking FTE progress: Shown login flow 'true', Legal modal valid? 'true', Online? 'true', Cabined state '2', Legacy state '1'
[0023.31] FTEDev: Trying to start FTE Group Prime_InitialStartup which is already completed and cannot be restarted CurrentActiveGroup.bCanBeDoneAgain=(False) bIgnoreCompletion=(False)
[0023.31] FTEVerbose: [GFx] Checking FTE progress: Shown login flow 'true', Legal modal valid? 'true', Online? 'true', Cabined state '2', Legacy state '1'
[0023.31] FTEDev: Trying to start FTE Group Prime_InitialStartup which is already completed and cannot be restarted CurrentActiveGroup.bCanBeDoneAgain=(False) bIgnoreCompletion=(False)
[0023.31] FTEVerbose: [GFx] Checking FTE progress: Shown login flow 'true', Legal modal valid? 'true', Online? 'true', Cabined state '2', Legacy state '1'
[0023.31] FTEDev: Trying to start FTE Group Prime_InitialStartup which is already completed and cannot be restarted CurrentActiveGroup.bCanBeDoneAgain=(False) bIgnoreCompletion=(False)
[0023.31] FTEVerbose: [GFx] Checking FTE progress: Shown login flow 'true', Legal modal valid? 'true', Online? 'true', Cabined state '2', Legacy state '1'
[0023.31] FTEDev: Trying to start FTE Group Prime_InitialStartup which is already completed and cannot be restarted CurrentActiveGroup.bCanBeDoneAgain=(False) bIgnoreCompletion=(False)
[0023.60] Legacy: State Set
[0023.60] FTEVerbose: [GFx] Checking FTE progress: Shown login flow 'true', Legal modal valid? 'true', Online? 'true', Cabined state '2', Legacy state '3'
[0023.60] FTEDev: Trying to start FTE Group Prime_InitialStartup which is already completed and cannot be restarted CurrentActiveGroup.bCanBeDoneAgain=(False) bIgnoreCompletion=(False)
[0023.60] FTE: Starting Group:Prime_LegalText at Checkpoint:FTE_PrimaryPlayerIsXboxGuest
[0023.60] FTE: CompleteCheckpoint GroupName=(Prime_LegalText) CheckpointName=(FTE_PrimaryPlayerIsXboxGuest)
[0023.60] FTE: Moving to Checkpoint:FTE_PrivacyPolicy
[0023.61] DevOnline: WebRequest_X_20 SEND: https://rl-cdn.psyonix.com/Legal/PC/PrivacyPolicy/INT.txt
[0023.61] DevOnline: WebRequest_X_21 SEND: https://rl-cdn.psyonix.com/Legal/PC/ToS/INT.txt
[0023.61] DevOnline: WebRequest_X_22 SEND: https://rl-cdn.psyonix.com/Legal/PC/SCT/INT.txt
[0023.61] DevOnline: WebRequest_X_23 SEND: https://rl-cdn.psyonix.com/Legal/PC/PaymentServices/INT.txt
[0023.61] FTECritical: [GFx] Changed active tutorial from 'null' to 'FTE_PRIVACYPOLICY'. Tutorial active? 'false', New checkpoint active? 'true'
[0023.61] FTEVerbose: [GFx] Checking FTE progress: Shown login flow 'true', Legal modal valid? 'true', Online? 'true', Cabined state '2', Legacy state '3'
[0023.61] FTEDev: Trying to start FTE Group Prime_InitialStartup while another Group Prime_LegalText is active
[0023.61] FTE: CompleteCheckpoint GroupName=(Prime_LegalText) CheckpointName=(FTE_PrivacyPolicy)
[0023.61] FTE: Moving to Checkpoint:FTE_EulaText
[0023.61] FTEVerbose: [GFx] Checking FTE progress: Shown login flow 'true', Legal modal valid? 'true', Online? 'true', Cabined state '2', Legacy state '3'
[0023.61] FTEDev: Trying to start FTE Group Prime_InitialStartup while another Group Prime_LegalText is active
[0023.61] Eula: RequiresAcceptance? EulaConfig?.bRequiresAcceptance=(True) GetUISave()?.Contains('bAcceptedOfflineEULA')=(True) Eula.SyncState=(LSS_Accepted)
[0023.61] FTE: CompleteCheckpoint GroupName=(Prime_LegalText) CheckpointName=(FTE_EulaText)
[0023.61] FTE: CompleteActiveGroup GroupName:Prime_LegalText
[0023.61] FTECritical: [GFx] Changed active tutorial from 'FTE_PRIVACYPOLICY' to 'NONE'. Tutorial active? 'false', New checkpoint active? 'false'
[0023.61] FTEVerbose: Checkpoint 'None' attempted completion while the FTE isn't active!
[0023.61] FTEVerbose: [GFx] Checking FTE progress: Shown login flow 'true', Legal modal valid? 'true', Online? 'true', Cabined state '2', Legacy state '3'
[0023.61] FTEDev: Trying to start FTE Group Prime_InitialStartup which is already completed and cannot be restarted CurrentActiveGroup.bCanBeDoneAgain=(False) bIgnoreCompletion=(False)
[0023.61] FTEDev: Group Prime_CarSelect Is not meant for users of type FTESave.LegacyGroupType=(LGT_LegacyUser)
[0023.61] FTEDev: Group Prime_FreeToPlayTutorial_1 Is not meant for users of type FTESave.LegacyGroupType=(LGT_LegacyUser)
[0023.61] FTEVerbose: [GFx] Checking FTE progress: Shown login flow 'true', Legal modal valid? 'true', Online? 'true', Cabined state '2', Legacy state '3'
[0023.61] FTEDev: Trying to start FTE Group Prime_InitialStartup which is already completed and cannot be restarted CurrentActiveGroup.bCanBeDoneAgain=(False) bIgnoreCompletion=(False)
[0023.61] FTEDev: Group Prime_CarSelect Is not meant for users of type FTESave.LegacyGroupType=(LGT_LegacyUser)
[0023.61] FTEDev: Group Prime_FreeToPlayTutorial_1 Is not meant for users of type FTESave.LegacyGroupType=(LGT_LegacyUser)
[0023.61] Eula: RequiresAcceptance? EulaConfig?.bRequiresAcceptance=(True) GetUISave()?.Contains('bAcceptedOfflineEULA')=(True) Eula.SyncState=(LSS_Accepted)
[0023.62] AuthEpicVerbose: [GFx] Epic login changed. m_uiState:MainMenu bPromptParentalConsent:false bPromptToChoosePrimaryAccount:false bEpicSaveDataLoaded:true bPlatformLinked:true
[0023.62] FTEDev: Group Prime_MatchComplete Is not meant for users of type FTESave.LegacyGroupType=(LGT_LegacyUser)
[0023.63] RankedReconnect: LocalPlayer_TA_0.CheckForRankedReconnect() bOpenedStartMenu=(True) IsMenuLevel=(True) bLoggedIn=(True) IsPrimaryPlayer=(True) RankedReconnectAvailable=(False) EpochTime=(0) EpochNow=(1771144809) TimeSince=(1771144809) ReconnectTimeoutSeconds=(900) Reservation=()
[0023.64] MTX: ConditionalClaimEntitlements bAllowEntitlements=(True) bClaimingEntitlements=(False) bEntitlementsDirty=(True) PsyNetConnected=(True) SplitscreenID=(0) bMtxCodeExpired=(False)
[0023.64] MTX: HandleMtxCode bSuccess=True
[0023.64] Online: TryToPlayOnline ControllerID=(-1)
[0023.66] Online: HandlePrivilegeCheckFinished PrivilegeCheck.bHasRestriction=(False)
[0023.66] Online: HandlePrivilegeCheck PrivilegeCheck.bHasRestriction=(False)
[0023.66] DevOnline: WebRequest_X_20 RECV: 304 
[0023.66] DevOnline: WebRequest_X_21 RECV: 304 
[0023.68] DevOnline: WebRequest_X_22 RECV: 304 
[0023.68] DevOnline: WebRequest_X_23 RECV: 304 
[0023.71] Legacy: State Set
[0023.71] DevOnline: PlayerDataStorage_WriteFile: Beginning to upload file. User=(29102162b92948868b021454382b618a) FileName=(RLSaveData)
[0023.74] Log: FSaveDataExportTask(0) wrote 4443018 bytes to memory
[0023.74] Log: SaveGameDataAsync game thread time: 32 ms
[0023.75] DevOnline: WebRequest_X_24 SEND: https://rl-cdn.psyonix.com/Blog/Images/RL_U57-1_Goalentines_3panel_Key_672x840.png
[0023.75] DevOnline: WebRequest_X_25 SEND: https://rl-cdn.psyonix.com/Blog/Images/rl_aftermarket_RLCS-PARIS_LIVE_NOW_tripanel.png
[0023.75] DevOnline: WebRequest_X_26 SEND: https://rl-cdn.psyonix.com/Blog/Images/FNEV_39-40_McLarenP1_3panel_Key_672x840.png
[0023.79] Log: Deleting old save file ..\..\TAGame\SaveData\DBE_Production\76561198026543789_1.save
[0023.79] Log: SaveDataExport(0): Finished - File:[..\..\TAGame\SaveData\DBE_Production\76561198026543789.save] Result:[1]
[0023.81] DevOnline: WebRequest_X_24 RECV: 304 
[0023.81] DevOnline: WebRequest_X_26 RECV: 304 
[0023.86] DevOnline: WebRequest_X_25 RECV: 200 
[0023.87] Log: FCacheExportTask(..\..\TAGame\Cache\WebCache/aHR0cHM6Ly9ybC1jZG4ucHN5b25peC5jb20vQmxvZy9JbWFnZXMvcmxfYWZ0ZXJtYXJrZXRfUkxDUy1QQVJJU19MSVZFX05PV190cmlwYW5lbC5wbmc=) wrote 435284 bytes to memory
[0023.99] MTX: HandleClaimSuccess Products=0
[0024.75] DevOnline: WebRequest_X_27 SEND: https://api.epicgames.dev/epic/friends/v1/29102162b92948868b021454382b618a/friends/29102162b92948868b021454382b618a
[0025.08] DevOnline: WebRequest_X_27 RECV: 400 {"errorCode":"errors.com.epicgames.friends.invalid_friendship","errorMessage":"Users cannot be friends with themselves","messageVars":[],"numericErrorCode":14001,"originatingService":"friends","intent":"prod"}
[0025.08] Log: WebRequest_X_27 type: HTTPError, message: {"errorCode":"errors.com.epicgames.friends.invalid_friendship","errorMessage":"Users cannot be friends with themselves","messageVars":[],"numericErrorCode":14001,"originatingService":"friends","intent":"prod"}
[0025.08] ScriptLog: EOS: HTTP request failed with error: Users cannot be friends with themselves (errors.com.epicgames.friends.invalid_friendship)
[0027.55] DevOnline: PlayerDataStorage_WriteFile: File upload complete. User=(29102162b92948868b021454382b618a) FileName=(RLSaveData) Success=(1)
[0031.89] Log: Found controller by Product Guid
[0034.51] Log: Assigning DI controller to 0
[0035.69] Prime24121: StartSearch.PreferredRegions.Length 2
[0035.69] Matchmaking: OnlineGameMatchmaking_X_0 OnlineGameMatchmaking_X -> PingRegions
[0035.69] Matchmaking: OnlineGameMatchmaking_X_0 PingRegions -> Searching
[0035.69] Prime24121: HandleRegionsPinged.PreferredRegions.Length 2
[0035.69] Matchmaking: OnlineGameMatchmaking_X::RecordStart
[0035.69] Matchmaking: Pre-divide PartyLeaderMMR: 101.8314
[0035.69] Matchmaking: Post-divide PartyLeaderMMR: 50.9157
[0035.69] Matchmaking: PartyLeaderTier=(17)
[0035.69] Matchmaking: StartMatchmaking at 2026-02-15 08:40:22 in IND1,ASM1 for playlists 13,11 on game server 
[0035.69] Matchmaking: Creating RPC_StartMatchmaking_X
[0035.69] Matchmaking: PreferredRegions.Length=(2) PreferredPlaylists.Length=(2) Party.GetOrderedPartyMemberIDs().Length=(1)
[0035.69] Matchmaking: SecondsSearching=(0) CurrentServerID=() bDisableCrossplay=(False) bIgnoreSkill=(False)
[0036.00] Matchmaking: Matchmaking RPC succeeded.
[0036.00] Matchmaking: EstimatedQueueTime=(3.0000)
[0036.34] Online: TryToUseUGC ControllerID=(-1)
[0036.34] Online: HandlePrivilegeCheckFinished PrivilegeCheck.bHasRestriction=(False)
[0036.34] Online: HandlePrivilegeCheck PrivilegeCheck.bHasRestriction=(False)
[0036.38] Online: TryToPlayOnlineAndUseUGC ControllerID=(-1)
[0036.39] Online: HandlePrivilegeCheckFinished PrivilegeCheck.bHasRestriction=(False)
[0036.39] Online: HandlePrivilegeCheck PrivilegeCheck.bHasRestriction=(False)
[0036.70] Log: FUniqueNetId::FromString - could not parse ''
[0036.70] Log: FUniqueNetId::FromString - could not parse ''
[0036.70] Log: FUniqueNetId::FromString - could not parse ''
[0036.70] Log: FUniqueNetId::FromString - could not parse ''
[0036.70] Log: FUniqueNetId::FromString - could not parse ''
[0036.70] Log: FUniqueNetId::FromString - could not parse ''
[0036.70] Log: FUniqueNetId::FromString - could not parse ''
[0036.70] Log: FUniqueNetId::FromString - could not parse ''
[0036.82] Online: TryToPlayOnlineAndUseUGC ControllerID=(-1)
[0036.83] Online: HandlePrivilegeCheckFinished PrivilegeCheck.bHasRestriction=(False)
[0036.83] Online: HandlePrivilegeCheck PrivilegeCheck.bHasRestriction=(False)
[0037.13] Log: FUniqueNetId::FromString - could not parse ''
[0037.13] Log: FUniqueNetId::FromString - could not parse ''
[0037.78] Log: FSaveDataExportTask(0) wrote 3017 bytes to memory
[0037.78] Log: SaveGameDataAsync game thread time: 0 ms
[0037.80] Log: SaveDataExport(0): Finished - File:[..\..\TAGame\Training\0110000103f352ad\Downloaded\Temp(1).Tem] Result:[1]
[0037.80] DevNet: Browse: beach_night_p?Game=TAGame.GameInfo_TrainingEditor_TA?Offline?LoadSave=Downloaded\Temp(1)?Playtest
[0037.88] Log: FSaveDataExportTask(0) wrote 4442851 bytes to memory
[0037.88] Log: SaveGameDataAsync game thread time: 31 ms
[0037.88] Log: Flushing async loaders.
[0037.89] Log: Flushed async loaders.
[0037.89] Log: LoadMap: beach_night_p?Game=TAGame.GameInfo_TrainingEditor_TA?Offline?LoadSave=Downloaded\Temp(1)?Playtest
[0037.90] DevOnline: PsyNet Flush Start TimeoutSeconds=0.250000
[0037.94] Log: Deleting old save file ..\..\TAGame\SaveData\DBE_Production\76561198026543789_2.save
[0037.94] Log: SaveDataExport(0): Finished - File:[..\..\TAGame\SaveData\DBE_Production\76561198026543789_1.save] Result:[1]
[0038.17] DevOnline: PsyNet Flush End
[0038.34] Log: Fully load package: ..\..\TAGame\CookedPCConsole\GameInfo_TrainingEditor_SF.upk
[0038.44] Log: Fully load package: ..\..\TAGame\CookedPCConsole\GFxSounds_XP_SF.upk
[0038.46] Log: Fully load package: ..\..\TAGame\CookedPCConsole\GFx_XPProgressMenu_SF.upk
[0038.48] Log: Fully load package: ..\..\TAGame\CookedPCConsole\GFX_EndGameMenu_SF.upk
[0038.52] Log: Fully load package: ..\..\TAGame\CookedPCConsole\GFX_WinnerMenu_SF.upk
[0038.53] Log: Fully load package: ..\..\TAGame\CookedPCConsole\GFX_MidGameScoreboard_SF.upk
[0038.54] Log: Fully load package: ..\..\TAGame\CookedPCConsole\GFX_MidGameMenu_SF.upk
[0038.57] Log: Fully load package: ..\..\TAGame\CookedPCConsole\GFX_HudMatchInfo_SF.upk
[0038.58] Log: Fully load package: ..\..\TAGame\CookedPCConsole\GFX_Hud_SF.upk
[0038.60] Log: Game class is 'GameInfo_TrainingEditor_TA'
[0038.60] Log: Octree Warning (AddPrimitive): StaticMeshActor_SMC_33 (Owner: beach_night_p.TheWorld:PersistentLevel.MeshCollector0) Outside World.
[0038.60] Log: Octree Warning (AddPrimitive): StaticMeshActor_SMC_722 (Owner: beach_night_p.TheWorld:PersistentLevel.MeshCollector0) Outside World.
[0038.60] Warning: Warning, Material Body_Bush.grey missing bUsedWithStaticLighting=True!
[0038.60] Warning: Warning, Material Body_Bush.grey missing bUsedWithStaticLighting=True!
[0038.60] Warning: Warning, Material Body_Bush.grey missing bUsedWithStaticLighting=True!
[0038.60] Warning: Warning, Material Body_Bush.grey missing bUsedWithStaticLighting=True!
[0038.60] Warning: Warning, Material Body_Bush.grey missing bUsedWithStaticLighting=True!
[0038.60] Warning: Warning, Material Body_Bush.grey missing bUsedWithStaticLighting=True!
[0038.60] Warning: Warning, Material Body_Bush.grey missing bUsedWithStaticLighting=True!
[0038.60] Warning: Warning, Material Body_Bush.grey missing bUsedWithStaticLighting=True!
[0038.60] Warning: Warning, Material Body_Bush.grey missing bUsedWithStaticLighting=True!
[0038.60] Warning: Warning, Material Body_Bush.grey missing bUsedWithStaticLighting=True!
[0038.60] Warning: Warning, Material Body_Bush.grey missing bUsedWithStaticLighting=True!
[0038.60] Warning: Warning, Material Body_Bush.grey missing bUsedWithStaticLighting=True!
[0038.60] Warning: Warning, Material Body_Bush.grey missing bUsedWithStaticLighting=True!
[0038.60] Warning: Warning, Material Body_Bush.grey missing bUsedWithStaticLighting=True!
[0038.60] Warning: Warning, Material Body_Bush.grey missing bUsedWithStaticLighting=True!
[0038.60] Warning: Warning, Material Body_Bush.grey missing bUsedWithStaticLighting=True!
[0038.60] Warning: Warning, Material Body_Bush.grey missing bUsedWithStaticLighting=True!
[0038.63] Log: Bringing World beach_night_p.TheWorld up for play (0) at 2026.02.15-14.10.25
[0038.63] Log: Flushing async loaders.
[0039.03] Log: Flushed async loaders.
[0039.03] Warning: Warning, Material Body_Bush.grey missing bUsedWithStaticLighting=True!
[0039.03] Warning: Warning, Material Body_Bush.grey missing bUsedWithStaticLighting=True!
[0039.03] Warning: Warning, Material Body_Bush.grey missing bUsedWithStaticLighting=True!
[0039.03] Warning: Warning, Material Body_Bush.grey missing bUsedWithStaticLighting=True!
[0039.03] Warning: Warning, Material Body_Bush.grey missing bUsedWithStaticLighting=True!
[0039.03] ScriptLog: Destroying WebServer
[0039.03] MatchBroadcast: Init bBroadcastMatch=(False) MatchLog=(None)
[0039.03] ScriptLog: MatchTypeClass=(MatchType_Tutorial_TA)
[0039.10] LTM: SettingsType=(CustomMatchSettingsType_PrivateMatch)
[0039.10] LTM: SettingsType=(CustomMatchSettingsType_PrivateMatch) InSettingsType=(CustomMatchSettingsType_LocalMatch)
[0039.10] Log: Bringing up level for play took: 0.497194
[0039.10] PartyChallenge: InitializeCompetitiveChallenges bGuestAccount=(False) bCompletedChallengesForCompetitive=(False) bLegacyPlayer=(True) Online_X.UniqueNetIDToString(OnlinePlayer.PlayerID)=(Steam|76561198026543789|0)
[0039.11] Spawn: TextChatActor_TA_0 OnOwnerChanged PlayerController_TA_0
[0039.18] DevOnline: Set rich presence to: In Training data: Tutorial
[0039.18] Log: ########### Finished loading level: 1.295114 seconds
[0039.19] DevOnline: Set rich presence to: In BakkesMod custom training data: In BakkesMod custom training
[0039.19] EOSVoice: Not requesting voice token, no MatchGUID
[0041.36] DevOnline: EOSSDK-LogEOSRTC: TickTracker Tick is delayed. TimePeriod=[10.002060s]  TickIntervalThreshold=[0.100000s] MaxTickInterval=[0.141185s] MaxExecutionTime=[0.000022s] TicksCount=[1864] ExpectedTicksCount=[1000]
[0055.61] PsyNetBeaconDetail_X: PsyNetBeacon_X_0 ReserveConnection ReservationID=(A2B9371342D040729A8D45E77C7F9571) ConnectionID=(eyJ0eXAiOiJKV1QiLCJhbGciOiJIUzUxMiJ9.eyJqdGkiOiI3NWE1OWY3NjRlY2E0NzNkYjVmYzhkZTIyZDU3ZWFiMyIsImlzcyI6IlBzeU5ldCIsInBsYXllcl9pZCI6IlN0ZWFtfDc2NTYxMTk4MDI2NTQzNzg5fDAiLCJzZXJ2ZXJfbmFtZSI6IklORDEtMDZGMTZBQjA3NTI0MDI2NEMtVmVudHVyaTIiLCJpYXQiOjE3NzExNDQ4NDEsIm5iZiI6MTc3MTE0NDg0MSwiZXhwIjoxNzcxMTU5MjQxfQ.xZy2aA2jQlZoppF5JyK4suhJePP78J2KslQLsvLCCdBprgx7EkDWp4cWyVkDhJPOrcxXSqzoXVlscrlvC4ai4Q)
[0055.61] PsyNetBeaconDetail_X: PsyNetBeacon_X_0 ClientHandleMessage Message.MessageType=(ClientReservationMessage_X) Message.ReservationID=(A2B9371342D040729A8D45E77C7F9571)
[0055.61] CheckReservation: Received game server from notification (v3) Message.Reservation=((ServerName="IND1-06F16AB075240264C-Venturi2",Playlist=11,Region="IND",ReservationID="A2B9371342D040729A8D45E77C7F9571",DSRToken="eyJ0eXAiOiJKV1QiLCJhbGciOiJIUzUxMiJ9.eyJqdGkiOiI3NWE1OWY3NjRlY2E0NzNkYjVmYzhkZTIyZDU3ZWFiMyIsImlzcyI6IlBzeU5ldCIsInBsYXllcl9pZCI6IlN0ZWFtfDc2NTYxMTk4MDI2NTQzNzg5fDAiLCJzZXJ2ZXJfbmFtZSI6IklORDEtMDZGMTZBQjA3NTI0MDI2NEMtVmVudHVyaTIiLCJpYXQiOjE3NzExNDQ4NDEsIm5iZiI6MTc3MTE0NDg0MSwiZXhwIjoxNzcxMTU5MjQxfQ.xZy2aA2jQlZoppF5JyK4suhJePP78J2KslQLsvLCCdBprgx7EkDWp4cWyVkDhJPOrcxXSqzoXVlscrlvC4ai4Q",JoinName="2BPHGQ204K5NWME4",JoinPassword="0REIQOOFRPJH5EDY"))
[0055.61] JoinGame: StartJoin Reservation=((ServerName="IND1-06F16AB075240264C-Venturi2",Playlist=11,Region="IND",ReservationID="A2B9371342D040729A8D45E77C7F9571",DSRToken="eyJ0eXAiOiJKV1QiLCJhbGciOiJIUzUxMiJ9.eyJqdGkiOiI3NWE1OWY3NjRlY2E0NzNkYjVmYzhkZTIyZDU3ZWFiMyIsImlzcyI6IlBzeU5ldCIsInBsYXllcl9pZCI6IlN0ZWFtfDc2NTYxMTk4MDI2NTQzNzg5fDAiLCJzZXJ2ZXJfbmFtZSI6IklORDEtMDZGMTZBQjA3NTI0MDI2NEMtVmVudHVyaTIiLCJpYXQiOjE3NzExNDQ4NDEsIm5iZiI6MTc3MTE0NDg0MSwiZXhwIjoxNzcxMTU5MjQxfQ.xZy2aA2jQlZoppF5JyK4suhJePP78J2KslQLsvLCCdBprgx7EkDWp4cWyVkDhJPOrcxXSqzoXVlscrlvC4ai4Q",JoinName="2BPHGQ204K5NWME4",JoinPassword="0REIQOOFRPJH5EDY")) JoinSettings=((PlaylistId=11))
[0055.61] DevOnline: Successfully set the friend join URL: 
[0055.61] JoinGame: GotoJoinGameState OnlineGameJoinGame_TA -> VerifyPrivileges
[0055.61] Online: TryToPlayOnline ControllerID=(-1)
[0055.61] Matchmaking: OnlineGameMatchmaking_X_0 Searching -> Joining
[0055.62] Online: HandlePrivilegeCheckFinished PrivilegeCheck.bHasRestriction=(False)
[0055.62] JoinGame: GotoJoinGameState VerifyPrivileges -> ReservingServerForMatchmaking
[0055.62] PsyNetBeaconDetail_X: PsyNetBeacon_X_0 SendMessageToServer Message=(AddReservationMessagePublic_X_0)
[0055.62] PsyNet: PsyNetServiceProvider_X_1 ExecuteService Complete, Service=DSR/ClientMessage 
[0056.40] PsyNetBeaconDetail_X: PsyNetBeacon_X_0 ClientHandleMessage Message.MessageType=(ReservationsWaitingMessage_X) Message.ReservationID=(A2B9371342D040729A8D45E77C7F9571)
[0056.40] JoinGame: Waiting for more players to add reservations
[0056.40] Party: HandleServerReserved (Reservation=(ServerName="IND1-06F16AB075240264C-Venturi2",Playlist=11,Region="IND",ReservationID="A2B9371342D040729A8D45E77C7F9571",DSRToken="eyJ0eXAiOiJKV1QiLCJhbGciOiJIUzUxMiJ9.eyJqdGkiOiI3NWE1OWY3NjRlY2E0NzNkYjVmYzhkZTIyZDU3ZWFiMyIsImlzcyI6IlBzeU5ldCIsInBsYXllcl9pZCI6IlN0ZWFtfDc2NTYxMTk4MDI2NTQzNzg5fDAiLCJzZXJ2ZXJfbmFtZSI6IklORDEtMDZGMTZBQjA3NTI0MDI2NEMtVmVudHVyaTIiLCJpYXQiOjE3NzExNDQ4NDEsIm5iZiI6MTc3MTE0NDg0MSwiZXhwIjoxNzcxMTU5MjQxfQ.xZy2aA2jQlZoppF5JyK4suhJePP78J2KslQLsvLCCdBprgx7EkDWp4cWyVkDhJPOrcxXSqzoXVlscrlvC4ai4Q",JoinName="2BPHGQ204K5NWME4",JoinPassword="0REIQOOFRPJH5EDY"),JoinCredentials="2BPHGQ204K5NWME4:0REIQOOFRPJH5EDY")
[0056.41] PsyNet: PsyNetServiceProvider_X_1 ExecuteService Complete, Service=DSR/ClientMessage 
[0058.61] PsyNetBeaconDetail_X: PsyNetBeacon_X_0 SendMessageToServer Message=(PingMessage_X_0)
[0059.31] PsyNetBeaconDetail_X: PsyNetBeacon_X_0 ClientHandleMessage Message.MessageType=(PingMessage_X) Message.ReservationID=(A2B9371342D040729A8D45E77C7F9571)
[0059.32] PsyNet: PsyNetServiceProvider_X_1 ExecuteService Complete, Service=DSR/ClientMessage 
[0061.61] PsyNetBeaconDetail_X: PsyNetBeacon_X_0 SendMessageToServer Message=(PingMessage_X_2)
[0062.29] PsyNetBeaconDetail_X: PsyNetBeacon_X_0 ClientHandleMessage Message.MessageType=(PingMessage_X) Message.ReservationID=(A2B9371342D040729A8D45E77C7F9571)
[0062.30] PsyNet: PsyNetServiceProvider_X_1 ExecuteService Complete, Service=DSR/ClientMessage 
[0064.62] PsyNetBeaconDetail_X: PsyNetBeacon_X_0 SendMessageToServer Message=(PingMessage_X_4)
[0065.35] PsyNetBeaconDetail_X: PsyNetBeacon_X_0 ClientHandleMessage Message.MessageType=(PingMessage_X) Message.ReservationID=(A2B9371342D040729A8D45E77C7F9571)
[0065.36] PsyNet: PsyNetServiceProvider_X_1 ExecuteService Complete, Service=DSR/ClientMessage 
[0067.62] PsyNetBeaconDetail_X: PsyNetBeacon_X_0 SendMessageToServer Message=(PingMessage_X_6)
[0068.37] PsyNetBeaconDetail_X: PsyNetBeacon_X_0 ClientHandleMessage Message.MessageType=(PingMessage_X) Message.ReservationID=(A2B9371342D040729A8D45E77C7F9571)
[0068.37] PsyNet: PsyNetServiceProvider_X_1 ExecuteService Complete, Service=DSR/ClientMessage 
[0070.61] PsyNetBeaconDetail_X: PsyNetBeacon_X_0 SendMessageToServer Message=(PingMessage_X_8)
[0071.24] PsyNetBeaconDetail_X: PsyNetBeacon_X_0 ClientHandleMessage Message.MessageType=(ReservationsTimedOutMessage_X) Message.ReservationID=(A2B9371342D040729A8D45E77C7F9571)
[0071.24] JoinGame: Timed out waiting for players
[0071.24] JoinGame: OnJoinGameComplete bSuccess=(False) FailReason=(Not all players connected. (Error: 64))
[0071.24] DevOnline: Successfully set the friend join URL: 
[0071.24] JoinGame: GotoJoinGameState ReservingServerForMatchmaking -> None
[0071.24] PsyNetBeaconDetail_X: PsyNetBeacon_X_0 Close
[0071.24] PsyNetBeaconDetail_X: PsyNetBeacon_X_0 CloseConnection Connection.ConnectionID=(eyJ0eXAiOiJKV1QiLCJhbGciOiJIUzUxMiJ9.eyJqdGkiOiI3NWE1OWY3NjRlY2E0NzNkYjVmYzhkZTIyZDU3ZWFiMyIsImlzcyI6IlBzeU5ldCIsInBsYXllcl9pZCI6IlN0ZWFtfDc2NTYxMTk4MDI2NTQzNzg5fDAiLCJzZXJ2ZXJfbmFtZSI6IklORDEtMDZGMTZBQjA3NTI0MDI2NEMtVmVudHVyaTIiLCJpYXQiOjE3NzExNDQ4NDEsIm5iZiI6MTc3MTE0NDg0MSwiZXhwIjoxNzcxMTU5MjQxfQ.xZy2aA2jQlZoppF5JyK4suhJePP78J2KslQLsvLCCdBprgx7EkDWp4cWyVkDhJPOrcxXSqzoXVlscrlvC4ai4Q)
[0071.24] Matchmaking: OnlineGameMatchmaking_X_0 Joining -> PingRegions
[0071.24] Matchmaking: OnlineGameMatchmaking_X_0 PingRegions -> Searching
[0071.24] Prime24121: HandleRegionsPinged.PreferredRegions.Length 2
[0071.24] Matchmaking: OnlineGameMatchmaking_X::RecordStart
[0071.24] Matchmaking: Pre-divide PartyLeaderMMR: 101.8314
[0071.24] Matchmaking: Post-divide PartyLeaderMMR: 50.9157
[0071.24] Matchmaking: PartyLeaderTier=(17)
[0071.24] Matchmaking: StartMatchmaking at 2026-02-15 08:40:56 in IND1,ASM1 for playlists 13,11 on game server 
[0071.24] Matchmaking: Creating RPC_StartMatchmaking_X
[0071.24] Matchmaking: PreferredRegions.Length=(2) PreferredPlaylists.Length=(2) Party.GetOrderedPartyMemberIDs().Length=(1)
[0071.24] Matchmaking: SecondsSearching=(35) CurrentServerID=() bDisableCrossplay=(False) bIgnoreSkill=(False)
[0071.24] PsyNet: PsyNetServiceProvider_X_1 ExecuteService Complete, Service=DSR/ClientMessage 
[0071.54] Matchmaking: Matchmaking RPC succeeded.
[0071.54] Matchmaking: EstimatedQueueTime=(3.0000)
[0076.26] DevOnline: WebRequest_X_28 SEND: https://datarouter.ol.epicgames.com/datarouter/api/v1/public/data?AppID=RocketLeague.Release&AppVersion=1320316429&AppEnvironment=Prod&UploadType=eteventstream&UserID=|29102162b92948868b021454382b618a|||Steam|76561198026543789|0&SessionID=97EA5AFF4B17012BE08566BDD75FF0FB
[0077.80] DevOnline: WebRequest_X_28 RECV: 204 
[0081.37] DevOnline: EOSSDK-LogEOSRTC: TickTracker Tick is delayed. TimePeriod=[10.002218s]  TickIntervalThreshold=[0.100000s] MaxTickInterval=[0.186004s] MaxExecutionTime=[0.000021s] TicksCount=[2231] ExpectedTicksCount=[1000]
[0090.73] PsyNetBeaconDetail_X: PsyNetBeacon_X_0 ReserveConnection ReservationID=(96BA9AA870B3408C9A900A93E2C531B0) ConnectionID=(eyJ0eXAiOiJKV1QiLCJhbGciOiJIUzUxMiJ9.eyJqdGkiOiI0NDZmZmQ3M2NlMGI0OTYxYWQ4NGY3OTU4MTAxNWRjOSIsImlzcyI6IlBzeU5ldCIsInBsYXllcl9pZCI6IlN0ZWFtfDc2NTYxMTk4MDI2NTQzNzg5fDAiLCJzZXJ2ZXJfbmFtZSI6IkFTTTEtMEU0NERGMEM3MzM1M0M3N0YtTmV1cm9uIiwiaWF0IjoxNzcxMTQ0ODc2LCJuYmYiOjE3NzExNDQ4NzYsImV4cCI6MTc3MTE1OTI3Nn0.9vb0r9-TmaQNha1OrGsLsMLyH8pKje-JuVy2jhgikoqoXSGBImIv6sWpVEyOlPVcGm-RIzDoxgEag5DklyhEyA)
[0090.73] PsyNetBeaconDetail_X: PsyNetBeacon_X_0 ClientHandleMessage Message.MessageType=(ClientReservationMessage_X) Message.ReservationID=(96BA9AA870B3408C9A900A93E2C531B0)
[0090.73] CheckReservation: Received game server from notification (v3) Message.Reservation=((ServerName="ASM1-0E44DF0C73353C77F-Neuron",Playlist=13,Region="ASM",ReservationID="96BA9AA870B3408C9A900A93E2C531B0",DSRToken="eyJ0eXAiOiJKV1QiLCJhbGciOiJIUzUxMiJ9.eyJqdGkiOiI0NDZmZmQ3M2NlMGI0OTYxYWQ4NGY3OTU4MTAxNWRjOSIsImlzcyI6IlBzeU5ldCIsInBsYXllcl9pZCI6IlN0ZWFtfDc2NTYxMTk4MDI2NTQzNzg5fDAiLCJzZXJ2ZXJfbmFtZSI6IkFTTTEtMEU0NERGMEM3MzM1M0M3N0YtTmV1cm9uIiwiaWF0IjoxNzcxMTQ0ODc2LCJuYmYiOjE3NzExNDQ4NzYsImV4cCI6MTc3MTE1OTI3Nn0.9vb0r9-TmaQNha1OrGsLsMLyH8pKje-JuVy2jhgikoqoXSGBImIv6sWpVEyOlPVcGm-RIzDoxgEag5DklyhEyA",JoinName="4ILKLJVG9U9I7OR1",JoinPassword="WAM5LTORD20T282X"))
[0090.73] JoinGame: StartJoin Reservation=((ServerName="ASM1-0E44DF0C73353C77F-Neuron",Playlist=13,Region="ASM",ReservationID="96BA9AA870B3408C9A900A93E2C531B0",DSRToken="eyJ0eXAiOiJKV1QiLCJhbGciOiJIUzUxMiJ9.eyJqdGkiOiI0NDZmZmQ3M2NlMGI0OTYxYWQ4NGY3OTU4MTAxNWRjOSIsImlzcyI6IlBzeU5ldCIsInBsYXllcl9pZCI6IlN0ZWFtfDc2NTYxMTk4MDI2NTQzNzg5fDAiLCJzZXJ2ZXJfbmFtZSI6IkFTTTEtMEU0NERGMEM3MzM1M0M3N0YtTmV1cm9uIiwiaWF0IjoxNzcxMTQ0ODc2LCJuYmYiOjE3NzExNDQ4NzYsImV4cCI6MTc3MTE1OTI3Nn0.9vb0r9-TmaQNha1OrGsLsMLyH8pKje-JuVy2jhgikoqoXSGBImIv6sWpVEyOlPVcGm-RIzDoxgEag5DklyhEyA",JoinName="4ILKLJVG9U9I7OR1",JoinPassword="WAM5LTORD20T282X")) JoinSettings=((PlaylistId=13))
[0090.73] DevOnline: Successfully set the friend join URL: 
[0090.73] JoinGame: GotoJoinGameState OnlineGameJoinGame_TA -> VerifyPrivileges
[0090.73] Online: TryToPlayOnline ControllerID=(-1)
[0090.73] Matchmaking: OnlineGameMatchmaking_X_0 Searching -> Joining
[0090.74] Online: HandlePrivilegeCheckFinished PrivilegeCheck.bHasRestriction=(False)
[0090.74] JoinGame: GotoJoinGameState VerifyPrivileges -> ReservingServerForMatchmaking
[0090.74] PsyNetBeaconDetail_X: PsyNetBeacon_X_0 SendMessageToServer Message=(AddReservationMessagePublic_X_1)
[0090.74] PsyNet: PsyNetServiceProvider_X_1 ExecuteService Complete, Service=DSR/ClientMessage 
[0091.51] PsyNetBeaconDetail_X: PsyNetBeacon_X_0 ClientHandleMessage Message.MessageType=(ReservationsWaitingMessage_X) Message.ReservationID=(96BA9AA870B3408C9A900A93E2C531B0)
[0091.51] JoinGame: Waiting for more players to add reservations
[0091.51] Party: HandleServerReserved (Reservation=(ServerName="ASM1-0E44DF0C73353C77F-Neuron",Playlist=13,Region="ASM",ReservationID="96BA9AA870B3408C9A900A93E2C531B0",DSRToken="eyJ0eXAiOiJKV1QiLCJhbGciOiJIUzUxMiJ9.eyJqdGkiOiI0NDZmZmQ3M2NlMGI0OTYxYWQ4NGY3OTU4MTAxNWRjOSIsImlzcyI6IlBzeU5ldCIsInBsYXllcl9pZCI6IlN0ZWFtfDc2NTYxMTk4MDI2NTQzNzg5fDAiLCJzZXJ2ZXJfbmFtZSI6IkFTTTEtMEU0NERGMEM3MzM1M0M3N0YtTmV1cm9uIiwiaWF0IjoxNzcxMTQ0ODc2LCJuYmYiOjE3NzExNDQ4NzYsImV4cCI6MTc3MTE1OTI3Nn0.9vb0r9-TmaQNha1OrGsLsMLyH8pKje-JuVy2jhgikoqoXSGBImIv6sWpVEyOlPVcGm-RIzDoxgEag5DklyhEyA",JoinName="4ILKLJVG9U9I7OR1",JoinPassword="WAM5LTORD20T282X"),JoinCredentials="4ILKLJVG9U9I7OR1:WAM5LTORD20T282X")
[0091.51] PsyNet: PsyNetServiceProvider_X_1 ExecuteService Complete, Service=DSR/ClientMessage 
[0092.80] PsyNetBeaconDetail_X: PsyNetBeacon_X_0 ClientHandleMessage Message.MessageType=(ReservationsReadyMessage_X) Message.ReservationID=(96BA9AA870B3408C9A900A93E2C531B0)
[0092.80] DevOnline: Successfully set the friend join URL: 
[0092.80] Party: HandleServerReserved (Reservation=(ServerName="ASM1-0E44DF0C73353C77F-Neuron",Playlist=13,Region="ASM",ReservationID="96BA9AA870B3408C9A900A93E2C531B0",DSRToken="eyJ0eXAiOiJKV1QiLCJhbGciOiJIUzUxMiJ9.eyJqdGkiOiI0NDZmZmQ3M2NlMGI0OTYxYWQ4NGY3OTU4MTAxNWRjOSIsImlzcyI6IlBzeU5ldCIsInBsYXllcl9pZCI6IlN0ZWFtfDc2NTYxMTk4MDI2NTQzNzg5fDAiLCJzZXJ2ZXJfbmFtZSI6IkFTTTEtMEU0NERGMEM3MzM1M0M3N0YtTmV1cm9uIiwiaWF0IjoxNzcxMTQ0ODc2LCJuYmYiOjE3NzExNDQ4NzYsImV4cCI6MTc3MTE1OTI3Nn0.9vb0r9-TmaQNha1OrGsLsMLyH8pKje-JuVy2jhgikoqoXSGBImIv6sWpVEyOlPVcGm-RIzDoxgEag5DklyhEyA",JoinName="4ILKLJVG9U9I7OR1",JoinPassword="WAM5LTORD20T282X"),PingURL="54.151.250.140:7789",GameURL="54.151.250.140:7788",JoinCredentials="4ILKLJVG9U9I7OR1:WAM5LTORD20T282X")
[0092.80] JoinGame: GotoJoinGameState ReservingServerForMatchmaking -> JoinCountdown
[0092.80] PsyNetBeaconDetail_X: PsyNetBeacon_X_0 SendMessageToServer Message=(PingMessage_X_9)
[0092.81] PsyNet: PsyNetServiceProvider_X_1 ExecuteService Complete, Service=DSR/ClientMessage 
[0093.36] PsyNetBeaconDetail_X: PsyNetBeacon_X_0 ClientHandleMessage Message.MessageType=(PingMessage_X) Message.ReservationID=(96BA9AA870B3408C9A900A93E2C531B0)
[0093.37] PsyNet: PsyNetServiceProvider_X_1 ExecuteService Complete, Service=DSR/ClientMessage 
[0095.81] JoinGame: GotoJoinGameState JoinCountdown -> OpeningLoadingScreen
[0095.82] RankedReconnect: OnlineGameJoinGame_TA_0::OpeningLoadingScreen.BeginState()
[0095.82] RankedReconnect: LocalPlayer_TA_0.UpdateRankedReconnect() RankedStandard True 6 False
[0095.82] RankedReconnect: RankedReconnectSave_TA_0.SetRankedReconnect() Server=((Reservation=(ServerName="ASM1-0E44DF0C73353C77F-Neuron",Playlist=13,Region="ASM",ReservationID="96BA9AA870B3408C9A900A93E2C531B0",DSRToken="eyJ0eXAiOiJKV1QiLCJhbGciOiJIUzUxMiJ9.eyJqdGkiOiI0NDZmZmQ3M2NlMGI0OTYxYWQ4NGY3OTU4MTAxNWRjOSIsImlzcyI6IlBzeU5ldCIsInBsYXllcl9pZCI6IlN0ZWFtfDc2NTYxMTk4MDI2NTQzNzg5fDAiLCJzZXJ2ZXJfbmFtZSI6IkFTTTEtMEU0NERGMEM3MzM1M0M3N0YtTmV1cm9uIiwiaWF0IjoxNzcxMTQ0ODc2LCJuYmYiOjE3NzExNDQ4NzYsImV4cCI6MTc3MTE1OTI3Nn0.9vb0r9-TmaQNha1OrGsLsMLyH8pKje-JuVy2jhgikoqoXSGBImIv6sWpVEyOlPVcGm-RIzDoxgEag5DklyhEyA",JoinName="4ILKLJVG9U9I7OR1",JoinPassword="WAM5LTORD20T282X"),PingURL="54.151.250.140:7789",GameURL="54.151.250.140:7788",JoinCredentials="4ILKLJVG9U9I7OR1:WAM5LTORD20T282X")) EpochNow=(1771144882)
[0095.82] DevNet: Browse: JoinGameTransition?game=TAGame.GameInfo_Transition_TA?Offline?LoadSave=Downloaded\Temp(1)?Playtest
[0095.88] Log: FSaveDataExportTask(0) wrote 4443758 bytes to memory
[0095.88] Log: SaveGameDataAsync game thread time: 32 ms
[0095.89] Log: LoadMap: JoinGameTransition?game=TAGame.GameInfo_Transition_TA?Offline?LoadSave=Downloaded\Temp(1)?Playtest
[0095.89] EOSVoice: Not requesting voice token, no MatchGUID
[0095.89] Spawn: TextChatActor_TA_0 Destroyed
[0095.90] DevOnline: PsyNet Flush Start TimeoutSeconds=0.250000
[0095.95] Log: Deleting old save file ..\..\TAGame\SaveData\DBE_Production\76561198026543789.save
[0095.95] Log: SaveDataExport(0): Finished - File:[..\..\TAGame\SaveData\DBE_Production\76561198026543789_2.save] Result:[1]
[0096.17] DevOnline: PsyNet Flush End
[0096.20] Log: Fully load package: ..\..\TAGame\CookedPCConsole\GameInfo_Transition_SF.upk
[0096.20] Log: Game class is 'GameInfo_Transition_TA'
[0096.25] Log: Bringing World JoinGameTransition.TheWorld up for play (0) at 2026.02.15-14.11.23
[0096.25] Log: Bringing up level for play took: 0.048504
[0096.25] PartyChallenge: InitializeCompetitiveChallenges bGuestAccount=(False) bCompletedChallengesForCompetitive=(False) bLegacyPlayer=(True) Online_X.UniqueNetIDToString(OnlinePlayer.PlayerID)=(Steam|76561198026543789|0)
[0096.25] JoinGame: GotoJoinGameState OpeningLoadingScreen -> JoiningNewServer
[0096.25] DevNet: SetProgress, MessageType=1, Title=, Message=Connecting...
[0096.25] Log: ########### Finished loading level: 0.366179 seconds
[0096.25] DevNet: Browse: 54.151.250.140:7788/MENU_Main_p?Name=Lock
[0096.25] DevNet: Game client on port 7788, rate 15000
[0096.25] NetComeGo: SEND first packet Length=80 CRC=1029391708
[0096.32] NetComeGo: TcpipConnection_0 RECV first packet IP=54.151.250.140:7788 Length=15 CRC=-318608965 HandshakeStatus=0 bUseSessionUID=1 InSessionUID=(0 0 0) SessionUID=(0 0 0)
[0096.32] NetComeGo: Client set SessionUID to: 172 120 80
[0096.54] DevNet: Welcomed by server (Level: Paname_Dusk_P, Game: TAGame.GameInfo_Soccar_TA, GameTags: )
[0096.58] Log: FSaveDataExportTask(0) wrote 4443758 bytes to memory
[0096.58] Log: SaveGameDataAsync game thread time: 34 ms
[0096.59] Log: Flushing async loaders.
[0096.60] Log: Flushed async loaders.
[0096.60] Log: LoadMap: 54.151.250.140:7788/Paname_Dusk_P?Name=Lock?game=TAGame.GameInfo_Soccar_TA
[0096.61] DevOnline: PsyNet Flush Start TimeoutSeconds=0.250000
[0096.64] Log: Deleting old save file ..\..\TAGame\SaveData\DBE_Production\76561198026543789_1.save
[0096.64] Log: SaveDataExport(0): Finished - File:[..\..\TAGame\SaveData\DBE_Production\76561198026543789.save] Result:[1]
[0096.87] DevOnline: PsyNet Flush End
[0096.89] Log: Fully load package: ..\..\TAGame\CookedPCConsole\GameInfo_Soccar_SF.upk
[0096.94] Log: Fully load package: ..\..\TAGame\CookedPCConsole\GFxSounds_XP_SF.upk
[0096.94] Log: Fully load package: ..\..\TAGame\CookedPCConsole\GFx_XPProgressMenu_SF.upk
[0096.96] Log: Fully load package: ..\..\TAGame\CookedPCConsole\GFX_EndGameMenu_SF.upk
[0096.99] Log: Fully load package: ..\..\TAGame\CookedPCConsole\GFX_WinnerMenu_SF.upk
[0097.00] Log: Fully load package: ..\..\TAGame\CookedPCConsole\GFX_MidGameScoreboard_SF.upk
[0097.01] Log: Fully load package: ..\..\TAGame\CookedPCConsole\GFX_MidGameMenu_SF.upk
[0097.02] Log: Fully load package: ..\..\TAGame\CookedPCConsole\GFX_HudMatchInfo_SF.upk
[0097.03] Log: Fully load package: ..\..\TAGame\CookedPCConsole\GFX_Hud_SF.upk
[0097.74] Warning: Warning, Material hat_flyingcarpet.Whale_FlyingCarpet_MAT missing bUsedWithStaticLighting=True!
[0097.74] Warning: Warning, Material hat_flyingcarpet.Whale_FlyingCarpet_MAT missing bUsedWithStaticLighting=True!
[0097.74] Warning: Warning, Material hat_flyingcarpet.Whale_FlyingCarpet_MAT missing bUsedWithStaticLighting=True!
[0097.74] Warning: Warning, Material hat_flyingcarpet.Whale_FlyingCarpet_MAT missing bUsedWithStaticLighting=True!
[0097.74] Warning: Warning, Material hat_flyingcarpet.Whale_FlyingCarpet_MAT missing bUsedWithStaticLighting=True!
[0097.74] Warning: Warning, Material hat_flyingcarpet.Whale_FlyingCarpet_MAT missing bUsedWithStaticLighting=True!
[0097.96] Log: Bringing World Paname_Dusk_P.TheWorld up for play (0) at 2026.02.15-14.11.25
[0097.96] Warning: Warning, Material hat_flyingcarpet.Whale_FlyingCarpet_MAT missing bUsedWithStaticLighting=True!
[0097.96] Warning: Warning, Material hat_flyingcarpet.Whale_FlyingCarpet_MAT missing bUsedWithStaticLighting=True!
[0097.96] Log: Bringing up level for play took: 0.218870
[0098.03] PartyChallenge: InitializeCompetitiveChallenges bGuestAccount=(False) bCompletedChallengesForCompetitive=(False) bLegacyPlayer=(True) Online_X.UniqueNetIDToString(OnlinePlayer.PlayerID)=(Steam|76561198026543789|0)
[0098.03] JoinGame: OnJoinGameComplete bSuccess=(True) FailReason=()
[0098.03] JoinGame: GotoJoinGameState JoiningNewServer -> None
[0098.03] PsyNetBeaconDetail_X: PsyNetBeacon_X_0 Close
[0098.03] PsyNetBeaconDetail_X: PsyNetBeacon_X_0 CloseConnection Connection.ConnectionID=(eyJ0eXAiOiJKV1QiLCJhbGciOiJIUzUxMiJ9.eyJqdGkiOiI0NDZmZmQ3M2NlMGI0OTYxYWQ4NGY3OTU4MTAxNWRjOSIsImlzcyI6IlBzeU5ldCIsInBsYXllcl9pZCI6IlN0ZWFtfDc2NTYxMTk4MDI2NTQzNzg5fDAiLCJzZXJ2ZXJfbmFtZSI6IkFTTTEtMEU0NERGMEM3MzM1M0M3N0YtTmV1cm9uIiwiaWF0IjoxNzcxMTQ0ODc2LCJuYmYiOjE3NzExNDQ4NzYsImV4cCI6MTc3MTE1OTI3Nn0.9vb0r9-TmaQNha1OrGsLsMLyH8pKje-JuVy2jhgikoqoXSGBImIv6sWpVEyOlPVcGm-RIzDoxgEag5DklyhEyA)
[0098.03] Matchmaking: OnlineGameMatchmaking_X_0 Joining -> None
[0098.03] Spawn: TextChatActor_TA_1 OnOwnerChanged PlayerController_TA_1
[0098.03] Log: ########### Finished loading level: 1.431010 seconds
[0098.03] MusicPlayer: HandleTrackEnd CurrentTrackPlayingID=(0) PlayingID=(59)
[0098.03] MusicPlayer: HandleTrackEnd CurrentTrackPlayingID=(0) PlayingID=(59)
[0098.15] PartyChallenge: InitializeCompetitiveChallenges bGuestAccount=(False) bCompletedChallengesForCompetitive=(False) bLegacyPlayer=(True) Online_X.UniqueNetIDToString(OnlinePlayer.PlayerID)=(Steam|76561198026543789|0)
[0098.15] ScriptLog: Client InputRate=60
[0098.15] DevNet: PlayerController_TA_2 setplayer LocalPlayer_TA_0
[0098.15] PsyNetStaticData: UpdateCacheTimerEnabled CacheTimer.bEnabled=(False)
[0098.15] MatchBroadcast: Init bBroadcastMatch=(False) MatchLog=(None)
[0098.16] ScriptLog: MatchGUID: 178C156411F10A4A5A6E0FB17FA316B0
[0098.16] Spawn: TextChatActor_TA_2 OnOwnerChanged PlayerController_TA_2
[0098.17] DevOnline: Set rich presence to: Standard in Parc de Paris data: Playlist-13
[0098.23] LTM: SettingsType=(CustomMatchSettingsType_PrivateMatch)
[0098.29] EOSVoice: AlertVoiceError: VoiceModerationEULANotAccepted
[0098.38] ScriptLog: Uncached PlatformId for Epic|df896a5cbd604bf38b3dfd532b4ca6fb|0
[0098.45] ScriptLog: Uncached PlatformId for Epic|5e8c13b8621a4e809a60fa0a18905bd1|0
[0098.48] ScriptLog: Uncached PlatformId for Epic|13a61500a7ce41259e59915d4a264cbd|0
[0098.70] DevOnline: RemoteUserDataReplicated Name: PRI_TA_3 Role: 1 RemoteRole: 3
[0098.75] DevOnline: EOSSDK-LogEOSIntegratedPlatform: FIntegratedSteamSanitizer: Sanitizer is implemented for this platform, but steam sanitizer not initialized. Falling back to generic sanitizer
[0099.41] DevOnline: EOSSDK-LogEOSIntegratedPlatform: FIntegratedSteamSanitizer: Sanitizer is implemented for this platform, but steam sanitizer not initialized. Falling back to generic sanitizer
[0101.37] DevOnline: EOSSDK-LogEOSRTC: TickTracker Tick is delayed. TimePeriod=[10.002902s]  TickIntervalThreshold=[0.100000s] MaxTickInterval=[0.181373s] MaxExecutionTime=[0.000130s] TicksCount=[1579] ExpectedTicksCount=[1000]
[0113.88] DevOnline: Set rich presence to: InGame 0:0 [4:59 remaining] data: InGame 0:0 [4:59 remaining]
[0127.87] DevOnline: Set rich presence to: InGame 0:0 [4:45 remaining] data: InGame 0:0 [4:45 remaining]
[0137.39] DevOnline: WebRequest_X_29 SEND: https://datarouter.ol.epicgames.com/datarouter/api/v1/public/data?AppID=RocketLeague.Release&AppVersion=1320316429&AppEnvironment=Prod&UploadType=eteventstream&UserID=|29102162b92948868b021454382b618a|||Steam|76561198026543789|0&SessionID=97EA5AFF4B17012BE08566BDD75FF0FB
[0137.70] DevOnline: WebRequest_X_29 RECV: 204 
[0142.87] DevOnline: Set rich presence to: InGame 0:0 [4:30 remaining] data: InGame 0:0 [4:30 remaining]
[0157.89] DevOnline: Set rich presence to: InGame 0:0 [4:15 remaining] data: InGame 0:0 [4:15 remaining]
[0172.88] DevOnline: Set rich presence to: InGame 0:0 [4:00 remaining] data: InGame 0:0 [4:00 remaining]
[0187.88] DevOnline: Set rich presence to: InGame 0:0 [3:45 remaining] data: InGame 0:0 [3:45 remaining]
[0197.39] DevOnline: WebRequest_X_30 SEND: https://datarouter.ol.epicgames.com/datarouter/api/v1/public/data?AppID=RocketLeague.Release&AppVersion=1320316429&AppEnvironment=Prod&UploadType=eteventstream&UserID=|29102162b92948868b021454382b618a|||Steam|76561198026543789|0&SessionID=97EA5AFF4B17012BE08566BDD75FF0FB
[0197.71] DevOnline: WebRequest_X_30 RECV: 204 
[0202.88] DevOnline: Set rich presence to: InGame 0:0 [3:30 remaining] data: InGame 0:0 [3:30 remaining]
[0217.87] DevOnline: Set rich presence to: InGame 0:0 [3:15 remaining] data: InGame 0:0 [3:15 remaining]
[0232.89] DevOnline: Set rich presence to: InGame 0:0 [3:00 remaining] data: InGame 0:0 [3:00 remaining]
[0247.88] DevOnline: Set rich presence to: InGame 0:0 [2:45 remaining] data: InGame 0:0 [2:45 remaining]
[0257.39] DevOnline: WebRequest_X_31 SEND: https://datarouter.ol.epicgames.com/datarouter/api/v1/public/data?AppID=RocketLeague.Release&AppVersion=1320316429&AppEnvironment=Prod&UploadType=eteventstream&UserID=|29102162b92948868b021454382b618a|||Steam|76561198026543789|0&SessionID=97EA5AFF4B17012BE08566BDD75FF0FB
[0257.71] DevOnline: WebRequest_X_31 RECV: 204 
[0262.89] DevOnline: Set rich presence to: InGame 0:0 [2:30 remaining] data: InGame 0:0 [2:30 remaining]
[0277.88] DevOnline: Set rich presence to: InGame 0:0 [2:15 remaining] data: InGame 0:0 [2:15 remaining]
[0292.87] DevOnline: Set rich presence to: InGame 0:0 [2:00 remaining] data: InGame 0:0 [2:00 remaining]
[0307.87] DevOnline: Set rich presence to: InGame 0:0 [1:45 remaining] data: InGame 0:0 [1:45 remaining]
[0317.39] DevOnline: WebRequest_X_32 SEND: https://datarouter.ol.epicgames.com/datarouter/api/v1/public/data?AppID=RocketLeague.Release&AppVersion=1320316429&AppEnvironment=Prod&UploadType=eteventstream&UserID=|29102162b92948868b021454382b618a|||Steam|76561198026543789|0&SessionID=97EA5AFF4B17012BE08566BDD75FF0FB
[0317.70] DevOnline: WebRequest_X_32 RECV: 204 
[0319.96] DevOnline: Set rich presence to: InGame 1:0 [1:33 remaining] data: InGame 1:0 [1:33 remaining]
[0323.55] EOSGameClips: EOSGameClips: Currently recording: false
[0334.21] DevOnline: Set rich presence to: InGame 1:0 [1:30 remaining] data: InGame 1:0 [1:30 remaining]
[0349.19] DevOnline: Set rich presence to: InGame 1:0 [1:15 remaining] data: InGame 1:0 [1:15 remaining]
[0364.21] DevOnline: Set rich presence to: InGame 1:0 [1:00 remaining] data: InGame 1:0 [1:00 remaining]
[0365.38] DevOnline: Set rich presence to: InGame 2:0 [0:59 remaining] data: InGame 2:0 [0:59 remaining]
[0368.94] EOSGameClips: EOSGameClips: Currently recording: false
[0377.39] DevOnline: WebRequest_X_33 SEND: https://datarouter.ol.epicgames.com/datarouter/api/v1/public/data?AppID=RocketLeague.Release&AppVersion=1320316429&AppEnvironment=Prod&UploadType=eteventstream&UserID=|29102162b92948868b021454382b618a|||Steam|76561198026543789|0&SessionID=97EA5AFF4B17012BE08566BDD75FF0FB
[0377.70] DevOnline: WebRequest_X_33 RECV: 204 
[0389.44] DevOnline: Set rich presence to: InGame 2:0 [0:45 remaining] data: InGame 2:0 [0:45 remaining]
[0404.42] DevOnline: Set rich presence to: InGame 2:0 [0:30 remaining] data: InGame 2:0 [0:30 remaining]
[0419.44] DevOnline: Set rich presence to: InGame 2:0 [0:15 remaining] data: InGame 2:0 [0:15 remaining]
[0435.20] XPProgression: GFxHUD_TA.HandleGameStateChanged Current player match score = 232, UniqueId=(Steam|76561198026543789|0), with total match time = 300.3023 seconds, with total net time = 300.3023seconds
[0435.20] Party: Ranked Game Finished, Clear party member server
[0435.20] RankedReconnect: RankedReconnectSave_TA_0.ClearRankedReconnect()
[0435.61] PartyChallenge: UpdateChallengeProgressForCompetitive bChallengesComplete=(False) ChallengeState=(Challenge_Success) bChallengeSync=(True) bChallengesAreValid=(True) bLegacyPlayer=(True) bGuestAccount=(False) Online_X.UniqueNetIDToString(Manager.Outer.PlayerID)=(Steam|76561198026543789|0) Complete
[0435.61] PsyNet: PsyNetServiceProvider_X_1 ExecuteService Complete, Service=Challenges/PlayerProgress 
[0435.63] XPProgression: SaveData_TA.HandleRewardDropNotification PsyNetService_RewardDropReceived_TA returned Total XP Earned = 3924.0000, in match with ID = 178C156411F10A4A5A6E0FB17FA316B0 , Current player match score = 232, UniqueId=(Steam|76561198026543789|0), with total match time = 300.7600 seconds, with total net time = 300.7600seconds
[0435.64] PsyNet: PsyNetServiceProvider_X_1 ExecuteService Complete, Service=Reward/RewardResult 
[0436.12] Prime24121: StartSearch.PreferredRegions.Length 2
[0436.12] Matchmaking: OnlineGameMatchmaking_X_0 OnlineGameMatchmaking_X -> PingRegions
[0436.70] DevOnline: Unknown remote talker specified to UnregisterRemoteTalker()
[0436.72] ScriptLog: RegionPinger_X_1 PingRegions ("52.66.219.146:8001","54.151.250.140:7857","18.163.113.22:7889","44.234.99.92:7831","3.101.219.47:8081","35.79.97.41:7975","18.88.28.56:7873","3.144.61.2:7743","15.229.123.26:7937","3.237.251.157:8031","15.237.0.164:8179","15.184.36.82:7833","18.201.134.100:7983","18.170.195.30:7915","3.25.183.73:8111","18.157.23.131:7705","13.50.36.169:7887","13.244.194.25:8029")
[0436.90] DevOnline: Unknown remote talker specified to UnregisterRemoteTalker()
[0436.96] DevOnline: Unknown remote talker specified to UnregisterRemoteTalker()
[0437.39] DevOnline: WebRequest_X_34 SEND: https://datarouter.ol.epicgames.com/datarouter/api/v1/public/data?AppID=RocketLeague.Release&AppVersion=1320316429&AppEnvironment=Prod&UploadType=eteventstream&UserID=|29102162b92948868b021454382b618a|||Steam|76561198026543789|0&SessionID=97EA5AFF4B17012BE08566BDD75FF0FB
[0437.70] DevOnline: WebRequest_X_34 RECV: 204 
[0437.82] Matchmaking: All Regions Pinged: IND1 (0.0395),ASM1 (0.0703),ASC1 (0.0921),USW3 (0.2719),USW1 (0.2368),JPN1 (0.1316),USC1 (0.2722),USE3 (0.2982),SAM1 (0.4079),USE1 (0.3158),EU9 (0.2370),ME1 (0.2982),EU3 (0.2367),EU7 (0.2236),OCE1 (0.1621),EU5 (0.2193),EU1 (0.2455),SAF1 (0.3835),JPN (1.0000),ASC (1.0000),ASM (1.0000),EU (1.0000),IND (1.0000),ME (1.0000),OCE (1.0000),SAF (1.0000),SAM (1.0000),USC (1.0000),USE (1.0000),USW (1.0000)
[0437.82] Log: FCacheExportTask(..\..\TAGame\Cache\RegionCache.cache) wrote 1713 bytes to memory
[0437.82] Matchmaking: OnlineGameMatchmaking_X_0 PingRegions -> Searching
[0437.82] Prime24121: HandleRegionsPinged.PreferredRegions.Length 2
[0437.82] Matchmaking: OnlineGameMatchmaking_X::RecordStart
[0437.82] Matchmaking: Pre-divide PartyLeaderMMR: 102.5341
[0437.82] Matchmaking: Post-divide PartyLeaderMMR: 51.2671
[0437.82] Matchmaking: PartyLeaderTier=(17)
[0437.82] Matchmaking: StartMatchmaking at 2026-02-15 08:47:04 in IND1,ASM1 for playlists 13,11 on game server 103461351
[0437.82] Matchmaking: Creating RPC_StartMatchmaking_X
[0437.82] Matchmaking: PreferredRegions.Length=(2) PreferredPlaylists.Length=(2) Party.GetOrderedPartyMemberIDs().Length=(1)
[0437.82] Matchmaking: SecondsSearching=(1) CurrentServerID=(103461351) bDisableCrossplay=(False) bIgnoreSkill=(False)
[0438.12] DevOnline: PlayerDataStorage_WriteFile: Beginning to upload file. User=(29102162b92948868b021454382b618a) FileName=(RLSaveData)
[0438.13] Matchmaking: Matchmaking RPC succeeded.
[0438.13] Matchmaking: EstimatedQueueTime=(79.0000)
[0438.19] ScriptWarning: ScriptWarning, Accessed None 'Car'
	CarComponent_Boost_TA Paname_Dusk_P.TheWorld:PersistentLevel.CarComponent_Boost_TA_35
	Function TAGame.CarComponent_Boost_TA:GiveBoost:01A5
Script call stack:
	Function TAGame.CarComponent_Boost_TA:ClientGiveBoost
	Function TAGame.CarComponent_Boost_TA:GiveBoost

[0438.19] XPProgression: GFxHUD_TA.HandleGameStateChanged Current player match score = 232, UniqueId=(Steam|76561198026543789|0), with total match time = 300.7600 seconds, with total net time = 300.7600seconds
[0438.19] Party: Ranked Game Finished, Clear party member server
[0438.19] RankedReconnect: RankedReconnectSave_TA_0.ClearRankedReconnect()
[0440.53] DevOnline: Unknown remote talker specified to UnregisterRemoteTalker()
[0442.61] DevOnline: PlayerDataStorage_WriteFile: File upload complete. User=(29102162b92948868b021454382b618a) FileName=(RLSaveData) Success=(1)
[0443.19] PsyNetStaticData: HandleCacheExpired
[0443.19] PsyNetStaticData: UpdateCacheTimerEnabled CacheTimer.bEnabled=(True)
[0443.19] XPProgression: GFxHUD_TA.HandleGameStateChanged Current player match score = 232, UniqueId=(Steam|76561198026543789|0), with total match time = 300.7600 seconds, with total net time = 300.7600seconds
[0443.19] Party: Ranked Game Finished, Clear party member server
[0443.19] RankedReconnect: RankedReconnectSave_TA_0.ClearRankedReconnect()
[0443.20] Online: TryToPlayOnline ControllerID=(-1)
[0443.20] Online: HandlePrivilegeCheckFinished PrivilegeCheck.bHasRestriction=(False)
[0443.20] Online: HandlePrivilegeCheck PrivilegeCheck.bHasRestriction=(False)
[0443.21] DevOnline: WebRequest_X_35 SEND: https://config.psynet.gg/v2/Config/BattleCars/1320316429/Prod/Steam/INT/
[0443.36] DevOnline: WebRequest_X_35 RECV: 304 
[0443.57] Log: FSaveDataExportTask(0) wrote 4442847 bytes to memory
[0443.57] Log: SaveGameDataAsync game thread time: 32 ms
[0443.61] Log: Deleting old save file ..\..\TAGame\SaveData\DBE_Production\76561198026543789_2.save
[0443.61] Log: SaveDataExport(0): Finished - File:[..\..\TAGame\SaveData\DBE_Production\76561198026543789_1.save] Result:[1]
[0445.90] DevOnline: Unknown remote talker specified to UnregisterRemoteTalker()
[0462.38] NetworkInputBuffer: Hitch detected! 408.2642ms
[0464.34] NetworkInputBuffer: Hitch detected! 1954.2542ms
[0464.44] NetworkInputBuffer: Hitch detected! 107.9407ms
[0471.46] DevOnline: EOSSDK-LogEOSRTC: TickTracker Tick is delayed. TimePeriod=[10.000942s]  TickIntervalThreshold=[0.100000s] MaxTickInterval=[0.101493s] MaxExecutionTime=[0.000074s] TicksCount=[4217] ExpectedTicksCount=[1000]
[0477.72] ScriptWarning: ScriptWarning, Accessed None 'GameEvent'
	Car_TA Paname_Dusk_P.TheWorld:PersistentLevel.Car_TA_66
	Function TAGame.Car_TA:GetPreviewTeamIndex:0037
Script call stack:
	Function TAGame.Ball_TA:ReplicatedEvent
	Function TAGame.Ball_TA:Explode
	Function TAGame.Ball_TA:InitExplosionFX
	Function TAGame.ProductAsset_GoalExplosion_TA:GetExplosionFXActorForPRI
	Function TAGame.PaintedFXSelector_TA:GetFXActorForPRI
	Function TAGame.Car_TA:GetLoadoutTeamIndex
	Function TAGame.Car_TA:GetPreviewTeamIndex

[0477.72] ScriptWarning: ScriptWarning, Accessed array 'Default__PaintedFXSelector_TA.Loadouts' out of bounds (255/2)
	PaintedFXSelector_TA TAGame.Default__PaintedFXSelector_TA
	Function TAGame.PaintedFXSelector_TA:GetFXActorForPRI:0150
Script call stack:
	Function TAGame.Ball_TA:ReplicatedEvent
	Function TAGame.Ball_TA:Explode
	Function TAGame.Ball_TA:InitExplosionFX
	Function TAGame.ProductAsset_GoalExplosion_TA:GetExplosionFXActorForPRI
	Function TAGame.PaintedFXSelector_TA:GetFXActorForPRI

[0477.72] ScriptWarning: ScriptWarning, Accessed array 'Default__PaintedFXSelector_TA.Loadouts' out of bounds (255/2)
	PaintedFXSelector_TA TAGame.Default__PaintedFXSelector_TA
	Function TAGame.PaintedFXSelector_TA:GetFXActorForPRI:01EA
Script call stack:
	Function TAGame.Ball_TA:ReplicatedEvent
	Function TAGame.Ball_TA:Explode
	Function TAGame.Ball_TA:InitExplosionFX
	Function TAGame.ProductAsset_GoalExplosion_TA:GetExplosionFXActorForPRI
	Function TAGame.PaintedFXSelector_TA:GetFXActorForPRI

[0485.08] NetworkInputBuffer: Hitch detected! 1856.2622ms
[0485.45] NetworkInputBuffer: Hitch detected! 113.2507ms
[0486.45] NetworkInputBuffer: Hitch detected! 115.2649ms
[0491.46] DevOnline: EOSSDK-LogEOSRTC: TickTracker Tick is delayed. TimePeriod=[10.002906s]  TickIntervalThreshold=[0.100000s] MaxTickInterval=[0.115712s] MaxExecutionTime=[0.000042s] TicksCount=[2476] ExpectedTicksCount=[1000]
[0500.41] DevOnline: WebRequest_X_36 SEND: https://datarouter.ol.epicgames.com/datarouter/api/v1/public/data?AppID=RocketLeague.Release&AppVersion=1320316429&AppEnvironment=Prod&UploadType=eteventstream&UserID=|29102162b92948868b021454382b618a|||Steam|76561198026543789|0&SessionID=97EA5AFF4B17012BE08566BDD75FF0FB
[0500.72] DevOnline: WebRequest_X_36 RECV: 204 
[0503.19] NetComeGo: TcpipConnection_0 Control channel closed, reason=Disconnect command
[0503.19] DevNet: GameViewportClient_TA_0.SetProgressMessage() MessageType=PMT_ConnectionFailure Message=The match has concluded. : host migration not enabled.. handling connection error.
[0503.19] ScriptLog: OnlineGameJoinGame_TA_0::OnlineGameJoinGame_TA.HandleConnectionFailed() MessageType=(PMT_ConnectionFailure)
[0503.19] DevNet: GameViewportClient_TA_0.NotifyConnectionError() Title=(The match has concluded.) Message=() NetMode:'NM_Client' Map=(Paname_Dusk_P)
[0503.19] DevNet: URL: Adding default option Name=Lock
[0503.19] DevNet: URL: Adding default option Name=Lock
[0503.19] DevNet: Browse: MENU_Main_p?failed?Name=Lock
[0503.19] Log: Failed; returning to Entry
[0503.23] Log: LoadMap: MENU_Main_p?failed?Name=Lock
[0503.23] Spawn: TextChatActor_TA_1 Destroyed
[0503.24] DevOnline: UnregisterRemoteTalker(0x0110000103F352AD) returned 0x00000000
[0503.24] DevOnline: Unknown remote talker specified to UnregisterRemoteTalker()
[0503.24] Spawn: TextChatActor_TA_2 Destroyed
[0503.24] Spawn: TextChatActor_TA_3 Destroyed
[0503.24] DevOnline: Unknown remote talker specified to UnregisterRemoteTalker()
[0503.24] Spawn: TextChatActor_TA_4 Destroyed
[0503.24] Spawn: TextChatActor_TA_5 Destroyed
[0503.24] DevOnline: Unknown remote talker specified to UnregisterRemoteTalker()
[0503.24] DevOnline: Unknown remote talker specified to UnregisterRemoteTalker()
[0503.24] DevOnline: Unknown remote talker specified to UnregisterRemoteTalker()
[0503.24] Spawn: TextChatActor_TA_6 Destroyed
[0503.24] DevOnline: Unknown remote talker specified to UnregisterRemoteTalker()
[0503.24] Spawn: TextChatActor_TA_7 Destroyed
[0503.26] DevOnline: PsyNet Flush Start TimeoutSeconds=0.250000
[0503.52] DevOnline: PsyNet Flush End
[0503.60] NetComeGo: Close TcpipConnection_0 54.151.250.140:7788 15/02/2026 14:18:10 'UNetConnection::CleanUp'
[0503.60] NetComeGo: TcpipConnection_0 Control channel null, Sending unstable close to 54.151.250.140:7788 on temporary Control channel.
[0503.60] Exit: TcpNetDriver_0 shut down
[0503.63] Log: Fully load package: ..\..\TAGame\CookedPCConsole\GameInfo_GFxMenu_SF.upk
[0503.64] Log: Fully load package: ..\..\TAGame\CookedPCConsole\GFxSounds_MainMenu_SF.upk
[0503.64] Log: Fully load package: ..\..\TAGame\CookedPCConsole\GFX_StartMenu_SF.upk
[0503.67] Log: Fully load package: ..\..\TAGame\CookedPCConsole\GFX_MainMenu_SF.upk
[0503.70] Log: Game class is 'GameInfo_GFxMenu_TA'
[0503.71] Log: Bringing World menu_main_p.TheWorld up for play (0) at 2026.02.15-14.18.11
[0503.71] Log: Flushing async loaders.
[0503.79] Log: Flushed async loaders.
[0503.80] Matchmaking: Update Search IND1,ASM1 for playlists 13,11 on game server 
[0503.80] Matchmaking: Creating RPC_StartMatchmaking_X
[0503.80] Matchmaking: PreferredRegions.Length=(2) PreferredPlaylists.Length=(2) Party.GetOrderedPartyMemberIDs().Length=(1)
[0503.80] Matchmaking: SecondsSearching=(67) CurrentServerID=() bDisableCrossplay=(False) bIgnoreSkill=(False)
[0503.80] DevOnline: UnregisterLocalTalker(0) returned 0x00000000
[0503.80] DevOnline: Successfully set the friend join URL: 
[0503.80] Log: Bringing up level for play took: 0.101205
[0503.88] PartyChallenge: InitializeCompetitiveChallenges bGuestAccount=(False) bCompletedChallengesForCompetitive=(False) bLegacyPlayer=(True) Online_X.UniqueNetIDToString(OnlinePlayer.PlayerID)=(Steam|76561198026543789|0)
[0503.88] DevOnline: Set rich presence to: Main Menu data: Menu
[0503.88] Log: ########### Finished loading level: 0.649961 seconds
[0503.89] DevNet: SetProgress, MessageType=4, Title=Connection Lost, Message=Your connection to the game has been lost. (Error: 42)
[0503.89] DevNet: GameViewportClient_TA_0.SetProgressMessage() MessageType=PMT_ConnectionFailure Message=Your connection to the game has been lost. (Error: 42) : host migration not enabled.. handling connection error.
[0503.89] ScriptLog: OnlineGameJoinGame_TA_0::OnlineGameJoinGame_TA.HandleConnectionFailed() MessageType=(PMT_ConnectionFailure)
[0503.89] DevNet: GameViewportClient_TA_0.NotifyConnectionError() Title=(Your connection to the game has been lost. (Error: 42)) Message=(Connection Lost) NetMode:'NM_Standalone' Map=(MENU_Main_p)
[0503.90] Log: Flushing async loaders.
[0504.22] Log: Flushed async loaders.
[0504.22] Warning: Warning, Material hat_flyingcarpet.Whale_FlyingCarpet_MAT missing bUsedWithStaticLighting=True!
[0504.22] Warning: Warning, Material hat_flyingcarpet.Whale_FlyingCarpet_MAT missing bUsedWithStaticLighting=True!
[0504.22] Warning: Warning, Material hat_flyingcarpet.Whale_FlyingCarpet_MAT missing bUsedWithStaticLighting=True!
[0504.22] Warning: Warning, Material hat_flyingcarpet.Whale_FlyingCarpet_MAT missing bUsedWithStaticLighting=True!
[0504.22] Warning: Warning, Material hat_flyingcarpet.Whale_FlyingCarpet_MAT missing bUsedWithStaticLighting=True!
[0504.22] Warning: Warning, Material hat_flyingcarpet.Whale_FlyingCarpet_MAT missing bUsedWithStaticLighting=True!
[0504.22] Warning: Warning, Material hat_flyingcarpet.Whale_FlyingCarpet_MAT missing bUsedWithStaticLighting=True!
[0504.22] Warning: Warning, Material hat_flyingcarpet.Whale_FlyingCarpet_MAT missing bUsedWithStaticLighting=True!
[0504.42] DevOnline: PlayerDataStorage_WriteFile: Beginning to upload file. User=(29102162b92948868b021454382b618a) FileName=(RLSaveData)
[0504.43] Eula: RequiresAcceptance? EulaConfig?.bRequiresAcceptance=(True) GetUISave()?.Contains('bAcceptedOfflineEULA')=(True) Eula.SyncState=(LSS_Accepted)
[0504.43] AuthEpicVerbose: [GFx] Epic login changed. m_uiState:MainMenu bPromptParentalConsent:false bPromptToChoosePrimaryAccount:false bEpicSaveDataLoaded:false bPlatformLinked:false
[0504.43] FTEDev: Group Prime_MatchComplete Is not meant for users of type FTESave.LegacyGroupType=(LGT_LegacyUser)
[0504.43] FTEDev: Group Prime_MatchComplete Is not meant for users of type FTESave.LegacyGroupType=(LGT_LegacyUser)
[0504.59] Online: TryToPlayOnline ControllerID=(-1)
[0504.61] Online: HandlePrivilegeCheckFinished PrivilegeCheck.bHasRestriction=(False)
[0504.61] Online: HandlePrivilegeCheck PrivilegeCheck.bHasRestriction=(False)
[0504.73] Matchmaking: Matchmaking RPC succeeded.
[0504.73] Matchmaking: EstimatedQueueTime=(65.0000)
[0506.03] Log: Flushing async loaders.
[0506.07] Log: Flushed async loaders.
[0509.61] DevOnline: PlayerDataStorage_WriteFile: File upload complete. User=(29102162b92948868b021454382b618a) FileName=(RLSaveData) Success=(1)
[0511.46] DevOnline: EOSSDK-LogEOSRTC: TickTracker Tick is delayed. TimePeriod=[10.000056s]  TickIntervalThreshold=[0.100000s] MaxTickInterval=[0.155092s] MaxExecutionTime=[0.000019s] TicksCount=[1884] ExpectedTicksCount=[1000]
[0520.82] RankedReconnect: LocalPlayer_TA_0.CheckForRankedReconnect() bOpenedStartMenu=(True) IsMenuLevel=(True) bLoggedIn=(True) IsPrimaryPlayer=(True) RankedReconnectAvailable=(False) EpochTime=(0) EpochNow=(1771145306) TimeSince=(1771145306) ReconnectTimeoutSeconds=(900) Reservation=()
[0522.62] Online: TryToUseUGC ControllerID=(-1)
[0522.62] Online: HandlePrivilegeCheckFinished PrivilegeCheck.bHasRestriction=(False)
[0522.62] Online: HandlePrivilegeCheck PrivilegeCheck.bHasRestriction=(False)
[0522.65] Online: TryToPlayOnlineAndUseUGC ControllerID=(-1)
[0522.66] Online: HandlePrivilegeCheckFinished PrivilegeCheck.bHasRestriction=(False)
[0522.66] Online: HandlePrivilegeCheck PrivilegeCheck.bHasRestriction=(False)
[0522.72] Online: TryToPlayOnlineAndUseUGC ControllerID=(-1)
[0522.72] Online: HandlePrivilegeCheckFinished PrivilegeCheck.bHasRestriction=(False)
[0522.72] Online: HandlePrivilegeCheck PrivilegeCheck.bHasRestriction=(False)
[0522.92] DevNet: URL: Adding default option Name=Lock
[0522.92] DevNet: URL: Adding default option Name=Lock
[0522.92] DevNet: Browse: beach_night_p?Game=TAGame.GameInfo_TrainingEditor_TA?Offline?LoadSave=Downloaded\Temp(1)?Playtest?Name=Lock
[0522.99] Log: FSaveDataExportTask(0) wrote 4442847 bytes to memory
[0522.99] Log: SaveGameDataAsync game thread time: 31 ms
[0522.99] Log: Flushing async loaders.
[0523.00] Log: Flushed async loaders.
[0523.00] Log: LoadMap: beach_night_p?Game=TAGame.GameInfo_TrainingEditor_TA?Offline?LoadSave=Downloaded\Temp(1)?Playtest?Name=Lock
[0523.01] DevOnline: PsyNet Flush Start TimeoutSeconds=0.250000
[0523.06] Log: Deleting old save file ..\..\TAGame\SaveData\DBE_Production\76561198026543789.save
[0523.06] Log: SaveDataExport(0): Finished - File:[..\..\TAGame\SaveData\DBE_Production\76561198026543789_2.save] Result:[1]
[0523.28] DevOnline: PsyNet Flush End
[0523.36] Log: Fully load package: ..\..\TAGame\CookedPCConsole\GameInfo_TrainingEditor_SF.upk
[0523.43] Log: Fully load package: ..\..\TAGame\CookedPCConsole\GFxSounds_XP_SF.upk
[0523.44] Log: Fully load package: ..\..\TAGame\CookedPCConsole\GFx_XPProgressMenu_SF.upk
[0523.46] Log: Fully load package: ..\..\TAGame\CookedPCConsole\GFX_EndGameMenu_SF.upk
[0523.48] Log: Fully load package: ..\..\TAGame\CookedPCConsole\GFX_WinnerMenu_SF.upk
[0523.50] Log: Fully load package: ..\..\TAGame\CookedPCConsole\GFX_MidGameScoreboard_SF.upk
[0523.50] Log: Fully load package: ..\..\TAGame\CookedPCConsole\GFX_MidGameMenu_SF.upk
[0523.51] Log: Fully load package: ..\..\TAGame\CookedPCConsole\GFX_HudMatchInfo_SF.upk
[0523.52] Log: Fully load package: ..\..\TAGame\CookedPCConsole\GFX_Hud_SF.upk
[0523.54] Log: Game class is 'GameInfo_TrainingEditor_TA'
[0523.54] Log: Octree Warning (AddPrimitive): StaticMeshActor_SMC_33 (Owner: beach_night_p.TheWorld:PersistentLevel.MeshCollector0) Outside World.
[0523.54] Log: Octree Warning (AddPrimitive): StaticMeshActor_SMC_722 (Owner: beach_night_p.TheWorld:PersistentLevel.MeshCollector0) Outside World.
[0523.54] Warning: Warning, Material Body_Bush.grey missing bUsedWithStaticLighting=True!
[0523.54] Warning: Warning, Material Body_Bush.grey missing bUsedWithStaticLighting=True!
[0523.54] Warning: Warning, Material Body_Bush.grey missing bUsedWithStaticLighting=True!
[0523.54] Warning: Warning, Material Body_Bush.grey missing bUsedWithStaticLighting=True!
[0523.54] Warning: Warning, Material Body_Bush.grey missing bUsedWithStaticLighting=True!
[0523.54] Warning: Warning, Material Body_Bush.grey missing bUsedWithStaticLighting=True!
[0523.54] Warning: Warning, Material Body_Bush.grey missing bUsedWithStaticLighting=True!
[0523.54] Warning: Warning, Material Body_Bush.grey missing bUsedWithStaticLighting=True!
[0523.54] Warning: Warning, Material Body_Bush.grey missing bUsedWithStaticLighting=True!
[0523.54] Warning: Warning, Material Body_Bush.grey missing bUsedWithStaticLighting=True!
[0523.54] Warning: Warning, Material Body_Bush.grey missing bUsedWithStaticLighting=True!
[0523.54] Warning: Warning, Material Body_Bush.grey missing bUsedWithStaticLighting=True!
[0523.54] Warning: Warning, Material Body_Bush.grey missing bUsedWithStaticLighting=True!
[0523.54] Warning: Warning, Material Body_Bush.grey missing bUsedWithStaticLighting=True!
[0523.54] Warning: Warning, Material Body_Bush.grey missing bUsedWithStaticLighting=True!
[0523.54] Warning: Warning, Material Body_Bush.grey missing bUsedWithStaticLighting=True!
[0523.54] Warning: Warning, Material Body_Bush.grey missing bUsedWithStaticLighting=True!
[0523.57] Log: Bringing World beach_night_p.TheWorld up for play (0) at 2026.02.15-14.18.30
[0523.57] Log: Flushing async loaders.
[0523.90] Log: Flushed async loaders.
[0523.91] Warning: Warning, Material Body_Bush.grey missing bUsedWithStaticLighting=True!
[0523.91] Warning: Warning, Material Body_Bush.grey missing bUsedWithStaticLighting=True!
[0523.91] Warning: Warning, Material Body_Bush.grey missing bUsedWithStaticLighting=True!
[0523.91] Warning: Warning, Material Body_Bush.grey missing bUsedWithStaticLighting=True!
[0523.91] Warning: Warning, Material Body_Bush.grey missing bUsedWithStaticLighting=True!
[0523.91] ScriptLog: Destroying WebServer
[0523.91] MatchBroadcast: Init bBroadcastMatch=(False) MatchLog=(None)
[0523.91] ScriptLog: MatchTypeClass=(MatchType_Tutorial_TA)
[0523.97] LTM: SettingsType=(CustomMatchSettingsType_PrivateMatch)
[0523.97] LTM: SettingsType=(CustomMatchSettingsType_PrivateMatch) InSettingsType=(CustomMatchSettingsType_LocalMatch)
[0523.97] Log: Bringing up level for play took: 0.426318
[0523.97] PartyChallenge: InitializeCompetitiveChallenges bGuestAccount=(False) bCompletedChallengesForCompetitive=(False) bLegacyPlayer=(True) Online_X.UniqueNetIDToString(OnlinePlayer.PlayerID)=(Steam|76561198026543789|0)
[0523.99] Spawn: TextChatActor_TA_8 OnOwnerChanged PlayerController_TA_3
[0524.04] DevOnline: Set rich presence to: In Training data: Tutorial
[0524.04] Log: ########### Finished loading level: 1.041473 seconds
[0524.04] DevOnline: Set rich presence to: In BakkesMod custom training data: In BakkesMod custom training
[0524.05] EOSVoice: Not requesting voice token, no MatchGUID
[0530.09] DevOnline: Set rich presence to: In BakkesMod custom training data: In BakkesMod custom training
[0531.47] DevOnline: EOSSDK-LogEOSRTC: TickTracker Tick is delayed. TimePeriod=[10.000688s]  TickIntervalThreshold=[0.100000s] MaxTickInterval=[0.131654s] MaxExecutionTime=[0.000097s] TicksCount=[1943] ExpectedTicksCount=[1000]
[0535.75] PsyNetBeaconDetail_X: PsyNetBeacon_X_0 ReserveConnection ReservationID=(82BBCA33394F4F0CA817A8378987B7BF) ConnectionID=(eyJ0eXAiOiJKV1QiLCJhbGciOiJIUzUxMiJ9.eyJqdGkiOiIwZTExMTc0ZTJmMzk0OTMxYmYzNTcxNGEzZTg4YTVlZCIsImlzcyI6IlBzeU5ldCIsInBsYXllcl9pZCI6IlN0ZWFtfDc2NTYxMTk4MDI2NTQzNzg5fDAiLCJzZXJ2ZXJfbmFtZSI6IklORDEtMEI4REQ0Mzg3M0Q5MzM3NzctQXVyb3JhIiwiaWF0IjoxNzcxMTQ1MzIxLCJuYmYiOjE3NzExNDUzMjEsImV4cCI6MTc3MTE1OTcyMX0.FBrsb9aZQyH6-NEnhj1V6Fl8twlX1dBSD7gO8d8JucR2vCjaKvU5FNyrSRVhpCFT6pmPw2feS5Dh0arx9MrUdQ)
[0535.75] PsyNetBeaconDetail_X: PsyNetBeacon_X_0 ClientHandleMessage Message.MessageType=(ClientReservationMessage_X) Message.ReservationID=(82BBCA33394F4F0CA817A8378987B7BF)
[0535.75] CheckReservation: Received game server from notification (v3) Message.Reservation=((ServerName="IND1-0B8DD43873D933777-Aurora",Playlist=11,Region="IND",ReservationID="82BBCA33394F4F0CA817A8378987B7BF",DSRToken="eyJ0eXAiOiJKV1QiLCJhbGciOiJIUzUxMiJ9.eyJqdGkiOiIwZTExMTc0ZTJmMzk0OTMxYmYzNTcxNGEzZTg4YTVlZCIsImlzcyI6IlBzeU5ldCIsInBsYXllcl9pZCI6IlN0ZWFtfDc2NTYxMTk4MDI2NTQzNzg5fDAiLCJzZXJ2ZXJfbmFtZSI6IklORDEtMEI4REQ0Mzg3M0Q5MzM3NzctQXVyb3JhIiwiaWF0IjoxNzcxMTQ1MzIxLCJuYmYiOjE3NzExNDUzMjEsImV4cCI6MTc3MTE1OTcyMX0.FBrsb9aZQyH6-NEnhj1V6Fl8twlX1dBSD7gO8d8JucR2vCjaKvU5FNyrSRVhpCFT6pmPw2feS5Dh0arx9MrUdQ",JoinName="0MR0P2V1BGV9WS49",JoinPassword="J9Y71740PUK6EGD4"))
[0535.75] JoinGame: StartJoin Reservation=((ServerName="IND1-0B8DD43873D933777-Aurora",Playlist=11,Region="IND",ReservationID="82BBCA33394F4F0CA817A8378987B7BF",DSRToken="eyJ0eXAiOiJKV1QiLCJhbGciOiJIUzUxMiJ9.eyJqdGkiOiIwZTExMTc0ZTJmMzk0OTMxYmYzNTcxNGEzZTg4YTVlZCIsImlzcyI6IlBzeU5ldCIsInBsYXllcl9pZCI6IlN0ZWFtfDc2NTYxMTk4MDI2NTQzNzg5fDAiLCJzZXJ2ZXJfbmFtZSI6IklORDEtMEI4REQ0Mzg3M0Q5MzM3NzctQXVyb3JhIiwiaWF0IjoxNzcxMTQ1MzIxLCJuYmYiOjE3NzExNDUzMjEsImV4cCI6MTc3MTE1OTcyMX0.FBrsb9aZQyH6-NEnhj1V6Fl8twlX1dBSD7gO8d8JucR2vCjaKvU5FNyrSRVhpCFT6pmPw2feS5Dh0arx9MrUdQ",JoinName="0MR0P2V1BGV9WS49",JoinPassword="J9Y71740PUK6EGD4")) JoinSettings=((PlaylistId=11))
[0535.75] DevOnline: Successfully set the friend join URL: 
[0535.75] JoinGame: GotoJoinGameState OnlineGameJoinGame_TA -> VerifyPrivileges
[0535.75] Online: TryToPlayOnline ControllerID=(-1)
[0535.75] Matchmaking: OnlineGameMatchmaking_X_0 Searching -> Joining
[0535.75] Online: HandlePrivilegeCheckFinished PrivilegeCheck.bHasRestriction=(False)
[0535.75] JoinGame: GotoJoinGameState VerifyPrivileges -> ReservingServerForMatchmaking
[0535.75] PsyNetBeaconDetail_X: PsyNetBeacon_X_0 SendMessageToServer Message=(AddReservationMessagePublic_X_2)
[0535.75] PsyNet: PsyNetServiceProvider_X_1 ExecuteService Complete, Service=DSR/ClientMessage 
[0536.36] DevOnline: Set rich presence to: In BakkesMod custom training data: In BakkesMod custom training
[0536.48] PsyNetBeaconDetail_X: PsyNetBeacon_X_0 ClientHandleMessage Message.MessageType=(ReservationsWaitingMessage_X) Message.ReservationID=(82BBCA33394F4F0CA817A8378987B7BF)
[0536.48] JoinGame: Waiting for more players to add reservations
[0536.48] Party: HandleServerReserved (Reservation=(ServerName="IND1-0B8DD43873D933777-Aurora",Playlist=11,Region="IND",ReservationID="82BBCA33394F4F0CA817A8378987B7BF",DSRToken="eyJ0eXAiOiJKV1QiLCJhbGciOiJIUzUxMiJ9.eyJqdGkiOiIwZTExMTc0ZTJmMzk0OTMxYmYzNTcxNGEzZTg4YTVlZCIsImlzcyI6IlBzeU5ldCIsInBsYXllcl9pZCI6IlN0ZWFtfDc2NTYxMTk4MDI2NTQzNzg5fDAiLCJzZXJ2ZXJfbmFtZSI6IklORDEtMEI4REQ0Mzg3M0Q5MzM3NzctQXVyb3JhIiwiaWF0IjoxNzcxMTQ1MzIxLCJuYmYiOjE3NzExNDUzMjEsImV4cCI6MTc3MTE1OTcyMX0.FBrsb9aZQyH6-NEnhj1V6Fl8twlX1dBSD7gO8d8JucR2vCjaKvU5FNyrSRVhpCFT6pmPw2feS5Dh0arx9MrUdQ",JoinName="0MR0P2V1BGV9WS49",JoinPassword="J9Y71740PUK6EGD4"),JoinCredentials="0MR0P2V1BGV9WS49:J9Y71740PUK6EGD4")
[0536.49] PsyNet: PsyNetServiceProvider_X_1 ExecuteService Complete, Service=DSR/ClientMessage 
[0537.71] PsyNetBeaconDetail_X: PsyNetBeacon_X_0 ClientHandleMessage Message.MessageType=(CancelJoinMessage_X) Message.ReservationID=(82BBCA33394F4F0CA817A8378987B7BF)
[0537.71] JoinGame: Another player canceled
[0537.71] JoinGame: OnJoinGameComplete bSuccess=(False) FailReason=(Another player canceled. (Error: 92))
[0537.71] DevOnline: Successfully set the friend join URL: 
[0537.71] JoinGame: GotoJoinGameState ReservingServerForMatchmaking -> None
[0537.71] PsyNetBeaconDetail_X: PsyNetBeacon_X_0 Close
[0537.71] PsyNetBeaconDetail_X: PsyNetBeacon_X_0 CloseConnection Connection.ConnectionID=(eyJ0eXAiOiJKV1QiLCJhbGciOiJIUzUxMiJ9.eyJqdGkiOiIwZTExMTc0ZTJmMzk0OTMxYmYzNTcxNGEzZTg4YTVlZCIsImlzcyI6IlBzeU5ldCIsInBsYXllcl9pZCI6IlN0ZWFtfDc2NTYxMTk4MDI2NTQzNzg5fDAiLCJzZXJ2ZXJfbmFtZSI6IklORDEtMEI4REQ0Mzg3M0Q5MzM3NzctQXVyb3JhIiwiaWF0IjoxNzcxMTQ1MzIxLCJuYmYiOjE3NzExNDUzMjEsImV4cCI6MTc3MTE1OTcyMX0.FBrsb9aZQyH6-NEnhj1V6Fl8twlX1dBSD7gO8d8JucR2vCjaKvU5FNyrSRVhpCFT6pmPw2feS5Dh0arx9MrUdQ)
[0537.71] Matchmaking: OnlineGameMatchmaking_X_0 Joining -> PingRegions
[0537.71] Matchmaking: OnlineGameMatchmaking_X_0 PingRegions -> Searching
[0537.71] Prime24121: HandleRegionsPinged.PreferredRegions.Length 2
[0537.71] Matchmaking: OnlineGameMatchmaking_X::RecordStart
[0537.71] Matchmaking: Pre-divide PartyLeaderMMR: 102.5341
[0537.71] Matchmaking: Post-divide PartyLeaderMMR: 51.2671
[0537.71] Matchmaking: PartyLeaderTier=(17)
[0537.71] Matchmaking: StartMatchmaking at 2026-02-15 08:48:44 in IND1,ASM1 for playlists 13,11 on game server 
[0537.71] Matchmaking: Creating RPC_StartMatchmaking_X
[0537.71] Matchmaking: PreferredRegions.Length=(2) PreferredPlaylists.Length=(2) Party.GetOrderedPartyMemberIDs().Length=(1)
[0537.71] Matchmaking: SecondsSearching=(101) CurrentServerID=() bDisableCrossplay=(False) bIgnoreSkill=(False)
[0537.72] PsyNet: PsyNetServiceProvider_X_1 ExecuteService Complete, Service=DSR/ClientMessage 
[0537.73] PsyNetBeacon_X: PsyNetBeacon_X_0 ClientHandleMessage received message from a server that we don't have a ReservationID for. Message.MessageType=(ReservationsReadyMessage_X) Message.ReservationID=(82BBCA33394F4F0CA817A8378987B7BF)
[0537.73] PsyNet: PsyNetServiceProvider_X_1 ExecuteService Complete, Service=DSR/ClientMessage 
[0538.02] Matchmaking: Matchmaking RPC succeeded.
[0538.02] Matchmaking: EstimatedQueueTime=(65.0000)
[0542.09] DevOnline: Set rich presence to: In BakkesMod custom training data: In BakkesMod custom training
[0547.91] DevOnline: Set rich presence to: In BakkesMod custom training data: In BakkesMod custom training
[0554.47] DevOnline: Set rich presence to: In BakkesMod custom training data: In BakkesMod custom training
[0561.56] DevOnline: WebRequest_X_37 SEND: https://datarouter.ol.epicgames.com/datarouter/api/v1/public/data?AppID=RocketLeague.Release&AppVersion=1320316429&AppEnvironment=Prod&UploadType=eteventstream&UserID=|29102162b92948868b021454382b618a|||Steam|76561198026543789|0&SessionID=97EA5AFF4B17012BE08566BDD75FF0FB
[0561.87] DevOnline: WebRequest_X_37 RECV: 204 
[0563.64] DevOnline: Set rich presence to: In BakkesMod custom training data: In BakkesMod custom training
[0569.65] DevOnline: Set rich presence to: In BakkesMod custom training data: In BakkesMod custom training
[0579.45] EOSGameClips: EOSGameClips: Currently recording: false
[0589.46] Log: FSaveDataExportTask(0) wrote 3069 bytes to memory
[0589.46] Log: SaveGameDataAsync game thread time: 0 ms
[0589.46] DevOnline: Set rich presence to: In BakkesMod custom training data: In BakkesMod custom training
[0589.47] Log: SaveDataExport(0): Finished - File:[..\..\TAGame\Training\0110000103f352ad\Downloaded\Temp(1).Tem] Result:[1]
[0610.86] PsyNetBeaconDetail_X: PsyNetBeacon_X_0 ReserveConnection ReservationID=(C391A9CE14CC43A8BCA2C2273BDC32F7) ConnectionID=(eyJ0eXAiOiJKV1QiLCJhbGciOiJIUzUxMiJ9.eyJqdGkiOiI4M2ZlZWI1MzI2MTc0NWQ5YTZhYzAwOGI1ODViMjA2MSIsImlzcyI6IlBzeU5ldCIsInBsYXllcl9pZCI6IlN0ZWFtfDc2NTYxMTk4MDI2NTQzNzg5fDAiLCJzZXJ2ZXJfbmFtZSI6IkFTTTEtMDU0QTM4RTMwQTdCRTE4QjItUGFzY2FsMiIsImlhdCI6MTc3MTE0NTM5NiwibmJmIjoxNzcxMTQ1Mzk2LCJleHAiOjE3NzExNTk3OTZ9.4xDz9zVt8vduzwMz_rDME9LEpcYv0SdTBcl6kHoJ73ITvxTVYGRJ-4lIHM20LpWTkKYsUedzGfltzONoFpA2JA)
[0610.86] PsyNetBeaconDetail_X: PsyNetBeacon_X_0 ClientHandleMessage Message.MessageType=(ClientReservationMessage_X) Message.ReservationID=(C391A9CE14CC43A8BCA2C2273BDC32F7)
[0610.86] CheckReservation: Received game server from notification (v3) Message.Reservation=((ServerName="ASM1-054A38E30A7BE18B2-Pascal2",Playlist=11,Region="ASM",ReservationID="C391A9CE14CC43A8BCA2C2273BDC32F7",DSRToken="eyJ0eXAiOiJKV1QiLCJhbGciOiJIUzUxMiJ9.eyJqdGkiOiI4M2ZlZWI1MzI2MTc0NWQ5YTZhYzAwOGI1ODViMjA2MSIsImlzcyI6IlBzeU5ldCIsInBsYXllcl9pZCI6IlN0ZWFtfDc2NTYxMTk4MDI2NTQzNzg5fDAiLCJzZXJ2ZXJfbmFtZSI6IkFTTTEtMDU0QTM4RTMwQTdCRTE4QjItUGFzY2FsMiIsImlhdCI6MTc3MTE0NTM5NiwibmJmIjoxNzcxMTQ1Mzk2LCJleHAiOjE3NzExNTk3OTZ9.4xDz9zVt8vduzwMz_rDME9LEpcYv0SdTBcl6kHoJ73ITvxTVYGRJ-4lIHM20LpWTkKYsUedzGfltzONoFpA2JA",JoinName="TIKVPX51G7JHHBNJ",JoinPassword="RRD0BN8UVQHCW2RG"))
[0610.86] JoinGame: StartJoin Reservation=((ServerName="ASM1-054A38E30A7BE18B2-Pascal2",Playlist=11,Region="ASM",ReservationID="C391A9CE14CC43A8BCA2C2273BDC32F7",DSRToken="eyJ0eXAiOiJKV1QiLCJhbGciOiJIUzUxMiJ9.eyJqdGkiOiI4M2ZlZWI1MzI2MTc0NWQ5YTZhYzAwOGI1ODViMjA2MSIsImlzcyI6IlBzeU5ldCIsInBsYXllcl9pZCI6IlN0ZWFtfDc2NTYxMTk4MDI2NTQzNzg5fDAiLCJzZXJ2ZXJfbmFtZSI6IkFTTTEtMDU0QTM4RTMwQTdCRTE4QjItUGFzY2FsMiIsImlhdCI6MTc3MTE0NTM5NiwibmJmIjoxNzcxMTQ1Mzk2LCJleHAiOjE3NzExNTk3OTZ9.4xDz9zVt8vduzwMz_rDME9LEpcYv0SdTBcl6kHoJ73ITvxTVYGRJ-4lIHM20LpWTkKYsUedzGfltzONoFpA2JA",JoinName="TIKVPX51G7JHHBNJ",JoinPassword="RRD0BN8UVQHCW2RG")) JoinSettings=((PlaylistId=11))
[0610.86] DevOnline: Successfully set the friend join URL: 
[0610.86] JoinGame: GotoJoinGameState OnlineGameJoinGame_TA -> VerifyPrivileges
[0610.86] Online: TryToPlayOnline ControllerID=(-1)
[0610.86] Matchmaking: OnlineGameMatchmaking_X_0 Searching -> Joining
[0610.86] Online: HandlePrivilegeCheckFinished PrivilegeCheck.bHasRestriction=(False)
[0610.86] JoinGame: GotoJoinGameState VerifyPrivileges -> ReservingServerForMatchmaking
[0610.86] PsyNetBeaconDetail_X: PsyNetBeacon_X_0 SendMessageToServer Message=(AddReservationMessagePublic_X_3)
[0610.86] PsyNet: PsyNetServiceProvider_X_1 ExecuteService Complete, Service=DSR/ClientMessage 
[0611.65] PsyNetBeaconDetail_X: PsyNetBeacon_X_0 ClientHandleMessage Message.MessageType=(ReservationsWaitingMessage_X) Message.ReservationID=(C391A9CE14CC43A8BCA2C2273BDC32F7)
[0611.65] JoinGame: Waiting for more players to add reservations
[0611.65] Party: HandleServerReserved (Reservation=(ServerName="ASM1-054A38E30A7BE18B2-Pascal2",Playlist=11,Region="ASM",ReservationID="C391A9CE14CC43A8BCA2C2273BDC32F7",DSRToken="eyJ0eXAiOiJKV1QiLCJhbGciOiJIUzUxMiJ9.eyJqdGkiOiI4M2ZlZWI1MzI2MTc0NWQ5YTZhYzAwOGI1ODViMjA2MSIsImlzcyI6IlBzeU5ldCIsInBsYXllcl9pZCI6IlN0ZWFtfDc2NTYxMTk4MDI2NTQzNzg5fDAiLCJzZXJ2ZXJfbmFtZSI6IkFTTTEtMDU0QTM4RTMwQTdCRTE4QjItUGFzY2FsMiIsImlhdCI6MTc3MTE0NTM5NiwibmJmIjoxNzcxMTQ1Mzk2LCJleHAiOjE3NzExNTk3OTZ9.4xDz9zVt8vduzwMz_rDME9LEpcYv0SdTBcl6kHoJ73ITvxTVYGRJ-4lIHM20LpWTkKYsUedzGfltzONoFpA2JA",JoinName="TIKVPX51G7JHHBNJ",JoinPassword="RRD0BN8UVQHCW2RG"),JoinCredentials="TIKVPX51G7JHHBNJ:RRD0BN8UVQHCW2RG")
[0611.65] PsyNet: PsyNetServiceProvider_X_1 ExecuteService Complete, Service=DSR/ClientMessage 
[0612.65] PsyNetBeaconDetail_X: PsyNetBeacon_X_0 ClientHandleMessage Message.MessageType=(ReservationsReadyMessage_X) Message.ReservationID=(C391A9CE14CC43A8BCA2C2273BDC32F7)
[0612.65] DevOnline: Successfully set the friend join URL: 
[0612.65] Party: HandleServerReserved (Reservation=(ServerName="ASM1-054A38E30A7BE18B2-Pascal2",Playlist=11,Region="ASM",ReservationID="C391A9CE14CC43A8BCA2C2273BDC32F7",DSRToken="eyJ0eXAiOiJKV1QiLCJhbGciOiJIUzUxMiJ9.eyJqdGkiOiI4M2ZlZWI1MzI2MTc0NWQ5YTZhYzAwOGI1ODViMjA2MSIsImlzcyI6IlBzeU5ldCIsInBsYXllcl9pZCI6IlN0ZWFtfDc2NTYxMTk4MDI2NTQzNzg5fDAiLCJzZXJ2ZXJfbmFtZSI6IkFTTTEtMDU0QTM4RTMwQTdCRTE4QjItUGFzY2FsMiIsImlhdCI6MTc3MTE0NTM5NiwibmJmIjoxNzcxMTQ1Mzk2LCJleHAiOjE3NzExNTk3OTZ9.4xDz9zVt8vduzwMz_rDME9LEpcYv0SdTBcl6kHoJ73ITvxTVYGRJ-4lIHM20LpWTkKYsUedzGfltzONoFpA2JA",JoinName="TIKVPX51G7JHHBNJ",JoinPassword="RRD0BN8UVQHCW2RG"),PingURL="47.129.213.109:7921",GameURL="47.129.213.109:7920",JoinCredentials="TIKVPX51G7JHHBNJ:RRD0BN8UVQHCW2RG")
[0612.65] JoinGame: GotoJoinGameState ReservingServerForMatchmaking -> JoinCountdown
[0612.65] PsyNetBeaconDetail_X: PsyNetBeacon_X_0 SendMessageToServer Message=(PingMessage_X_11)
[0612.65] PsyNet: PsyNetServiceProvider_X_1 ExecuteService Complete, Service=DSR/ClientMessage 
[0613.21] PsyNetBeaconDetail_X: PsyNetBeacon_X_0 ClientHandleMessage Message.MessageType=(PingMessage_X) Message.ReservationID=(C391A9CE14CC43A8BCA2C2273BDC32F7)
[0613.21] PsyNet: PsyNetServiceProvider_X_1 ExecuteService Complete, Service=DSR/ClientMessage 
[0615.65] JoinGame: GotoJoinGameState JoinCountdown -> OpeningLoadingScreen
[0615.65] RankedReconnect: OnlineGameJoinGame_TA_0::OpeningLoadingScreen.BeginState()
[0615.65] RankedReconnect: LocalPlayer_TA_0.UpdateRankedReconnect() RankedTeamDoubles True 4 False
[0615.65] RankedReconnect: RankedReconnectSave_TA_0.SetRankedReconnect() Server=((Reservation=(ServerName="ASM1-054A38E30A7BE18B2-Pascal2",Playlist=11,Region="ASM",ReservationID="C391A9CE14CC43A8BCA2C2273BDC32F7",DSRToken="eyJ0eXAiOiJKV1QiLCJhbGciOiJIUzUxMiJ9.eyJqdGkiOiI4M2ZlZWI1MzI2MTc0NWQ5YTZhYzAwOGI1ODViMjA2MSIsImlzcyI6IlBzeU5ldCIsInBsYXllcl9pZCI6IlN0ZWFtfDc2NTYxMTk4MDI2NTQzNzg5fDAiLCJzZXJ2ZXJfbmFtZSI6IkFTTTEtMDU0QTM4RTMwQTdCRTE4QjItUGFzY2FsMiIsImlhdCI6MTc3MTE0NTM5NiwibmJmIjoxNzcxMTQ1Mzk2LCJleHAiOjE3NzExNTk3OTZ9.4xDz9zVt8vduzwMz_rDME9LEpcYv0SdTBcl6kHoJ73ITvxTVYGRJ-4lIHM20LpWTkKYsUedzGfltzONoFpA2JA",JoinName="TIKVPX51G7JHHBNJ",JoinPassword="RRD0BN8UVQHCW2RG"),PingURL="47.129.213.109:7921",GameURL="47.129.213.109:7920",JoinCredentials="TIKVPX51G7JHHBNJ:RRD0BN8UVQHCW2RG")) EpochNow=(1771145400)
[0615.65] DevNet: Browse: JoinGameTransition?game=TAGame.GameInfo_Transition_TA?Offline?LoadSave=Downloaded\Temp(1)?Playtest?Name=Lock
[0615.72] Log: FSaveDataExportTask(0) wrote 4443756 bytes to memory
[0615.72] Log: SaveGameDataAsync game thread time: 32 ms
[0615.72] Log: LoadMap: JoinGameTransition?game=TAGame.GameInfo_Transition_TA?Offline?LoadSave=Downloaded\Temp(1)?Playtest?Name=Lock
[0615.72] EOSVoice: Not requesting voice token, no MatchGUID
[0615.72] Spawn: TextChatActor_TA_8 Destroyed
[0615.74] DevOnline: PsyNet Flush Start TimeoutSeconds=0.250000
[0615.79] Log: Deleting old save file ..\..\TAGame\SaveData\DBE_Production\76561198026543789_1.save
[0615.79] Log: SaveDataExport(0): Finished - File:[..\..\TAGame\SaveData\DBE_Production\76561198026543789.save] Result:[1]
[0616.00] DevOnline: PsyNet Flush End
[0616.02] Log: Fully load package: ..\..\TAGame\CookedPCConsole\GameInfo_Transition_SF.upk
[0616.03] Log: Game class is 'GameInfo_Transition_TA'
[0616.03] Log: Bringing World JoinGameTransition.TheWorld up for play (0) at 2026.02.15-14.20.03
[0616.03] Log: Bringing up level for play took: 0.002953
[0616.03] PartyChallenge: InitializeCompetitiveChallenges bGuestAccount=(False) bCompletedChallengesForCompetitive=(False) bLegacyPlayer=(True) Online_X.UniqueNetIDToString(OnlinePlayer.PlayerID)=(Steam|76561198026543789|0)
[0616.03] JoinGame: GotoJoinGameState OpeningLoadingScreen -> JoiningNewServer
[0616.03] DevNet: SetProgress, MessageType=1, Title=, Message=Connecting...
[0616.03] Log: ########### Finished loading level: 0.310759 seconds
[0616.03] DevNet: Browse: 47.129.213.109:7920/MENU_Main_p?Name=Lock
[0616.03] DevNet: Game client on port 7920, rate 15000
[0616.03] NetComeGo: SEND first packet Length=80 CRC=1339512080
[0616.10] NetComeGo: TcpipConnection_1 RECV first packet IP=47.129.213.109:7920 Length=15 CRC=42618154 HandshakeStatus=0 bUseSessionUID=1 InSessionUID=(0 0 0) SessionUID=(0 0 0)
[0616.10] NetComeGo: Client set SessionUID to: 160 89 151
[0616.35] DevNet: Welcomed by server (Level: Outlaw_Oasis_P, Game: TAGame.GameInfo_Soccar_TA, GameTags: )
[0616.39] Log: FSaveDataExportTask(0) wrote 4443756 bytes to memory
[0616.39] Log: SaveGameDataAsync game thread time: 32 ms
[0616.39] Log: Flushing async loaders.
[0616.39] Log: Flushed async loaders.
[0616.39] Log: LoadMap: 47.129.213.109:7920/Outlaw_Oasis_P?Name=Lock?game=TAGame.GameInfo_Soccar_TA
[0616.40] DevOnline: PsyNet Flush Start TimeoutSeconds=0.250000
[0616.43] Log: Deleting old save file ..\..\TAGame\SaveData\DBE_Production\76561198026543789_2.save
[0616.43] Log: SaveDataExport(0): Finished - File:[..\..\TAGame\SaveData\DBE_Production\76561198026543789_1.save] Result:[1]
[0616.67] DevOnline: PsyNet Flush End
[0616.67] Log: Fully load package: ..\..\TAGame\CookedPCConsole\GameInfo_Soccar_SF.upk
[0616.72] Log: Fully load package: ..\..\TAGame\CookedPCConsole\GFxSounds_XP_SF.upk
[0616.73] Log: Fully load package: ..\..\TAGame\CookedPCConsole\GFx_XPProgressMenu_SF.upk
[0616.74] Log: Fully load package: ..\..\TAGame\CookedPCConsole\GFX_EndGameMenu_SF.upk
[0616.77] Log: Fully load package: ..\..\TAGame\CookedPCConsole\GFX_WinnerMenu_SF.upk
[0616.79] Log: Fully load package: ..\..\TAGame\CookedPCConsole\GFX_MidGameScoreboard_SF.upk
[0616.79] Log: Fully load package: ..\..\TAGame\CookedPCConsole\GFX_MidGameMenu_SF.upk
[0616.80] Log: Fully load package: ..\..\TAGame\CookedPCConsole\GFX_HudMatchInfo_SF.upk
[0616.81] Log: Fully load package: ..\..\TAGame\CookedPCConsole\GFX_Hud_SF.upk
[0617.52] Warning: Warning, Material boost_toonywater.Materials.Blank_MAT missing bUsedWithStaticLighting=True!
[0617.56] Log: Bringing World Outlaw_Oasis_P.TheWorld up for play (0) at 2026.02.15-14.20.04
[0617.56] Warning: Warning, Material BlackMarketTest_Skin.MAT_BlackMarketTest missing bUsedWithStaticLighting=True!
[0617.57] Log: Bringing up level for play took: 0.171188
[0617.69] PartyChallenge: InitializeCompetitiveChallenges bGuestAccount=(False) bCompletedChallengesForCompetitive=(False) bLegacyPlayer=(True) Online_X.UniqueNetIDToString(OnlinePlayer.PlayerID)=(Steam|76561198026543789|0)
[0617.69] JoinGame: OnJoinGameComplete bSuccess=(True) FailReason=()
[0617.69] JoinGame: GotoJoinGameState JoiningNewServer -> None
[0617.69] PsyNetBeaconDetail_X: PsyNetBeacon_X_0 Close
[0617.69] PsyNetBeaconDetail_X: PsyNetBeacon_X_0 CloseConnection Connection.ConnectionID=(eyJ0eXAiOiJKV1QiLCJhbGciOiJIUzUxMiJ9.eyJqdGkiOiI4M2ZlZWI1MzI2MTc0NWQ5YTZhYzAwOGI1ODViMjA2MSIsImlzcyI6IlBzeU5ldCIsInBsYXllcl9pZCI6IlN0ZWFtfDc2NTYxMTk4MDI2NTQzNzg5fDAiLCJzZXJ2ZXJfbmFtZSI6IkFTTTEtMDU0QTM4RTMwQTdCRTE4QjItUGFzY2FsMiIsImlhdCI6MTc3MTE0NTM5NiwibmJmIjoxNzcxMTQ1Mzk2LCJleHAiOjE3NzExNTk3OTZ9.4xDz9zVt8vduzwMz_rDME9LEpcYv0SdTBcl6kHoJ73ITvxTVYGRJ-4lIHM20LpWTkKYsUedzGfltzONoFpA2JA)
[0617.69] Matchmaking: OnlineGameMatchmaking_X_0 Joining -> None
[0617.69] Spawn: TextChatActor_TA_9 OnOwnerChanged PlayerController_TA_4
[0617.69] Log: ########### Finished loading level: 1.294006 seconds
[0617.69] MusicPlayer: HandleTrackEnd CurrentTrackPlayingID=(0) PlayingID=(10166)
[0617.69] MusicPlayer: HandleTrackEnd CurrentTrackPlayingID=(0) PlayingID=(10166)
[0617.91] PartyChallenge: InitializeCompetitiveChallenges bGuestAccount=(False) bCompletedChallengesForCompetitive=(False) bLegacyPlayer=(True) Online_X.UniqueNetIDToString(OnlinePlayer.PlayerID)=(Steam|76561198026543789|0)
[0617.91] ScriptLog: Client InputRate=60
[0617.91] DevNet: PlayerController_TA_5 setplayer LocalPlayer_TA_0
[0617.91] PsyNetStaticData: UpdateCacheTimerEnabled CacheTimer.bEnabled=(False)
[0617.91] MatchBroadcast: Init bBroadcastMatch=(False) MatchLog=(None)
[0617.94] Spawn: TextChatActor_TA_10 OnOwnerChanged PlayerController_TA_5
[0618.02] ScriptLog: MatchGUID: 4D97B41411F10A4B3BAA05B183362FD6
[0618.02] DevOnline: Set rich presence to: Doubles in Deadeye Canyon (Oasis) data: Playlist-11
[0618.02] ScriptLog: Uncached PlatformId for Epic|dac4f5bc01154618b991f95a1c6446ef|0
[0618.02] ScriptLog: Uncached PlatformId for Epic|db8512caf1ab4e038266eb7a5942a49f|0
[0618.05] LTM: SettingsType=(CustomMatchSettingsType_PrivateMatch)
[0618.11] Log: Flushing async loaders.
[0618.12] Log: Flushed async loaders.
[0618.12] ScriptLog: Uncached PlatformId for Epic|835ac9e5ca3446d6881a0f43524e4acc|0
[0618.13] EOSVoice: AlertVoiceError: VoiceModerationEULANotAccepted
[0621.49] DevOnline: EOSSDK-LogEOSRTC: TickTracker Tick is delayed. TimePeriod=[10.003221s]  TickIntervalThreshold=[0.100000s] MaxTickInterval=[0.106340s] MaxExecutionTime=[0.000026s] TicksCount=[1590] ExpectedTicksCount=[1000]
[0622.51] DevOnline: WebRequest_X_38 SEND: https://datarouter.ol.epicgames.com/datarouter/api/v1/public/data?AppID=RocketLeague.Release&AppVersion=1320316429&AppEnvironment=Prod&UploadType=eteventstream&UserID=|29102162b92948868b021454382b618a|||Steam|76561198026543789|0&SessionID=97EA5AFF4B17012BE08566BDD75FF0FB
[0622.81] DevOnline: WebRequest_X_38 RECV: 204 
[0628.78] DevOnline: Set rich presence to: InGame 0:0 [4:59 remaining] data: InGame 0:0 [4:59 remaining]
[0642.80] DevOnline: Set rich presence to: InGame 0:0 [4:45 remaining] data: InGame 0:0 [4:45 remaining]
[0657.78] DevOnline: Set rich presence to: InGame 0:0 [4:30 remaining] data: InGame 0:0 [4:30 remaining]
[0672.78] DevOnline: Set rich presence to: InGame 0:0 [4:15 remaining] data: InGame 0:0 [4:15 remaining]
[0682.50] DevOnline: WebRequest_X_39 SEND: https://datarouter.ol.epicgames.com/datarouter/api/v1/public/data?AppID=RocketLeague.Release&AppVersion=1320316429&AppEnvironment=Prod&UploadType=eteventstream&UserID=|29102162b92948868b021454382b618a|||Steam|76561198026543789|0&SessionID=97EA5AFF4B17012BE08566BDD75FF0FB
[0682.81] DevOnline: WebRequest_X_39 RECV: 204 
[0687.78] DevOnline: Set rich presence to: InGame 0:0 [4:00 remaining] data: InGame 0:0 [4:00 remaining]
[0702.77] DevOnline: Set rich presence to: InGame 0:0 [3:45 remaining] data: InGame 0:0 [3:45 remaining]
[0717.78] DevOnline: Set rich presence to: InGame 0:0 [3:30 remaining] data: InGame 0:0 [3:30 remaining]
[0729.31] DevOnline: Set rich presence to: InGame 0:1 [3:19 remaining] data: InGame 0:1 [3:19 remaining]
[0732.87] EOSGameClips: EOSGameClips: Currently recording: false
[0742.51] DevOnline: WebRequest_X_40 SEND: https://datarouter.ol.epicgames.com/datarouter/api/v1/public/data?AppID=RocketLeague.Release&AppVersion=1320316429&AppEnvironment=Prod&UploadType=eteventstream&UserID=|29102162b92948868b021454382b618a|||Steam|76561198026543789|0&SessionID=97EA5AFF4B17012BE08566BDD75FF0FB
[0742.79] DevOnline: Set rich presence to: InGame 0:1 [3:15 remaining] data: InGame 0:1 [3:15 remaining]
[0742.81] DevOnline: WebRequest_X_40 RECV: 204 
[0757.80] DevOnline: Set rich presence to: InGame 0:1 [3:00 remaining] data: InGame 0:1 [3:00 remaining]
[0772.78] DevOnline: Set rich presence to: InGame 0:1 [2:45 remaining] data: InGame 0:1 [2:45 remaining]
[0787.78] DevOnline: Set rich presence to: InGame 0:1 [2:30 remaining] data: InGame 0:1 [2:30 remaining]
[0801.83] DevOnline: Set rich presence to: InGame 1:1 [2:16 remaining] data: InGame 1:1 [2:16 remaining]
[0802.50] DevOnline: WebRequest_X_41 SEND: https://datarouter.ol.epicgames.com/datarouter/api/v1/public/data?AppID=RocketLeague.Release&AppVersion=1320316429&AppEnvironment=Prod&UploadType=eteventstream&UserID=|29102162b92948868b021454382b618a|||Steam|76561198026543789|0&SessionID=97EA5AFF4B17012BE08566BDD75FF0FB
[0802.81] DevOnline: WebRequest_X_41 RECV: 204 
[0805.40] EOSGameClips: EOSGameClips: Currently recording: false
[0813.30] DevOnline: Set rich presence to: InGame 1:1 [2:15 remaining] data: InGame 1:1 [2:15 remaining]
[0828.30] DevOnline: Set rich presence to: InGame 1:1 [2:00 remaining] data: InGame 1:1 [2:00 remaining]
[0843.30] DevOnline: Set rich presence to: InGame 1:1 [1:45 remaining] data: InGame 1:1 [1:45 remaining]
[0858.32] DevOnline: Set rich presence to: InGame 1:1 [1:30 remaining] data: InGame 1:1 [1:30 remaining]
[0862.50] DevOnline: WebRequest_X_42 SEND: https://datarouter.ol.epicgames.com/datarouter/api/v1/public/data?AppID=RocketLeague.Release&AppVersion=1320316429&AppEnvironment=Prod&UploadType=eteventstream&UserID=|29102162b92948868b021454382b618a|||Steam|76561198026543789|0&SessionID=97EA5AFF4B17012BE08566BDD75FF0FB
[0862.81] DevOnline: WebRequest_X_42 RECV: 204 
[0873.29] DevOnline: Set rich presence to: InGame 1:1 [1:15 remaining] data: InGame 1:1 [1:15 remaining]
[0888.30] DevOnline: Set rich presence to: InGame 1:1 [1:00 remaining] data: InGame 1:1 [1:00 remaining]
[0903.31] DevOnline: Set rich presence to: InGame 1:1 [0:45 remaining] data: InGame 1:1 [0:45 remaining]
[0918.30] DevOnline: Set rich presence to: InGame 1:1 [0:30 remaining] data: InGame 1:1 [0:30 remaining]
[0922.51] DevOnline: WebRequest_X_43 SEND: https://datarouter.ol.epicgames.com/datarouter/api/v1/public/data?AppID=RocketLeague.Release&AppVersion=1320316429&AppEnvironment=Prod&UploadType=eteventstream&UserID=|29102162b92948868b021454382b618a|||Steam|76561198026543789|0&SessionID=97EA5AFF4B17012BE08566BDD75FF0FB
[0922.81] DevOnline: WebRequest_X_43 RECV: 204 
[0933.29] DevOnline: Set rich presence to: InGame 1:1 [0:15 remaining] data: InGame 1:1 [0:15 remaining]
[0955.51] DevOnline: Set rich presence to: InGame 1:1 [Overtime 0:01] data: InGame 1:1 [Overtime 0:01]
[0970.49] DevOnline: Set rich presence to: InGame 1:1 [Overtime 0:16] data: InGame 1:1 [Overtime 0:16]
[0982.50] DevOnline: WebRequest_X_44 SEND: https://datarouter.ol.epicgames.com/datarouter/api/v1/public/data?AppID=RocketLeague.Release&AppVersion=1320316429&AppEnvironment=Prod&UploadType=eteventstream&UserID=|29102162b92948868b021454382b618a|||Steam|76561198026543789|0&SessionID=97EA5AFF4B17012BE08566BDD75FF0FB
[0982.81] DevOnline: WebRequest_X_44 RECV: 204 
[0985.50] DevOnline: Set rich presence to: InGame 1:1 [Overtime 0:31] data: InGame 1:1 [Overtime 0:31]
[1000.49] DevOnline: Set rich presence to: InGame 1:1 [Overtime 0:46] data: InGame 1:1 [Overtime 0:46]
[1015.51] DevOnline: Set rich presence to: InGame 1:1 [Overtime 1:01] data: InGame 1:1 [Overtime 1:01]
[1029.18] DevOnline: Set rich presence to: InGame 1:2 [Overtime 1:14] data: InGame 1:2 [Overtime 1:14]
[1029.48] SplitScreen: Press Start ControllerId=0 Player=LocalPlayer_TA_0
[1030.31] RankedReconnect: RankedReconnectSave_TA_0.ClearRankedReconnect()
[1030.31] NetComeGo: TcpipConnection_1 Control channel closed, reason=Disconnect command
[1030.31] DevNet: URL: Adding default option Name=Lock
[1030.31] DevNet: Browse: MENU_Main_p?closed?Name=Lock
[1030.31] Log: Failed; returning to Entry
[1030.38] Log: FSaveDataExportTask(0) wrote 4442915 bytes to memory
[1030.38] Log: SaveGameDataAsync game thread time: 31 ms
[1030.38] Log: LoadMap: MENU_Main_p?closed?Name=Lock
[1030.38] Spawn: TextChatActor_TA_9 Destroyed
[1030.38] PsyNetStaticData: HandleCacheExpired
[1030.38] PsyNetStaticData: UpdateCacheTimerEnabled CacheTimer.bEnabled=(True)
[1030.38] DevOnline: UnregisterRemoteTalker(0x0110000103F352AD) returned 0x00000000
[1030.38] DevOnline: Unknown remote talker specified to UnregisterRemoteTalker()
[1030.38] Spawn: TextChatActor_TA_10 Destroyed
[1030.38] Spawn: TextChatActor_TA_11 Destroyed
[1030.38] DevOnline: Unknown remote talker specified to UnregisterRemoteTalker()
[1030.38] DevOnline: Unknown remote talker specified to UnregisterRemoteTalker()
[1030.38] DevOnline: Unknown remote talker specified to UnregisterRemoteTalker()
[1030.38] DevOnline: Unknown remote talker specified to UnregisterRemoteTalker()
[1030.38] Spawn: TextChatActor_TA_12 Destroyed
[1030.38] DevOnline: Unknown remote talker specified to UnregisterRemoteTalker()
[1030.38] DevOnline: Unknown remote talker specified to UnregisterRemoteTalker()
[1030.38] Spawn: TextChatActor_TA_13 Destroyed
[1030.40] DevOnline: PsyNet Flush Start TimeoutSeconds=0.250000
[1030.45] Log: Deleting old save file ..\..\TAGame\SaveData\DBE_Production\76561198026543789.save
[1030.45] Log: SaveDataExport(0): Finished - File:[..\..\TAGame\SaveData\DBE_Production\76561198026543789_2.save] Result:[1]
[1030.66] DevOnline: PsyNet Flush End
[1030.69] NetComeGo: Close TcpipConnection_1 47.129.213.109:7920 15/02/2026 14:26:58 'UNetConnection::CleanUp'
[1030.69] NetComeGo: TcpipConnection_1 Control channel null, Sending unstable close to 47.129.213.109:7920 on temporary Control channel.
[1030.69] Exit: TcpNetDriver_1 shut down
[1030.70] Log: Fully load package: ..\..\TAGame\CookedPCConsole\GameInfo_GFxMenu_SF.upk
[1030.71] Log: Fully load package: ..\..\TAGame\CookedPCConsole\GFxSounds_MainMenu_SF.upk
[1030.72] Log: Fully load package: ..\..\TAGame\CookedPCConsole\GFX_StartMenu_SF.upk
[1030.74] Log: Fully load package: ..\..\TAGame\CookedPCConsole\GFX_MainMenu_SF.upk
[1030.77] Log: Game class is 'GameInfo_GFxMenu_TA'
[1030.78] Log: Bringing World menu_main_p.TheWorld up for play (0) at 2026.02.15-14.26.58
[1030.78] Log: Flushing async loaders.
[1030.86] Log: Flushed async loaders.
[1030.87] DevOnline: UnregisterLocalTalker(0) returned 0x00000000
[1030.87] DevOnline: Successfully set the friend join URL: 
[1030.87] Log: Bringing up level for play took: 0.101913
[1030.96] PartyChallenge: InitializeCompetitiveChallenges bGuestAccount=(False) bCompletedChallengesForCompetitive=(False) bLegacyPlayer=(True) Online_X.UniqueNetIDToString(OnlinePlayer.PlayerID)=(Steam|76561198026543789|0)
[1030.96] DevOnline: Set rich presence to: Main Menu data: Menu
[1030.96] Log: ########### Finished loading level: 0.576348 seconds
[1030.97] DevOnline: WebRequest_X_45 SEND: https://config.psynet.gg/v2/Config/BattleCars/1320316429/Prod/Steam/INT/
[1030.98] Log: Flushing async loaders.
[1031.30] Log: Flushed async loaders.
[1031.30] Warning: Warning, Material hat_flyingcarpet.Whale_FlyingCarpet_MAT missing bUsedWithStaticLighting=True!
[1031.30] Warning: Warning, Material hat_flyingcarpet.Whale_FlyingCarpet_MAT missing bUsedWithStaticLighting=True!
[1031.30] Warning: Warning, Material hat_flyingcarpet.Whale_FlyingCarpet_MAT missing bUsedWithStaticLighting=True!
[1031.30] Warning: Warning, Material hat_flyingcarpet.Whale_FlyingCarpet_MAT missing bUsedWithStaticLighting=True!
[1031.30] Warning: Warning, Material hat_flyingcarpet.Whale_FlyingCarpet_MAT missing bUsedWithStaticLighting=True!
[1031.30] Warning: Warning, Material hat_flyingcarpet.Whale_FlyingCarpet_MAT missing bUsedWithStaticLighting=True!
[1031.30] Warning: Warning, Material hat_flyingcarpet.Whale_FlyingCarpet_MAT missing bUsedWithStaticLighting=True!
[1031.30] Warning: Warning, Material hat_flyingcarpet.Whale_FlyingCarpet_MAT missing bUsedWithStaticLighting=True!
[1031.49] MusicPlayer: HandleTrackEnd CurrentTrackPlayingID=(0) PlayingID=(11626)
[1031.49] MusicPlayer: HandleTrackEnd CurrentTrackPlayingID=(0) PlayingID=(11626)
[1031.52] Eula: RequiresAcceptance? EulaConfig?.bRequiresAcceptance=(True) GetUISave()?.Contains('bAcceptedOfflineEULA')=(True) Eula.SyncState=(LSS_Accepted)
[1031.52] AuthEpicVerbose: [GFx] Epic login changed. m_uiState:MainMenu bPromptParentalConsent:false bPromptToChoosePrimaryAccount:false bEpicSaveDataLoaded:false bPlatformLinked:false
[1031.52] FTEDev: Group Prime_MatchComplete Is not meant for users of type FTESave.LegacyGroupType=(LGT_LegacyUser)
[1031.52] FTEDev: Group Prime_MatchComplete Is not meant for users of type FTESave.LegacyGroupType=(LGT_LegacyUser)
[1031.65] DevOnline: EOSSDK-LogEOSRTC: TickTracker Tick is delayed. TimePeriod=[10.058557s]  TickIntervalThreshold=[0.100000s] MaxTickInterval=[0.131468s] MaxExecutionTime=[0.000045s] TicksCount=[1986] ExpectedTicksCount=[1005]
[1031.66] Online: TryToPlayOnline ControllerID=(-1)
[1031.68] Online: HandlePrivilegeCheckFinished PrivilegeCheck.bHasRestriction=(False)
[1031.68] Online: HandlePrivilegeCheck PrivilegeCheck.bHasRestriction=(False)
[1031.79] DevOnline: WebRequest_X_45 RECV: 304 
[1032.67] DevOnline: PlayerDataStorage_WriteFile: Beginning to upload file. User=(29102162b92948868b021454382b618a) FileName=(RLSaveData)
[1033.10] Log: Flushing async loaders.
[1033.14] Log: Flushed async loaders.
[1033.57] PartyChallenge: UpdateChallengeProgressForCompetitive bChallengesComplete=(False) ChallengeState=(Challenge_Success) bChallengeSync=(True) bChallengesAreValid=(True) bLegacyPlayer=(True) bGuestAccount=(False) Online_X.UniqueNetIDToString(Manager.Outer.PlayerID)=(Steam|76561198026543789|0) Complete
[1033.57] PsyNet: PsyNetServiceProvider_X_1 ExecuteService Complete, Service=Challenges/PlayerProgress 
[1033.59] PsyNet: PsyNetServiceProvider_X_1 ExecuteService Complete, Service=Reward/RewardResult 
[1033.64] Prime24121: StartSearch.PreferredRegions.Length 2
[1033.64] Matchmaking: OnlineGameMatchmaking_X_0 OnlineGameMatchmaking_X -> PingRegions
[1034.25] ScriptLog: RegionPinger_X_2 PingRegions ("52.66.219.146:8085","54.254.129.139:7955","18.163.113.22:7873","3.101.179.154:7965","44.234.96.158:7853","35.79.100.42:7899","18.88.5.193:7835","3.148.40.66:7707","3.237.118.150:8177","15.228.31.67:7761","15.237.29.119:7733","15.184.85.32:7797","13.41.12.126:7769","18.202.253.32:7891","3.25.157.109:7953","18.157.11.11:7895","13.49.164.196:7909","13.244.191.248:7823")
[1035.89] Matchmaking: All Regions Pinged: IND1 (1.0000),ASM1 (0.0702),ASC1 (0.1184),USW1 (0.2456),USW3 (0.2938),JPN1 (0.1358),USC1 (0.2762),USE3 (0.2894),USE1 (0.3068),SAM1 (0.4297),EU9 (0.2323),ME1 (0.3114),EU7 (0.2455),EU3 (0.2411),OCE1 (0.1579),EU5 (0.2368),EU1 (0.2368),SAF1 (0.3727),JPN (1.0000),ASC (1.0000),ASM (1.0000),EU (1.0000),IND (1.0000),ME (1.0000),OCE (1.0000),SAF (1.0000),SAM (1.0000),USC (1.0000),USE (1.0000),USW (1.0000)
[1035.89] Matchmaking: Failed to ping 'IND1'. Using cached ping '0.0351'
[1035.89] Log: FCacheExportTask(..\..\TAGame\Cache\RegionCache.cache) wrote 1713 bytes to memory
[1035.89] Matchmaking: OnlineGameMatchmaking_X_0 PingRegions -> Searching
[1035.89] Prime24121: HandleRegionsPinged.PreferredRegions.Length 2
[1035.89] Matchmaking: OnlineGameMatchmaking_X::RecordStart
[1035.89] Matchmaking: Pre-divide PartyLeaderMMR: 102.5341
[1035.89] Matchmaking: Post-divide PartyLeaderMMR: 51.2671
[1035.89] Matchmaking: PartyLeaderTier=(17)
[1035.89] Matchmaking: StartMatchmaking at 2026-02-15 08:57:02 in IND1,ASM1 for playlists 13,11 on game server 
[1035.89] Matchmaking: Creating RPC_StartMatchmaking_X
[1035.89] Matchmaking: PreferredRegions.Length=(2) PreferredPlaylists.Length=(2) Party.GetOrderedPartyMemberIDs().Length=(1)
[1035.89] Matchmaking: SecondsSearching=(2) CurrentServerID=() bDisableCrossplay=(False) bIgnoreSkill=(False)
[1036.19] Matchmaking: Matchmaking RPC succeeded.
[1036.19] Matchmaking: EstimatedQueueTime=(19.0000)
[1036.51] DevOnline: PlayerDataStorage_WriteFile: File upload complete. User=(29102162b92948868b021454382b618a) FileName=(RLSaveData) Success=(1)
[1042.89] DevOnline: WebRequest_X_46 SEND: https://datarouter.ol.epicgames.com/datarouter/api/v1/public/data?AppID=RocketLeague.Release&AppVersion=1320316429&AppEnvironment=Prod&UploadType=eteventstream&UserID=|29102162b92948868b021454382b618a|||Steam|76561198026543789|0&SessionID=97EA5AFF4B17012BE08566BDD75FF0FB
[1043.20] DevOnline: WebRequest_X_46 RECV: 204 
[1052.13] Log: FSaveDataExportTask(0) wrote 4442915 bytes to memory
[1052.13] Log: SaveGameDataAsync game thread time: 31 ms
[1052.17] Log: Deleting old save file ..\..\TAGame\SaveData\DBE_Production\76561198026543789_1.save
[1052.17] Log: SaveDataExport(0): Finished - File:[..\..\TAGame\SaveData\DBE_Production\76561198026543789.save] Result:[1]
[1070.99] PsyNetBeaconDetail_X: PsyNetBeacon_X_0 ReserveConnection ReservationID=(CB9667C64DDF4CCC840B631E2988F2AD) ConnectionID=(eyJ0eXAiOiJKV1QiLCJhbGciOiJIUzUxMiJ9.eyJqdGkiOiI4Mjg4NDZmYmYxN2Q0NTcxOWU3OTU0MTAxMWM1ZTYwYyIsImlzcyI6IlBzeU5ldCIsInBsYXllcl9pZCI6IlN0ZWFtfDc2NTYxMTk4MDI2NTQzNzg5fDAiLCJzZXJ2ZXJfbmFtZSI6IkFTTTEtMEU0NERGMEM3MzM1M0M3N0YtQm9saWRlIiwiaWF0IjoxNzcxMTQ1ODU2LCJuYmYiOjE3NzExNDU4NTYsImV4cCI6MTc3MTE2MDI1Nn0.gKAjwmDm0qL2nET-0GWCXmUYqQVua2PZITZjAj4vwMXjHoXPxFkIAXb9D9HNWbIFzGiQL1Cv-VBxs8azkk8IAQ)
[1070.99] PsyNetBeaconDetail_X: PsyNetBeacon_X_0 ClientHandleMessage Message.MessageType=(ClientReservationMessage_X) Message.ReservationID=(CB9667C64DDF4CCC840B631E2988F2AD)
[1070.99] CheckReservation: Received game server from notification (v3) Message.Reservation=((ServerName="ASM1-0E44DF0C73353C77F-Bolide",Playlist=11,Region="ASM",ReservationID="CB9667C64DDF4CCC840B631E2988F2AD",DSRToken="eyJ0eXAiOiJKV1QiLCJhbGciOiJIUzUxMiJ9.eyJqdGkiOiI4Mjg4NDZmYmYxN2Q0NTcxOWU3OTU0MTAxMWM1ZTYwYyIsImlzcyI6IlBzeU5ldCIsInBsYXllcl9pZCI6IlN0ZWFtfDc2NTYxMTk4MDI2NTQzNzg5fDAiLCJzZXJ2ZXJfbmFtZSI6IkFTTTEtMEU0NERGMEM3MzM1M0M3N0YtQm9saWRlIiwiaWF0IjoxNzcxMTQ1ODU2LCJuYmYiOjE3NzExNDU4NTYsImV4cCI6MTc3MTE2MDI1Nn0.gKAjwmDm0qL2nET-0GWCXmUYqQVua2PZITZjAj4vwMXjHoXPxFkIAXb9D9HNWbIFzGiQL1Cv-VBxs8azkk8IAQ",JoinName="D6EU2904LVSQGE2N",JoinPassword="G9X3UQHD2KSJG5NJ"))
[1070.99] JoinGame: StartJoin Reservation=((ServerName="ASM1-0E44DF0C73353C77F-Bolide",Playlist=11,Region="ASM",ReservationID="CB9667C64DDF4CCC840B631E2988F2AD",DSRToken="eyJ0eXAiOiJKV1QiLCJhbGciOiJIUzUxMiJ9.eyJqdGkiOiI4Mjg4NDZmYmYxN2Q0NTcxOWU3OTU0MTAxMWM1ZTYwYyIsImlzcyI6IlBzeU5ldCIsInBsYXllcl9pZCI6IlN0ZWFtfDc2NTYxMTk4MDI2NTQzNzg5fDAiLCJzZXJ2ZXJfbmFtZSI6IkFTTTEtMEU0NERGMEM3MzM1M0M3N0YtQm9saWRlIiwiaWF0IjoxNzcxMTQ1ODU2LCJuYmYiOjE3NzExNDU4NTYsImV4cCI6MTc3MTE2MDI1Nn0.gKAjwmDm0qL2nET-0GWCXmUYqQVua2PZITZjAj4vwMXjHoXPxFkIAXb9D9HNWbIFzGiQL1Cv-VBxs8azkk8IAQ",JoinName="D6EU2904LVSQGE2N",JoinPassword="G9X3UQHD2KSJG5NJ")) JoinSettings=((PlaylistId=11))
[1070.99] DevOnline: Successfully set the friend join URL: 
[1070.99] JoinGame: GotoJoinGameState OnlineGameJoinGame_TA -> VerifyPrivileges
[1070.99] Online: TryToPlayOnline ControllerID=(-1)
[1070.99] Matchmaking: OnlineGameMatchmaking_X_0 Searching -> Joining
[1071.00] Online: HandlePrivilegeCheckFinished PrivilegeCheck.bHasRestriction=(False)
[1071.00] JoinGame: GotoJoinGameState VerifyPrivileges -> ReservingServerForMatchmaking
[1071.00] PsyNetBeaconDetail_X: PsyNetBeacon_X_0 SendMessageToServer Message=(AddReservationMessagePublic_X_4)
[1071.00] PsyNet: PsyNetServiceProvider_X_1 ExecuteService Complete, Service=DSR/ClientMessage 
[1071.73] PsyNetBeaconDetail_X: PsyNetBeacon_X_0 ClientHandleMessage Message.MessageType=(ReservationsWaitingMessage_X) Message.ReservationID=(CB9667C64DDF4CCC840B631E2988F2AD)
[1071.73] JoinGame: Waiting for more players to add reservations
[1071.73] Party: HandleServerReserved (Reservation=(ServerName="ASM1-0E44DF0C73353C77F-Bolide",Playlist=11,Region="ASM",ReservationID="CB9667C64DDF4CCC840B631E2988F2AD",DSRToken="eyJ0eXAiOiJKV1QiLCJhbGciOiJIUzUxMiJ9.eyJqdGkiOiI4Mjg4NDZmYmYxN2Q0NTcxOWU3OTU0MTAxMWM1ZTYwYyIsImlzcyI6IlBzeU5ldCIsInBsYXllcl9pZCI6IlN0ZWFtfDc2NTYxMTk4MDI2NTQzNzg5fDAiLCJzZXJ2ZXJfbmFtZSI6IkFTTTEtMEU0NERGMEM3MzM1M0M3N0YtQm9saWRlIiwiaWF0IjoxNzcxMTQ1ODU2LCJuYmYiOjE3NzExNDU4NTYsImV4cCI6MTc3MTE2MDI1Nn0.gKAjwmDm0qL2nET-0GWCXmUYqQVua2PZITZjAj4vwMXjHoXPxFkIAXb9D9HNWbIFzGiQL1Cv-VBxs8azkk8IAQ",JoinName="D6EU2904LVSQGE2N",JoinPassword="G9X3UQHD2KSJG5NJ"),JoinCredentials="D6EU2904LVSQGE2N:G9X3UQHD2KSJG5NJ")
[1071.74] PsyNet: PsyNetServiceProvider_X_1 ExecuteService Complete, Service=DSR/ClientMessage 
[1072.85] PsyNetBeaconDetail_X: PsyNetBeacon_X_0 ClientHandleMessage Message.MessageType=(ReservationsReadyMessage_X) Message.ReservationID=(CB9667C64DDF4CCC840B631E2988F2AD)
[1072.85] DevOnline: Successfully set the friend join URL: 
[1072.85] Party: HandleServerReserved (Reservation=(ServerName="ASM1-0E44DF0C73353C77F-Bolide",Playlist=11,Region="ASM",ReservationID="CB9667C64DDF4CCC840B631E2988F2AD",DSRToken="eyJ0eXAiOiJKV1QiLCJhbGciOiJIUzUxMiJ9.eyJqdGkiOiI4Mjg4NDZmYmYxN2Q0NTcxOWU3OTU0MTAxMWM1ZTYwYyIsImlzcyI6IlBzeU5ldCIsInBsYXllcl9pZCI6IlN0ZWFtfDc2NTYxMTk4MDI2NTQzNzg5fDAiLCJzZXJ2ZXJfbmFtZSI6IkFTTTEtMEU0NERGMEM3MzM1M0M3N0YtQm9saWRlIiwiaWF0IjoxNzcxMTQ1ODU2LCJuYmYiOjE3NzExNDU4NTYsImV4cCI6MTc3MTE2MDI1Nn0.gKAjwmDm0qL2nET-0GWCXmUYqQVua2PZITZjAj4vwMXjHoXPxFkIAXb9D9HNWbIFzGiQL1Cv-VBxs8azkk8IAQ",JoinName="D6EU2904LVSQGE2N",JoinPassword="G9X3UQHD2KSJG5NJ"),PingURL="54.151.250.140:7827",GameURL="54.151.250.140:7826",JoinCredentials="D6EU2904LVSQGE2N:G9X3UQHD2KSJG5NJ")
[1072.85] JoinGame: GotoJoinGameState ReservingServerForMatchmaking -> JoinCountdown
[1072.85] PsyNetBeaconDetail_X: PsyNetBeacon_X_0 SendMessageToServer Message=(PingMessage_X_13)
[1072.86] PsyNet: PsyNetServiceProvider_X_1 ExecuteService Complete, Service=DSR/ClientMessage 
[1073.41] PsyNetBeaconDetail_X: PsyNetBeacon_X_0 ClientHandleMessage Message.MessageType=(PingMessage_X) Message.ReservationID=(CB9667C64DDF4CCC840B631E2988F2AD)
[1073.41] PsyNet: PsyNetServiceProvider_X_1 ExecuteService Complete, Service=DSR/ClientMessage 
[1075.85] JoinGame: GotoJoinGameState JoinCountdown -> OpeningLoadingScreen
[1075.85] RankedReconnect: OnlineGameJoinGame_TA_0::OpeningLoadingScreen.BeginState()
[1075.85] RankedReconnect: LocalPlayer_TA_0.UpdateRankedReconnect() RankedTeamDoubles True 4 False
[1075.85] RankedReconnect: RankedReconnectSave_TA_0.SetRankedReconnect() Server=((Reservation=(ServerName="ASM1-0E44DF0C73353C77F-Bolide",Playlist=11,Region="ASM",ReservationID="CB9667C64DDF4CCC840B631E2988F2AD",DSRToken="eyJ0eXAiOiJKV1QiLCJhbGciOiJIUzUxMiJ9.eyJqdGkiOiI4Mjg4NDZmYmYxN2Q0NTcxOWU3OTU0MTAxMWM1ZTYwYyIsImlzcyI6IlBzeU5ldCIsInBsYXllcl9pZCI6IlN0ZWFtfDc2NTYxMTk4MDI2NTQzNzg5fDAiLCJzZXJ2ZXJfbmFtZSI6IkFTTTEtMEU0NERGMEM3MzM1M0M3N0YtQm9saWRlIiwiaWF0IjoxNzcxMTQ1ODU2LCJuYmYiOjE3NzExNDU4NTYsImV4cCI6MTc3MTE2MDI1Nn0.gKAjwmDm0qL2nET-0GWCXmUYqQVua2PZITZjAj4vwMXjHoXPxFkIAXb9D9HNWbIFzGiQL1Cv-VBxs8azkk8IAQ",JoinName="D6EU2904LVSQGE2N",JoinPassword="G9X3UQHD2KSJG5NJ"),PingURL="54.151.250.140:7827",GameURL="54.151.250.140:7826",JoinCredentials="D6EU2904LVSQGE2N:G9X3UQHD2KSJG5NJ")) EpochNow=(1771145862)
[1075.86] DevNet: Browse: JoinGameTransition?Name=Lock?game=TAGame.GameInfo_Transition_TA
[1075.92] Log: FSaveDataExportTask(0) wrote 4443822 bytes to memory
[1075.92] Log: SaveGameDataAsync game thread time: 31 ms
[1075.93] Log: LoadMap: JoinGameTransition?Name=Lock?game=TAGame.GameInfo_Transition_TA
[1075.94] DevOnline: PsyNet Flush Start TimeoutSeconds=0.250000
[1075.99] Log: Deleting old save file ..\..\TAGame\SaveData\DBE_Production\76561198026543789_2.save
[1075.99] Log: SaveDataExport(0): Finished - File:[..\..\TAGame\SaveData\DBE_Production\76561198026543789_1.save] Result:[1]
[1076.20] DevOnline: PsyNet Flush End
[1076.25] Log: Fully load package: ..\..\TAGame\CookedPCConsole\GameInfo_Transition_SF.upk
[1076.25] Log: Game class is 'GameInfo_Transition_TA'
[1076.27] Log: Bringing World JoinGameTransition.TheWorld up for play (0) at 2026.02.15-14.27.43
[1076.27] Log: Bringing up level for play took: 0.014345
[1076.27] PartyChallenge: InitializeCompetitiveChallenges bGuestAccount=(False) bCompletedChallengesForCompetitive=(False) bLegacyPlayer=(True) Online_X.UniqueNetIDToString(OnlinePlayer.PlayerID)=(Steam|76561198026543789|0)
[1076.27] JoinGame: GotoJoinGameState OpeningLoadingScreen -> JoiningNewServer
[1076.27] DevNet: SetProgress, MessageType=1, Title=, Message=Connecting...
[1076.27] Log: ########### Finished loading level: 0.344061 seconds
[1076.27] DevNet: Browse: 54.151.250.140:7826/MENU_Main_p?Name=Lock
[1076.27] DevNet: Game client on port 7826, rate 15000
[1076.27] NetComeGo: SEND first packet Length=80 CRC=-778167622
[1076.35] NetComeGo: TcpipConnection_2 RECV first packet IP=54.151.250.140:7826 Length=15 CRC=-1671281822 HandshakeStatus=0 bUseSessionUID=1 InSessionUID=(0 0 0) SessionUID=(0 0 0)
[1076.35] NetComeGo: Client set SessionUID to: 59 28 197
[1076.57] DevNet: Welcomed by server (Level: Outlaw_Oasis_P, Game: TAGame.GameInfo_Soccar_TA, GameTags: )
[1076.60] Log: FSaveDataExportTask(0) wrote 4443822 bytes to memory
[1076.60] Log: SaveGameDataAsync game thread time: 32 ms
[1076.64] Log: Deleting old save file ..\..\TAGame\SaveData\DBE_Production\76561198026543789.save
[1076.64] Log: SaveDataExport(0): Finished - File:[..\..\TAGame\SaveData\DBE_Production\76561198026543789_2.save] Result:[1]
[1076.65] Log: Flushing async loaders.
[1076.65] Log: Flushed async loaders.
[1076.65] Log: LoadMap: 54.151.250.140:7826/Outlaw_Oasis_P?Name=Lock?game=TAGame.GameInfo_Soccar_TA
[1076.66] DevOnline: PsyNet Flush Start TimeoutSeconds=0.250000
[1076.92] DevOnline: PsyNet Flush End
[1076.93] Log: Fully load package: ..\..\TAGame\CookedPCConsole\GameInfo_Soccar_SF.upk
[1076.98] Log: Fully load package: ..\..\TAGame\CookedPCConsole\GFxSounds_XP_SF.upk
[1076.98] Log: Fully load package: ..\..\TAGame\CookedPCConsole\GFx_XPProgressMenu_SF.upk
[1077.00] Log: Fully load package: ..\..\TAGame\CookedPCConsole\GFX_EndGameMenu_SF.upk
[1077.03] Log: Fully load package: ..\..\TAGame\CookedPCConsole\GFX_WinnerMenu_SF.upk
[1077.04] Log: Fully load package: ..\..\TAGame\CookedPCConsole\GFX_MidGameScoreboard_SF.upk
[1077.05] Log: Fully load package: ..\..\TAGame\CookedPCConsole\GFX_MidGameMenu_SF.upk
[1077.06] Log: Fully load package: ..\..\TAGame\CookedPCConsole\GFX_HudMatchInfo_SF.upk
[1077.07] Log: Fully load package: ..\..\TAGame\CookedPCConsole\GFX_Hud_SF.upk
[1077.63] Warning: Warning, Material boost_toonywater.Materials.Blank_MAT missing bUsedWithStaticLighting=True!
[1077.66] Log: Bringing World Outlaw_Oasis_P.TheWorld up for play (0) at 2026.02.15-14.27.44
[1077.66] Warning: Warning, Material BlackMarketTest_Skin.MAT_BlackMarketTest missing bUsedWithStaticLighting=True!
[1077.66] Log: Bringing up level for play took: 0.144049
[1077.73] PartyChallenge: InitializeCompetitiveChallenges bGuestAccount=(False) bCompletedChallengesForCompetitive=(False) bLegacyPlayer=(True) Online_X.UniqueNetIDToString(OnlinePlayer.PlayerID)=(Steam|76561198026543789|0)
[1077.73] JoinGame: OnJoinGameComplete bSuccess=(True) FailReason=()
[1077.73] JoinGame: GotoJoinGameState JoiningNewServer -> None
[1077.73] PsyNetBeaconDetail_X: PsyNetBeacon_X_0 Close
[1077.73] PsyNetBeaconDetail_X: PsyNetBeacon_X_0 CloseConnection Connection.ConnectionID=(eyJ0eXAiOiJKV1QiLCJhbGciOiJIUzUxMiJ9.eyJqdGkiOiI4Mjg4NDZmYmYxN2Q0NTcxOWU3OTU0MTAxMWM1ZTYwYyIsImlzcyI6IlBzeU5ldCIsInBsYXllcl9pZCI6IlN0ZWFtfDc2NTYxMTk4MDI2NTQzNzg5fDAiLCJzZXJ2ZXJfbmFtZSI6IkFTTTEtMEU0NERGMEM3MzM1M0M3N0YtQm9saWRlIiwiaWF0IjoxNzcxMTQ1ODU2LCJuYmYiOjE3NzExNDU4NTYsImV4cCI6MTc3MTE2MDI1Nn0.gKAjwmDm0qL2nET-0GWCXmUYqQVua2PZITZjAj4vwMXjHoXPxFkIAXb9D9HNWbIFzGiQL1Cv-VBxs8azkk8IAQ)
[1077.73] Matchmaking: OnlineGameMatchmaking_X_0 Joining -> None
[1077.73] Spawn: TextChatActor_TA_14 OnOwnerChanged PlayerController_TA_6
[1077.73] Log: ########### Finished loading level: 1.080650 seconds
[1077.84] PartyChallenge: InitializeCompetitiveChallenges bGuestAccount=(False) bCompletedChallengesForCompetitive=(False) bLegacyPlayer=(True) Online_X.UniqueNetIDToString(OnlinePlayer.PlayerID)=(Steam|76561198026543789|0)
[1077.84] ScriptLog: Client InputRate=60
[1077.84] DevNet: PlayerController_TA_7 setplayer LocalPlayer_TA_0
[1077.84] PsyNetStaticData: UpdateCacheTimerEnabled CacheTimer.bEnabled=(False)
[1077.84] MatchBroadcast: Init bBroadcastMatch=(False) MatchLog=(None)
[1077.86] ScriptLog: MatchGUID: 5FD25E1211F10A4CDD7C13A1DDD66B27
[1077.86] Spawn: TextChatActor_TA_15 OnOwnerChanged PlayerController_TA_7
[1077.86] DevOnline: Set rich presence to: Doubles in Deadeye Canyon (Oasis) data: Playlist-11
[1077.94] LTM: SettingsType=(CustomMatchSettingsType_PrivateMatch)
[1077.98] EOSVoice: AlertVoiceError: VoiceModerationEULANotAccepted
[1079.05] DevOnline: EOSSDK-LogEOSIntegratedPlatform: FIntegratedSteamSanitizer: Sanitizer is implemented for this platform, but steam sanitizer not initialized. Falling back to generic sanitizer
[1079.13] ScriptLog: Uncached PlatformId for Epic|79cdafa5188b49f0b4750502bcacbb6c|0
[1081.65] DevOnline: EOSSDK-LogEOSRTC: TickTracker Tick is delayed. TimePeriod=[10.002094s]  TickIntervalThreshold=[0.100000s] MaxTickInterval=[0.184027s] MaxExecutionTime=[0.000020s] TicksCount=[1734] ExpectedTicksCount=[1000]
[1095.37] DevOnline: Set rich presence to: InGame 0:0 [4:59 remaining] data: InGame 0:0 [4:59 remaining]
[1103.67] DevOnline: WebRequest_X_47 SEND: https://datarouter.ol.epicgames.com/datarouter/api/v1/public/data?AppID=RocketLeague.Release&AppVersion=1320316429&AppEnvironment=Prod&UploadType=eteventstream&UserID=|29102162b92948868b021454382b618a|||Steam|76561198026543789|0&SessionID=97EA5AFF4B17012BE08566BDD75FF0FB
[1103.98] DevOnline: WebRequest_X_47 RECV: 204 
[1109.39] DevOnline: Set rich presence to: InGame 0:0 [4:45 remaining] data: InGame 0:0 [4:45 remaining]
[1118.97] DevOnline: Set rich presence to: InGame 0:1 [4:36 remaining] data: InGame 0:1 [4:36 remaining]
[1122.53] EOSGameClips: EOSGameClips: Currently recording: false
[1135.43] DevOnline: Set rich presence to: InGame 0:1 [4:30 remaining] data: InGame 0:1 [4:30 remaining]
[1150.45] DevOnline: Set rich presence to: InGame 0:1 [4:15 remaining] data: InGame 0:1 [4:15 remaining]
[1163.67] DevOnline: WebRequest_X_48 SEND: https://datarouter.ol.epicgames.com/datarouter/api/v1/public/data?AppID=RocketLeague.Release&AppVersion=1320316429&AppEnvironment=Prod&UploadType=eteventstream&UserID=|29102162b92948868b021454382b618a|||Steam|76561198026543789|0&SessionID=97EA5AFF4B17012BE08566BDD75FF0FB
[1163.97] DevOnline: WebRequest_X_48 RECV: 204 
[1165.46] DevOnline: Set rich presence to: InGame 0:1 [4:00 remaining] data: InGame 0:1 [4:00 remaining]
[1175.42] DevOnline: Set rich presence to: InGame 1:1 [3:51 remaining] data: InGame 1:1 [3:51 remaining]
[1178.97] EOSGameClips: EOSGameClips: Currently recording: false
[1190.62] DevOnline: Set rich presence to: InGame 1:1 [3:45 remaining] data: InGame 1:1 [3:45 remaining]
[1205.61] DevOnline: Set rich presence to: InGame 1:1 [3:30 remaining] data: InGame 1:1 [3:30 remaining]
[1220.62] DevOnline: Set rich presence to: InGame 1:1 [3:15 remaining] data: InGame 1:1 [3:15 remaining]
[1223.67] DevOnline: WebRequest_X_49 SEND: https://datarouter.ol.epicgames.com/datarouter/api/v1/public/data?AppID=RocketLeague.Release&AppVersion=1320316429&AppEnvironment=Prod&UploadType=eteventstream&UserID=|29102162b92948868b021454382b618a|||Steam|76561198026543789|0&SessionID=97EA5AFF4B17012BE08566BDD75FF0FB
[1223.98] DevOnline: WebRequest_X_49 RECV: 204 
[1227.81] DevOnline: Set rich presence to: InGame 1:2 [3:08 remaining] data: InGame 1:2 [3:08 remaining]
[1231.35] EOSGameClips: EOSGameClips: Currently recording: false
[1245.80] DevOnline: Set rich presence to: InGame 1:2 [3:00 remaining] data: InGame 1:2 [3:00 remaining]
[1260.79] DevOnline: Set rich presence to: InGame 1:2 [2:45 remaining] data: InGame 1:2 [2:45 remaining]
[1269.03] DevOnline: Set rich presence to: InGame 1:3 [2:37 remaining] data: InGame 1:3 [2:37 remaining]
[1272.59] EOSGameClips: EOSGameClips: Currently recording: false
[1283.67] DevOnline: WebRequest_X_50 SEND: https://datarouter.ol.epicgames.com/datarouter/api/v1/public/data?AppID=RocketLeague.Release&AppVersion=1320316429&AppEnvironment=Prod&UploadType=eteventstream&UserID=|29102162b92948868b021454382b618a|||Steam|76561198026543789|0&SessionID=97EA5AFF4B17012BE08566BDD75FF0FB
[1283.97] DevOnline: WebRequest_X_50 RECV: 204 
[1286.63] DevOnline: Set rich presence to: InGame 1:3 [2:30 remaining] data: InGame 1:3 [2:30 remaining]
[1287.88] DevOnline: Set rich presence to: InGame 1:4 [2:29 remaining] data: InGame 1:4 [2:29 remaining]
[1291.43] EOSGameClips: EOSGameClips: Currently recording: false
[1306.15] DevOnline: Set rich presence to: InGame 2:4 [2:22 remaining] data: InGame 2:4 [2:22 remaining]
[1309.68] EOSGameClips: EOSGameClips: Currently recording: false
[1322.83] DevOnline: Set rich presence to: InGame 2:4 [2:15 remaining] data: InGame 2:4 [2:15 remaining]
[1327.04] DevOnline: Set rich presence to: InGame 2:5 [2:11 remaining] data: InGame 2:5 [2:11 remaining]
[1330.60] EOSGameClips: EOSGameClips: Currently recording: false
[1335.23] SplitScreen: Press Start ControllerId=0 Player=LocalPlayer_TA_0
[1336.04] XPProgression: GFxHUD_TA.HandleGameStateChanged Current player match score = 332, UniqueId=(Steam|76561198026543789|0), with total match time = 169.2207 seconds, with total net time = 169.2207seconds
[1336.04] Party: Ranked Game Finished, Clear party member server
[1336.04] RankedReconnect: RankedReconnectSave_TA_0.ClearRankedReconnect()
[1336.04] DevOnline: Set rich presence to: InGame 2:5 [0:00 remaining] data: InGame 2:5 [0:00 remaining]
[1336.47] PartyChallenge: UpdateChallengeProgressForCompetitive bChallengesComplete=(False) ChallengeState=(Challenge_Success) bChallengeSync=(True) bChallengesAreValid=(True) bLegacyPlayer=(True) bGuestAccount=(False) Online_X.UniqueNetIDToString(Manager.Outer.PlayerID)=(Steam|76561198026543789|0) Complete
[1336.48] PsyNet: PsyNetServiceProvider_X_1 ExecuteService Complete, Service=Challenges/PlayerProgress 
[1336.49] Rewards: ClientGiveOnlineReward Lock Product=((ProductID=7076,InstanceID=(UpperBits=9878236202646456330,LowerBits=13324824370148776672),SeriesID=4,Attributes=((Key="Blueprint",Value="6839"),(Key="Quality",Value="Rare"),(Key="BlueprintCost",Value="100"))))
[1336.49] XPProgression: SaveData_TA.HandleRewardDropNotification PsyNetService_RewardDropReceived_TA returned Total XP Earned = 1044.0000, in match with ID = 5FD25E1211F10A4CDD7C13A1DDD66B27 , Current player match score = 332, UniqueId=(Steam|76561198026543789|0), with total match time = 169.2207 seconds, with total net time = 169.2207seconds
[1336.49] PsyNet: PsyNetServiceProvider_X_1 ExecuteService Complete, Service=Reward/RewardResult 
[1336.49] ScriptLog: GetDLCProducts, UnlockedDLCList=SuperSonic,Revenge,Wasteland,body_charged
[1336.71] Prime24121: StartSearch.PreferredRegions.Length 2
[1336.71] Matchmaking: OnlineGameMatchmaking_X_0 OnlineGameMatchmaking_X -> PingRegions
[1337.09] SplitScreen: Press Start ControllerId=0 Player=LocalPlayer_TA_0
[1337.31] ScriptLog: RegionPinger_X_3 PingRegions ("13.234.217.112:7831","54.151.250.140:7773","18.163.113.22:7807","3.101.166.158:7981","44.235.144.75:7933","43.206.165.127:7759","18.88.5.179:7893","3.142.63.171:7717","3.237.118.150:8191","15.229.123.26:8127","15.236.254.51:7933","15.184.40.95:8045","18.168.44.98:7719","18.201.134.100:8053","3.106.234.109:7981","18.157.29.201:7809","13.49.164.196:7727","13.244.211.195:7941")
[1337.73] Log: FSaveDataExportTask(0) wrote 4444112 bytes to memory
[1337.73] Log: SaveGameDataAsync game thread time: 32 ms
[1337.77] Log: Deleting old save file ..\..\TAGame\SaveData\DBE_Production\76561198026543789_1.save
[1337.77] Log: SaveDataExport(0): Finished - File:[..\..\TAGame\SaveData\DBE_Production\76561198026543789.save] Result:[1]
[1337.99] RankedReconnect: RankedReconnectSave_TA_0.ClearRankedReconnect()
[1337.99] NetComeGo: TcpipConnection_2 Control channel closed, reason=Disconnect command
[1337.99] DevNet: URL: Adding default option Name=Lock
[1337.99] DevNet: Browse: MENU_Main_p?closed?Name=Lock
[1337.99] Log: Failed; returning to Entry
[1338.06] Log: FSaveDataExportTask(0) wrote 4444112 bytes to memory
[1338.06] Log: SaveGameDataAsync game thread time: 31 ms
[1338.06] Log: LoadMap: MENU_Main_p?closed?Name=Lock
[1338.06] Spawn: TextChatActor_TA_14 Destroyed
[1338.07] PsyNetStaticData: UpdateCacheTimerEnabled CacheTimer.bEnabled=(True)
[1338.07] DevOnline: UnregisterRemoteTalker(0x0110000103F352AD) returned 0x00000000
[1338.07] DevOnline: Unknown remote talker specified to UnregisterRemoteTalker()
[1338.07] Spawn: TextChatActor_TA_15 Destroyed
[1338.07] Spawn: TextChatActor_TA_16 Destroyed
[1338.07] DevOnline: Unknown remote talker specified to UnregisterRemoteTalker()
[1338.07] DevOnline: Unknown remote talker specified to UnregisterRemoteTalker()
[1338.07] DevOnline: Unknown remote talker specified to UnregisterRemoteTalker()
[1338.07] DevOnline: Unknown remote talker specified to UnregisterRemoteTalker()
[1338.07] Spawn: TextChatActor_TA_17 Destroyed
[1338.07] DevOnline: Unknown remote talker specified to UnregisterRemoteTalker()
[1338.07] DevOnline: Unknown remote talker specified to UnregisterRemoteTalker()
[1338.07] Spawn: TextChatActor_TA_18 Destroyed
[1338.08] DevOnline: PsyNet Flush Start TimeoutSeconds=0.250000
[1338.13] Log: Deleting old save file ..\..\TAGame\SaveData\DBE_Production\76561198026543789_2.save
[1338.13] Log: SaveDataExport(0): Finished - File:[..\..\TAGame\SaveData\DBE_Production\76561198026543789_1.save] Result:[1]
[1338.35] DevOnline: PsyNet Flush End
[1338.37] NetComeGo: Close TcpipConnection_2 54.151.250.140:7826 15/02/2026 14:32:05 'UNetConnection::CleanUp'
[1338.37] NetComeGo: TcpipConnection_2 Control channel null, Sending unstable close to 54.151.250.140:7826 on temporary Control channel.
[1338.37] Exit: TcpNetDriver_2 shut down
[1338.39] Log: Fully load package: ..\..\TAGame\CookedPCConsole\GameInfo_GFxMenu_SF.upk
[1338.39] Log: Fully load package: ..\..\TAGame\CookedPCConsole\GFxSounds_MainMenu_SF.upk
[1338.40] Log: Fully load package: ..\..\TAGame\CookedPCConsole\GFX_StartMenu_SF.upk
[1338.42] Log: Fully load package: ..\..\TAGame\CookedPCConsole\GFX_MainMenu_SF.upk
[1338.45] Log: Game class is 'GameInfo_GFxMenu_TA'
[1338.46] Log: Bringing World menu_main_p.TheWorld up for play (0) at 2026.02.15-14.32.05
[1338.46] Log: Flushing async loaders.
[1338.55] Log: Flushed async loaders.
[1338.55] DevOnline: UnregisterLocalTalker(0) returned 0x00000000
[1338.55] DevOnline: Successfully set the friend join URL: 
[1338.55] Log: Bringing up level for play took: 0.101620
[1338.64] PartyChallenge: InitializeCompetitiveChallenges bGuestAccount=(False) bCompletedChallengesForCompetitive=(False) bLegacyPlayer=(True) Online_X.UniqueNetIDToString(OnlinePlayer.PlayerID)=(Steam|76561198026543789|0)
[1338.64] DevOnline: Set rich presence to: Main Menu data: Menu
[1338.64] Log: ########### Finished loading level: 0.575115 seconds
[1338.65] Log: Flushing async loaders.
[1338.98] Log: Flushed async loaders.
[1338.98] Warning: Warning, Material hat_flyingcarpet.Whale_FlyingCarpet_MAT missing bUsedWithStaticLighting=True!
[1338.98] Warning: Warning, Material hat_flyingcarpet.Whale_FlyingCarpet_MAT missing bUsedWithStaticLighting=True!
[1338.98] Warning: Warning, Material hat_flyingcarpet.Whale_FlyingCarpet_MAT missing bUsedWithStaticLighting=True!
[1338.98] Warning: Warning, Material hat_flyingcarpet.Whale_FlyingCarpet_MAT missing bUsedWithStaticLighting=True!
[1338.98] Warning: Warning, Material hat_flyingcarpet.Whale_FlyingCarpet_MAT missing bUsedWithStaticLighting=True!
[1338.98] Warning: Warning, Material hat_flyingcarpet.Whale_FlyingCarpet_MAT missing bUsedWithStaticLighting=True!
[1338.98] Warning: Warning, Material hat_flyingcarpet.Whale_FlyingCarpet_MAT missing bUsedWithStaticLighting=True!
[1338.98] Warning: Warning, Material hat_flyingcarpet.Whale_FlyingCarpet_MAT missing bUsedWithStaticLighting=True!
[1339.22] MusicPlayer: HandleTrackEnd CurrentTrackPlayingID=(0) PlayingID=(20823)
[1339.22] MusicPlayer: HandleTrackEnd CurrentTrackPlayingID=(0) PlayingID=(20823)
[1339.24] Eula: RequiresAcceptance? EulaConfig?.bRequiresAcceptance=(True) GetUISave()?.Contains('bAcceptedOfflineEULA')=(True) Eula.SyncState=(LSS_Accepted)
[1339.24] AuthEpicVerbose: [GFx] Epic login changed. m_uiState:MainMenu bPromptParentalConsent:false bPromptToChoosePrimaryAccount:false bEpicSaveDataLoaded:false bPlatformLinked:false
[1339.24] FTEDev: Group Prime_MatchComplete Is not meant for users of type FTESave.LegacyGroupType=(LGT_LegacyUser)
[1339.24] FTEDev: Group Prime_MatchComplete Is not meant for users of type FTESave.LegacyGroupType=(LGT_LegacyUser)
[1339.38] DevOnline: PlayerDataStorage_WriteFile: Beginning to upload file. User=(29102162b92948868b021454382b618a) FileName=(RLSaveData)
[1339.39] Online: TryToPlayOnline ControllerID=(-1)
[1339.41] Online: HandlePrivilegeCheckFinished PrivilegeCheck.bHasRestriction=(False)
[1339.41] Online: HandlePrivilegeCheck PrivilegeCheck.bHasRestriction=(False)
[1339.89] Matchmaking: All Regions Pinged: IND1 (0.0396),ASM1 (0.0702),ASC1 (0.1009),USW1 (0.2456),USW3 (0.2834),JPN1 (0.1257),USC1 (0.2703),USE3 (0.3027),USE1 (0.2966),SAM1 (0.4284),EU9 (0.2280),ME1 (0.3053),EU7 (0.2659),EU3 (0.2412),OCE1 (0.1622),EU5 (0.2324),EU1 (0.2499),SAF1 (0.4119),JPN (1.0000),ASC (1.0000),ASM (1.0000),EU (1.0000),IND (1.0000),ME (1.0000),OCE (1.0000),SAF (1.0000),SAM (1.0000),USC (1.0000),USE (1.0000),USW (1.0000)
[1339.89] Log: FCacheExportTask(..\..\TAGame\Cache\RegionCache.cache) wrote 1713 bytes to memory
[1339.89] Matchmaking: OnlineGameMatchmaking_X_0 PingRegions -> Searching
[1339.89] Prime24121: HandleRegionsPinged.PreferredRegions.Length 2
[1339.89] Matchmaking: OnlineGameMatchmaking_X::RecordStart
[1339.89] Matchmaking: Pre-divide PartyLeaderMMR: 101.6067
[1339.89] Matchmaking: Post-divide PartyLeaderMMR: 50.8033
[1339.89] Matchmaking: PartyLeaderTier=(16)
[1339.89] Matchmaking: StartMatchmaking at 2026-02-15 09:02:05 in IND1,ASM1 for playlists 13,11 on game server 
[1339.89] Matchmaking: Creating RPC_StartMatchmaking_X
[1339.89] Matchmaking: PreferredRegions.Length=(2) PreferredPlaylists.Length=(2) Party.GetOrderedPartyMemberIDs().Length=(1)
[1339.89] Matchmaking: SecondsSearching=(3) CurrentServerID=() bDisableCrossplay=(False) bIgnoreSkill=(False)
[1340.20] Matchmaking: Matchmaking RPC succeeded.
[1340.20] Matchmaking: EstimatedQueueTime=(40.0000)
[1340.83] Log: Flushing async loaders.
[1340.86] Log: Flushed async loaders.
[1340.96] PsyNetStaticData: HandleCacheExpired
[1340.96] DevOnline: WebRequest_X_51 SEND: https://config.psynet.gg/v2/Config/BattleCars/1320316429/Prod/Steam/INT/
[1341.02] Log: FSaveDataExportTask(0) wrote 4444112 bytes to memory
[1341.02] Log: SaveGameDataAsync game thread time: 32 ms
[1341.07] Log: Deleting old save file ..\..\TAGame\SaveData\DBE_Production\76561198026543789.save
[1341.07] Log: SaveDataExport(0): Finished - File:[..\..\TAGame\SaveData\DBE_Production\76561198026543789_2.save] Result:[1]
[1341.12] DevOnline: WebRequest_X_51 RECV: 304 
[1341.71] DevOnline: EOSSDK-LogEOSRTC: TickTracker Tick is delayed. TimePeriod=[10.002048s]  TickIntervalThreshold=[0.100000s] MaxTickInterval=[0.142760s] MaxExecutionTime=[0.000114s] TicksCount=[1820] ExpectedTicksCount=[1000]
[1344.03] Matchmaking: OnlineGameMatchmaking_X_0::Searching.Cancel()
[1344.03] Matchmaking: OnlineGameMatchmaking_X_0 Searching -> None
[1344.10] DevOnline: PlayerDataStorage_WriteFile: File upload complete. User=(29102162b92948868b021454382b618a) FileName=(RLSaveData) Success=(1)
[1344.10] DevOnline: WebRequest_X_52 SEND: https://datarouter.ol.epicgames.com/datarouter/api/v1/public/data?AppID=RocketLeague.Release&AppVersion=1320316429&AppEnvironment=Prod&UploadType=eteventstream&UserID=|29102162b92948868b021454382b618a|||Steam|76561198026543789|0&SessionID=97EA5AFF4B17012BE08566BDD75FF0FB
[1344.41] DevOnline: WebRequest_X_52 RECV: 204 
[1357.50] Log: Closing by request
[1357.50] Log: appRequestExit(0)
[1357.52] DevOnline: PlayerDataStorage_WriteFile: Beginning to upload file. User=(29102162b92948868b021454382b618a) FileName=(RLSaveData)
[1361.58] DevOnline: PlayerDataStorage_WriteFile: File upload complete. User=(29102162b92948868b021454382b618a) FileName=(RLSaveData) Success=(1)
[1361.58] Matchmaking: OnlineGameMatchmaking_X_0 OnlineGameMatchmaking_X -> None
[1361.58] Matchmaking: OnlineGameTourMatchmaking_TA_0 OnlineGameTourMatchmaking_TA -> None
[1361.61] Log: FSaveDataExportTask(0) wrote 4444115 bytes to memory
[1361.61] Log: SaveGameDataAsync game thread time: 32 ms
[1361.61] DevOnline: PsyNet Flush Start TimeoutSeconds=0.500000
[1361.94] Log: Deleting old save file ..\..\TAGame\SaveData\DBE_Production\76561198026543789_1.save
[1361.94] Log: SaveDataExport(0): Finished - File:[..\..\TAGame\SaveData\DBE_Production\76561198026543789.save] Result:[1]
[1361.94] DevOnline: PsyNet Flush End
[1361.95] Exit: Preparing to exit.
[1362.03] Exit: Game engine shut down
[1363.91] Exit: Windows client shut down
[1363.92] Exit: AK Audio shut down.
[1370.74] Exit: Object subsystem successfully closed.
[1370.74] DevOnline: EOSSDK-LogEOSUI: Social Overlay: browser was closed. Reopening...
[1370.74] DevOnline: EOSSDK-LogEOSRTC: TickTracker Tick is delayed. TimePeriod=[19.031467s]  TickIntervalThreshold=[0.100000s] MaxTickInterval=[9.164725s] MaxExecutionTime=[0.000107s] TicksCount=[1114454] ExpectedTicksCount=[1903]
[1372.28] Exit: Exiting.
[1372.28] Log: Log file closed, 15/02/2026 14:32:39
