Log: Log file open, 02/09/2025 01:35:14
Log: GPsyonixBuildID 250811.43331.492665
Log: Command line: 
Init: WinSock: version 1.1 (2.2), MaxSocks=32767, MaxUdp=65467
Log:  ... running in INSTALLED mode
Warning: Warning, Unknown language extension . Defaulting to INT
Init: Language extension: INT
Init: Language extension: INT
DevConfig: GConfig::LoadFile associated file:  ..\..\TAGame\Config\TAUI.ini
Init: Version: 250811.43331.492665
Init: Compiled (64-bit): Aug 11 2025 12:21:07
Init: Command line: 
Init: Base directory: E:\SteamLibrary\steamapps\common\rocketleague\Binaries\Win64\
[0000.77] Log: Purging 30-day cache '..\..\TAGame\Cache\WebCache\*.*'...
[0001.18] Log: Purging 3-day cache '..\..\TAGame\Logs\*.log'...
[0001.18] Init: Computer: DESKTOP-7CKDBO1
[0001.18] Init: User: Kutan
[0001.19] Init: CPU Page size=4096, Processors=12
[0001.19] Init: High frequency timer resolution =10.000000 MHz
[0001.19] Init: Memory total: Physical=31.2GB (32GB approx) Pagefile=93.2GB Virtual=131072.0GB
[0001.19] Init: Presizing for 138000 objects not considered by GC, pre-allocating 0 bytes.
[0001.19] Init: Object subsystem initialized
[0001.22] Log: Using feature set PrimeUpdate55_1
[0001.29] Log: FOnlineSubsystemEOS: EOS version = 1.17.1.0-42836111
[0001.32] Log: Steam Client API initialized 1
[0001.40] Log: Steam Game Server API initialized 1
[0001.67] Log: Found D3D11 adapter 0: NVIDIA GeForce RTX 4090
[0001.67] Log: Adapter has 24142MB of dedicated video memory, 0MB of dedicated system memory, and 15954MB of shared system memory
[0001.74] Log: Found D3D11 adapter 1: AMD Radeon(TM) Graphics
[0001.74] Log: Adapter has 485MB of dedicated video memory, 0MB of dedicated system memory, and 15954MB of shared system memory
[0001.90] Log: Found D3D11 adapter 2: NVIDIA GeForce RTX 4090
[0001.90] Log: Adapter has 24142MB of dedicated video memory, 0MB of dedicated system memory, and 15954MB of shared system memory
[0001.92] Log: Found D3D11 adapter 3: Microsoft Basic Render Driver
[0001.92] Log: Adapter has 0MB of dedicated video memory, 0MB of dedicated system memory, and 15954MB of shared system memory
[0001.93] Log: Shader platform (RHI): PC-D3D-SM5
[0001.99] Breadcrumbs: Startup_PreInit: 1.986
[0002.01] Breadcrumbs: Startup_LoadGlobalShaders: 0.024
[0005.93] Log: ProductDatabase_TA::InitProductLabels  0.01 sec total.
[0005.96] Log: ProductDatabase_TA::UpdateAvailableProducts  0.03 sec total.
[0005.97] Breadcrumbs: Startup_LoadScriptPackages: 3.958
[0006.50] Breadcrumbs: Startup_LoadNonNativePackages: 0.532
[0006.51] Log: 154708 objects as part of root set at end of initial load.
[0006.51] Log: 0 out of 0 bytes used by permanent object pool.
[0006.51] Log: ShaderCache load stats: AccumLoadSeconds=(2.295) ShadersLoaded=(425112) Duplicates=(28495)
[0006.51] Log: Initializing Engine...
[0006.51] Log: BuildID: 151471783 from GPsyonixBuildID
[0006.57] SystemSettings: Loading PC Settings
[0006.57] Breadcrumbs: Startup_BuildGuidCache: 0.073
[0006.59] Log: Running hardware survey...
[0006.59] Log: Wwise(R) SDK Version 2023.1.11 Build 8682. Copyright (c) 2006-2012 Audiokinetic Inc. / All Rights Reserved.
[0006.65] Log: OS: Microsoft Windows 11 Home Single Language  (26100)
[0006.65] Breadcrumbs: Startup_ClientInit: 0.081
[0007.35] Log: WinSAT: 8.9 [9.3 CPU, 9.9 2D, 9.9 3D, 9.3 Mem, 8.9 Disk]
[0007.35] Log: Processor: AMD Ryzen 5 7600X 6-Core Processor              (AMD64 Family 25 Model 97 Stepping 2) 6 Cores, 12 Threads
[0007.35] Log: Memory: 16.00GB
[0007.35] Log: Memory: 16.00GB
[0007.35] Log: VideoController: SudoMaker Virtual Display Adapter (1.10.9.289)
[0007.35] Log: VideoController: AMD Radeon(TM) Graphics (32.0.11016.3)
[0007.35] Log: VideoController: NVIDIA GeForce RTX 4090 (32.0.15.8108)
[0007.35] Log: Network Adapter: Realtek Gaming 2.5GbE Family Controller
[0007.35] Log: Network Adapter: Wintun Userspace Tunnel
[0007.35] Log: Disk C: 53.60GB free of 231.93GB
[0007.35] Log: Disk D: 627.13GB free of 1863.00GB
[0007.35] Log: Disk E: 251.06GB free of 931.50GB
[0007.35] Log: Disk F: 113.48GB free of 931.50GB
[0007.35] Log: Disk G: 1484.95GB free of 1907.71GB
[0007.35] Log: Sound Device: AMD High Definition Audio Device
[0007.35] Log: Sound Device: CORSAIR HS80 RGB Wireless Gaming Headset
[0007.35] Log: Sound Device: NVIDIA High Definition Audio
[0007.35] Log: Sound Device: Realtek High Definition Audio
[0007.35] Log: Sound Device: Steam Streaming Microphone
[0007.35] Log: Sound Device: Steam Streaming Speakers
[0007.35] Log: Sound Device: NVIDIA Virtual Audio Device (Wave Extensible) (WDM)
[0007.35] Log: Sound Device: ASUS Utility
[0007.35] Log: Hardware survey complete in 0.61 seconds.
[0007.35] Log: Detected 1 GPUs for rendering
[0007.42] Breadcrumbs: Startup_CreateViewport: 0.763
[0007.42] DevOnline: Created named interface (RecentPlayersList) of type (Engine.OnlineRecentPlayersList)
[0007.42] Log: Initializing Steamworks
[0007.43] DevOnline: Steam ID: 76561198026543789
[0007.43] DevOnline: Steam universe: PUBLIC
[0007.43] DevOnline: Steam appid: 252950
[0007.43] DevOnline: Steam IsSubscribed: 1
[0007.43] DevOnline: Steam IsLowViolence: 0
[0007.43] DevOnline: Steam IsCybercafe: 0
[0007.43] DevOnline: Steam IsVACBanned: 0
[0007.43] DevOnline: Steam IP country: IN
[0007.43] DevOnline: Steam official server time: 1756757120
[0007.43] DevOnline: Steam Cloud quota: 1055349 / 100000000
[0007.43] DevOnline: Steam original app owner: 76561198026543789
[0007.43] DevOnline: Logged in as 'Lock'
[0007.43] VoiceChat: The desired playback sample rate is 11000.
[0007.43] ScriptLog: PsyNet using environment DBE_Production Prod
[0007.44] PsyNet: PsyNetConnection_X_0 disabled OSCS_ServiceUnavailable
[0007.44] PsyNetStaticData: HandleCacheExpired
[0007.44] PsyNetStaticData: HandleGetURL URL=(https://config.psynet.gg/v2/Config/BattleCars/151471783/Prod/Steam/INT/)
[0007.44] PsyNetStaticData: Blocking sync start
[0007.44] DevOnline: WebRequest_X_0 SEND: https://config.psynet.gg/v2/Config/BattleCars/151471783/Prod/Steam/INT/
[0008.23] DevOnline: WebRequest_X_0 RECV: 200 
[0008.24] Log: FCacheExportTask(..\..\TAGame\Cache\WebCache/aHR0cHM6Ly9jb25maWcucHN5bmV0LmdnL3YyL0NvbmZpZy9CYXR0bGVDYXJzLzE1MTQ3MTc4My9Qcm9kL1N0ZWFtL0lOVC8=) wrote 440798 bytes to memory
[0008.24] PsyNetStaticData: Blocking sync complete. Elapsed=0.7990
[0008.24] PsyNetStaticData: HandleDataChanged
[0008.24] DevOnline: EOS Platform CacheDirectory=C:\Users\Kutan\AppData\Local\Rocket League\
[0008.25] DevOnline: EOSSDK-LogEOSIntegratedPlatform: Steam sanitizer disabled reason: EOS_IntegratedPlatform_Steam_Options.SteamMinorVersion Required to be at least 45.
[0008.33] DevOnline: EOSSDK-LogEOSUI: Hot key event ignored because there are no known users.
[0008.36] DevOnline: EOSSDK-LogEOSRTC: EOS_RTCAudio_GetAudioInputDevicesCount is deprecated. Use EOS_RTCAudio_QueryInputDevicesInformation with EOS_RTCAudio_GetInputDevicesCount instead.
[0008.49] DevOnline: EOSSDK-LogEOSRTC: EOS_RTCAudio_GetAudioInputDeviceByIndex is deprecated. Use EOS_RTCAudio_QueryInputDevicesInformation with EOS_RTCAudio_CopyInputDeviceInformationByIndex instead.
[0008.49] DevOnline: EOSSDK-LogEOSRTC: EOS_RTCAudio_GetAudioOutputDevicesCount is deprecated. Use EOS_RTCAudio_QueryOutputDevicesInformation with EOS_RTCAudio_GetOutputDevicesCount instead.
[0008.49] DevOnline: EOSSDK-LogEOSRTC: EOS_RTCAudio_GetAudioOutputDeviceByIndex is deprecated. Use EOS_RTCAudio_QueryOutputDevicesInformation with EOS_RTCAudio_CopyOutputDeviceInformationByIndex instead.
[0008.49] EOSGameClips: EOSGameClips: Activate called successfully.
[0008.49] EOSGameClips: EOSGameClips: Audio initialized successfully.
[0008.49] EOSGameClips: EOSGameClips: Subscribed to game clips status events successfully.
[0008.49] EOSGameClips: EOSGameClips: Subscribed to user status events successfully.
[0008.49] EOSGameClips: EOSGameClips: Successfully initialized!
[0008.50] ScriptWarning: ScriptWarning, Assertion failed, line 36
	ContentConfig_TA Transient.Untitled_0.ContentConfig
	Function ProjectX.ContentConfig_X:Apply:01D5
Script call stack:
	Function ProjectX.OnlineConfigDispatcher_X:ApplyConfigObject
	Function TAGame.ContentConfig_TA:Apply
	Function ProjectX.ContentConfig_X:Apply

[0008.50] ScriptWarning: ScriptWarning, Assertion failed, line 36
	ContentConfig_TA Transient.Untitled_0.ContentConfig
	Function ProjectX.ContentConfig_X:Apply:01D5
Script call stack:
	Function ProjectX.OnlineConfigDispatcher_X:ApplyConfigObject
	Function TAGame.ContentConfig_TA:Apply
	Function ProjectX.ContentConfig_X:Apply

[0008.50] ScriptWarning: ScriptWarning, Assertion failed, line 36
	ContentConfig_TA Transient.Untitled_0.ContentConfig
	Function ProjectX.ContentConfig_X:Apply:01D5
Script call stack:
	Function ProjectX.OnlineConfigDispatcher_X:ApplyConfigObject
	Function TAGame.ContentConfig_TA:Apply
	Function ProjectX.ContentConfig_X:Apply

[0008.50] ScriptWarning: ScriptWarning, Assertion failed, line 36
	ContentConfig_TA Transient.Untitled_0.ContentConfig
	Function ProjectX.ContentConfig_X:Apply:01D5
Script call stack:
	Function ProjectX.OnlineConfigDispatcher_X:ApplyConfigObject
	Function TAGame.ContentConfig_TA:Apply
	Function ProjectX.ContentConfig_X:Apply

[0008.52] Log: ProductDatabase_TA::UpdateAvailableProducts  0.02 sec total.
[0009.01] Log: ProductDatabase_TA::InitProductLabels  0.01 sec total.
[0009.01] PsyNet: PsyNetConnection_X_0 enabled
[0009.02] PsyNetStaticData: UpdateCacheTimerEnabled CacheTimer.bEnabled=(True)
[0009.03] EOSGameClips: Construct Constructed EOSGameClipsManager_TA. Self=(EOSGameClipsManager_TA_0)
[0009.03] AuthPsyNetVerbose: New auth error. Error 'OSCS_NotConnected'
[0009.03] AuthPsyNetVerbose: OnlinePlayerAuthentication_TA_0 None Unknown|0|0 Logout
[0009.03] PsyNet: PsyNetConnection_X_1 disabled OSCS_NotConnected
[0009.03] AuthPsyNetVerbose: PsyNet connection status changed. Error 'OSCS_NotConnected'
[0009.03] AuthPsyNetVerbose: New auth error. Error 'OSCS_NotConnected'
[0009.03] AuthPsyNetVerbose: OnlinePlayerAuthentication_TA_0 LoggedOut Unknown|0|0 Logout
[0009.03] AuthPlatformCritical: Initiating auth. Player num '0', Name '', Password length '0'
[0009.03] DevOnline: Logged in as 'Lock'
[0009.03] AuthPlatformCritical: Login status changed for player '0' to 'LS_LoggedIn'
[0009.03] AuthPlatformVerbose: Login attempt concluded
[0009.03] PsyNet: PsyNetConnection_X_1 enabled
[0009.03] AuthPsyNetVerbose: PsyNet connection status changed. Error 'None'
[0009.03] AuthPsyNetVerbose: Transitioning to state 'RequestAuthCode'
[0009.03] AuthPsyNetCritical: Requesting auth ticket from platform for 'Steam|76561198026543789|0'
[0009.03] DevOnline: Issuing request for auth session ticket
[0009.03] DevOnline: Successfully set the friend join URL: 
[0009.03] Party: HandleLocalPlayerLoginStatusChanged PlayerName=Lock PlayerID=Steam|76561198026543789|0 LoginStatus=LS_LoggedIn IsPrimary=True IsInParty=False
[0009.03] SaveGame: Load Player.ControllerId=(0) SaveFileName=(..\..\TAGame\SaveData\DBE_Production\76561198026543789.save)
[0009.03] Breadcrumbs: Startup_InitOnlineSubsystem: 1.617
[0009.04] DevNet: Browse: MENU_Main_p
[0009.04] Log: LoadMap: MENU_Main_p
[0009.05] Exit: XAudio2 Device shut down.
[0009.07] Log: Fully load package: ..\..\TAGame\CookedPCConsole\GameInfo_GFxMenu_SF.upk
[0009.13] Log: Fully load package: ..\..\TAGame\CookedPCConsole\GFxSounds_MainMenu_SF.upk
[0009.13] Log: Fully load package: ..\..\TAGame\CookedPCConsole\GFX_StartMenu_SF.upk
[0009.18] Log: Fully load package: ..\..\TAGame\CookedPCConsole\GFX_MainMenu_SF.upk
[0009.22] Log: Game class is 'GameInfo_GFxMenu_TA'
[0009.24] Log: Bringing World menu_main_p.TheWorld up for play (0) at 2025.09.02-01.35.22
[0009.24] Log: Flushing async loaders.
[0009.46] Log: Flushed async loaders.
[0009.46] Log: Bringing up level for play took: 0.234098
[0009.73] DevOnline: DiscordCreate FAILED= 4
[0009.73] DevOnline: Set rich presence to: Main Menu data: Menu
[0009.73] Log: ########### Finished loading level: 0.689979 seconds
[0009.74] Breadcrumbs: Startup_Browse: 0.710
[0009.74] Log: Initializing Engine Completed
[0009.75] Breadcrumbs: Startup_Total: 9.747
[0009.77] AuthPsyNetCritical: Platform auth ticket completed with success 'True'
[0009.77] AuthPsyNetVerbose: Transitioning to state 'WaitForEOS'
[0009.77] AuthPsyNetCritical: Waiting for EOS initialization
[0009.77] AuthPsyNetCritical: EOS initialization received
[0009.77] AuthPsyNetVerbose: Transitioning to state 'RequestEpicAuthCode'
[0009.77] AuthEpicCritical: Sending auth request for player '76561198026543789'
[0009.77] AuthEpicCritical: Initiating login for player '76561198026543789'
[0009.77] ScriptLog: HandleBlockListStatusCreated Status=(PlatformBlockListStatus_0) ControllerId=(0)
[0009.77] AuthEpicCritical: Sending Eos login request with Credentials '{Version '4', Id Length '0', Token Length '516', Type 'EOS_LCT_ExternalAuth', SystemAuthCredentialsOptions null? 'Null', ExternalType 'EOS_ECT_STEAM_SESSION_TICKET'}'
[0009.77] DevOnline: WebRequest_X_1 SEND: https://rl-cdn.psyonix.com/SpecialEvent/Images/EchoChase/EchoChase_EventScreen_Logo_oiwjef.png
[0009.78] DevOnline: WebRequest_X_2 SEND: https://rl-cdn.psyonix.com/SpecialEvent/Images/EchoChase/EchoChase_EventScreen_background_9ieghjf.jpg
[0009.78] DevOnline: WebRequest_X_3 SEND: https://rl-cdn.psyonix.com/LogoImages/S19/RL_U55_S19_Logo_EN_duhde.png
[0009.78] DevOnline: EOSSDK-LogEOSIntegratedPlatform: Steam version does not support string sanitization. Minimum version required = 1.45
[0009.86] SaveGame: HandleDataLoaded Result.Code=(BasicLoadResult_Success)
[0009.87] ScriptLog: NetworkSave_TA_0 ApplySettings ReplicationRate=60 NetSpeed=15000 InputRate=60
[0010.16] SaveData: Profile_TA_0 OnLoaded LocalID=(0)
[0010.16] SaveData: Profile_TA_1 OnLoaded LocalID=(1)
[0010.16] ScriptLog: GetDLCProducts, UnlockedDLCList=SuperSonic,Revenge,Wasteland,body_charged
[0010.90] ScriptLog: GetDLCProducts, UnlockedDLCList=SuperSonic,Revenge,Wasteland,body_charged
[0010.90] SaveGame: LocalPlayer_TA_0 HandleSaveDataLoaded 
[0010.93] Log: 


BakkesMod loaded


[0011.41] FTECritical: [GFx] Changed active tutorial from 'null' to 'NONE'. Tutorial active? 'false', New checkpoint active? 'false'
[0011.41] FTEVerbose: Checkpoint 'None' attempted completion while the FTE isn't active!
[0011.42] Log: Flushing async loaders.
[0011.65] Log: Flushed async loaders.
[0011.84] Log: Detected new XInput controller 0
[0011.84] XPGatedPlaylists: Not currently in a party.
[0011.84] DevOnline: Obtained steam user stats, user: 76561198026543789
[0011.86] DevOnline: EOSSDK-LogEOSGameClips: Recording supported and available.
[0011.86] EOSGameClips: EOSGameClips: Availability changed from Pending to Available.
[0012.81] Log: IDXGISwapChain::SetFullscreenState returned 887a0022; waiting for the next frame to try again.
[0013.04] DevOnline: WebRequest_X_2 RECV: 304 
[0013.04] DevOnline: WebRequest_X_3 RECV: 304 
[0013.05] DevOnline: WebRequest_X_1 RECV: 304 
[0013.86] Log: Flushing async loaders.
[0013.90] Log: Flushed async loaders.
[0015.45] AuthEpicCritical: Eos login result 'EOS_Success' for player '0'
[0015.91] AuthEpicCritical: Connect login result 'EOS_Success' for player '29102162b92948868b021454382b618a', local num '0'
[0015.91] FTEVerbose: [GFx] EULA sync started, waiting for response.
[0015.91] DevOnline: WebRequest_X_4 SEND: https://eulatracking-public-service-prod06.ol.epicgames.com/eulatracking/api/eos/v1/agreements/rocket_league/identities/29102162b92948868b021454382b618a?locale=en
[0015.91] AuthEpicCritical: Login status changed for player '0' to 'LS_LoggedIn'
[0015.91] AuthPsyNetCritical: Epic auth ticket completed for '29102162b92948868b021454382b618a' with error 'None'
[0015.91] AuthPsyNetVerbose: Transitioning to state 'SendLoginRequest'
[0015.91] AuthPsyNetCritical: Sending login RPC for player '76561198026543789' Auth ticket required? 'True'
[0015.91] AuthPsyNetCritical: Primary player ID? 'Steam|76561198026543789|0' Logging In PlayerID '76561198026543789'
[0015.91] AuthEpicVerbose: Requesting cabined status for player '0'
[0015.91] DevOnline: WebRequest_X_5 SEND: https://api.epicgames.dev/epic/id/v1/accounts?accountId=29102162b92948868b021454382b618a
[0015.91] PsyNet: HTTP send ID=PsyNetMessage_X_0 Message=PsyNetMessage_X_0
[0015.91] DevOnline: WebRequest_X_6 SEND: https://api.rlpp.psynet.gg/rpc/Auth/AuthPlayer/v2
[0016.02] XPGatedPlaylists: Not currently in a party.
[0016.44] DevOnline: EOSSDK-LogEOSIntegratedPlatform: FIntegratedSteamSanitizer: Sanitizer is implemented for this platform, but steam sanitizer not initialized. Falling back to generic sanitizer
[0016.51] DevOnline: EOSSDK-LogEOSIntegratedPlatform: FIntegratedSteamSanitizer: Sanitizer is implemented for this platform, but steam sanitizer not initialized. Falling back to generic sanitizer
[0016.85] DevOnline: WebRequest_X_6 RECV: 200 
[0016.85] PsyNet: HTTP recv ID=PsyNetMessage_X_0 Message=PsyNetMessage_X_1
[0016.86] AuthPsyNetCritical: PsyNet auth RPC succeeded for player '76561198026543789'
[0016.86] AuthPsyNetVerbose: Transitioning to state 'LoggedIn'
[0016.86] AuthPsyNetCritical: Login successful for player '76561198026543789'
[0016.86] Auth: OnlinePlayer_TA_0 OnlinePlayerAuthentication_TA_0 HandleAuthLoginChange Auth.bLoggedIn=(True)
[0016.86] PsyNet: Enabling PerCon
[0016.86] PsyNet: PsyNetConnection_X_1 SetAuthorized bAuthorized=True
[0016.86] RankedReconnect: LocalPlayer_TA_0.CheckForRankedReconnect() bOpenedStartMenu=(False) IsMenuLevel=(True) bLoggedIn=(True) IsPrimaryPlayer=(True) RankedReconnectAvailable=(False) EpochTime=(0) EpochNow=(1756757130) TimeSince=(1756757130) ReconnectTimeoutSeconds=(900) Reservation=()
[0016.96] XPGatedPlaylists: Not currently in a party.
[0017.25] DevOnline: WebRequest_X_5 RECV: 200 
[0017.25] AuthEpicVerbose: Cabined request completed for user '0' with result 'False', Error 'None'
[0017.25] ScriptLog: ChatFilterManager HandleSaveLoaded: [Error: Type:None] 
[0017.25] ScriptLog: ChatFilterManager: Updating Permissions for player LocalPlayer_TA_0
[0017.25] ScriptLog: ChatFilterManager: Updating MostRestrictiveVoiceFilter [Save: ChatFilter_None] [Current: ChatFilter_All
[0017.25] ScriptLog: ChatFilterManager: Updating Permissions for player LocalPlayer_TA_0
[0017.25] ScriptLog: ChatFilterManager: Updating MostRestrictiveVoiceFilter [Save: ChatFilter_None] [Current: ChatFilter_All
[0017.25] AuthEpicVerbose: [GFx] Epic flow completed 'false'
[0017.25] FTEVerbose: [GFx] Checked FTE progress before a primary player is set
[0017.25] FTEVerbose: [GFx] Checked FTE progress before a primary player is set
[0017.35] XPGatedPlaylists: Not currently in a party.
[0017.46] PsyNet: PsyNetMessengerWebSocket_X_0 Connected
[0017.46] PsyNet: PsyNetConnection_X_1 UpdateConnectionState bConnected=(True) bFreshConnection=(True)
[0017.46] DevOnline: WebRequest_X_7 SEND: https://api.kws.ol.epicgames.com/v1/epic-settings/public/users/29102162b92948868b021454382b618a/values?game=rl
[0017.46] DevOnline: EOSSDK-LogEOSRTC: EOS_RTCAudio_SetAudioInputSettings is deprecated. Use EOS_RTCAudio_SetInputDeviceSettings instead.
[0017.46] DevOnline: EOSSDK-LogEOSRTC: EOS_RTCAudio_SetAudioOutputSettings is deprecated. Use EOS_RTCAudio_SetOutputDeviceSettings instead.
[0017.46] DevOnline: WebRequest_X_8 SEND: https://api.epicgames.dev/epic/friends/v1/29102162b92948868b021454382b618a/blocklist
[0017.46] DevOnline: PlayerDataStorage_QueryFileList: Beginning to query files. User=(29102162b92948868b021454382b618a)
[0017.46] PsyNetBeaconDetail_X: PsyNetBeacon_X_0 SetPsyNetConnection InPsyNetConnection=(PsyNetConnection_X_1)
[0017.46] PsyNet: PsyNetConnection_X_1 UpdateConnectionState bPerConConnected=(True)
[0017.48] Vanity: All Vanity Queries Complete
[0017.56] DevOnline: WebRequest_X_4 RECV: 204 
[0017.56] Log: Failed to parse JSON: offset:'0' 'The document is empty.'
[0017.56] Log: UJSONSerializer_X::DecodeObject() Failed: Object=EulaTextResponse Transient.EulaTextResponse_0
Json:

[0017.56] DevOnline: WebRequest_X_9 SEND: https://eulatracking-public-service-prod06.ol.epicgames.com/eulatracking/api/eos/v1/agreements/rocket_league?locale=en
[0017.56] FTEVerbose: [GFx] EULA sync response received.
[0017.60] Log: [HandleVoiceModerationAgreementCallback] EpicAccountId=29102162b92948868b021454382b618a bIsAccepted=0 bHasResponse=1 bNewAgreement=0
[0017.74] EOSVoice: HandleFriendsListChanged
[0017.77] DevOnline: WebRequest_X_8 RECV: 200 
[0017.83] ScriptLog: ListenForBlockListDownloaded PrimaryStatus=(PlatformBlockListStatus_0) PrimaryStatus.DownloadStatus=(EB_Pending)
[0017.93] Log: Assigning XInput controller to 0
[0018.14] DevOnline: PlayerDataStorage_QueryFileList: Finished querying files. User=(29102162b92948868b021454382b618a) Success=(1)
[0018.14] DevOnline: PlayerDataStorage_ReadFile: Beginning to download file. User=(29102162b92948868b021454382b618a) FileName=(RLSaveData)
[0018.15] DevOnline: EOSSDK-LogEOSIntegratedPlatform: FIntegratedSteamSanitizer: Sanitizer is implemented for this platform, but steam sanitizer not initialized. Falling back to generic sanitizer
[0018.16] DevOnline: WebRequest_X_7 RECV: 200 
[0018.16] ScriptLog: Setting.Namespace: stats, Setting.SettingName: show-in-leaderboard
[0018.16] ScriptLog: Setting.Namespace: profile, Setting.SettingName: require-pin-to-add-friend
[0018.16] EOSPermissions: NS=profile SN=require-pin-to-add-friend PL=null EL=null DV=False IV=False
[0018.16] ScriptLog: Setting.Namespace: profile, Setting.SettingName: p2p-trading
[0018.16] ScriptLog: Setting.Namespace: profile, Setting.SettingName: rapid-hook
[0018.16] ScriptLog: Setting.Namespace: profile, Setting.SettingName: spoken-stem
[0018.16] ScriptLog: Setting.Namespace: chat, Setting.SettingName: voice
[0018.16] EOSPermissions: NS=chat SN=voice PL=null EL=null DV=0 IV=0
[0018.16] ScriptLog: Setting.Namespace: chat, Setting.SettingName: text
[0018.16] EOSPermissions: NS=chat SN=text PL=null EL=null DV=0 IV=0
[0018.16] ScriptLog: Setting.Namespace: chat, Setting.SettingName: enhanced-voice-reporting
[0018.16] EOSPermissions: NS=chat SN=enhanced-voice-reporting PL=null EL=null DV=prefer-not-recording IV=0
[0018.16] ScriptLog: Setting.Namespace: chat, Setting.SettingName: enhanced-text-reporting
[0018.16] ScriptLog: Setting.Namespace: chat, Setting.SettingName: filter-out-mature-language
[0018.16] ScriptLog: Setting.Namespace: prm, Setting.SettingName: marketing
[0018.16] EOSPermissions: NS=prm SN=marketing PL=null EL=True DV=True IV=True
[0018.16] ScriptLog: Setting.Namespace: prm, Setting.SettingName: experience
[0018.16] DevOnline: WebRequest_X_10 SEND: https://api.epicgames.dev/epic/friends/v1/29102162b92948868b021454382b618a/outgoing
[0018.17] ScriptLog: HandleStatusChanged PrimaryStatus.DownloadStatus=(EB_Success) ControllerId=(0)
[0018.19] EOSVoice: HandleFriendsListChanged
[0018.24] DevOnline: EOSSDK-LogEOSIntegratedPlatform: FIntegratedSteamSanitizer: Sanitizer is implemented for this platform, but steam sanitizer not initialized. Falling back to generic sanitizer
[0018.25] DevOnline: WebRequest_X_11 SEND: https://rl-cdn.psyonix.com/ChallengeIcons/Challenge_Play.jpg
[0018.25] DevOnline: WebRequest_X_12 SEND: https://rl-cdn.psyonix.com/ChallengeIcons/Challenge_Shot.jpg
[0018.25] DevOnline: WebRequest_X_13 SEND: https://rl-cdn.psyonix.com/ChallengeIcons/Challenge_Save.jpg
[0018.25] DevOnline: WebRequest_X_14 SEND: https://rl-cdn.psyonix.com/ChallengeIcons/Challenge_Center.jpg
[0018.25] DevOnline: WebRequest_X_15 SEND: https://rl-cdn.psyonix.com/ChallengeIcons/Challenge_Win.jpg
[0018.25] DevOnline: WebRequest_X_16 SEND: https://rl-cdn.psyonix.com/ChallengeIcons/Challenge_AerialGoal.jpg
[0018.25] DevOnline: WebRequest_X_17 SEND: https://rl-cdn.psyonix.com/ChallengeIcons/Challenge_SAG.jpg
[0018.25] DevOnline: WebRequest_X_18 SEND: https://rl-cdn.psyonix.com/ChallengeIcons/Challenge_Clear.jpg
[0018.25] DevOnline: WebRequest_X_19 SEND: https://rl-cdn.psyonix.com/ChallengeIcons/Challenge_Goal.jpg
[0018.25] DevOnline: WebRequest_X_20 SEND: https://rl-cdn.psyonix.com/ChallengeBanners/NUX_Popup_Octane.png
[0018.25] DevOnline: WebRequest_X_21 SEND: https://rl-cdn.psyonix.com/SpecialEvent/Images/EchoChase/EchoChase_EventWidget_LogoAndBG_eowufih.png
[0018.26] DevOnline: WebRequest_X_22 SEND: https://rl-cdn.psyonix.com/SpecialEvent/Images/EchoChase/EchoChase_EventDashboard_89wfeyu.png
[0018.26] DevOnline: WebRequest_X_23 SEND: https://rl-cdn.psyonix.com/ChallengeBanners/rl_s19_challengerewardsimage_final_ofeofew.png
[0018.27] DevOnline: WebRequest_X_24 SEND: https://rl-cdn.psyonix.com/ChallengeBanners/RL_U55_S19_Dash_V2_oiwufwn.png
[0018.27] DevOnline: EOSSDK-LogEOSIntegratedPlatform: FIntegratedSteamSanitizer: Sanitizer is implemented for this platform, but steam sanitizer not initialized. Falling back to generic sanitizer
[0018.27] DevOnline: EOSSDK-LogEOSIntegratedPlatform: FIntegratedSteamSanitizer: Sanitizer is implemented for this platform, but steam sanitizer not initialized. Falling back to generic sanitizer
[0018.28] DevOnline: EOSSDK-LogEOSUI: Social Overlay: HandleFriendsStateUpdateRequest - Sanitized display name is not set!
[0018.29] DevOnline: WebRequest_X_25 SEND: https://rl-cdn.psyonix.com/Playlists/Images/rl_event_mode_bg_DropshotRumble.jpg
[0018.30] DevOnline: WebRequest_X_26 SEND: https://rl-cdn.psyonix.com/Playlists/Images/Rl_event_speeddemon.jpg
[0018.31] DevOnline: WebRequest_X_27 SEND: https://rl-cdn.psyonix.com/Playlists/Images/rl_knockout_bash_2022_playlist_details_image.jpg
[0018.35] DevOnline: WebRequest_X_11 RECV: 304 
[0018.35] DevOnline: WebRequest_X_12 RECV: 304 
[0018.35] DevOnline: WebRequest_X_13 RECV: 304 
[0018.42] EOSVoice: HandleFriendsListChanged
[0018.48] DevOnline: WebRequest_X_9 RECV: 200 
[0018.48] DevOnline: WebRequest_X_10 RECV: 200 
[0018.55] DevOnline: WebRequest_X_14 RECV: 304 
[0018.55] DevOnline: WebRequest_X_15 RECV: 304 
[0018.55] DevOnline: WebRequest_X_16 RECV: 304 
[0018.55] DevOnline: WebRequest_X_18 RECV: 304 
[0018.55] DevOnline: WebRequest_X_20 RECV: 304 
[0018.55] DevOnline: WebRequest_X_24 RECV: 304 
[0018.56] DevOnline: WebRequest_X_19 RECV: 304 
[0018.56] DevOnline: WebRequest_X_21 RECV: 304 
[0018.56] DevOnline: WebRequest_X_22 RECV: 304 
[0018.56] DevOnline: WebRequest_X_17 RECV: 304 
[0018.56] DevOnline: WebRequest_X_23 RECV: 304 
[0018.60] DevOnline: WebRequest_X_26 RECV: 304 
[0018.60] DevOnline: WebRequest_X_27 RECV: 304 
[0018.60] DevOnline: WebRequest_X_25 RECV: 304 
[0018.82] DevOnline: PlayerDataStorage_ReadFile: File download complete. User=(29102162b92948868b021454382b618a) FileName=(RLSaveData) Success=(1)
[0018.83] EOSSync: HandleFileReadComplete LocalSaveTick: 41412
[0018.83] EOSSync: HandleFileReadComplete OnlineSaveTick: 41412
[0018.83] EOSSync: HandleFileReadComplete Local Save is up to date, keeping this file
[0018.89] DevOnline: Set rich presence to: Main Menu data: Menu
[0018.89] Legacy: State Set
[0018.89] FTEVerbose: [GFx] Checking FTE progress: Shown login flow 'true', Legal modal valid? 'true', Online? 'true', Cabined state '2', Legacy state '3'
[0018.89] FTEDev: Trying to start FTE Group Prime_InitialStartup which is already completed and cannot be restarted CurrentActiveGroup.bCanBeDoneAgain=(False) bIgnoreCompletion=(False)
[0018.89] FTE: Starting Group:Prime_LegalText at Checkpoint:FTE_PrimaryPlayerIsXboxGuest
[0018.89] FTE: CompleteCheckpoint GroupName=(Prime_LegalText) CheckpointName=(FTE_PrimaryPlayerIsXboxGuest)
[0018.89] FTE: Moving to Checkpoint:FTE_PrivacyPolicy
[0018.89] FTEVerbose: [GFx] Checking FTE progress: Shown login flow 'true', Legal modal valid? 'true', Online? 'true', Cabined state '2', Legacy state '3'
[0018.89] FTEDev: Trying to start FTE Group Prime_InitialStartup while another Group Prime_LegalText is active
[0018.89] FTE: CompleteCheckpoint GroupName=(Prime_LegalText) CheckpointName=(FTE_PrivacyPolicy)
[0018.89] FTE: Moving to Checkpoint:FTE_EulaText
[0018.89] FTEVerbose: [GFx] Checking FTE progress: Shown login flow 'true', Legal modal valid? 'true', Online? 'true', Cabined state '2', Legacy state '3'
[0018.89] FTEDev: Trying to start FTE Group Prime_InitialStartup while another Group Prime_LegalText is active
[0018.89] Eula: RequiresAcceptance? EulaConfig?.bRequiresAcceptance=(True) GetUISave()?.Contains('bAcceptedOfflineEULA')=(True) Eula.SyncState=(LSS_Accepted)
[0018.89] FTE: CompleteCheckpoint GroupName=(Prime_LegalText) CheckpointName=(FTE_EulaText)
[0018.89] FTE: CompleteActiveGroup GroupName:Prime_LegalText
[0018.89] FTEVerbose: [GFx] Checking FTE progress: Shown login flow 'true', Legal modal valid? 'true', Online? 'true', Cabined state '2', Legacy state '3'
[0018.89] FTEDev: Trying to start FTE Group Prime_InitialStartup which is already completed and cannot be restarted CurrentActiveGroup.bCanBeDoneAgain=(False) bIgnoreCompletion=(False)
[0018.89] FTEDev: Group Prime_CarSelect Is not meant for users of type FTESave.LegacyGroupType=(LGT_LegacyUser)
[0018.89] FTEDev: Group Prime_FreeToPlayTutorial_1 Is not meant for users of type FTESave.LegacyGroupType=(LGT_LegacyUser)
[0018.89] FTEVerbose: [GFx] Checking FTE progress: Shown login flow 'true', Legal modal valid? 'true', Online? 'true', Cabined state '2', Legacy state '3'
[0018.89] FTEDev: Trying to start FTE Group Prime_InitialStartup which is already completed and cannot be restarted CurrentActiveGroup.bCanBeDoneAgain=(False) bIgnoreCompletion=(False)
[0018.89] FTEDev: Group Prime_CarSelect Is not meant for users of type FTESave.LegacyGroupType=(LGT_LegacyUser)
[0018.89] FTEVerbose: [GFx] Checking FTE progress: Shown login flow 'true', Legal modal valid? 'true', Online? 'true', Cabined state '2', Legacy state '3'
[0018.89] FTEDev: Trying to start FTE Group Prime_InitialStartup which is already completed and cannot be restarted CurrentActiveGroup.bCanBeDoneAgain=(False) bIgnoreCompletion=(False)
[0018.89] FTEDev: Group Prime_CarSelect Is not meant for users of type FTESave.LegacyGroupType=(LGT_LegacyUser)
[0018.89] FTEDev: Group Prime_FreeToPlayTutorial_1 Is not meant for users of type FTESave.LegacyGroupType=(LGT_LegacyUser)
[0018.89] FTECritical: [GFx] Changed active tutorial from 'null' to 'NONE'. Tutorial active? 'false', New checkpoint active? 'false'
[0018.89] FTEVerbose: Checkpoint 'None' attempted completion while the FTE isn't active!
[0018.89] FTEVerbose: [GFx] Checking FTE progress: Shown login flow 'true', Legal modal valid? 'true', Online? 'true', Cabined state '2', Legacy state '3'
[0018.89] FTEDev: Trying to start FTE Group Prime_InitialStartup which is already completed and cannot be restarted CurrentActiveGroup.bCanBeDoneAgain=(False) bIgnoreCompletion=(False)
[0018.89] FTEDev: Group Prime_CarSelect Is not meant for users of type FTESave.LegacyGroupType=(LGT_LegacyUser)
[0018.89] FTEDev: Group Prime_FreeToPlayTutorial_1 Is not meant for users of type FTESave.LegacyGroupType=(LGT_LegacyUser)
[0018.89] Eula: RequiresAcceptance? EulaConfig?.bRequiresAcceptance=(True) GetUISave()?.Contains('bAcceptedOfflineEULA')=(True) Eula.SyncState=(LSS_Accepted)
[0018.89] AuthEpicVerbose: [GFx] Epic login changed. m_uiState:MainMenu bPromptParentalConsent:false bPromptToChoosePrimaryAccount:false bEpicSaveDataLoaded:false bPlatformLinked:false
[0018.89] FTEDev: Group Prime_MatchComplete Is not meant for users of type FTESave.LegacyGroupType=(LGT_LegacyUser)
[0018.91] RankedReconnect: LocalPlayer_TA_0.CheckForRankedReconnect() bOpenedStartMenu=(True) IsMenuLevel=(True) bLoggedIn=(True) IsPrimaryPlayer=(True) RankedReconnectAvailable=(False) EpochTime=(0) EpochNow=(1756757132) TimeSince=(1756757132) ReconnectTimeoutSeconds=(900) Reservation=()
[0018.91] MTX: ConditionalClaimEntitlements bAllowEntitlements=(True) bClaimingEntitlements=(False) bEntitlementsDirty=(True) PsyNetConnected=(True) SplitscreenID=(0) bMtxCodeExpired=(False)
[0018.91] MTX: HandleMtxCode bSuccess=True
[0018.92] Online: TryToPlayOnline ControllerID=(-1)
[0018.95] Online: HandlePrivilegeCheckFinished PrivilegeCheck.bHasRestriction=(False)
[0018.95] Online: HandlePrivilegeCheck PrivilegeCheck.bHasRestriction=(False)
[0019.10] Log: FSaveDataExportTask(0) wrote 4285742 bytes to memory
[0019.10] Log: SaveGameDataAsync game thread time: 29 ms
[0019.10] DevOnline: WebRequest_X_28 SEND: https://rl-cdn.psyonix.com/Blog/Images/FNECO_37-00_OPM_RL-Jackal_3panel_Key_672x840%20(1).png
[0019.11] DevOnline: WebRequest_X_29 SEND: https://rl-cdn.psyonix.com/Blog/Images/RL_U55-1_EchoChaseLTE_ArenaSignage_3panel_Key_672x840.png
[0019.11] DevOnline: WebRequest_X_30 SEND: https://rl-cdn.psyonix.com/Blog/Images/RL_U55_Champions_Road_TriNewsPannel1_672x840_V4.png
[0019.15] Log: Deleting old save file ..\..\TAGame\SaveData\DBE_Production\76561198026543789_2.save
[0019.15] Log: SaveDataExport(0): Finished - File:[..\..\TAGame\SaveData\DBE_Production\76561198026543789_1.save] Result:[1]
[0019.16] Log: Resetting full product sync timestamp because these productIDs were not found: 617 668 1017 
[0019.16] ScriptLog: NewProductIDs128: 
[0019.17] ScriptLog: GetDLCProducts, UnlockedDLCList=SuperSonic,Revenge,Wasteland,body_charged
[0019.64] AuthEpicVerbose: Epic save data loaded
[0019.64] AuthEpicVerbose: [GFx] Epic login changed. m_uiState:MainMenu bPromptParentalConsent:false bPromptToChoosePrimaryAccount:false bEpicSaveDataLoaded:true bPlatformLinked:true
[0019.64] ThankYouMessage: Thank You message already shown to the player
[0019.64] ScriptLog: GetDLCProducts, UnlockedDLCList=SuperSonic,Revenge,Wasteland,body_charged
[0019.65] DevOnline: WebRequest_X_31 SEND: https://rl-cdn.psyonix.com/Legal/PC/PrivacyPolicy/INT.txt
[0019.65] DevOnline: WebRequest_X_32 SEND: https://rl-cdn.psyonix.com/Legal/PC/ToS/INT.txt
[0019.65] DevOnline: WebRequest_X_33 SEND: https://rl-cdn.psyonix.com/Legal/PC/SCT/INT.txt
[0019.65] DevOnline: WebRequest_X_34 SEND: https://rl-cdn.psyonix.com/Legal/PC/PaymentServices/INT.txt
[0019.66] ScriptLog: RegionPinger_X_0 PingRegions ("13.244.191.139:8727","18.166.73.215:8742","35.73.58.145:8715","3.7.62.226:8722","13.212.10.68:8735","3.26.123.63:8755","18.157.22.125:8846","13.50.35.217:8720","52.31.172.122:8710","13.41.12.97:8732","15.237.0.197:8749","16.24.8.193:8727","15.229.128.2:8760","3.238.60.174:8705","3.148.40.116:8750","18.88.28.82:8740","3.101.166.142:8786","44.234.99.175:8752")
[0019.73] DevOnline: WebRequest_X_28 RECV: 304 
[0019.74] DevOnline: WebRequest_X_29 RECV: 304 
[0019.74] DevOnline: WebRequest_X_30 RECV: 304 
[0019.75] DevOnline: WebRequest_X_31 RECV: 304 
[0019.75] DevOnline: WebRequest_X_32 RECV: 304 
[0019.76] DevOnline: WebRequest_X_33 RECV: 304 
[0019.76] DevOnline: WebRequest_X_34 RECV: 304 
[0019.81] DevOnline: EOSSDK-LogEOSRTC: TickTracker Tick is delayed. TimePeriod=[10.034753s]  TickIntervalThreshold=[0.100000s] MaxTickInterval=[0.539136s] MaxExecutionTime=[0.000141s] TicksCount=[557] ExpectedTicksCount=[1003]
[0020.10] MTX: HandleClaimSuccess Products=0
[0020.39] EOSVoice: HandleFriendsListChanged
[0020.44] Prime24121: StartSearch.PreferredRegions.Length 2
[0020.44] Matchmaking: OnlineGameMatchmaking_X_0 OnlineGameMatchmaking_X -> PingRegions
[0020.95] Matchmaking: All Regions Pinged: USE (1.0000),USC (1.0000),USW (1.0000),EU (1.0000),ASC (1.0000),ASM (1.0000),JPN (1.0000),ME (1.0000),OCE (1.0000),SAF (1.0000),SAM (1.0000),IND (1.0000),SAF1 (0.3790),ASC1 (0.1055),JPN1 (0.1333),IND1 (0.1360),ASM1 (0.0776),OCE1 (0.1583),EU5 (0.2263),EU1 (0.2469),EU3 (0.2412),EU7 (0.2249),EU9 (0.2243),ME1 (0.2108),SAM1 (0.4312),USE1 (0.2975),USE3 (0.2953),USC1 (0.2642),USW1 (0.2438),USW3 (0.2677)
[0020.95] Log: FCacheExportTask(..\..\TAGame\Cache\RegionCache.cache) wrote 1713 bytes to memory
[0020.95] Matchmaking: OnlineGameMatchmaking_X_0 PingRegions -> Searching
[0020.95] Prime24121: HandleRegionsPinged.PreferredRegions.Length 2
[0020.95] Matchmaking: OnlineGameMatchmaking_X::RecordStart
[0020.95] Matchmaking: Pre-divide PartyLeaderMMR: 95.7972
[0020.95] Matchmaking: Post-divide PartyLeaderMMR: 47.8986
[0020.95] Matchmaking: PartyLeaderTier=(16)
[0020.95] Matchmaking: StartMatchmaking at 2025-09-01 20:05:35 in ASM1,IND1 for playlists 13,11 on game server 
[0020.95] Matchmaking: Creating RPC_StartMatchmaking_X
[0020.95] Matchmaking: PreferredRegions.Length=(2) PreferredPlaylists.Length=(2) Party.GetOrderedPartyMemberIDs().Length=(1)
[0020.95] Matchmaking: SecondsSearching=(0) CurrentServerID=() bDisableCrossplay=(False) bIgnoreSkill=(False)
[0021.06] Online: TryToUseUGC ControllerID=(-1)
[0021.06] Online: HandlePrivilegeCheckFinished PrivilegeCheck.bHasRestriction=(False)
[0021.06] Online: HandlePrivilegeCheck PrivilegeCheck.bHasRestriction=(False)
[0021.10] Online: TryToPlayOnlineAndUseUGC ControllerID=(-1)
[0021.12] Online: HandlePrivilegeCheckFinished PrivilegeCheck.bHasRestriction=(False)
[0021.12] Online: HandlePrivilegeCheck PrivilegeCheck.bHasRestriction=(False)
[0021.24] Matchmaking: Matchmaking RPC succeeded.
[0021.24] Matchmaking: EstimatedQueueTime=(9.0000)
[0021.34] Online: TryToPlayOnlineAndUseUGC ControllerID=(-1)
[0021.35] Online: HandlePrivilegeCheckFinished PrivilegeCheck.bHasRestriction=(False)
[0021.35] Online: HandlePrivilegeCheck PrivilegeCheck.bHasRestriction=(False)
[0021.43] Log: FUniqueNetId::FromString - could not parse ''
[0021.43] Log: FUniqueNetId::FromString - could not parse ''
[0021.43] Log: FUniqueNetId::FromString - could not parse ''
[0021.43] Log: FUniqueNetId::FromString - could not parse ''
[0021.43] Log: FUniqueNetId::FromString - could not parse ''
[0021.43] Log: FUniqueNetId::FromString - could not parse ''
[0021.43] Log: FUniqueNetId::FromString - could not parse ''
[0021.63] Log: FUniqueNetId::FromString - could not parse ''
[0022.20] Log: FSaveDataExportTask(0) wrote 3017 bytes to memory
[0022.20] Log: SaveGameDataAsync game thread time: 0 ms
[0022.21] Log: SaveDataExport(0): Finished - File:[..\..\TAGame\Training\0110000103f352ad\Downloaded\Temp(1).Tem] Result:[1]
[0022.21] DevNet: Browse: beach_night_p?Game=TAGame.GameInfo_TrainingEditor_TA?Offline?LoadSave=Downloaded\Temp(1)?Playtest
[0022.29] Log: FSaveDataExportTask(0) wrote 4285742 bytes to memory
[0022.29] Log: SaveGameDataAsync game thread time: 31 ms
[0022.29] Log: Flushing async loaders.
[0022.30] Log: Flushed async loaders.
[0022.30] Log: LoadMap: beach_night_p?Game=TAGame.GameInfo_TrainingEditor_TA?Offline?LoadSave=Downloaded\Temp(1)?Playtest
[0022.32] DevOnline: PsyNet Flush Start TimeoutSeconds=0.250000
[0022.34] Log: Deleting old save file ..\..\TAGame\SaveData\DBE_Production\76561198026543789.save
[0022.34] Log: SaveDataExport(0): Finished - File:[..\..\TAGame\SaveData\DBE_Production\76561198026543789_2.save] Result:[1]
[0022.58] DevOnline: PsyNet Flush End
[0022.74] Log: Fully load package: ..\..\TAGame\CookedPCConsole\GameInfo_TrainingEditor_SF.upk
[0022.83] Log: Fully load package: ..\..\TAGame\CookedPCConsole\GFxSounds_XP_SF.upk
[0022.85] Log: Fully load package: ..\..\TAGame\CookedPCConsole\GFx_XPProgressMenu_SF.upk
[0022.87] Log: Fully load package: ..\..\TAGame\CookedPCConsole\GFX_EndGameMenu_SF.upk
[0022.90] Log: Fully load package: ..\..\TAGame\CookedPCConsole\GFX_WinnerMenu_SF.upk
[0022.91] Log: Fully load package: ..\..\TAGame\CookedPCConsole\GFX_MidGameScoreboard_SF.upk
[0022.92] Log: Fully load package: ..\..\TAGame\CookedPCConsole\GFX_MidGameMenu_SF.upk
[0022.94] Log: Fully load package: ..\..\TAGame\CookedPCConsole\GFX_HudMatchInfo_SF.upk
[0022.96] Log: Fully load package: ..\..\TAGame\CookedPCConsole\GFX_Hud_SF.upk
[0022.99] Log: Game class is 'GameInfo_TrainingEditor_TA'
[0022.99] Log: Octree Warning (AddPrimitive): StaticMeshActor_SMC_33 (Owner: beach_night_p.TheWorld:PersistentLevel.MeshCollector0) Outside World.
[0022.99] Log: Octree Warning (AddPrimitive): StaticMeshActor_SMC_722 (Owner: beach_night_p.TheWorld:PersistentLevel.MeshCollector0) Outside World.
[0022.99] Warning: Warning, Material Body_Bush.grey missing bUsedWithStaticLighting=True!
[0022.99] Warning: Warning, Material Body_Bush.grey missing bUsedWithStaticLighting=True!
[0022.99] Warning: Warning, Material Body_Bush.grey missing bUsedWithStaticLighting=True!
[0022.99] Warning: Warning, Material Body_Bush.grey missing bUsedWithStaticLighting=True!
[0022.99] Warning: Warning, Material Body_Bush.grey missing bUsedWithStaticLighting=True!
[0022.99] Warning: Warning, Material Body_Bush.grey missing bUsedWithStaticLighting=True!
[0022.99] Warning: Warning, Material Body_Bush.grey missing bUsedWithStaticLighting=True!
[0022.99] Warning: Warning, Material Body_Bush.grey missing bUsedWithStaticLighting=True!
[0022.99] Warning: Warning, Material Body_Bush.grey missing bUsedWithStaticLighting=True!
[0022.99] Warning: Warning, Material Body_Bush.grey missing bUsedWithStaticLighting=True!
[0022.99] Warning: Warning, Material Body_Bush.grey missing bUsedWithStaticLighting=True!
[0022.99] Warning: Warning, Material Body_Bush.grey missing bUsedWithStaticLighting=True!
[0022.99] Warning: Warning, Material Body_Bush.grey missing bUsedWithStaticLighting=True!
[0022.99] Warning: Warning, Material Body_Bush.grey missing bUsedWithStaticLighting=True!
[0022.99] Warning: Warning, Material Body_Bush.grey missing bUsedWithStaticLighting=True!
[0022.99] Warning: Warning, Material Body_Bush.grey missing bUsedWithStaticLighting=True!
[0022.99] Warning: Warning, Material Body_Bush.grey missing bUsedWithStaticLighting=True!
[0023.02] Log: Bringing World beach_night_p.TheWorld up for play (0) at 2025.09.02-01.35.36
[0023.02] Log: Flushing async loaders.
[0023.43] Log: Flushed async loaders.
[0023.44] Warning: Warning, Material Body_Bush.grey missing bUsedWithStaticLighting=True!
[0023.44] Warning: Warning, Material Body_Bush.grey missing bUsedWithStaticLighting=True!
[0023.44] Warning: Warning, Material Body_Bush.grey missing bUsedWithStaticLighting=True!
[0023.44] Warning: Warning, Material Body_Bush.grey missing bUsedWithStaticLighting=True!
[0023.44] Warning: Warning, Material Body_Bush.grey missing bUsedWithStaticLighting=True!
[0023.44] MatchBroadcast: Init bBroadcastMatch=(False) MatchLog=(None)
[0023.44] ScriptLog: MatchTypeClass=(MatchType_Tutorial_TA)
[0023.51] LTM: SettingsType=(CustomMatchSettingsType_PrivateMatch)
[0023.51] LTM: SettingsType=(CustomMatchSettingsType_PrivateMatch) InSettingsType=(CustomMatchSettingsType_LocalMatch)
[0023.51] Log: Bringing up level for play took: 0.526150
[0023.53] ScriptWarning: ScriptWarning, Accessed None 'GameEvent'
	GFxHUD_TA beach_night_p.TheWorld:PersistentLevel.GFxHUD_TA_0
	Function TAGame.GFxHUD_TA:HandleGameDataSelected:02B4
Script call stack:
	Function TAGame.PlayerController_TA:ReceivedPlayer
	Function TAGame.PlayerControllerBase_TA:ReceivedPlayer
	Function ProjectX.PlayerController_X:ReceivedPlayer
	Function ProjectX.PlayerController_X:SpawnDefaultHUD
	Function Engine.PlayerController:SetHUD
	Function TAGame.GFxHUD_TA:Init
	Function TAGame.GFxHUD_TA:InitGFx
	Function TAGame.GFxHUD_TA:HandleGRIReplicated
	Function TAGame.GFxHUD_TA:HandleGameDataSelected

[0023.63] DevOnline: Set rich presence to: In Training data: Tutorial
[0023.63] Log: ########### Finished loading level: 1.332649 seconds
[0023.64] DevOnline: WebRequest_X_35 SEND: https://api.epicgames.dev/epic/friends/v1/29102162b92948868b021454382b618a/friends/29102162b92948868b021454382b618a
[0023.64] DevOnline: Set rich presence to: In BakkesMod custom training data: In BakkesMod custom training
[0023.64] EOSVoice: Not requesting voice token, no MatchGUID
[0023.95] DevOnline: WebRequest_X_35 RECV: 400 {"errorCode":"errors.com.epicgames.friends.invalid_friendship","errorMessage":"Users cannot be friends with themselves","messageVars":[],"numericErrorCode":14001,"originatingService":"friends","intent":"prod"}
[0023.95] Log: WebRequest_X_35 type: HTTPError, message: {"errorCode":"errors.com.epicgames.friends.invalid_friendship","errorMessage":"Users cannot be friends with themselves","messageVars":[],"numericErrorCode":14001,"originatingService":"friends","intent":"prod"}
[0023.95] ScriptLog: EOS: HTTP request failed with error: Users cannot be friends with themselves (errors.com.epicgames.friends.invalid_friendship)
[0024.26] Vanity: All Vanity Queries Complete
[0029.76] DevOnline: Set rich presence to: In BakkesMod custom training data: In BakkesMod custom training
[0029.81] DevOnline: EOSSDK-LogEOSRTC: TickTracker Tick is delayed. TimePeriod=[10.000071s]  TickIntervalThreshold=[0.100000s] MaxTickInterval=[0.157646s] MaxExecutionTime=[0.000058s] TicksCount=[1780] ExpectedTicksCount=[1000]
[0035.02] PsyNetBeaconDetail_X: PsyNetBeacon_X_0 ReserveConnection ReservationID=(18BFE862AFB24B09A3B2E70DB392283C) ConnectionID=(eyJ0eXAiOiJKV1QiLCJhbGciOiJIUzUxMiJ9.eyJqdGkiOiJlMGYwN2E4NjFmM2E0ZjkwYjQ4NWUzZmRiMmE4MzM4ZiIsImlzcyI6IlBzeU5ldCIsInBsYXllcl9pZCI6IlN0ZWFtfDc2NTYxMTk4MDI2NTQzNzg5fDAiLCJzZXJ2ZXJfbmFtZSI6IkFTTTEtMEI5NEZENUI4MEVCOUVENTEtU2NhcmFiIiwiaWF0IjoxNzU2NzU3MTQ4LCJuYmYiOjE3NTY3NTcxNDgsImV4cCI6MTc1Njc3MTU0OH0.68oH5HKyGcHBOhHudH3UBl-3xXXxy9KjLWea2cErI2bHhqZuA1g0EC0udmUWsySD7-1ACN8p1hLoNz2e2UrHDQ)
[0035.02] PsyNetBeaconDetail_X: PsyNetBeacon_X_0 ClientHandleMessage Message.MessageType=(ClientReservationMessage_X) Message.ReservationID=(18BFE862AFB24B09A3B2E70DB392283C)
[0035.02] CheckReservation: Received game server from notification (v3) Message.Reservation=((ServerName="ASM1-0B94FD5B80EB9ED51-Scarab",Playlist=11,Region="ASM",ReservationID="18BFE862AFB24B09A3B2E70DB392283C",DSRToken="eyJ0eXAiOiJKV1QiLCJhbGciOiJIUzUxMiJ9.eyJqdGkiOiJlMGYwN2E4NjFmM2E0ZjkwYjQ4NWUzZmRiMmE4MzM4ZiIsImlzcyI6IlBzeU5ldCIsInBsYXllcl9pZCI6IlN0ZWFtfDc2NTYxMTk4MDI2NTQzNzg5fDAiLCJzZXJ2ZXJfbmFtZSI6IkFTTTEtMEI5NEZENUI4MEVCOUVENTEtU2NhcmFiIiwiaWF0IjoxNzU2NzU3MTQ4LCJuYmYiOjE3NTY3NTcxNDgsImV4cCI6MTc1Njc3MTU0OH0.68oH5HKyGcHBOhHudH3UBl-3xXXxy9KjLWea2cErI2bHhqZuA1g0EC0udmUWsySD7-1ACN8p1hLoNz2e2UrHDQ",JoinName="LM7CTCRFXC14WYUU",JoinPassword="R1H4NZZPTUKDBNON"))
[0035.02] JoinGame: StartJoin Reservation=((ServerName="ASM1-0B94FD5B80EB9ED51-Scarab",Playlist=11,Region="ASM",ReservationID="18BFE862AFB24B09A3B2E70DB392283C",DSRToken="eyJ0eXAiOiJKV1QiLCJhbGciOiJIUzUxMiJ9.eyJqdGkiOiJlMGYwN2E4NjFmM2E0ZjkwYjQ4NWUzZmRiMmE4MzM4ZiIsImlzcyI6IlBzeU5ldCIsInBsYXllcl9pZCI6IlN0ZWFtfDc2NTYxMTk4MDI2NTQzNzg5fDAiLCJzZXJ2ZXJfbmFtZSI6IkFTTTEtMEI5NEZENUI4MEVCOUVENTEtU2NhcmFiIiwiaWF0IjoxNzU2NzU3MTQ4LCJuYmYiOjE3NTY3NTcxNDgsImV4cCI6MTc1Njc3MTU0OH0.68oH5HKyGcHBOhHudH3UBl-3xXXxy9KjLWea2cErI2bHhqZuA1g0EC0udmUWsySD7-1ACN8p1hLoNz2e2UrHDQ",JoinName="LM7CTCRFXC14WYUU",JoinPassword="R1H4NZZPTUKDBNON")) JoinSettings=((PlaylistId=11))
[0035.02] DevOnline: Successfully set the friend join URL: 
[0035.02] JoinGame: GotoJoinGameState OnlineGameJoinGame_TA -> VerifyPrivileges
[0035.02] Online: TryToPlayOnline ControllerID=(-1)
[0035.02] Matchmaking: OnlineGameMatchmaking_X_0 Searching -> Joining
[0035.02] Online: HandlePrivilegeCheckFinished PrivilegeCheck.bHasRestriction=(False)
[0035.02] JoinGame: GotoJoinGameState VerifyPrivileges -> ReservingServerForMatchmaking
[0035.02] PsyNetBeaconDetail_X: PsyNetBeacon_X_0 SendMessageToServer Message=(AddReservationMessagePublic_X_0)
[0035.02] PsyNet: PsyNetServiceProvider_X_1 ExecuteService Complete, Service=DSR/ClientMessage 
[0035.69] PsyNetBeaconDetail_X: PsyNetBeacon_X_0 ClientHandleMessage Message.MessageType=(ReservationsWaitingMessage_X) Message.ReservationID=(18BFE862AFB24B09A3B2E70DB392283C)
[0035.69] JoinGame: Waiting for more players to add reservations
[0035.69] Party: HandleServerReserved (Reservation=(ServerName="ASM1-0B94FD5B80EB9ED51-Scarab",Playlist=11,Region="ASM",ReservationID="18BFE862AFB24B09A3B2E70DB392283C",DSRToken="eyJ0eXAiOiJKV1QiLCJhbGciOiJIUzUxMiJ9.eyJqdGkiOiJlMGYwN2E4NjFmM2E0ZjkwYjQ4NWUzZmRiMmE4MzM4ZiIsImlzcyI6IlBzeU5ldCIsInBsYXllcl9pZCI6IlN0ZWFtfDc2NTYxMTk4MDI2NTQzNzg5fDAiLCJzZXJ2ZXJfbmFtZSI6IkFTTTEtMEI5NEZENUI4MEVCOUVENTEtU2NhcmFiIiwiaWF0IjoxNzU2NzU3MTQ4LCJuYmYiOjE3NTY3NTcxNDgsImV4cCI6MTc1Njc3MTU0OH0.68oH5HKyGcHBOhHudH3UBl-3xXXxy9KjLWea2cErI2bHhqZuA1g0EC0udmUWsySD7-1ACN8p1hLoNz2e2UrHDQ",JoinName="LM7CTCRFXC14WYUU",JoinPassword="R1H4NZZPTUKDBNON"),JoinCredentials="LM7CTCRFXC14WYUU:R1H4NZZPTUKDBNON")
[0035.69] PsyNet: PsyNetServiceProvider_X_1 ExecuteService Complete, Service=DSR/ClientMessage 
[0036.83] PsyNetBeaconDetail_X: PsyNetBeacon_X_0 ClientHandleMessage Message.MessageType=(ReservationsReadyMessage_X) Message.ReservationID=(18BFE862AFB24B09A3B2E70DB392283C)
[0036.83] DevNet: Add Network Encryption {PlayerID=Steam|76561198026543789|0 Key={Key=1B424AD3001BC99D81DDA72BD356BCD6E22A73490E8BDF5D188B69D5E3F802E3 IV=55FA91961A63975EDAEEF369A5319270 HMAC=C472BE445B02505ADC79840790B5F9A86EAACCCFBCF2ABCAE5B4F55DA114CDEB Session=5D50F67886688C704437D16D214377B5}}
[0036.83] DevOnline: Successfully set the friend join URL: 
[0036.83] Party: HandleServerReserved (Reservation=(ServerName="ASM1-0B94FD5B80EB9ED51-Scarab",Playlist=11,Region="ASM",ReservationID="18BFE862AFB24B09A3B2E70DB392283C",DSRToken="eyJ0eXAiOiJKV1QiLCJhbGciOiJIUzUxMiJ9.eyJqdGkiOiJlMGYwN2E4NjFmM2E0ZjkwYjQ4NWUzZmRiMmE4MzM4ZiIsImlzcyI6IlBzeU5ldCIsInBsYXllcl9pZCI6IlN0ZWFtfDc2NTYxMTk4MDI2NTQzNzg5fDAiLCJzZXJ2ZXJfbmFtZSI6IkFTTTEtMEI5NEZENUI4MEVCOUVENTEtU2NhcmFiIiwiaWF0IjoxNzU2NzU3MTQ4LCJuYmYiOjE3NTY3NTcxNDgsImV4cCI6MTc1Njc3MTU0OH0.68oH5HKyGcHBOhHudH3UBl-3xXXxy9KjLWea2cErI2bHhqZuA1g0EC0udmUWsySD7-1ACN8p1hLoNz2e2UrHDQ",JoinName="LM7CTCRFXC14WYUU",JoinPassword="R1H4NZZPTUKDBNON"),PingURL="13.212.10.68:8748",GameURL="13.212.10.68:7748",JoinCredentials="LM7CTCRFXC14WYUU:R1H4NZZPTUKDBNON")
[0036.83] JoinGame: GotoJoinGameState ReservingServerForMatchmaking -> JoinCountdown
[0036.83] PsyNetBeaconDetail_X: PsyNetBeacon_X_0 SendMessageToServer Message=(PingMessage_X_0)
[0036.84] PsyNet: PsyNetServiceProvider_X_1 ExecuteService Complete, Service=DSR/ClientMessage 
[0037.39] PsyNetBeaconDetail_X: PsyNetBeacon_X_0 ClientHandleMessage Message.MessageType=(PingMessage_X) Message.ReservationID=(18BFE862AFB24B09A3B2E70DB392283C)
[0037.40] PsyNet: PsyNetServiceProvider_X_1 ExecuteService Complete, Service=DSR/ClientMessage 
[0039.20] EOSGameClips: EOSGameClips: Currently recording: false
[0039.67] DevOnline: Set rich presence to: In BakkesMod custom training data: In BakkesMod custom training
[0039.84] JoinGame: GotoJoinGameState JoinCountdown -> OpeningLoadingScreen
[0039.85] RankedReconnect: OnlineGameJoinGame_TA_0::OpeningLoadingScreen.BeginState()
[0039.85] RankedReconnect: LocalPlayer_TA_0.UpdateRankedReconnect() RankedTeamDoubles True 4 False
[0039.85] RankedReconnect: RankedReconnectSave_TA_0.SetRankedReconnect() Server=((Reservation=(ServerName="ASM1-0B94FD5B80EB9ED51-Scarab",Playlist=11,Region="ASM",ReservationID="18BFE862AFB24B09A3B2E70DB392283C",DSRToken="eyJ0eXAiOiJKV1QiLCJhbGciOiJIUzUxMiJ9.eyJqdGkiOiJlMGYwN2E4NjFmM2E0ZjkwYjQ4NWUzZmRiMmE4MzM4ZiIsImlzcyI6IlBzeU5ldCIsInBsYXllcl9pZCI6IlN0ZWFtfDc2NTYxMTk4MDI2NTQzNzg5fDAiLCJzZXJ2ZXJfbmFtZSI6IkFTTTEtMEI5NEZENUI4MEVCOUVENTEtU2NhcmFiIiwiaWF0IjoxNzU2NzU3MTQ4LCJuYmYiOjE3NTY3NTcxNDgsImV4cCI6MTc1Njc3MTU0OH0.68oH5HKyGcHBOhHudH3UBl-3xXXxy9KjLWea2cErI2bHhqZuA1g0EC0udmUWsySD7-1ACN8p1hLoNz2e2UrHDQ",JoinName="LM7CTCRFXC14WYUU",JoinPassword="R1H4NZZPTUKDBNON"),PingURL="13.212.10.68:8748",GameURL="13.212.10.68:7748",JoinCredentials="LM7CTCRFXC14WYUU:R1H4NZZPTUKDBNON")) EpochNow=(1756757154)
[0039.85] DevNet: Browse: JoinGameTransition?game=TAGame.GameInfo_Transition_TA?Offline?LoadSave=Downloaded\Temp(1)?Playtest
[0039.92] Log: FSaveDataExportTask(0) wrote 4286649 bytes to memory
[0039.92] Log: SaveGameDataAsync game thread time: 30 ms
[0039.94] Log: LoadMap: JoinGameTransition?game=TAGame.GameInfo_Transition_TA?Offline?LoadSave=Downloaded\Temp(1)?Playtest
[0039.94] EOSVoice: Not requesting voice token, no MatchGUID
[0039.96] DevOnline: PsyNet Flush Start TimeoutSeconds=0.250000
[0039.97] Log: Deleting old save file ..\..\TAGame\SaveData\DBE_Production\76561198026543789_1.save
[0039.97] Log: SaveDataExport(0): Finished - File:[..\..\TAGame\SaveData\DBE_Production\76561198026543789.save] Result:[1]
[0040.21] DevOnline: PsyNet Flush End
[0040.29] Log: Fully load package: ..\..\TAGame\CookedPCConsole\GameInfo_Transition_SF.upk
[0040.29] Log: Game class is 'GameInfo_Transition_TA'
[0040.29] Log: Bringing World JoinGameTransition.TheWorld up for play (0) at 2025.09.02-01.35.53
[0040.29] Log: Bringing up level for play took: 0.003014
[0040.29] JoinGame: GotoJoinGameState OpeningLoadingScreen -> JoiningNewServer
[0040.30] DevNet: SetProgress, MessageType=1, Title=, Message=Connecting...
[0040.30] Log: ########### Finished loading level: 0.355173 seconds
[0040.30] DevNet: Browse: 13.212.10.68:7748/MENU_Main_p?Name=Lock
[0040.30] DevNet: Game client on port 7748, rate 15000
[0040.30] NetComeGo: TcpipConnection_0 13.212.10.68:7748 using encryption {Key=1B424AD3001BC99D81DDA72BD356BCD6E22A73490E8BDF5D188B69D5E3F802E3 IV=55FA91961A63975EDAEEF369A5319270 HMAC=C472BE445B02505ADC79840790B5F9A86EAACCCFBCF2ABCAE5B4F55DA114CDEB Session=5D50F67886688C704437D16D214377B5}
[0040.30] NetComeGo: SEND first packet Length=80 CRC=-1871617949
[0040.39] NetComeGo: TcpipConnection_0 RECV first packet IP=13.212.10.68:7748 Length=15 CRC=2039038868 HandshakeStatus=0 bUseSessionUID=1 InSessionUID=(0 0 0) SessionUID=(0 0 0)
[0040.39] NetComeGo: Client set SessionUID to: 127 132 86
[0040.69] DevNet: Welcomed by server (Level: STADIUM_10A_P, Game: TAGame.GameInfo_Soccar_TA, GameTags: )
[0040.72] Log: FSaveDataExportTask(0) wrote 4286649 bytes to memory
[0040.72] Log: SaveGameDataAsync game thread time: 29 ms
[0040.73] Log: Flushing async loaders.
[0040.73] Log: Flushed async loaders.
[0040.73] Log: LoadMap: 13.212.10.68:7748/STADIUM_10A_P?Name=Lock?game=TAGame.GameInfo_Soccar_TA
[0040.74] DevOnline: PsyNet Flush Start TimeoutSeconds=0.250000
[0040.79] Log: Deleting old save file ..\..\TAGame\SaveData\DBE_Production\76561198026543789_2.save
[0040.79] Log: SaveDataExport(0): Finished - File:[..\..\TAGame\SaveData\DBE_Production\76561198026543789_1.save] Result:[1]
[0041.00] DevOnline: PsyNet Flush End
[0041.02] Log: Fully load package: ..\..\TAGame\CookedPCConsole\GameInfo_Soccar_SF.upk
[0041.07] Log: Fully load package: ..\..\TAGame\CookedPCConsole\GFxSounds_XP_SF.upk
[0041.07] Log: Fully load package: ..\..\TAGame\CookedPCConsole\GFx_XPProgressMenu_SF.upk
[0041.09] Log: Fully load package: ..\..\TAGame\CookedPCConsole\GFX_EndGameMenu_SF.upk
[0041.11] Log: Fully load package: ..\..\TAGame\CookedPCConsole\GFX_WinnerMenu_SF.upk
[0041.12] Log: Fully load package: ..\..\TAGame\CookedPCConsole\GFX_MidGameScoreboard_SF.upk
[0041.12] Log: Fully load package: ..\..\TAGame\CookedPCConsole\GFX_MidGameMenu_SF.upk
[0041.14] Log: Fully load package: ..\..\TAGame\CookedPCConsole\GFX_HudMatchInfo_SF.upk
[0041.15] Log: Fully load package: ..\..\TAGame\CookedPCConsole\GFX_Hud_SF.upk
[0041.73] Log: Bringing World STADIUM_10A_P.TheWorld up for play (0) at 2025.09.02-01.35.55
[0041.74] Log: Bringing up level for play took: 0.214615
[0041.80] JoinGame: OnJoinGameComplete bSuccess=(True) FailReason=()
[0041.80] JoinGame: GotoJoinGameState JoiningNewServer -> None
[0041.80] PsyNetBeaconDetail_X: PsyNetBeacon_X_0 Close
[0041.80] PsyNetBeaconDetail_X: PsyNetBeacon_X_0 CloseConnection Connection.ConnectionID=(eyJ0eXAiOiJKV1QiLCJhbGciOiJIUzUxMiJ9.eyJqdGkiOiJlMGYwN2E4NjFmM2E0ZjkwYjQ4NWUzZmRiMmE4MzM4ZiIsImlzcyI6IlBzeU5ldCIsInBsYXllcl9pZCI6IlN0ZWFtfDc2NTYxMTk4MDI2NTQzNzg5fDAiLCJzZXJ2ZXJfbmFtZSI6IkFTTTEtMEI5NEZENUI4MEVCOUVENTEtU2NhcmFiIiwiaWF0IjoxNzU2NzU3MTQ4LCJuYmYiOjE3NTY3NTcxNDgsImV4cCI6MTc1Njc3MTU0OH0.68oH5HKyGcHBOhHudH3UBl-3xXXxy9KjLWea2cErI2bHhqZuA1g0EC0udmUWsySD7-1ACN8p1hLoNz2e2UrHDQ)
[0041.80] Matchmaking: OnlineGameMatchmaking_X_0 Joining -> None
[0041.82] Log: ########### Finished loading level: 1.088185 seconds
[0041.96] ScriptLog: Client InputRate=60
[0041.96] DevNet: PlayerController_TA_2 setplayer LocalPlayer_TA_0
[0041.96] PsyNetStaticData: UpdateCacheTimerEnabled CacheTimer.bEnabled=(False)
[0041.96] MatchBroadcast: Init bBroadcastMatch=(False) MatchLog=(None)
[0041.97] ScriptLog: Uncached PlatformId for Epic|ad5e7cd8cd6c4750adbe4870191a53b6|0
[0041.97] ScriptLog: MatchGUID: 0D8C6D7411F0876F699695A3EA63DF0F
[0041.97] ScriptWarning: ScriptWarning, Accessed None 'GameEvent'
	GFxHUD_TA STADIUM_10A_P.TheWorld:PersistentLevel.GFxHUD_TA_2
	Function TAGame.GFxHUD_TA:HandleGameDataSelected:02B4
Script call stack:
	Function ProjectX.GRI_X:ReplicatedEvent
	Function ProjectX.GRI_X:SetGameData
	Function TAGame.GFxHUD_TA:HandleGameDataSelected

[0041.97] LTM: SettingsType=(CustomMatchSettingsType_PrivateMatch)
[0042.00] Warning: Failed to find streaming level object associated with 'SeqAct_MultiLevelStreaming STADIUM_10A_P.TheWorld:PersistentLevel.Main_Sequence.SeqAct_MultiLevelStreaming_0'
[0042.04] Vanity: All Vanity Queries Complete
[0042.07] ScriptLog: Uncached PlatformId for Epic|e8d842f3766c4a2090e2113ec426333d|0
[0042.25] DevOnline: Set rich presence to: Doubles in DFH Stadium (10th Anniversary) data: Playlist-11
[0042.36] DevOnline: WebRequest_X_36 SEND: https://rl-cdn.psyonix.com/Ads/Prod/231.yj9UhEAO/201.jpg
[0042.44] DevOnline: WebRequest_X_36 RECV: 304 
[0042.57] DevOnline: WebRequest_X_37 SEND: https://rl-cdn.psyonix.com/Ads/Prod/231.yj9UhEAO/401.jpg
[0042.66] DevOnline: WebRequest_X_37 RECV: 304 
[0043.17] DevOnline: EOSSDK-LogEOSIntegratedPlatform: FIntegratedSteamSanitizer: Sanitizer is implemented for this platform, but steam sanitizer not initialized. Falling back to generic sanitizer
[0043.35] EOSVoice: AlertVoiceError: VoiceModerationEULANotAccepted
[0049.82] DevOnline: EOSSDK-LogEOSRTC: TickTracker Tick is delayed. TimePeriod=[10.002940s]  TickIntervalThreshold=[0.100000s] MaxTickInterval=[0.146214s] MaxExecutionTime=[0.000027s] TicksCount=[1683] ExpectedTicksCount=[1000]
[0056.79] DevOnline: Set rich presence to: InGame 0:0 [4:59 remaining] data: InGame 0:0 [4:59 remaining]
[0069.56] DevOnline: Set rich presence to: InGame 1:0 [4:47 remaining] data: InGame 1:0 [4:47 remaining]
[0073.13] EOSGameClips: EOSGameClips: Currently recording: false
[0074.54] DevOnline: WebRequest_X_38 SEND: https://datarouter.ol.epicgames.com/datarouter/api/v1/public/data?AppID=RocketLeague.Release&AppVersion=151471783&AppEnvironment=Prod&UploadType=eteventstream&UserID=|29102162b92948868b021454382b618a|||Steam|76561198026543789|0&SessionID=75234CE04FB8D5D715DEA99FB36121D0
[0075.80] DevOnline: WebRequest_X_38 RECV: 204 
[0081.21] DevOnline: Set rich presence to: InGame 1:0 [4:45 remaining] data: InGame 1:0 [4:45 remaining]
[0096.21] DevOnline: Set rich presence to: InGame 1:0 [4:30 remaining] data: InGame 1:0 [4:30 remaining]
[0111.22] DevOnline: Set rich presence to: InGame 1:0 [4:15 remaining] data: InGame 1:0 [4:15 remaining]
[0117.27] DevOnline: Set rich presence to: InGame 1:1 [4:09 remaining] data: InGame 1:1 [4:09 remaining]
[0120.83] EOSGameClips: EOSGameClips: Currently recording: false
[0134.54] DevOnline: WebRequest_X_39 SEND: https://datarouter.ol.epicgames.com/datarouter/api/v1/public/data?AppID=RocketLeague.Release&AppVersion=151471783&AppEnvironment=Prod&UploadType=eteventstream&UserID=|29102162b92948868b021454382b618a|||Steam|76561198026543789|0&SessionID=75234CE04FB8D5D715DEA99FB36121D0
[0134.84] DevOnline: WebRequest_X_39 RECV: 204 
[0137.63] DevOnline: Set rich presence to: InGame 1:1 [4:00 remaining] data: InGame 1:1 [4:00 remaining]
[0152.61] DevOnline: Set rich presence to: InGame 1:1 [3:45 remaining] data: InGame 1:1 [3:45 remaining]
[0167.60] DevOnline: Set rich presence to: InGame 1:1 [3:30 remaining] data: InGame 1:1 [3:30 remaining]
[0182.60] DevOnline: Set rich presence to: InGame 1:1 [3:15 remaining] data: InGame 1:1 [3:15 remaining]
[0194.54] DevOnline: WebRequest_X_40 SEND: https://datarouter.ol.epicgames.com/datarouter/api/v1/public/data?AppID=RocketLeague.Release&AppVersion=151471783&AppEnvironment=Prod&UploadType=eteventstream&UserID=|29102162b92948868b021454382b618a|||Steam|76561198026543789|0&SessionID=75234CE04FB8D5D715DEA99FB36121D0
[0194.84] DevOnline: WebRequest_X_40 RECV: 204 
[0197.62] DevOnline: Set rich presence to: InGame 1:1 [3:00 remaining] data: InGame 1:1 [3:00 remaining]
[0205.73] DevOnline: Set rich presence to: InGame 1:2 [2:52 remaining] data: InGame 1:2 [2:52 remaining]
[0209.28] EOSGameClips: EOSGameClips: Currently recording: false
[0223.29] DevOnline: Set rich presence to: InGame 1:3 [2:47 remaining] data: InGame 1:3 [2:47 remaining]
[0226.83] EOSGameClips: EOSGameClips: Currently recording: false
[0235.31] DevOnline: Set rich presence to: InGame 1:3 [2:45 remaining] data: InGame 1:3 [2:45 remaining]
[0235.80] DevOnline: Set rich presence to: InGame 2:3 [2:45 remaining] data: InGame 2:3 [2:45 remaining]
[0239.33] EOSGameClips: EOSGameClips: Currently recording: false
[0254.54] DevOnline: WebRequest_X_41 SEND: https://datarouter.ol.epicgames.com/datarouter/api/v1/public/data?AppID=RocketLeague.Release&AppVersion=151471783&AppEnvironment=Prod&UploadType=eteventstream&UserID=|29102162b92948868b021454382b618a|||Steam|76561198026543789|0&SessionID=75234CE04FB8D5D715DEA99FB36121D0
[0254.84] DevOnline: WebRequest_X_41 RECV: 204 
[0261.14] DevOnline: Set rich presence to: InGame 2:3 [2:30 remaining] data: InGame 2:3 [2:30 remaining]
[0276.16] DevOnline: Set rich presence to: InGame 2:3 [2:15 remaining] data: InGame 2:3 [2:15 remaining]
[0291.14] DevOnline: Set rich presence to: InGame 2:3 [2:00 remaining] data: InGame 2:3 [2:00 remaining]
[0303.90] DevOnline: Set rich presence to: InGame 3:3 [1:48 remaining] data: InGame 3:3 [1:48 remaining]
[0307.46] EOSGameClips: EOSGameClips: Currently recording: false
[0314.54] DevOnline: WebRequest_X_42 SEND: https://datarouter.ol.epicgames.com/datarouter/api/v1/public/data?AppID=RocketLeague.Release&AppVersion=151471783&AppEnvironment=Prod&UploadType=eteventstream&UserID=|29102162b92948868b021454382b618a|||Steam|76561198026543789|0&SessionID=75234CE04FB8D5D715DEA99FB36121D0
[0314.84] DevOnline: WebRequest_X_42 RECV: 204 
[0324.44] DevOnline: Set rich presence to: InGame 4:3 [1:46 remaining] data: InGame 4:3 [1:46 remaining]
[0327.99] EOSGameClips: EOSGameClips: Currently recording: false
[0339.38] DevOnline: Set rich presence to: InGame 4:3 [1:45 remaining] data: InGame 4:3 [1:45 remaining]
[0354.40] DevOnline: Set rich presence to: InGame 4:3 [1:30 remaining] data: InGame 4:3 [1:30 remaining]
[0369.38] DevOnline: Set rich presence to: InGame 4:3 [1:15 remaining] data: InGame 4:3 [1:15 remaining]
[0374.54] DevOnline: WebRequest_X_43 SEND: https://datarouter.ol.epicgames.com/datarouter/api/v1/public/data?AppID=RocketLeague.Release&AppVersion=151471783&AppEnvironment=Prod&UploadType=eteventstream&UserID=|29102162b92948868b021454382b618a|||Steam|76561198026543789|0&SessionID=75234CE04FB8D5D715DEA99FB36121D0
[0374.84] DevOnline: WebRequest_X_43 RECV: 204 
[0384.38] DevOnline: Set rich presence to: InGame 4:3 [1:00 remaining] data: InGame 4:3 [1:00 remaining]
[0393.76] DevOnline: Set rich presence to: InGame 4:4 [0:51 remaining] data: InGame 4:4 [0:51 remaining]
[0397.31] EOSGameClips: EOSGameClips: Currently recording: false
[0409.47] DevOnline: Set rich presence to: InGame 4:4 [0:45 remaining] data: InGame 4:4 [0:45 remaining]
[0424.47] DevOnline: Set rich presence to: InGame 4:4 [0:30 remaining] data: InGame 4:4 [0:30 remaining]
[0428.38] DevOnline: Set rich presence to: InGame 5:4 [0:27 remaining] data: InGame 5:4 [0:27 remaining]
[0431.94] EOSGameClips: EOSGameClips: Currently recording: false
[0434.54] DevOnline: WebRequest_X_44 SEND: https://datarouter.ol.epicgames.com/datarouter/api/v1/public/data?AppID=RocketLeague.Release&AppVersion=151471783&AppEnvironment=Prod&UploadType=eteventstream&UserID=|29102162b92948868b021454382b618a|||Steam|76561198026543789|0&SessionID=75234CE04FB8D5D715DEA99FB36121D0
[0434.85] DevOnline: WebRequest_X_44 RECV: 204 
[0457.61] DevOnline: Set rich presence to: InGame 5:4 [0:15 remaining] data: InGame 5:4 [0:15 remaining]
[0473.22] Party: Ranked Game Finished, Clear party member server
[0473.22] RankedReconnect: RankedReconnectSave_TA_0.ClearRankedReconnect()
[0473.46] Prime24121: StartSearch.PreferredRegions.Length 2
[0473.46] Matchmaking: OnlineGameMatchmaking_X_0 OnlineGameMatchmaking_X -> PingRegions
[0473.56] PsyNet: PsyNetServiceProvider_X_1 ExecuteService Complete, Service=Challenges/PlayerProgress 
[0473.57] DevOnline: PlayerDataStorage_WriteFile: Beginning to upload file. User=(29102162b92948868b021454382b618a) FileName=(RLSaveData)
[0473.62] PsyNet: PsyNetServiceProvider_X_1 ExecuteService Complete, Service=Challenges/PlayerProgress 
[0473.65] PsyNet: PsyNetServiceProvider_X_1 ExecuteService Complete, Service=Reward/RewardResult 
[0473.81] SplitScreen: Press Start ControllerId=0 Player=LocalPlayer_TA_0
[0474.06] ScriptLog: RegionPinger_X_1 PingRegions ("13.212.10.68:8750","18.166.73.215:8709","35.73.58.145:8751","15.206.68.103:8735","3.26.119.179:8736","15.185.240.47:8746","15.237.30.125:8895","18.168.46.186:8710","18.156.214.114:8798","34.244.206.228:8808","3.101.168.167:8797","13.50.42.162:8726","18.88.24.59:8738","44.234.185.80:8793","3.144.60.224:8741","44.197.161.127:8816","13.244.210.71:8715","15.228.115.193:8731")
[0474.36] Log: FSaveDataExportTask(0) wrote 4328808 bytes to memory
[0474.36] Log: SaveGameDataAsync game thread time: 31 ms
[0474.40] Log: Deleting old save file ..\..\TAGame\SaveData\DBE_Production\76561198026543789.save
[0474.40] Log: SaveDataExport(0): Finished - File:[..\..\TAGame\SaveData\DBE_Production\76561198026543789_2.save] Result:[1]
[0474.85] RankedReconnect: RankedReconnectSave_TA_0.ClearRankedReconnect()
[0474.85] NetComeGo: TcpipConnection_0 Control channel closed, reason=Disconnect command
[0474.86] DevNet: URL: Adding default option Name=Lock
[0474.86] DevNet: Browse: MENU_Main_p?closed?Name=Lock
[0474.86] Log: Failed; returning to Entry
[0474.91] Log: FSaveDataExportTask(0) wrote 4328808 bytes to memory
[0474.91] Log: SaveGameDataAsync game thread time: 30 ms
[0474.92] Log: LoadMap: MENU_Main_p?closed?Name=Lock
[0474.92] DevOnline: UnregisterRemoteTalker(0x0110000103F352AD) returned 0x00000000
[0474.92] DevOnline: Unknown remote talker specified to UnregisterRemoteTalker()
[0474.92] PsyNetStaticData: HandleCacheExpired
[0474.92] PsyNetStaticData: UpdateCacheTimerEnabled CacheTimer.bEnabled=(True)
[0474.92] DevOnline: Unknown remote talker specified to UnregisterRemoteTalker()
[0474.92] DevOnline: Unknown remote talker specified to UnregisterRemoteTalker()
[0474.92] DevOnline: Unknown remote talker specified to UnregisterRemoteTalker()
[0474.92] DevOnline: Unknown remote talker specified to UnregisterRemoteTalker()
[0474.92] DevOnline: Unknown remote talker specified to UnregisterRemoteTalker()
[0474.92] DevOnline: Unknown remote talker specified to UnregisterRemoteTalker()
[0474.93] DevOnline: PsyNet Flush Start TimeoutSeconds=0.250000
[0474.98] Log: Deleting old save file ..\..\TAGame\SaveData\DBE_Production\76561198026543789_1.save
[0474.98] Log: SaveDataExport(0): Finished - File:[..\..\TAGame\SaveData\DBE_Production\76561198026543789.save] Result:[1]
[0475.20] DevOnline: PsyNet Flush End
[0475.21] NetComeGo: Close TcpipConnection_0 13.212.10.68:7748 02/09/2025 01:43:08 'UNetConnection::CleanUp'
[0475.21] NetComeGo: TcpipConnection_0 Control channel null, Sending unstable close to 13.212.10.68:7748 on temporary Control channel.
[0475.21] Exit: TcpNetDriver_0 shut down
[0475.23] Log: Fully load package: ..\..\TAGame\CookedPCConsole\GameInfo_GFxMenu_SF.upk
[0475.24] Log: Fully load package: ..\..\TAGame\CookedPCConsole\GFxSounds_MainMenu_SF.upk
[0475.24] Log: Fully load package: ..\..\TAGame\CookedPCConsole\GFX_StartMenu_SF.upk
[0475.29] Log: Fully load package: ..\..\TAGame\CookedPCConsole\GFX_MainMenu_SF.upk
[0475.32] Log: Game class is 'GameInfo_GFxMenu_TA'
[0475.34] Log: Bringing World menu_main_p.TheWorld up for play (0) at 2025.09.02-01.43.08
[0475.34] Log: Flushing async loaders.
[0475.54] Log: Flushed async loaders.
[0475.55] DevOnline: UnregisterLocalTalker(0) returned 0x00000000
[0475.55] DevOnline: Successfully set the friend join URL: 
[0475.55] Log: Bringing up level for play took: 0.221469
[0475.63] DevOnline: Set rich presence to: Main Menu data: Menu
[0475.63] Log: ########### Finished loading level: 0.717660 seconds
[0475.64] DevOnline: WebRequest_X_45 SEND: https://config.psynet.gg/v2/Config/BattleCars/151471783/Prod/Steam/INT/
[0475.64] Log: Flushing async loaders.
[0475.80] Log: Flushed async loaders.
[0475.96] DevOnline: PlayerDataStorage_WriteFile: File transfer is already in progress. Aborting write for User=(29102162b92948868b021454382b618a) FileName=(RLSaveData)
[0475.96] ScriptWarning: ScriptWarning, Something went wrong uploading save data 29102162b92948868b021454382b618a RLSaveData
	EOSOnlineStorageUploader_TA Transient.SaveData_TA_1:EOSOnlineStorageUploader_TA_0
	Function TAGame.EOSOnlineStorageUploader_TA:UploadSaveData:07A8
Script call stack:
	Function TAGame.SaveData_TA:HandlePostMapChange
	Function TAGame.SaveData_TA:UploadSaveData
	Function TAGame.EOSOnlineStorageUploader_TA:UploadSaveData

[0475.96] Eula: RequiresAcceptance? EulaConfig?.bRequiresAcceptance=(True) GetUISave()?.Contains('bAcceptedOfflineEULA')=(True) Eula.SyncState=(LSS_Accepted)
[0475.96] AuthEpicVerbose: [GFx] Epic login changed. m_uiState:MainMenu bPromptParentalConsent:false bPromptToChoosePrimaryAccount:false bEpicSaveDataLoaded:false bPlatformLinked:false
[0475.96] FTEDev: Group Prime_MatchComplete Is not meant for users of type FTESave.LegacyGroupType=(LGT_LegacyUser)
[0475.96] FTEDev: Group Prime_MatchComplete Is not meant for users of type FTESave.LegacyGroupType=(LGT_LegacyUser)
[0476.13] Online: TryToPlayOnline ControllerID=(-1)
[0476.13] Log: Flushing async loaders.
[0476.13] Log: Flushed async loaders.
[0476.16] ThankYouMessage: Thank You message already shown to the player
[0476.17] Online: HandlePrivilegeCheckFinished PrivilegeCheck.bHasRestriction=(False)
[0476.17] Online: HandlePrivilegeCheck PrivilegeCheck.bHasRestriction=(False)
[0476.17] Vanity: All Vanity Queries Complete
[0476.31] Matchmaking: All Regions Pinged: ASM1 (0.0742),ASC1 (0.1074),JPN1 (0.1398),IND1 (0.1271),OCE1 (0.1634),ME1 (0.2156),EU9 (0.2287),EU7 (0.2265),EU5 (0.2298),EU3 (0.2424),USW1 (0.2513),EU1 (0.2819),USC1 (0.2741),USW3 (0.2599),USE3 (0.2863),USE1 (0.3010),SAF1 (0.4001),SAM1 (0.4351),JPN (1.0000),ASC (1.0000),ASM (1.0000),EU (1.0000),IND (1.0000),ME (1.0000),OCE (1.0000),SAF (1.0000),SAM (1.0000),USC (1.0000),USE (1.0000),USW (1.0000)
[0476.31] Log: FCacheExportTask(..\..\TAGame\Cache\RegionCache.cache) wrote 1713 bytes to memory
[0476.31] Matchmaking: OnlineGameMatchmaking_X_0 PingRegions -> Searching
[0476.31] Prime24121: HandleRegionsPinged.PreferredRegions.Length 2
[0476.31] Matchmaking: OnlineGameMatchmaking_X::RecordStart
[0476.31] Matchmaking: Pre-divide PartyLeaderMMR: 96.2440
[0476.31] Matchmaking: Post-divide PartyLeaderMMR: 48.1220
[0476.31] Matchmaking: PartyLeaderTier=(16)
[0476.31] Matchmaking: StartMatchmaking at 2025-09-01 20:13:09 in ASM1,IND1 for playlists 13,11 on game server 
[0476.31] Matchmaking: Creating RPC_StartMatchmaking_X
[0476.31] Matchmaking: PreferredRegions.Length=(2) PreferredPlaylists.Length=(2) Party.GetOrderedPartyMemberIDs().Length=(1)
[0476.31] Matchmaking: SecondsSearching=(2) CurrentServerID=() bDisableCrossplay=(False) bIgnoreSkill=(False)
[0476.41] DevOnline: WebRequest_X_45 RECV: 304 
[0476.62] Matchmaking: Matchmaking RPC succeeded.
[0476.62] Matchmaking: EstimatedQueueTime=(73.0000)
[0476.74] Online: TryToPlayOnline ControllerID=(-1)
[0476.76] Online: HandlePrivilegeCheckFinished PrivilegeCheck.bHasRestriction=(False)
[0476.76] Online: HandlePrivilegeCheck PrivilegeCheck.bHasRestriction=(False)
[0477.46] DevOnline: PlayerDataStorage_WriteFile: File upload complete. User=(29102162b92948868b021454382b618a) FileName=(RLSaveData) Success=(1)
[0477.65] Log: Flushing async loaders.
[0477.68] Log: Flushed async loaders.
[0478.43] DevOnline: EOSSDK-LogEOSIntegratedPlatform: FIntegratedSteamSanitizer: Sanitizer is implemented for this platform, but steam sanitizer not initialized. Falling back to generic sanitizer
[0478.43] DevOnline: EOSSDK-LogEOSIntegratedPlatform: FIntegratedSteamSanitizer: Sanitizer is implemented for this platform, but steam sanitizer not initialized. Falling back to generic sanitizer
[0479.25] DevOnline: EOSSDK-LogEOSIntegratedPlatform: FIntegratedSteamSanitizer: Sanitizer is implemented for this platform, but steam sanitizer not initialized. Falling back to generic sanitizer
[0479.93] DevOnline: EOSSDK-LogEOSRTC: TickTracker Tick is delayed. TimePeriod=[10.002798s]  TickIntervalThreshold=[0.100000s] MaxTickInterval=[0.165869s] MaxExecutionTime=[0.000070s] TicksCount=[1872] ExpectedTicksCount=[1000]
[0480.23] PsyNetBeaconDetail_X: PsyNetBeacon_X_0 ReserveConnection ReservationID=(ABF04DA0D70F4D59AA937C2C6DCE0E0D) ConnectionID=(eyJ0eXAiOiJKV1QiLCJhbGciOiJIUzUxMiJ9.eyJqdGkiOiIzODhjZGEzMzQwZGY0OWYxYTUyYzJlYmQ4YWQ2YjgzNiIsImlzcyI6IlBzeU5ldCIsInBsYXllcl9pZCI6IlN0ZWFtfDc2NTYxMTk4MDI2NTQzNzg5fDAiLCJzZXJ2ZXJfbmFtZSI6IkFTTTEtMEI5NEZENUI4MEVCOUVENTEtTWF3IiwiaWF0IjoxNzU2NzU3NTkzLCJuYmYiOjE3NTY3NTc1OTMsImV4cCI6MTc1Njc3MTk5M30.hNHfFFAd33KDrnvJdLPF71ctJU1Jsm9ilKds5SXYp4tkc5BoHE574hxAzo1PkI2lIdWF0NBLQYQ1EMd8DiHF-g)
[0480.23] PsyNetBeaconDetail_X: PsyNetBeacon_X_0 ClientHandleMessage Message.MessageType=(ClientReservationMessage_X) Message.ReservationID=(ABF04DA0D70F4D59AA937C2C6DCE0E0D)
[0480.23] CheckReservation: Received game server from notification (v3) Message.Reservation=((ServerName="ASM1-0B94FD5B80EB9ED51-Maw",Playlist=13,Region="ASM",ReservationID="ABF04DA0D70F4D59AA937C2C6DCE0E0D",DSRToken="eyJ0eXAiOiJKV1QiLCJhbGciOiJIUzUxMiJ9.eyJqdGkiOiIzODhjZGEzMzQwZGY0OWYxYTUyYzJlYmQ4YWQ2YjgzNiIsImlzcyI6IlBzeU5ldCIsInBsYXllcl9pZCI6IlN0ZWFtfDc2NTYxMTk4MDI2NTQzNzg5fDAiLCJzZXJ2ZXJfbmFtZSI6IkFTTTEtMEI5NEZENUI4MEVCOUVENTEtTWF3IiwiaWF0IjoxNzU2NzU3NTkzLCJuYmYiOjE3NTY3NTc1OTMsImV4cCI6MTc1Njc3MTk5M30.hNHfFFAd33KDrnvJdLPF71ctJU1Jsm9ilKds5SXYp4tkc5BoHE574hxAzo1PkI2lIdWF0NBLQYQ1EMd8DiHF-g",JoinName="KWC0JF0FAINVQGW7",JoinPassword="GY0Y8HG652RX4WME"))
[0480.23] JoinGame: StartJoin Reservation=((ServerName="ASM1-0B94FD5B80EB9ED51-Maw",Playlist=13,Region="ASM",ReservationID="ABF04DA0D70F4D59AA937C2C6DCE0E0D",DSRToken="eyJ0eXAiOiJKV1QiLCJhbGciOiJIUzUxMiJ9.eyJqdGkiOiIzODhjZGEzMzQwZGY0OWYxYTUyYzJlYmQ4YWQ2YjgzNiIsImlzcyI6IlBzeU5ldCIsInBsYXllcl9pZCI6IlN0ZWFtfDc2NTYxMTk4MDI2NTQzNzg5fDAiLCJzZXJ2ZXJfbmFtZSI6IkFTTTEtMEI5NEZENUI4MEVCOUVENTEtTWF3IiwiaWF0IjoxNzU2NzU3NTkzLCJuYmYiOjE3NTY3NTc1OTMsImV4cCI6MTc1Njc3MTk5M30.hNHfFFAd33KDrnvJdLPF71ctJU1Jsm9ilKds5SXYp4tkc5BoHE574hxAzo1PkI2lIdWF0NBLQYQ1EMd8DiHF-g",JoinName="KWC0JF0FAINVQGW7",JoinPassword="GY0Y8HG652RX4WME")) JoinSettings=((PlaylistId=13))
[0480.23] DevOnline: Successfully set the friend join URL: 
[0480.23] JoinGame: GotoJoinGameState OnlineGameJoinGame_TA -> VerifyPrivileges
[0480.23] Online: TryToPlayOnline ControllerID=(-1)
[0480.23] Matchmaking: OnlineGameMatchmaking_X_0 Searching -> Joining
[0480.23] Online: HandlePrivilegeCheckFinished PrivilegeCheck.bHasRestriction=(False)
[0480.23] JoinGame: GotoJoinGameState VerifyPrivileges -> ReservingServerForMatchmaking
[0480.23] PsyNetBeaconDetail_X: PsyNetBeacon_X_0 SendMessageToServer Message=(AddReservationMessagePublic_X_1)
[0480.23] PsyNet: PsyNetServiceProvider_X_1 ExecuteService Complete, Service=DSR/ClientMessage 
[0481.06] PsyNetBeaconDetail_X: PsyNetBeacon_X_0 ClientHandleMessage Message.MessageType=(ReservationsWaitingMessage_X) Message.ReservationID=(ABF04DA0D70F4D59AA937C2C6DCE0E0D)
[0481.06] JoinGame: Waiting for more players to add reservations
[0481.06] Party: HandleServerReserved (Reservation=(ServerName="ASM1-0B94FD5B80EB9ED51-Maw",Playlist=13,Region="ASM",ReservationID="ABF04DA0D70F4D59AA937C2C6DCE0E0D",DSRToken="eyJ0eXAiOiJKV1QiLCJhbGciOiJIUzUxMiJ9.eyJqdGkiOiIzODhjZGEzMzQwZGY0OWYxYTUyYzJlYmQ4YWQ2YjgzNiIsImlzcyI6IlBzeU5ldCIsInBsYXllcl9pZCI6IlN0ZWFtfDc2NTYxMTk4MDI2NTQzNzg5fDAiLCJzZXJ2ZXJfbmFtZSI6IkFTTTEtMEI5NEZENUI4MEVCOUVENTEtTWF3IiwiaWF0IjoxNzU2NzU3NTkzLCJuYmYiOjE3NTY3NTc1OTMsImV4cCI6MTc1Njc3MTk5M30.hNHfFFAd33KDrnvJdLPF71ctJU1Jsm9ilKds5SXYp4tkc5BoHE574hxAzo1PkI2lIdWF0NBLQYQ1EMd8DiHF-g",JoinName="KWC0JF0FAINVQGW7",JoinPassword="GY0Y8HG652RX4WME"),JoinCredentials="KWC0JF0FAINVQGW7:GY0Y8HG652RX4WME")
[0481.06] PsyNet: PsyNetServiceProvider_X_1 ExecuteService Complete, Service=DSR/ClientMessage 
[0482.11] PsyNetBeaconDetail_X: PsyNetBeacon_X_0 ClientHandleMessage Message.MessageType=(ReservationsReadyMessage_X) Message.ReservationID=(ABF04DA0D70F4D59AA937C2C6DCE0E0D)
[0482.11] DevNet: Add Network Encryption {PlayerID=Steam|76561198026543789|0 Key={Key=34F8E10ED513BF46A4669595D183B8917B51DE5255787183E6C497BA158176BC IV=A5DAEBC372E15F58FDC1D144F0A46C61 HMAC=19FB1C5730EE1ECBFE8AB272DC828CB7AD4F01EDE52C678AB8573DDBBF87F390 Session=E4508B8472D6043182CF092058F471B5}}
[0482.11] DevOnline: Successfully set the friend join URL: 
[0482.11] Party: HandleServerReserved (Reservation=(ServerName="ASM1-0B94FD5B80EB9ED51-Maw",Playlist=13,Region="ASM",ReservationID="ABF04DA0D70F4D59AA937C2C6DCE0E0D",DSRToken="eyJ0eXAiOiJKV1QiLCJhbGciOiJIUzUxMiJ9.eyJqdGkiOiIzODhjZGEzMzQwZGY0OWYxYTUyYzJlYmQ4YWQ2YjgzNiIsImlzcyI6IlBzeU5ldCIsInBsYXllcl9pZCI6IlN0ZWFtfDc2NTYxMTk4MDI2NTQzNzg5fDAiLCJzZXJ2ZXJfbmFtZSI6IkFTTTEtMEI5NEZENUI4MEVCOUVENTEtTWF3IiwiaWF0IjoxNzU2NzU3NTkzLCJuYmYiOjE3NTY3NTc1OTMsImV4cCI6MTc1Njc3MTk5M30.hNHfFFAd33KDrnvJdLPF71ctJU1Jsm9ilKds5SXYp4tkc5BoHE574hxAzo1PkI2lIdWF0NBLQYQ1EMd8DiHF-g",JoinName="KWC0JF0FAINVQGW7",JoinPassword="GY0Y8HG652RX4WME"),PingURL="13.212.10.68:8759",GameURL="13.212.10.68:7759",JoinCredentials="KWC0JF0FAINVQGW7:GY0Y8HG652RX4WME")
[0482.11] JoinGame: GotoJoinGameState ReservingServerForMatchmaking -> JoinCountdown
[0482.11] PsyNetBeaconDetail_X: PsyNetBeacon_X_0 SendMessageToServer Message=(PingMessage_X_2)
[0482.11] PsyNet: PsyNetServiceProvider_X_1 ExecuteService Complete, Service=DSR/ClientMessage 
[0482.68] PsyNetBeaconDetail_X: PsyNetBeacon_X_0 ClientHandleMessage Message.MessageType=(PingMessage_X) Message.ReservationID=(ABF04DA0D70F4D59AA937C2C6DCE0E0D)
[0482.69] PsyNet: PsyNetServiceProvider_X_1 ExecuteService Complete, Service=DSR/ClientMessage 
[0485.11] JoinGame: GotoJoinGameState JoinCountdown -> OpeningLoadingScreen
[0485.11] RankedReconnect: OnlineGameJoinGame_TA_0::OpeningLoadingScreen.BeginState()
[0485.11] RankedReconnect: LocalPlayer_TA_0.UpdateRankedReconnect() RankedStandard True 6 False
[0485.11] RankedReconnect: RankedReconnectSave_TA_0.SetRankedReconnect() Server=((Reservation=(ServerName="ASM1-0B94FD5B80EB9ED51-Maw",Playlist=13,Region="ASM",ReservationID="ABF04DA0D70F4D59AA937C2C6DCE0E0D",DSRToken="eyJ0eXAiOiJKV1QiLCJhbGciOiJIUzUxMiJ9.eyJqdGkiOiIzODhjZGEzMzQwZGY0OWYxYTUyYzJlYmQ4YWQ2YjgzNiIsImlzcyI6IlBzeU5ldCIsInBsYXllcl9pZCI6IlN0ZWFtfDc2NTYxMTk4MDI2NTQzNzg5fDAiLCJzZXJ2ZXJfbmFtZSI6IkFTTTEtMEI5NEZENUI4MEVCOUVENTEtTWF3IiwiaWF0IjoxNzU2NzU3NTkzLCJuYmYiOjE3NTY3NTc1OTMsImV4cCI6MTc1Njc3MTk5M30.hNHfFFAd33KDrnvJdLPF71ctJU1Jsm9ilKds5SXYp4tkc5BoHE574hxAzo1PkI2lIdWF0NBLQYQ1EMd8DiHF-g",JoinName="KWC0JF0FAINVQGW7",JoinPassword="GY0Y8HG652RX4WME"),PingURL="13.212.10.68:8759",GameURL="13.212.10.68:7759",JoinCredentials="KWC0JF0FAINVQGW7:GY0Y8HG652RX4WME")) EpochNow=(1756757599)
[0485.11] DevNet: Browse: JoinGameTransition?Name=Lock?game=TAGame.GameInfo_Transition_TA
[0485.17] Log: FSaveDataExportTask(0) wrote 4288644 bytes to memory
[0485.17] Log: SaveGameDataAsync game thread time: 31 ms
[0485.17] Log: LoadMap: JoinGameTransition?Name=Lock?game=TAGame.GameInfo_Transition_TA
[0485.20] DevOnline: PsyNet Flush Start TimeoutSeconds=0.250000
[0485.21] Log: Deleting old save file ..\..\TAGame\SaveData\DBE_Production\76561198026543789_2.save
[0485.21] Log: SaveDataExport(0): Finished - File:[..\..\TAGame\SaveData\DBE_Production\76561198026543789_1.save] Result:[1]
[0485.46] DevOnline: PsyNet Flush End
[0485.49] Log: Fully load package: ..\..\TAGame\CookedPCConsole\GameInfo_Transition_SF.upk
[0485.49] Log: Game class is 'GameInfo_Transition_TA'
[0485.49] Log: Bringing World JoinGameTransition.TheWorld up for play (0) at 2025.09.02-01.43.18
[0485.49] Log: Bringing up level for play took: 0.003045
[0485.49] JoinGame: GotoJoinGameState OpeningLoadingScreen -> JoiningNewServer
[0485.49] DevNet: SetProgress, MessageType=1, Title=, Message=Connecting...
[0485.49] Log: ########### Finished loading level: 0.319529 seconds
[0485.49] DevNet: Browse: 13.212.10.68:7759/MENU_Main_p?Name=Lock
[0485.49] DevNet: Game client on port 7759, rate 15000
[0485.49] NetComeGo: TcpipConnection_1 13.212.10.68:7759 using encryption {Key=34F8E10ED513BF46A4669595D183B8917B51DE5255787183E6C497BA158176BC IV=A5DAEBC372E15F58FDC1D144F0A46C61 HMAC=19FB1C5730EE1ECBFE8AB272DC828CB7AD4F01EDE52C678AB8573DDBBF87F390 Session=E4508B8472D6043182CF092058F471B5}
[0485.49] NetComeGo: SEND first packet Length=80 CRC=-1898371643
[0485.57] NetComeGo: TcpipConnection_1 RECV first packet IP=13.212.10.68:7759 Length=15 CRC=143834117 HandshakeStatus=0 bUseSessionUID=1 InSessionUID=(0 0 0) SessionUID=(0 0 0)
[0485.57] NetComeGo: Client set SessionUID to: 78 3 30
[0485.80] DevNet: Welcomed by server (Level: Wasteland_GRS_P, Game: TAGame.GameInfo_Soccar_TA, GameTags: )
[0485.84] Log: FSaveDataExportTask(0) wrote 4288644 bytes to memory
[0485.84] Log: SaveGameDataAsync game thread time: 30 ms
[0485.84] Log: Flushing async loaders.
[0485.84] Log: Flushed async loaders.
[0485.84] Log: LoadMap: 13.212.10.68:7759/Wasteland_GRS_P?Name=Lock?game=TAGame.GameInfo_Soccar_TA
[0485.86] DevOnline: PsyNet Flush Start TimeoutSeconds=0.250000
[0485.90] Log: Deleting old save file ..\..\TAGame\SaveData\DBE_Production\76561198026543789.save
[0485.90] Log: SaveDataExport(0): Finished - File:[..\..\TAGame\SaveData\DBE_Production\76561198026543789_2.save] Result:[1]
[0486.12] DevOnline: PsyNet Flush End
[0486.12] Log: Fully load package: ..\..\TAGame\CookedPCConsole\GameInfo_Soccar_SF.upk
[0486.17] Log: Fully load package: ..\..\TAGame\CookedPCConsole\GFxSounds_XP_SF.upk
[0486.18] Log: Fully load package: ..\..\TAGame\CookedPCConsole\GFx_XPProgressMenu_SF.upk
[0486.19] Log: Fully load package: ..\..\TAGame\CookedPCConsole\GFX_EndGameMenu_SF.upk
[0486.22] Log: Fully load package: ..\..\TAGame\CookedPCConsole\GFX_WinnerMenu_SF.upk
[0486.23] Log: Fully load package: ..\..\TAGame\CookedPCConsole\GFX_MidGameScoreboard_SF.upk
[0486.23] Log: Fully load package: ..\..\TAGame\CookedPCConsole\GFX_MidGameMenu_SF.upk
[0486.24] Log: Fully load package: ..\..\TAGame\CookedPCConsole\GFX_HudMatchInfo_SF.upk
[0486.26] Log: Fully load package: ..\..\TAGame\CookedPCConsole\GFX_Hud_SF.upk
[0486.50] Log: Octree Warning (AddPrimitive): StaticMeshActor_SMC_3 (Owner: Wasteland_GRS_P.TheWorld:PersistentLevel.MeshCollector1) Outside World.
[0486.56] Log: Bringing World Wasteland_GRS_P.TheWorld up for play (0) at 2025.09.02-01.43.19
[0486.56] Log: Bringing up level for play took: 0.056052
[0486.67] JoinGame: OnJoinGameComplete bSuccess=(True) FailReason=()
[0486.67] JoinGame: GotoJoinGameState JoiningNewServer -> None
[0486.67] PsyNetBeaconDetail_X: PsyNetBeacon_X_0 Close
[0486.67] PsyNetBeaconDetail_X: PsyNetBeacon_X_0 CloseConnection Connection.ConnectionID=(eyJ0eXAiOiJKV1QiLCJhbGciOiJIUzUxMiJ9.eyJqdGkiOiIzODhjZGEzMzQwZGY0OWYxYTUyYzJlYmQ4YWQ2YjgzNiIsImlzcyI6IlBzeU5ldCIsInBsYXllcl9pZCI6IlN0ZWFtfDc2NTYxMTk4MDI2NTQzNzg5fDAiLCJzZXJ2ZXJfbmFtZSI6IkFTTTEtMEI5NEZENUI4MEVCOUVENTEtTWF3IiwiaWF0IjoxNzU2NzU3NTkzLCJuYmYiOjE3NTY3NTc1OTMsImV4cCI6MTc1Njc3MTk5M30.hNHfFFAd33KDrnvJdLPF71ctJU1Jsm9ilKds5SXYp4tkc5BoHE574hxAzo1PkI2lIdWF0NBLQYQ1EMd8DiHF-g)
[0486.67] Matchmaking: OnlineGameMatchmaking_X_0 Joining -> None
[0486.70] Log: ########### Finished loading level: 0.856055 seconds
[0486.73] Log: FMaterialUniformExpressionTexture had invalid TextureIndex! (1/1)
[0486.97] ScriptLog: Client InputRate=60
[0486.97] DevNet: PlayerController_TA_4 setplayer LocalPlayer_TA_0
[0486.97] PsyNetStaticData: UpdateCacheTimerEnabled CacheTimer.bEnabled=(False)
[0486.97] MatchBroadcast: Init bBroadcastMatch=(False) MatchLog=(None)
[0486.97] ScriptLog: MatchGUID: 16D494AA11F08770039C4584EF58DF76
[0486.97] ScriptWarning: ScriptWarning, Accessed None 'GameEvent'
	GFxHUD_TA Wasteland_GRS_P.TheWorld:PersistentLevel.GFxHUD_TA_4
	Function TAGame.GFxHUD_TA:HandleGameDataSelected:02B4
Script call stack:
	Function ProjectX.GRI_X:ReplicatedEvent
	Function ProjectX.GRI_X:SetGameData
	Function TAGame.GFxHUD_TA:HandleGameDataSelected

[0486.97] DevOnline: Set rich presence to: Standard in Wasteland (Pitched) data: Playlist-13
[0487.06] ScriptLog: Uncached PlatformId for Epic|fccc4807d8bf45f5b8857fd6de1307ff|0
[0487.09] LTM: SettingsType=(CustomMatchSettingsType_PrivateMatch)
[0487.16] ScriptLog: Uncached PlatformId for Epic|9fa59bfe50a1408885ec0aca32a3b8d4|0
[0487.16] EOSVoice: AlertVoiceError: VoiceModerationEULANotAccepted
[0487.19] Vanity: All Vanity Queries Complete
[0487.72] ScriptLog: Uncached PlatformId for Epic|8d3847d64bdd40228ea642d746586be4|0
[0487.85] ScriptLog: Uncached PlatformId for Epic|43a56b1262dc44319fff4b095123d9ce|0
[0489.32] ScriptLog: Uncached PlatformId for Epic|84f7b4f7c7ba48e79719f239a56ab5e0|0
[0489.93] DevOnline: EOSSDK-LogEOSRTC: TickTracker Tick is delayed. TimePeriod=[10.001088s]  TickIntervalThreshold=[0.100000s] MaxTickInterval=[0.110776s] MaxExecutionTime=[0.000096s] TicksCount=[1629] ExpectedTicksCount=[1000]
[0495.43] DevOnline: WebRequest_X_46 SEND: https://datarouter.ol.epicgames.com/datarouter/api/v1/public/data?AppID=RocketLeague.Release&AppVersion=151471783&AppEnvironment=Prod&UploadType=eteventstream&UserID=|29102162b92948868b021454382b618a|||Steam|76561198026543789|0&SessionID=75234CE04FB8D5D715DEA99FB36121D0
[0495.74] DevOnline: WebRequest_X_46 RECV: 204 
[0499.79] DevOnline: Set rich presence to: InGame 0:0 [4:59 remaining] data: InGame 0:0 [4:59 remaining]
[0513.77] DevOnline: Set rich presence to: InGame 0:0 [4:45 remaining] data: InGame 0:0 [4:45 remaining]
[0514.74] DevOnline: Set rich presence to: InGame 0:1 [4:45 remaining] data: InGame 0:1 [4:45 remaining]
[0518.46] EOSGameClips: EOSGameClips: Currently recording: false
[0545.64] DevOnline: Set rich presence to: InGame 0:1 [4:30 remaining] data: InGame 0:1 [4:30 remaining]
[0555.43] DevOnline: WebRequest_X_47 SEND: https://datarouter.ol.epicgames.com/datarouter/api/v1/public/data?AppID=RocketLeague.Release&AppVersion=151471783&AppEnvironment=Prod&UploadType=eteventstream&UserID=|29102162b92948868b021454382b618a|||Steam|76561198026543789|0&SessionID=75234CE04FB8D5D715DEA99FB36121D0
[0555.74] DevOnline: WebRequest_X_47 RECV: 204 
[0560.63] DevOnline: Set rich presence to: InGame 0:1 [4:15 remaining] data: InGame 0:1 [4:15 remaining]
[0561.80] DevOnline: Set rich presence to: InGame 0:2 [4:14 remaining] data: InGame 0:2 [4:14 remaining]
[0565.54] EOSGameClips: EOSGameClips: Currently recording: false
[0595.28] DevOnline: Set rich presence to: InGame 0:2 [4:00 remaining] data: InGame 0:2 [4:00 remaining]
[0610.30] DevOnline: Set rich presence to: InGame 0:2 [3:45 remaining] data: InGame 0:2 [3:45 remaining]
[0615.43] DevOnline: WebRequest_X_48 SEND: https://datarouter.ol.epicgames.com/datarouter/api/v1/public/data?AppID=RocketLeague.Release&AppVersion=151471783&AppEnvironment=Prod&UploadType=eteventstream&UserID=|29102162b92948868b021454382b618a|||Steam|76561198026543789|0&SessionID=75234CE04FB8D5D715DEA99FB36121D0
[0615.74] DevOnline: WebRequest_X_48 RECV: 204 
[0625.29] DevOnline: Set rich presence to: InGame 0:2 [3:30 remaining] data: InGame 0:2 [3:30 remaining]
[0640.28] DevOnline: Set rich presence to: InGame 0:2 [3:15 remaining] data: InGame 0:2 [3:15 remaining]
[0655.35] DevOnline: Set rich presence to: InGame 0:2 [3:00 remaining] data: InGame 0:2 [3:00 remaining]
[0669.35] DevOnline: Set rich presence to: InGame 1:2 [2:46 remaining] data: InGame 1:2 [2:46 remaining]
[0673.08] EOSGameClips: EOSGameClips: Currently recording: false
[0675.43] DevOnline: WebRequest_X_49 SEND: https://datarouter.ol.epicgames.com/datarouter/api/v1/public/data?AppID=RocketLeague.Release&AppVersion=151471783&AppEnvironment=Prod&UploadType=eteventstream&UserID=|29102162b92948868b021454382b618a|||Steam|76561198026543789|0&SessionID=75234CE04FB8D5D715DEA99FB36121D0
[0675.74] DevOnline: WebRequest_X_49 RECV: 204 
[0689.15] DevOnline: Set rich presence to: InGame 1:2 [2:45 remaining] data: InGame 1:2 [2:45 remaining]
[0704.22] DevOnline: Set rich presence to: InGame 1:2 [2:30 remaining] data: InGame 1:2 [2:30 remaining]
[0719.16] DevOnline: Set rich presence to: InGame 1:2 [2:15 remaining] data: InGame 1:2 [2:15 remaining]
[0730.60] DevOnline: Set rich presence to: InGame 1:3 [2:04 remaining] data: InGame 1:3 [2:04 remaining]
[0734.26] EOSGameClips: EOSGameClips: Currently recording: false
[0735.43] DevOnline: WebRequest_X_50 SEND: https://datarouter.ol.epicgames.com/datarouter/api/v1/public/data?AppID=RocketLeague.Release&AppVersion=151471783&AppEnvironment=Prod&UploadType=eteventstream&UserID=|29102162b92948868b021454382b618a|||Steam|76561198026543789|0&SessionID=75234CE04FB8D5D715DEA99FB36121D0
[0735.74] DevOnline: WebRequest_X_50 RECV: 204 
[0753.77] DevOnline: Set rich presence to: InGame 1:3 [2:00 remaining] data: InGame 1:3 [2:00 remaining]
[0765.76] DevOnline: Set rich presence to: InGame 2:3 [1:48 remaining] data: InGame 2:3 [1:48 remaining]
[0769.46] EOSGameClips: EOSGameClips: Currently recording: false
[0788.19] DevOnline: Set rich presence to: InGame 2:3 [1:45 remaining] data: InGame 2:3 [1:45 remaining]
[0795.43] DevOnline: WebRequest_X_51 SEND: https://datarouter.ol.epicgames.com/datarouter/api/v1/public/data?AppID=RocketLeague.Release&AppVersion=151471783&AppEnvironment=Prod&UploadType=eteventstream&UserID=|29102162b92948868b021454382b618a|||Steam|76561198026543789|0&SessionID=75234CE04FB8D5D715DEA99FB36121D0
[0795.74] DevOnline: WebRequest_X_51 RECV: 204 
[0803.22] DevOnline: Set rich presence to: InGame 2:3 [1:30 remaining] data: InGame 2:3 [1:30 remaining]
[0818.21] DevOnline: Set rich presence to: InGame 2:3 [1:15 remaining] data: InGame 2:3 [1:15 remaining]
[0837.62] EOSGameClips: EOSGameClips: Currently recording: false
[0853.71] DevOnline: Set rich presence to: InGame 3:3 [0:59 remaining] data: InGame 3:3 [0:59 remaining]
[0855.43] DevOnline: WebRequest_X_52 SEND: https://datarouter.ol.epicgames.com/datarouter/api/v1/public/data?AppID=RocketLeague.Release&AppVersion=151471783&AppEnvironment=Prod&UploadType=eteventstream&UserID=|29102162b92948868b021454382b618a|||Steam|76561198026543789|0&SessionID=75234CE04FB8D5D715DEA99FB36121D0
[0855.74] DevOnline: WebRequest_X_52 RECV: 204 
[0867.69] DevOnline: Set rich presence to: InGame 3:3 [0:45 remaining] data: InGame 3:3 [0:45 remaining]
[0868.87] DevOnline: Set rich presence to: InGame 3:4 [0:44 remaining] data: InGame 3:4 [0:44 remaining]
[0872.41] EOSGameClips: EOSGameClips: Currently recording: false
[0901.88] DevOnline: Set rich presence to: InGame 3:4 [0:30 remaining] data: InGame 3:4 [0:30 remaining]
[0915.43] DevOnline: WebRequest_X_53 SEND: https://datarouter.ol.epicgames.com/datarouter/api/v1/public/data?AppID=RocketLeague.Release&AppVersion=151471783&AppEnvironment=Prod&UploadType=eteventstream&UserID=|29102162b92948868b021454382b618a|||Steam|76561198026543789|0&SessionID=75234CE04FB8D5D715DEA99FB36121D0
[0915.74] DevOnline: WebRequest_X_53 RECV: 204 
[0916.89] DevOnline: Set rich presence to: InGame 3:4 [0:15 remaining] data: InGame 3:4 [0:15 remaining]
[0933.71] Party: Ranked Game Finished, Clear party member server
[0933.71] RankedReconnect: RankedReconnectSave_TA_0.ClearRankedReconnect()
[0934.02] PsyNet: PsyNetServiceProvider_X_1 ExecuteService Complete, Service=Challenges/PlayerProgress 
[0934.04] PsyNet: PsyNetServiceProvider_X_1 ExecuteService Complete, Service=Reward/RewardResult 
[0934.64] Prime24121: StartSearch.PreferredRegions.Length 2
[0934.64] Matchmaking: OnlineGameMatchmaking_X_0 OnlineGameMatchmaking_X -> PingRegions
[0934.87] SplitScreen: Press Start ControllerId=0 Player=LocalPlayer_TA_0
[0935.11] Log: FSaveDataExportTask(0) wrote 4329170 bytes to memory
[0935.11] Log: SaveGameDataAsync game thread time: 31 ms
[0935.15] Log: Deleting old save file ..\..\TAGame\SaveData\DBE_Production\76561198026543789_1.save
[0935.15] Log: SaveDataExport(0): Finished - File:[..\..\TAGame\SaveData\DBE_Production\76561198026543789.save] Result:[1]
[0935.27] ScriptLog: RegionPinger_X_2 PingRegions ("13.212.10.68:8711","18.166.73.215:8706","35.79.101.33:8736","15.206.68.103:8708","3.26.119.179:8733","15.185.242.158:8737","15.237.31.102:8816","18.170.196.145:8706","18.157.37.69:8892","3.249.137.177:8804","3.101.189.136:8819","13.50.36.162:8744","18.88.16.104:8768","44.234.185.80:8715","3.148.48.128:8729","3.237.152.7:8816","13.244.191.50:8732","15.228.211.44:8724")
[0935.85] RankedReconnect: RankedReconnectSave_TA_0.ClearRankedReconnect()
[0935.85] NetComeGo: TcpipConnection_1 Control channel closed, reason=Disconnect command
[0935.85] DevNet: URL: Adding default option Name=Lock
[0935.85] DevNet: Browse: MENU_Main_p?closed?Name=Lock
[0935.85] Log: Failed; returning to Entry
[0935.91] Log: FSaveDataExportTask(0) wrote 4329170 bytes to memory
[0935.91] Log: SaveGameDataAsync game thread time: 31 ms
[0935.91] Log: LoadMap: MENU_Main_p?closed?Name=Lock
[0935.91] PsyNetStaticData: HandleCacheExpired
[0935.91] PsyNetStaticData: UpdateCacheTimerEnabled CacheTimer.bEnabled=(True)
[0935.91] DevOnline: UnregisterRemoteTalker(0x0110000103F352AD) returned 0x00000000
[0935.91] DevOnline: Unknown remote talker specified to UnregisterRemoteTalker()
[0935.91] DevOnline: Unknown remote talker specified to UnregisterRemoteTalker()
[0935.91] DevOnline: Unknown remote talker specified to UnregisterRemoteTalker()
[0935.91] DevOnline: Unknown remote talker specified to UnregisterRemoteTalker()
[0935.91] DevOnline: Unknown remote talker specified to UnregisterRemoteTalker()
[0935.91] DevOnline: Unknown remote talker specified to UnregisterRemoteTalker()
[0935.91] DevOnline: Unknown remote talker specified to UnregisterRemoteTalker()
[0935.91] DevOnline: Unknown remote talker specified to UnregisterRemoteTalker()
[0935.91] DevOnline: Unknown remote talker specified to UnregisterRemoteTalker()
[0935.91] DevOnline: Unknown remote talker specified to UnregisterRemoteTalker()
[0935.91] DevOnline: Unknown remote talker specified to UnregisterRemoteTalker()
[0935.93] DevOnline: PsyNet Flush Start TimeoutSeconds=0.250000
[0935.98] Log: Deleting old save file ..\..\TAGame\SaveData\DBE_Production\76561198026543789_2.save
[0935.98] Log: SaveDataExport(0): Finished - File:[..\..\TAGame\SaveData\DBE_Production\76561198026543789_1.save] Result:[1]
[0936.19] DevOnline: PsyNet Flush End
[0936.22] NetComeGo: Close TcpipConnection_1 13.212.10.68:7759 02/09/2025 01:50:49 'UNetConnection::CleanUp'
[0936.22] NetComeGo: TcpipConnection_1 Control channel null, Sending unstable close to 13.212.10.68:7759 on temporary Control channel.
[0936.22] Exit: TcpNetDriver_1 shut down
[0936.24] Log: Fully load package: ..\..\TAGame\CookedPCConsole\GameInfo_GFxMenu_SF.upk
[0936.25] Log: Fully load package: ..\..\TAGame\CookedPCConsole\GFxSounds_MainMenu_SF.upk
[0936.25] Log: Fully load package: ..\..\TAGame\CookedPCConsole\GFX_StartMenu_SF.upk
[0936.30] Log: Fully load package: ..\..\TAGame\CookedPCConsole\GFX_MainMenu_SF.upk
[0936.33] Log: Game class is 'GameInfo_GFxMenu_TA'
[0936.34] Log: Bringing World menu_main_p.TheWorld up for play (0) at 2025.09.02-01.50.49
[0936.34] Log: Flushing async loaders.
[0936.55] Log: Flushed async loaders.
[0936.56] DevOnline: UnregisterLocalTalker(0) returned 0x00000000
[0936.56] DevOnline: Successfully set the friend join URL: 
[0936.56] Log: Bringing up level for play took: 0.227047
[0936.66] DevOnline: Set rich presence to: Main Menu data: Menu
[0936.66] Log: ########### Finished loading level: 0.750426 seconds
[0936.67] DevOnline: WebRequest_X_54 SEND: https://config.psynet.gg/v2/Config/BattleCars/151471783/Prod/Steam/INT/
[0936.67] Log: Flushing async loaders.
[0936.84] Log: Flushed async loaders.
[0937.01] Eula: RequiresAcceptance? EulaConfig?.bRequiresAcceptance=(True) GetUISave()?.Contains('bAcceptedOfflineEULA')=(True) Eula.SyncState=(LSS_Accepted)
[0937.01] AuthEpicVerbose: [GFx] Epic login changed. m_uiState:MainMenu bPromptParentalConsent:false bPromptToChoosePrimaryAccount:false bEpicSaveDataLoaded:false bPlatformLinked:false
[0937.01] FTEDev: Group Prime_MatchComplete Is not meant for users of type FTESave.LegacyGroupType=(LGT_LegacyUser)
[0937.02] FTEDev: Group Prime_MatchComplete Is not meant for users of type FTESave.LegacyGroupType=(LGT_LegacyUser)
[0937.18] DevOnline: PlayerDataStorage_WriteFile: Beginning to upload file. User=(29102162b92948868b021454382b618a) FileName=(RLSaveData)
[0937.18] Online: TryToPlayOnline ControllerID=(-1)
[0937.18] Log: Flushing async loaders.
[0937.18] Log: Flushed async loaders.
[0937.21] ThankYouMessage: Thank You message already shown to the player
[0937.22] Online: HandlePrivilegeCheckFinished PrivilegeCheck.bHasRestriction=(False)
[0937.22] Online: HandlePrivilegeCheck PrivilegeCheck.bHasRestriction=(False)
[0937.23] Vanity: All Vanity Queries Complete
[0937.47] DevOnline: WebRequest_X_54 RECV: 304 
[0937.82] Matchmaking: All Regions Pinged: ASM1 (0.0712),ASC1 (0.1052),JPN1 (0.1333),IND1 (0.1333),OCE1 (0.1619),ME1 (0.2238),EU9 (0.2591),EU7 (0.2255),EU5 (0.2460),EU3 (0.2325),USW1 (0.2722),EU1 (0.2501),USC1 (0.2908),USW3 (0.2485),USE3 (0.3086),USE1 (0.3042),SAF1 (0.3726),SAM1 (0.4357),JPN (1.0000),ASC (1.0000),ASM (1.0000),EU (1.0000),IND (1.0000),ME (1.0000),OCE (1.0000),SAF (1.0000),SAM (1.0000),USC (1.0000),USE (1.0000),USW (1.0000)
[0937.82] Log: FCacheExportTask(..\..\TAGame\Cache\RegionCache.cache) wrote 1713 bytes to memory
[0937.82] Matchmaking: OnlineGameMatchmaking_X_0 PingRegions -> Searching
[0937.82] Prime24121: HandleRegionsPinged.PreferredRegions.Length 2
[0937.82] Matchmaking: OnlineGameMatchmaking_X::RecordStart
[0937.82] Matchmaking: Pre-divide PartyLeaderMMR: 95.6935
[0937.82] Matchmaking: Post-divide PartyLeaderMMR: 47.8467
[0937.82] Matchmaking: PartyLeaderTier=(16)
[0937.82] Matchmaking: StartMatchmaking at 2025-09-01 20:20:51 in ASM1,IND1 for playlists 13,11 on game server 
[0937.82] Matchmaking: Creating RPC_StartMatchmaking_X
[0937.82] Matchmaking: PreferredRegions.Length=(2) PreferredPlaylists.Length=(2) Party.GetOrderedPartyMemberIDs().Length=(1)
[0937.82] Matchmaking: SecondsSearching=(3) CurrentServerID=() bDisableCrossplay=(False) bIgnoreSkill=(False)
[0938.11] Matchmaking: Matchmaking RPC succeeded.
[0938.11] Matchmaking: EstimatedQueueTime=(4.0000)
[0938.14] Online: TryToPlayOnline ControllerID=(-1)
[0938.15] Online: HandlePrivilegeCheckFinished PrivilegeCheck.bHasRestriction=(False)
[0938.15] Online: HandlePrivilegeCheck PrivilegeCheck.bHasRestriction=(False)
[0938.20] ScriptWarning: ScriptWarning, Assertion failed, line 210
	PostMatchCelebrationPreviewer_TA Transient.PostMatchCelebrationPreviewer_TA_2
	Function TAGame.PostMatchCelebrationPreviewer_TA:SetPreviewBaseLoadout:00A2
Script call stack:
	Function TAGame.GFxData_MainMenu_TA:SetPreviewBaseLoadout
	Function TAGame.PostMatchCelebrationPreviewer_TA:SetPreviewBaseLoadout

[0938.21] ScriptWarning: ScriptWarning, Assertion failed, line 210
	PostMatchCelebrationPreviewer_TA Transient.PostMatchCelebrationPreviewer_TA_2
	Function TAGame.PostMatchCelebrationPreviewer_TA:SetPreviewBaseLoadout:00A2
Script call stack:
	Function TAGame.GFxData_MainMenu_TA:SetPreviewBaseLoadout
	Function TAGame.PostMatchCelebrationPreviewer_TA:SetPreviewBaseLoadout

[0938.22] ScriptWarning: ScriptWarning, Assertion failed, line 210
	PostMatchCelebrationPreviewer_TA Transient.PostMatchCelebrationPreviewer_TA_2
	Function TAGame.PostMatchCelebrationPreviewer_TA:SetPreviewBaseLoadout:00A2
Script call stack:
	Function TAGame.GFxData_MainMenu_TA:SetPreviewBaseLoadout
	Function TAGame.PostMatchCelebrationPreviewer_TA:SetPreviewBaseLoadout

[0938.61] ThankYouMessage: Thank You message already shown to the player
[0938.61] ScriptWarning: ScriptWarning, Assertion failed, line 210
	PostMatchCelebrationPreviewer_TA Transient.PostMatchCelebrationPreviewer_TA_2
	Function TAGame.PostMatchCelebrationPreviewer_TA:SetPreviewBaseLoadout:00A2
Script call stack:
	Function TAGame.GFxData_MainMenu_TA:SetPreviewBaseLoadout
	Function TAGame.PostMatchCelebrationPreviewer_TA:SetPreviewBaseLoadout

[0938.67] Log: Flushing async loaders.
[0938.72] Log: Flushed async loaders.
[0939.04] Online: TryToPlayOnline ControllerID=(-1)
[0939.05] Online: HandlePrivilegeCheckFinished PrivilegeCheck.bHasRestriction=(False)
[0939.05] Online: HandlePrivilegeCheck PrivilegeCheck.bHasRestriction=(False)
[0940.03] DevOnline: EOSSDK-LogEOSRTC: TickTracker Tick is delayed. TimePeriod=[10.000877s]  TickIntervalThreshold=[0.100000s] MaxTickInterval=[0.164988s] MaxExecutionTime=[0.000028s] TicksCount=[1774] ExpectedTicksCount=[1000]
[0942.57] DevOnline: PlayerDataStorage_WriteFile: File upload complete. User=(29102162b92948868b021454382b618a) FileName=(RLSaveData) Success=(1)
[0945.49] PsyNet: PsyNetServiceProvider_X_1 ExecuteService Complete, Service=Challenges/PlayerProgress 
[0945.50] PsyNet: PsyNetServiceProvider_X_1 ExecuteService Complete, Service=Reward/RewardResult 
[0945.50] ScriptLog: GetDLCProducts, UnlockedDLCList=SuperSonic,Revenge,Wasteland,body_charged
[0945.51] PsyNet: PsyNetServiceProvider_X_1 ExecuteService Complete, Service=Challenges/PlayerProgress 
[0946.39] Log: FSaveDataExportTask(0) wrote 4329633 bytes to memory
[0946.39] Log: SaveGameDataAsync game thread time: 30 ms
[0946.43] Log: Deleting old save file ..\..\TAGame\SaveData\DBE_Production\76561198026543789.save
[0946.43] Log: SaveDataExport(0): Finished - File:[..\..\TAGame\SaveData\DBE_Production\76561198026543789_2.save] Result:[1]
[0947.06] ThankYouMessage: Thank You message already shown to the player
[0949.88] Online: TryToUseUGC ControllerID=(-1)
[0949.88] Online: HandlePrivilegeCheckFinished PrivilegeCheck.bHasRestriction=(False)
[0949.88] Online: HandlePrivilegeCheck PrivilegeCheck.bHasRestriction=(False)
[0949.92] Online: TryToPlayOnlineAndUseUGC ControllerID=(-1)
[0949.93] Online: HandlePrivilegeCheckFinished PrivilegeCheck.bHasRestriction=(False)
[0949.93] Online: HandlePrivilegeCheck PrivilegeCheck.bHasRestriction=(False)
[0950.08] Online: TryToPlayOnlineAndUseUGC ControllerID=(-1)
[0950.08] Online: HandlePrivilegeCheckFinished PrivilegeCheck.bHasRestriction=(False)
[0950.08] Online: HandlePrivilegeCheck PrivilegeCheck.bHasRestriction=(False)
[0950.15] Vanity: All Vanity Queries Complete
[0950.25] Log: FUniqueNetId::FromString - could not parse ''
[0950.25] Log: FUniqueNetId::FromString - could not parse ''
[0950.25] Log: FUniqueNetId::FromString - could not parse ''
[0950.25] Log: FUniqueNetId::FromString - could not parse ''
[0950.25] Log: FUniqueNetId::FromString - could not parse ''
[0950.25] Log: FUniqueNetId::FromString - could not parse ''
[0950.25] Log: FUniqueNetId::FromString - could not parse ''
[0950.34] Vanity: All Vanity Queries Complete
[0950.47] DevNet: URL: Adding default option Name=Lock
[0950.47] DevNet: URL: Adding default option Name=Lock
[0950.47] DevNet: Browse: beach_night_p?Game=TAGame.GameInfo_TrainingEditor_TA?Offline?LoadSave=Downloaded\Temp(1)?Playtest?Name=Lock
[0950.53] Log: FSaveDataExportTask(0) wrote 4329630 bytes to memory
[0950.53] Log: SaveGameDataAsync game thread time: 30 ms
[0950.53] Log: Flushing async loaders.
[0950.53] Log: Flushed async loaders.
[0950.53] Log: LoadMap: beach_night_p?Game=TAGame.GameInfo_TrainingEditor_TA?Offline?LoadSave=Downloaded\Temp(1)?Playtest?Name=Lock
[0950.56] DevOnline: PsyNet Flush Start TimeoutSeconds=0.250000
[0950.60] Log: Deleting old save file ..\..\TAGame\SaveData\DBE_Production\76561198026543789_1.save
[0950.60] Log: SaveDataExport(0): Finished - File:[..\..\TAGame\SaveData\DBE_Production\76561198026543789.save] Result:[1]
[0950.83] DevOnline: PsyNet Flush End
[0950.91] Log: Fully load package: ..\..\TAGame\CookedPCConsole\GameInfo_TrainingEditor_SF.upk
[0950.96] Log: Fully load package: ..\..\TAGame\CookedPCConsole\GFxSounds_XP_SF.upk
[0950.97] Log: Fully load package: ..\..\TAGame\CookedPCConsole\GFx_XPProgressMenu_SF.upk
[0950.98] Log: Fully load package: ..\..\TAGame\CookedPCConsole\GFX_EndGameMenu_SF.upk
[0951.00] Log: Fully load package: ..\..\TAGame\CookedPCConsole\GFX_WinnerMenu_SF.upk
[0951.01] Log: Fully load package: ..\..\TAGame\CookedPCConsole\GFX_MidGameScoreboard_SF.upk
[0951.02] Log: Fully load package: ..\..\TAGame\CookedPCConsole\GFX_MidGameMenu_SF.upk
[0951.03] Log: Fully load package: ..\..\TAGame\CookedPCConsole\GFX_HudMatchInfo_SF.upk
[0951.05] Log: Fully load package: ..\..\TAGame\CookedPCConsole\GFX_Hud_SF.upk
[0951.07] Log: Game class is 'GameInfo_TrainingEditor_TA'
[0951.07] Log: Octree Warning (AddPrimitive): StaticMeshActor_SMC_33 (Owner: beach_night_p.TheWorld:PersistentLevel.MeshCollector0) Outside World.
[0951.07] Log: Octree Warning (AddPrimitive): StaticMeshActor_SMC_722 (Owner: beach_night_p.TheWorld:PersistentLevel.MeshCollector0) Outside World.
[0951.07] Warning: Warning, Material Body_Bush.grey missing bUsedWithStaticLighting=True!
[0951.07] Warning: Warning, Material Body_Bush.grey missing bUsedWithStaticLighting=True!
[0951.07] Warning: Warning, Material Body_Bush.grey missing bUsedWithStaticLighting=True!
[0951.07] Warning: Warning, Material Body_Bush.grey missing bUsedWithStaticLighting=True!
[0951.07] Warning: Warning, Material Body_Bush.grey missing bUsedWithStaticLighting=True!
[0951.07] Warning: Warning, Material Body_Bush.grey missing bUsedWithStaticLighting=True!
[0951.07] Warning: Warning, Material Body_Bush.grey missing bUsedWithStaticLighting=True!
[0951.07] Warning: Warning, Material Body_Bush.grey missing bUsedWithStaticLighting=True!
[0951.07] Warning: Warning, Material Body_Bush.grey missing bUsedWithStaticLighting=True!
[0951.07] Warning: Warning, Material Body_Bush.grey missing bUsedWithStaticLighting=True!
[0951.07] Warning: Warning, Material Body_Bush.grey missing bUsedWithStaticLighting=True!
[0951.07] Warning: Warning, Material Body_Bush.grey missing bUsedWithStaticLighting=True!
[0951.07] Warning: Warning, Material Body_Bush.grey missing bUsedWithStaticLighting=True!
[0951.07] Warning: Warning, Material Body_Bush.grey missing bUsedWithStaticLighting=True!
[0951.07] Warning: Warning, Material Body_Bush.grey missing bUsedWithStaticLighting=True!
[0951.07] Warning: Warning, Material Body_Bush.grey missing bUsedWithStaticLighting=True!
[0951.07] Warning: Warning, Material Body_Bush.grey missing bUsedWithStaticLighting=True!
[0951.10] Log: Bringing World beach_night_p.TheWorld up for play (0) at 2025.09.02-01.51.04
[0951.10] Log: Flushing async loaders.
[0951.44] Log: Flushed async loaders.
[0951.44] Warning: Warning, Material Body_Bush.grey missing bUsedWithStaticLighting=True!
[0951.44] Warning: Warning, Material Body_Bush.grey missing bUsedWithStaticLighting=True!
[0951.44] Warning: Warning, Material Body_Bush.grey missing bUsedWithStaticLighting=True!
[0951.44] Warning: Warning, Material Body_Bush.grey missing bUsedWithStaticLighting=True!
[0951.44] Warning: Warning, Material Body_Bush.grey missing bUsedWithStaticLighting=True!
[0951.44] MatchBroadcast: Init bBroadcastMatch=(False) MatchLog=(None)
[0951.44] ScriptLog: MatchTypeClass=(MatchType_Tutorial_TA)
[0951.50] LTM: SettingsType=(CustomMatchSettingsType_PrivateMatch)
[0951.50] LTM: SettingsType=(CustomMatchSettingsType_PrivateMatch) InSettingsType=(CustomMatchSettingsType_LocalMatch)
[0951.50] Log: Bringing up level for play took: 0.428270
[0951.51] ScriptWarning: ScriptWarning, Accessed None 'GameEvent'
	GFxHUD_TA beach_night_p.TheWorld:PersistentLevel.GFxHUD_TA_5
	Function TAGame.GFxHUD_TA:HandleGameDataSelected:02B4
Script call stack:
	Function TAGame.PlayerController_TA:ReceivedPlayer
	Function TAGame.PlayerControllerBase_TA:ReceivedPlayer
	Function ProjectX.PlayerController_X:ReceivedPlayer
	Function ProjectX.PlayerController_X:SpawnDefaultHUD
	Function Engine.PlayerController:SetHUD
	Function TAGame.GFxHUD_TA:Init
	Function TAGame.GFxHUD_TA:InitGFx
	Function TAGame.GFxHUD_TA:HandleGRIReplicated
	Function TAGame.GFxHUD_TA:HandleGameDataSelected

[0951.59] DevOnline: Set rich presence to: In Training data: Tutorial
[0951.59] Log: ########### Finished loading level: 1.053517 seconds
[0951.60] DevOnline: Set rich presence to: In BakkesMod custom training data: In BakkesMod custom training
[0951.60] EOSVoice: Not requesting voice token, no MatchGUID
[0951.81] Vanity: All Vanity Queries Complete
[0957.64] DevOnline: Set rich presence to: In BakkesMod custom training data: In BakkesMod custom training
[0960.03] DevOnline: EOSSDK-LogEOSRTC: TickTracker Tick is delayed. TimePeriod=[10.002936s]  TickIntervalThreshold=[0.100000s] MaxTickInterval=[0.172369s] MaxExecutionTime=[0.000111s] TicksCount=[1916] ExpectedTicksCount=[1000]
[0963.78] DevOnline: Set rich presence to: In BakkesMod custom training data: In BakkesMod custom training
[0970.68] DevOnline: Set rich presence to: In BakkesMod custom training data: In BakkesMod custom training
[0976.57] DevOnline: WebRequest_X_55 SEND: https://datarouter.ol.epicgames.com/datarouter/api/v1/public/data?AppID=RocketLeague.Release&AppVersion=151471783&AppEnvironment=Prod&UploadType=eteventstream&UserID=|29102162b92948868b021454382b618a|||Steam|76561198026543789|0&SessionID=75234CE04FB8D5D715DEA99FB36121D0
[0976.88] DevOnline: WebRequest_X_55 RECV: 204 
[0977.42] DevOnline: Set rich presence to: In BakkesMod custom training data: In BakkesMod custom training
[0979.56] DevOnline: Set rich presence to: In BakkesMod custom training data: In BakkesMod custom training
[0985.60] DevOnline: Set rich presence to: In BakkesMod custom training data: In BakkesMod custom training
[0991.93] DevOnline: Set rich presence to: In BakkesMod custom training data: In BakkesMod custom training
[0998.57] DevOnline: Set rich presence to: In BakkesMod custom training data: In BakkesMod custom training
[1000.70] DevOnline: Set rich presence to: In BakkesMod custom training data: In BakkesMod custom training
[1005.37] DevOnline: Set rich presence to: In BakkesMod custom training data: In BakkesMod custom training
[1012.08] DevOnline: Set rich presence to: In BakkesMod custom training data: In BakkesMod custom training
[1020.54] DevOnline: Set rich presence to: In BakkesMod custom training data: In BakkesMod custom training
[1026.94] DevOnline: Set rich presence to: In BakkesMod custom training data: In BakkesMod custom training
[1032.77] DevOnline: Set rich presence to: In BakkesMod custom training data: In BakkesMod custom training
[1036.57] DevOnline: WebRequest_X_56 SEND: https://datarouter.ol.epicgames.com/datarouter/api/v1/public/data?AppID=RocketLeague.Release&AppVersion=151471783&AppEnvironment=Prod&UploadType=eteventstream&UserID=|29102162b92948868b021454382b618a|||Steam|76561198026543789|0&SessionID=75234CE04FB8D5D715DEA99FB36121D0
[1036.88] DevOnline: WebRequest_X_56 RECV: 204 
[1038.85] DevOnline: Set rich presence to: In BakkesMod custom training data: In BakkesMod custom training
[1049.05] DevOnline: Set rich presence to: In BakkesMod custom training data: In BakkesMod custom training
[1055.15] DevOnline: Set rich presence to: In BakkesMod custom training data: In BakkesMod custom training
[1061.81] DevOnline: Set rich presence to: In BakkesMod custom training data: In BakkesMod custom training
[1072.55] DevOnline: Set rich presence to: In BakkesMod custom training data: In BakkesMod custom training
[1078.83] DevOnline: Set rich presence to: In BakkesMod custom training data: In BakkesMod custom training
[1085.17] DevOnline: Set rich presence to: In BakkesMod custom training data: In BakkesMod custom training
[1085.80] PsyNetBeaconDetail_X: PsyNetBeacon_X_0 ReserveConnection ReservationID=(5F6126FD556D4FC5B4673345E26AA149) ConnectionID=(eyJ0eXAiOiJKV1QiLCJhbGciOiJIUzUxMiJ9.eyJqdGkiOiJjNjE4ZDI5MTRlMGE0NGIxODg4ODQyZmFiYzRlZTc4OCIsImlzcyI6IlBzeU5ldCIsInBsYXllcl9pZCI6IlN0ZWFtfDc2NTYxMTk4MDI2NTQzNzg5fDAiLCJzZXJ2ZXJfbmFtZSI6IklORDEtMDdERUE5N0E2MzJERDhENUMtQXVyb3JhIiwiaWF0IjoxNzU2NzU4MTk5LCJuYmYiOjE3NTY3NTgxOTksImV4cCI6MTc1Njc3MjU5OX0.Du6gNSeAEPsX9w9Ae8CM5vYgFncqsrMAuqh_HIB1QhE0Ea1sDuxXlAgJPxKYNgWDWoGonOE7V68tlJ4oxDsMXQ)
[1085.80] PsyNetBeaconDetail_X: PsyNetBeacon_X_0 ClientHandleMessage Message.MessageType=(ClientReservationMessage_X) Message.ReservationID=(5F6126FD556D4FC5B4673345E26AA149)
[1085.80] CheckReservation: Received game server from notification (v3) Message.Reservation=((ServerName="IND1-07DEA97A632DD8D5C-Aurora",Playlist=11,Region="IND",ReservationID="5F6126FD556D4FC5B4673345E26AA149",DSRToken="eyJ0eXAiOiJKV1QiLCJhbGciOiJIUzUxMiJ9.eyJqdGkiOiJjNjE4ZDI5MTRlMGE0NGIxODg4ODQyZmFiYzRlZTc4OCIsImlzcyI6IlBzeU5ldCIsInBsYXllcl9pZCI6IlN0ZWFtfDc2NTYxMTk4MDI2NTQzNzg5fDAiLCJzZXJ2ZXJfbmFtZSI6IklORDEtMDdERUE5N0E2MzJERDhENUMtQXVyb3JhIiwiaWF0IjoxNzU2NzU4MTk5LCJuYmYiOjE3NTY3NTgxOTksImV4cCI6MTc1Njc3MjU5OX0.Du6gNSeAEPsX9w9Ae8CM5vYgFncqsrMAuqh_HIB1QhE0Ea1sDuxXlAgJPxKYNgWDWoGonOE7V68tlJ4oxDsMXQ",JoinName="0E9F90RL0TY02CBE",JoinPassword="LFSMOHWGNWME2L5S"))
[1085.80] JoinGame: StartJoin Reservation=((ServerName="IND1-07DEA97A632DD8D5C-Aurora",Playlist=11,Region="IND",ReservationID="5F6126FD556D4FC5B4673345E26AA149",DSRToken="eyJ0eXAiOiJKV1QiLCJhbGciOiJIUzUxMiJ9.eyJqdGkiOiJjNjE4ZDI5MTRlMGE0NGIxODg4ODQyZmFiYzRlZTc4OCIsImlzcyI6IlBzeU5ldCIsInBsYXllcl9pZCI6IlN0ZWFtfDc2NTYxMTk4MDI2NTQzNzg5fDAiLCJzZXJ2ZXJfbmFtZSI6IklORDEtMDdERUE5N0E2MzJERDhENUMtQXVyb3JhIiwiaWF0IjoxNzU2NzU4MTk5LCJuYmYiOjE3NTY3NTgxOTksImV4cCI6MTc1Njc3MjU5OX0.Du6gNSeAEPsX9w9Ae8CM5vYgFncqsrMAuqh_HIB1QhE0Ea1sDuxXlAgJPxKYNgWDWoGonOE7V68tlJ4oxDsMXQ",JoinName="0E9F90RL0TY02CBE",JoinPassword="LFSMOHWGNWME2L5S")) JoinSettings=((PlaylistId=11))
[1085.80] DevOnline: Successfully set the friend join URL: 
[1085.80] JoinGame: GotoJoinGameState OnlineGameJoinGame_TA -> VerifyPrivileges
[1085.80] Online: TryToPlayOnline ControllerID=(-1)
[1085.80] Matchmaking: OnlineGameMatchmaking_X_0 Searching -> Joining
[1085.80] Online: HandlePrivilegeCheckFinished PrivilegeCheck.bHasRestriction=(False)
[1085.80] JoinGame: GotoJoinGameState VerifyPrivileges -> ReservingServerForMatchmaking
[1085.80] PsyNetBeaconDetail_X: PsyNetBeacon_X_0 SendMessageToServer Message=(AddReservationMessagePublic_X_2)
[1085.80] PsyNet: PsyNetServiceProvider_X_1 ExecuteService Complete, Service=DSR/ClientMessage 
[1086.68] PsyNetBeaconDetail_X: PsyNetBeacon_X_0 ClientHandleMessage Message.MessageType=(ReservationsWaitingMessage_X) Message.ReservationID=(5F6126FD556D4FC5B4673345E26AA149)
[1086.68] JoinGame: Waiting for more players to add reservations
[1086.68] Party: HandleServerReserved (Reservation=(ServerName="IND1-07DEA97A632DD8D5C-Aurora",Playlist=11,Region="IND",ReservationID="5F6126FD556D4FC5B4673345E26AA149",DSRToken="eyJ0eXAiOiJKV1QiLCJhbGciOiJIUzUxMiJ9.eyJqdGkiOiJjNjE4ZDI5MTRlMGE0NGIxODg4ODQyZmFiYzRlZTc4OCIsImlzcyI6IlBzeU5ldCIsInBsYXllcl9pZCI6IlN0ZWFtfDc2NTYxMTk4MDI2NTQzNzg5fDAiLCJzZXJ2ZXJfbmFtZSI6IklORDEtMDdERUE5N0E2MzJERDhENUMtQXVyb3JhIiwiaWF0IjoxNzU2NzU4MTk5LCJuYmYiOjE3NTY3NTgxOTksImV4cCI6MTc1Njc3MjU5OX0.Du6gNSeAEPsX9w9Ae8CM5vYgFncqsrMAuqh_HIB1QhE0Ea1sDuxXlAgJPxKYNgWDWoGonOE7V68tlJ4oxDsMXQ",JoinName="0E9F90RL0TY02CBE",JoinPassword="LFSMOHWGNWME2L5S"),JoinCredentials="0E9F90RL0TY02CBE:LFSMOHWGNWME2L5S")
[1086.68] PsyNet: PsyNetServiceProvider_X_1 ExecuteService Complete, Service=DSR/ClientMessage 
[1087.70] PsyNetBeaconDetail_X: PsyNetBeacon_X_0 ClientHandleMessage Message.MessageType=(ReservationsReadyMessage_X) Message.ReservationID=(5F6126FD556D4FC5B4673345E26AA149)
[1087.70] DevNet: Add Network Encryption {PlayerID=Steam|76561198026543789|0 Key={Key=026CCFF71223E70A81077F10E355FDEA1467F7511C6A54FDE66B0173B9724457 IV=664D0811713DD42F5965914DDD2E2ED4 HMAC=8DB2D77007E9F4024A0D036517FA2531351F2E6002C3B4F53C3E10E0AE9AE630 Session=379BBCCC3ED140B746AA91C775D73A8A}}
[1087.70] DevOnline: Successfully set the friend join URL: 
[1087.70] Party: HandleServerReserved (Reservation=(ServerName="IND1-07DEA97A632DD8D5C-Aurora",Playlist=11,Region="IND",ReservationID="5F6126FD556D4FC5B4673345E26AA149",DSRToken="eyJ0eXAiOiJKV1QiLCJhbGciOiJIUzUxMiJ9.eyJqdGkiOiJjNjE4ZDI5MTRlMGE0NGIxODg4ODQyZmFiYzRlZTc4OCIsImlzcyI6IlBzeU5ldCIsInBsYXllcl9pZCI6IlN0ZWFtfDc2NTYxMTk4MDI2NTQzNzg5fDAiLCJzZXJ2ZXJfbmFtZSI6IklORDEtMDdERUE5N0E2MzJERDhENUMtQXVyb3JhIiwiaWF0IjoxNzU2NzU4MTk5LCJuYmYiOjE3NTY3NTgxOTksImV4cCI6MTc1Njc3MjU5OX0.Du6gNSeAEPsX9w9Ae8CM5vYgFncqsrMAuqh_HIB1QhE0Ea1sDuxXlAgJPxKYNgWDWoGonOE7V68tlJ4oxDsMXQ",JoinName="0E9F90RL0TY02CBE",JoinPassword="LFSMOHWGNWME2L5S"),PingURL="3.7.62.226:8700",GameURL="3.7.62.226:7700",JoinCredentials="0E9F90RL0TY02CBE:LFSMOHWGNWME2L5S")
[1087.70] JoinGame: GotoJoinGameState ReservingServerForMatchmaking -> JoinCountdown
[1087.70] PsyNetBeaconDetail_X: PsyNetBeacon_X_0 SendMessageToServer Message=(PingMessage_X_4)
[1087.70] PsyNet: PsyNetServiceProvider_X_1 ExecuteService Complete, Service=DSR/ClientMessage 
[1088.30] PsyNetBeaconDetail_X: PsyNetBeacon_X_0 ClientHandleMessage Message.MessageType=(PingMessage_X) Message.ReservationID=(5F6126FD556D4FC5B4673345E26AA149)
[1088.31] PsyNet: PsyNetServiceProvider_X_1 ExecuteService Complete, Service=DSR/ClientMessage 
[1090.70] JoinGame: GotoJoinGameState JoinCountdown -> OpeningLoadingScreen
[1090.70] RankedReconnect: OnlineGameJoinGame_TA_0::OpeningLoadingScreen.BeginState()
[1090.70] RankedReconnect: LocalPlayer_TA_0.UpdateRankedReconnect() RankedTeamDoubles True 4 False
[1090.70] RankedReconnect: RankedReconnectSave_TA_0.SetRankedReconnect() Server=((Reservation=(ServerName="IND1-07DEA97A632DD8D5C-Aurora",Playlist=11,Region="IND",ReservationID="5F6126FD556D4FC5B4673345E26AA149",DSRToken="eyJ0eXAiOiJKV1QiLCJhbGciOiJIUzUxMiJ9.eyJqdGkiOiJjNjE4ZDI5MTRlMGE0NGIxODg4ODQyZmFiYzRlZTc4OCIsImlzcyI6IlBzeU5ldCIsInBsYXllcl9pZCI6IlN0ZWFtfDc2NTYxMTk4MDI2NTQzNzg5fDAiLCJzZXJ2ZXJfbmFtZSI6IklORDEtMDdERUE5N0E2MzJERDhENUMtQXVyb3JhIiwiaWF0IjoxNzU2NzU4MTk5LCJuYmYiOjE3NTY3NTgxOTksImV4cCI6MTc1Njc3MjU5OX0.Du6gNSeAEPsX9w9Ae8CM5vYgFncqsrMAuqh_HIB1QhE0Ea1sDuxXlAgJPxKYNgWDWoGonOE7V68tlJ4oxDsMXQ",JoinName="0E9F90RL0TY02CBE",JoinPassword="LFSMOHWGNWME2L5S"),PingURL="3.7.62.226:8700",GameURL="3.7.62.226:7700",JoinCredentials="0E9F90RL0TY02CBE:LFSMOHWGNWME2L5S")) EpochNow=(1756758204)
[1090.70] DevNet: Browse: JoinGameTransition?game=TAGame.GameInfo_Transition_TA?Offline?LoadSave=Downloaded\Temp(1)?Playtest?Name=Lock
[1090.76] Log: FSaveDataExportTask(0) wrote 4330537 bytes to memory
[1090.76] Log: SaveGameDataAsync game thread time: 32 ms
[1090.76] Log: LoadMap: JoinGameTransition?game=TAGame.GameInfo_Transition_TA?Offline?LoadSave=Downloaded\Temp(1)?Playtest?Name=Lock
[1090.77] EOSVoice: Not requesting voice token, no MatchGUID
[1090.78] DevOnline: PsyNet Flush Start TimeoutSeconds=0.250000
[1090.82] Log: Deleting old save file ..\..\TAGame\SaveData\DBE_Production\76561198026543789_2.save
[1090.82] Log: SaveDataExport(0): Finished - File:[..\..\TAGame\SaveData\DBE_Production\76561198026543789_1.save] Result:[1]
[1091.05] DevOnline: PsyNet Flush End
[1091.07] Log: Fully load package: ..\..\TAGame\CookedPCConsole\GameInfo_Transition_SF.upk
[1091.07] Log: Game class is 'GameInfo_Transition_TA'
[1091.13] Log: Bringing World JoinGameTransition.TheWorld up for play (0) at 2025.09.02-01.53.24
[1091.13] Log: Bringing up level for play took: 0.055025
[1091.13] JoinGame: GotoJoinGameState OpeningLoadingScreen -> JoiningNewServer
[1091.13] DevNet: SetProgress, MessageType=1, Title=, Message=Connecting...
[1091.13] Log: ########### Finished loading level: 0.361495 seconds
[1091.13] DevNet: Browse: 3.7.62.226:7700/MENU_Main_p?Name=Lock
[1091.13] DevNet: Game client on port 7700, rate 15000
[1091.13] NetComeGo: TcpipConnection_2 3.7.62.226:7700 using encryption {Key=026CCFF71223E70A81077F10E355FDEA1467F7511C6A54FDE66B0173B9724457 IV=664D0811713DD42F5965914DDD2E2ED4 HMAC=8DB2D77007E9F4024A0D036517FA2531351F2E6002C3B4F53C3E10E0AE9AE630 Session=379BBCCC3ED140B746AA91C775D73A8A}
[1091.13] NetComeGo: SEND first packet Length=80 CRC=-894906315
[1091.26] NetComeGo: TcpipConnection_2 RECV first packet IP=3.7.62.226:7700 Length=15 CRC=1366395208 HandshakeStatus=0 bUseSessionUID=1 InSessionUID=(0 0 0) SessionUID=(0 0 0)
[1091.26] NetComeGo: Client set SessionUID to: 244 153 81
[1091.68] DevNet: Welcomed by server (Level: UtopiaStadium_Lux_P, Game: TAGame.GameInfo_Soccar_TA, GameTags: )
[1091.72] Log: FSaveDataExportTask(0) wrote 4330537 bytes to memory
[1091.72] Log: SaveGameDataAsync game thread time: 32 ms
[1091.73] Log: Flushing async loaders.
[1091.73] Log: Flushed async loaders.
[1091.73] Log: LoadMap: 3.7.62.226:7700/UtopiaStadium_Lux_P?Name=Lock?game=TAGame.GameInfo_Soccar_TA
[1091.74] DevOnline: PsyNet Flush Start TimeoutSeconds=0.250000
[1091.78] Log: Deleting old save file ..\..\TAGame\SaveData\DBE_Production\76561198026543789.save
[1091.78] Log: SaveDataExport(0): Finished - File:[..\..\TAGame\SaveData\DBE_Production\76561198026543789_2.save] Result:[1]
[1092.00] DevOnline: PsyNet Flush End
[1092.01] Log: Fully load package: ..\..\TAGame\CookedPCConsole\GameInfo_Soccar_SF.upk
[1092.06] Log: Fully load package: ..\..\TAGame\CookedPCConsole\GFxSounds_XP_SF.upk
[1092.06] Log: Fully load package: ..\..\TAGame\CookedPCConsole\GFx_XPProgressMenu_SF.upk
[1092.08] Log: Fully load package: ..\..\TAGame\CookedPCConsole\GFX_EndGameMenu_SF.upk
[1092.10] Log: Fully load package: ..\..\TAGame\CookedPCConsole\GFX_WinnerMenu_SF.upk
[1092.11] Log: Fully load package: ..\..\TAGame\CookedPCConsole\GFX_MidGameScoreboard_SF.upk
[1092.12] Log: Fully load package: ..\..\TAGame\CookedPCConsole\GFX_MidGameMenu_SF.upk
[1092.13] Log: Fully load package: ..\..\TAGame\CookedPCConsole\GFX_HudMatchInfo_SF.upk
[1092.14] Log: Fully load package: ..\..\TAGame\CookedPCConsole\GFX_Hud_SF.upk
[1092.81] Log: Bringing World UtopiaStadium_Lux_P.TheWorld up for play (0) at 2025.09.02-01.53.26
[1092.81] Log: Bringing up level for play took: 0.254259
[1092.92] JoinGame: OnJoinGameComplete bSuccess=(True) FailReason=()
[1092.92] JoinGame: GotoJoinGameState JoiningNewServer -> None
[1092.92] PsyNetBeaconDetail_X: PsyNetBeacon_X_0 Close
[1092.92] PsyNetBeaconDetail_X: PsyNetBeacon_X_0 CloseConnection Connection.ConnectionID=(eyJ0eXAiOiJKV1QiLCJhbGciOiJIUzUxMiJ9.eyJqdGkiOiJjNjE4ZDI5MTRlMGE0NGIxODg4ODQyZmFiYzRlZTc4OCIsImlzcyI6IlBzeU5ldCIsInBsYXllcl9pZCI6IlN0ZWFtfDc2NTYxMTk4MDI2NTQzNzg5fDAiLCJzZXJ2ZXJfbmFtZSI6IklORDEtMDdERUE5N0E2MzJERDhENUMtQXVyb3JhIiwiaWF0IjoxNzU2NzU4MTk5LCJuYmYiOjE3NTY3NTgxOTksImV4cCI6MTc1Njc3MjU5OX0.Du6gNSeAEPsX9w9Ae8CM5vYgFncqsrMAuqh_HIB1QhE0Ea1sDuxXlAgJPxKYNgWDWoGonOE7V68tlJ4oxDsMXQ)
[1092.92] Matchmaking: OnlineGameMatchmaking_X_0 Joining -> None
[1092.95] Log: ########### Finished loading level: 1.220021 seconds
[1093.49] ScriptLog: Client InputRate=60
[1093.49] DevNet: PlayerController_TA_7 setplayer LocalPlayer_TA_0
[1093.49] PsyNetStaticData: UpdateCacheTimerEnabled CacheTimer.bEnabled=(False)
[1093.49] MatchBroadcast: Init bBroadcastMatch=(False) MatchLog=(None)
[1093.49] ScriptLog: MatchGUID: 7FC834FC11F0877141B485A44097B559
[1093.49] ScriptWarning: ScriptWarning, Accessed None 'GameEvent'
	GFxHUD_TA UtopiaStadium_Lux_P.TheWorld:PersistentLevel.GFxHUD_TA_7
	Function TAGame.GFxHUD_TA:HandleGameDataSelected:02B4
Script call stack:
	Function ProjectX.GRI_X:ReplicatedEvent
	Function ProjectX.GRI_X:SetGameData
	Function TAGame.GFxHUD_TA:HandleGameDataSelected

[1093.50] DevOnline: Set rich presence to: Doubles in Utopia Coliseum (Gilded) data: Playlist-11
[1093.62] LTM: SettingsType=(CustomMatchSettingsType_PrivateMatch)
[1093.68] DynamicMapEvents: Activating event:  bEventActive=(False) EventId=(Event1)
[1093.68] DynamicMapEvents: Activating event:  bEventActive=(False) EventId=(Event2)
[1093.68] DynamicMapEvents: Activating event:  bEventActive=(False) EventId=(Event3)
[1093.72] Vanity: All Vanity Queries Complete
[1093.72] EOSVoice: AlertVoiceError: VoiceModerationEULANotAccepted
[1094.40] DevOnline: EOSSDK-LogEOSIntegratedPlatform: FIntegratedSteamSanitizer: Sanitizer is implemented for this platform, but steam sanitizer not initialized. Falling back to generic sanitizer
[1097.57] DevOnline: WebRequest_X_57 SEND: https://datarouter.ol.epicgames.com/datarouter/api/v1/public/data?AppID=RocketLeague.Release&AppVersion=151471783&AppEnvironment=Prod&UploadType=eteventstream&UserID=|29102162b92948868b021454382b618a|||Steam|76561198026543789|0&SessionID=75234CE04FB8D5D715DEA99FB36121D0
[1097.88] DevOnline: WebRequest_X_57 RECV: 204 
[1100.06] DevOnline: EOSSDK-LogEOSRTC: TickTracker Tick is delayed. TimePeriod=[10.002692s]  TickIntervalThreshold=[0.100000s] MaxTickInterval=[0.117553s] MaxExecutionTime=[0.000514s] TicksCount=[1432] ExpectedTicksCount=[1000]
[1106.07] DevOnline: Set rich presence to: InGame 0:0 [4:59 remaining] data: InGame 0:0 [4:59 remaining]
[1110.32] DevOnline: Set rich presence to: InGame 0:1 [4:55 remaining] data: InGame 0:1 [4:55 remaining]
[1113.90] EOSGameClips: EOSGameClips: Currently recording: false
[1135.53] DevOnline: Set rich presence to: InGame 0:1 [4:45 remaining] data: InGame 0:1 [4:45 remaining]
[1150.54] DevOnline: Set rich presence to: InGame 0:1 [4:30 remaining] data: InGame 0:1 [4:30 remaining]
[1157.57] DevOnline: WebRequest_X_58 SEND: https://datarouter.ol.epicgames.com/datarouter/api/v1/public/data?AppID=RocketLeague.Release&AppVersion=151471783&AppEnvironment=Prod&UploadType=eteventstream&UserID=|29102162b92948868b021454382b618a|||Steam|76561198026543789|0&SessionID=75234CE04FB8D5D715DEA99FB36121D0
[1157.89] DevOnline: WebRequest_X_58 RECV: 204 
[1165.53] DevOnline: Set rich presence to: InGame 0:1 [4:15 remaining] data: InGame 0:1 [4:15 remaining]
[1180.54] DevOnline: Set rich presence to: InGame 0:1 [4:00 remaining] data: InGame 0:1 [4:00 remaining]
[1195.54] DevOnline: Set rich presence to: InGame 0:1 [3:45 remaining] data: InGame 0:1 [3:45 remaining]
[1210.53] DevOnline: Set rich presence to: InGame 0:1 [3:30 remaining] data: InGame 0:1 [3:30 remaining]
[1217.57] DevOnline: WebRequest_X_59 SEND: https://datarouter.ol.epicgames.com/datarouter/api/v1/public/data?AppID=RocketLeague.Release&AppVersion=151471783&AppEnvironment=Prod&UploadType=eteventstream&UserID=|29102162b92948868b021454382b618a|||Steam|76561198026543789|0&SessionID=75234CE04FB8D5D715DEA99FB36121D0
[1217.88] DevOnline: WebRequest_X_59 RECV: 204 
[1223.31] DevOnline: Set rich presence to: InGame 1:1 [3:18 remaining] data: InGame 1:1 [3:18 remaining]
[1226.86] EOSGameClips: EOSGameClips: Currently recording: false
[1238.81] DevOnline: Set rich presence to: InGame 1:1 [3:15 remaining] data: InGame 1:1 [3:15 remaining]
[1253.79] DevOnline: Set rich presence to: InGame 1:1 [3:00 remaining] data: InGame 1:1 [3:00 remaining]
[1263.73] DevOnline: Set rich presence to: InGame 2:1 [2:51 remaining] data: InGame 2:1 [2:51 remaining]
[1267.28] EOSGameClips: EOSGameClips: Currently recording: false
[1277.57] DevOnline: WebRequest_X_60 SEND: https://datarouter.ol.epicgames.com/datarouter/api/v1/public/data?AppID=RocketLeague.Release&AppVersion=151471783&AppEnvironment=Prod&UploadType=eteventstream&UserID=|29102162b92948868b021454382b618a|||Steam|76561198026543789|0&SessionID=75234CE04FB8D5D715DEA99FB36121D0
[1277.88] DevOnline: WebRequest_X_60 RECV: 204 
[1279.50] DevOnline: Set rich presence to: InGame 2:1 [2:45 remaining] data: InGame 2:1 [2:45 remaining]
[1294.51] DevOnline: Set rich presence to: InGame 2:1 [2:30 remaining] data: InGame 2:1 [2:30 remaining]
[1298.12] DevOnline: Set rich presence to: InGame 2:2 [2:27 remaining] data: InGame 2:2 [2:27 remaining]
[1301.67] EOSGameClips: EOSGameClips: Currently recording: false
[1321.07] DevOnline: Set rich presence to: InGame 2:2 [2:15 remaining] data: InGame 2:2 [2:15 remaining]
[1331.07] DevOnline: Set rich presence to: InGame 2:3 [2:05 remaining] data: InGame 2:3 [2:05 remaining]
[1334.62] EOSGameClips: EOSGameClips: Currently recording: false
[1337.57] DevOnline: WebRequest_X_61 SEND: https://datarouter.ol.epicgames.com/datarouter/api/v1/public/data?AppID=RocketLeague.Release&AppVersion=151471783&AppEnvironment=Prod&UploadType=eteventstream&UserID=|29102162b92948868b021454382b618a|||Steam|76561198026543789|0&SessionID=75234CE04FB8D5D715DEA99FB36121D0
[1337.88] DevOnline: WebRequest_X_61 RECV: 204 
[1346.50] DevOnline: Set rich presence to: InGame 2:3 [2:00 remaining] data: InGame 2:3 [2:00 remaining]
[1361.50] DevOnline: Set rich presence to: InGame 2:3 [1:45 remaining] data: InGame 2:3 [1:45 remaining]
[1376.50] DevOnline: Set rich presence to: InGame 2:3 [1:30 remaining] data: InGame 2:3 [1:30 remaining]
[1377.28] DevOnline: Set rich presence to: InGame 3:3 [1:30 remaining] data: InGame 3:3 [1:30 remaining]
[1380.83] EOSGameClips: EOSGameClips: Currently recording: false
[1397.57] DevOnline: WebRequest_X_62 SEND: https://datarouter.ol.epicgames.com/datarouter/api/v1/public/data?AppID=RocketLeague.Release&AppVersion=151471783&AppEnvironment=Prod&UploadType=eteventstream&UserID=|29102162b92948868b021454382b618a|||Steam|76561198026543789|0&SessionID=75234CE04FB8D5D715DEA99FB36121D0
[1397.88] DevOnline: WebRequest_X_62 RECV: 204 
[1402.56] DevOnline: Set rich presence to: InGame 3:3 [1:15 remaining] data: InGame 3:3 [1:15 remaining]
[1417.56] DevOnline: Set rich presence to: InGame 3:3 [1:00 remaining] data: InGame 3:3 [1:00 remaining]
[1418.05] DevOnline: Set rich presence to: InGame 4:3 [1:00 remaining] data: InGame 4:3 [1:00 remaining]
[1421.60] EOSGameClips: EOSGameClips: Currently recording: false
[1449.44] DevOnline: Set rich presence to: InGame 4:3 [0:45 remaining] data: InGame 4:3 [0:45 remaining]
[1451.39] DevOnline: Set rich presence to: InGame 4:4 [0:44 remaining] data: InGame 4:4 [0:44 remaining]
[1454.94] EOSGameClips: EOSGameClips: Currently recording: false
[1457.57] DevOnline: WebRequest_X_63 SEND: https://datarouter.ol.epicgames.com/datarouter/api/v1/public/data?AppID=RocketLeague.Release&AppVersion=151471783&AppEnvironment=Prod&UploadType=eteventstream&UserID=|29102162b92948868b021454382b618a|||Steam|76561198026543789|0&SessionID=75234CE04FB8D5D715DEA99FB36121D0
[1457.88] DevOnline: WebRequest_X_63 RECV: 204 
[1481.02] DevOnline: Set rich presence to: InGame 4:4 [0:30 remaining] data: InGame 4:4 [0:30 remaining]
[1495.99] DevOnline: Set rich presence to: InGame 4:4 [0:15 remaining] data: InGame 4:4 [0:15 remaining]
[1517.57] DevOnline: WebRequest_X_64 SEND: https://datarouter.ol.epicgames.com/datarouter/api/v1/public/data?AppID=RocketLeague.Release&AppVersion=151471783&AppEnvironment=Prod&UploadType=eteventstream&UserID=|29102162b92948868b021454382b618a|||Steam|76561198026543789|0&SessionID=75234CE04FB8D5D715DEA99FB36121D0
[1517.68] DevOnline: Set rich presence to: InGame 4:4 [Overtime 0:01] data: InGame 4:4 [Overtime 0:01]
[1517.88] DevOnline: WebRequest_X_64 RECV: 204 
[1532.69] DevOnline: Set rich presence to: InGame 4:4 [Overtime 0:16] data: InGame 4:4 [Overtime 0:16]
[1547.69] DevOnline: Set rich presence to: InGame 4:4 [Overtime 0:31] data: InGame 4:4 [Overtime 0:31]
[1562.70] DevOnline: Set rich presence to: InGame 4:4 [Overtime 0:46] data: InGame 4:4 [Overtime 0:46]
[1577.57] DevOnline: WebRequest_X_65 SEND: https://datarouter.ol.epicgames.com/datarouter/api/v1/public/data?AppID=RocketLeague.Release&AppVersion=151471783&AppEnvironment=Prod&UploadType=eteventstream&UserID=|29102162b92948868b021454382b618a|||Steam|76561198026543789|0&SessionID=75234CE04FB8D5D715DEA99FB36121D0
[1577.67] DevOnline: Set rich presence to: InGame 4:4 [Overtime 1:01] data: InGame 4:4 [Overtime 1:01]
[1577.88] DevOnline: WebRequest_X_65 RECV: 204 
[1592.67] DevOnline: Set rich presence to: InGame 4:4 [Overtime 1:16] data: InGame 4:4 [Overtime 1:16]
[1607.67] DevOnline: Set rich presence to: InGame 4:4 [Overtime 1:31] data: InGame 4:4 [Overtime 1:31]
[1622.68] DevOnline: Set rich presence to: InGame 4:4 [Overtime 1:46] data: InGame 4:4 [Overtime 1:46]
[1637.57] DevOnline: WebRequest_X_66 SEND: https://datarouter.ol.epicgames.com/datarouter/api/v1/public/data?AppID=RocketLeague.Release&AppVersion=151471783&AppEnvironment=Prod&UploadType=eteventstream&UserID=|29102162b92948868b021454382b618a|||Steam|76561198026543789|0&SessionID=75234CE04FB8D5D715DEA99FB36121D0
[1637.69] DevOnline: Set rich presence to: InGame 4:4 [Overtime 2:01] data: InGame 4:4 [Overtime 2:01]
[1637.88] DevOnline: WebRequest_X_66 RECV: 204 
[1650.71] DevOnline: Set rich presence to: InGame 5:4 [Overtime 2:14] data: InGame 5:4 [Overtime 2:14]
[1652.39] DevOnline: Unknown remote talker specified to UnregisterRemoteTalker()
[1654.26] EOSGameClips: EOSGameClips: Currently recording: false
[1658.63] DevOnline: Unknown remote talker specified to UnregisterRemoteTalker()
[1658.66] Party: Ranked Game Finished, Clear party member server
[1658.66] RankedReconnect: RankedReconnectSave_TA_0.ClearRankedReconnect()
[1659.04] PsyNet: PsyNetServiceProvider_X_1 ExecuteService Complete, Service=Challenges/PlayerProgress 
[1659.06] PsyNet: PsyNetServiceProvider_X_1 ExecuteService Complete, Service=Reward/RewardResult 
[1659.17] Rewards: ClientGiveOnlineReward Lock Product=((ProductID=7633,InstanceID=(UpperBits=2501598265422663507,LowerBits=11335316433481217239),SeriesID=4,Attributes=((Key="Blueprint",Value="1580"),(Key="Quality",Value="Exotic"),(Key="BlueprintCost",Value="700"))))
[1659.18] ScriptLog: GetDLCProducts, UnlockedDLCList=SuperSonic,Revenge,Wasteland,body_charged
[1659.72] SplitScreen: Press Start ControllerId=0 Player=LocalPlayer_TA_0
[1660.23] DevOnline: PlayerDataStorage_WriteFile: Beginning to upload file. User=(29102162b92948868b021454382b618a) FileName=(RLSaveData)
[1660.59] RankedReconnect: RankedReconnectSave_TA_0.ClearRankedReconnect()
[1660.59] NetComeGo: TcpipConnection_2 Control channel closed, reason=Disconnect command
[1660.59] DevNet: URL: Adding default option Name=Lock
[1660.59] DevNet: Browse: MENU_Main_p?closed?Name=Lock
[1660.59] Log: Failed; returning to Entry
[1660.65] Log: FSaveDataExportTask(0) wrote 4330232 bytes to memory
[1660.65] Log: SaveGameDataAsync game thread time: 33 ms
[1660.66] Log: LoadMap: MENU_Main_p?closed?Name=Lock
[1660.66] PsyNetStaticData: HandleCacheExpired
[1660.66] PsyNetStaticData: UpdateCacheTimerEnabled CacheTimer.bEnabled=(True)
[1660.66] DevOnline: UnregisterRemoteTalker(0x0110000103F352AD) returned 0x00000000
[1660.66] DevOnline: Unknown remote talker specified to UnregisterRemoteTalker()
[1660.66] DevOnline: Unknown remote talker specified to UnregisterRemoteTalker()
[1660.66] DevOnline: Unknown remote talker specified to UnregisterRemoteTalker()
[1660.66] DevOnline: Unknown remote talker specified to UnregisterRemoteTalker()
[1660.66] DevOnline: Unknown remote talker specified to UnregisterRemoteTalker()
[1660.68] DevOnline: PsyNet Flush Start TimeoutSeconds=0.250000
[1660.69] Log: Deleting old save file ..\..\TAGame\SaveData\DBE_Production\76561198026543789_1.save
[1660.73] Log: SaveDataExport(0): Finished - File:[..\..\TAGame\SaveData\DBE_Production\76561198026543789.save] Result:[1]
[1660.94] DevOnline: PsyNet Flush End
[1660.96] NetComeGo: Close TcpipConnection_2 3.7.62.226:7700 02/09/2025 02:02:54 'UNetConnection::CleanUp'
[1660.96] NetComeGo: TcpipConnection_2 Control channel null, Sending unstable close to 3.7.62.226:7700 on temporary Control channel.
[1660.96] Exit: TcpNetDriver_2 shut down
[1660.99] Log: Fully load package: ..\..\TAGame\CookedPCConsole\GameInfo_GFxMenu_SF.upk
[1660.99] Log: Fully load package: ..\..\TAGame\CookedPCConsole\GFxSounds_MainMenu_SF.upk
[1661.00] Log: Fully load package: ..\..\TAGame\CookedPCConsole\GFX_StartMenu_SF.upk
[1661.05] Log: Fully load package: ..\..\TAGame\CookedPCConsole\GFX_MainMenu_SF.upk
[1661.08] Log: Game class is 'GameInfo_GFxMenu_TA'
[1661.09] Log: Bringing World menu_main_p.TheWorld up for play (0) at 2025.09.02-02.02.54
[1661.09] Log: Flushing async loaders.
[1661.32] Log: Flushed async loaders.
[1661.32] DevOnline: UnregisterLocalTalker(0) returned 0x00000000
[1661.32] DevOnline: Successfully set the friend join URL: 
[1661.32] Log: Bringing up level for play took: 0.242208
[1661.42] DevOnline: Set rich presence to: Main Menu data: Menu
[1661.42] Log: ########### Finished loading level: 0.767237 seconds
[1661.43] DevOnline: WebRequest_X_67 SEND: https://config.psynet.gg/v2/Config/BattleCars/151471783/Prod/Steam/INT/
[1661.44] Log: Flushing async loaders.
[1661.60] Log: Flushed async loaders.
[1661.75] DevOnline: PlayerDataStorage_WriteFile: File transfer is already in progress. Aborting write for User=(29102162b92948868b021454382b618a) FileName=(RLSaveData)
[1661.75] ScriptWarning: ScriptWarning, Something went wrong uploading save data 29102162b92948868b021454382b618a RLSaveData
	EOSOnlineStorageUploader_TA Transient.SaveData_TA_1:EOSOnlineStorageUploader_TA_0
	Function TAGame.EOSOnlineStorageUploader_TA:UploadSaveData:07A8
Script call stack:
	Function TAGame.SaveData_TA:HandlePostMapChange
	Function TAGame.SaveData_TA:UploadSaveData
	Function TAGame.EOSOnlineStorageUploader_TA:UploadSaveData

[1661.77] Eula: RequiresAcceptance? EulaConfig?.bRequiresAcceptance=(True) GetUISave()?.Contains('bAcceptedOfflineEULA')=(True) Eula.SyncState=(LSS_Accepted)
[1661.77] AuthEpicVerbose: [GFx] Epic login changed. m_uiState:MainMenu bPromptParentalConsent:false bPromptToChoosePrimaryAccount:false bEpicSaveDataLoaded:false bPlatformLinked:false
[1661.77] FTEDev: Group Prime_MatchComplete Is not meant for users of type FTESave.LegacyGroupType=(LGT_LegacyUser)
[1661.77] FTEDev: Group Prime_MatchComplete Is not meant for users of type FTESave.LegacyGroupType=(LGT_LegacyUser)
[1661.93] Online: TryToPlayOnline ControllerID=(-1)
[1661.93] Log: Flushing async loaders.
[1661.93] Log: Flushed async loaders.
[1661.95] ThankYouMessage: Thank You message already shown to the player
[1661.97] Online: HandlePrivilegeCheckFinished PrivilegeCheck.bHasRestriction=(False)
[1661.97] Online: HandlePrivilegeCheck PrivilegeCheck.bHasRestriction=(False)
[1661.97] Vanity: All Vanity Queries Complete
[1662.24] DevOnline: WebRequest_X_67 RECV: 304 
[1663.31] Online: TryToPlayOnline ControllerID=(-1)
[1663.32] Online: HandlePrivilegeCheckFinished PrivilegeCheck.bHasRestriction=(False)
[1663.32] Online: HandlePrivilegeCheck PrivilegeCheck.bHasRestriction=(False)
[1663.36] ScriptWarning: ScriptWarning, Assertion failed, line 210
	PostMatchCelebrationPreviewer_TA Transient.PostMatchCelebrationPreviewer_TA_3
	Function TAGame.PostMatchCelebrationPreviewer_TA:SetPreviewBaseLoadout:00A2
Script call stack:
	Function TAGame.GFxData_MainMenu_TA:SetPreviewBaseLoadout
	Function TAGame.PostMatchCelebrationPreviewer_TA:SetPreviewBaseLoadout

[1663.38] ScriptWarning: ScriptWarning, Assertion failed, line 210
	PostMatchCelebrationPreviewer_TA Transient.PostMatchCelebrationPreviewer_TA_3
	Function TAGame.PostMatchCelebrationPreviewer_TA:SetPreviewBaseLoadout:00A2
Script call stack:
	Function TAGame.GFxData_MainMenu_TA:SetPreviewBaseLoadout
	Function TAGame.PostMatchCelebrationPreviewer_TA:SetPreviewBaseLoadout

[1663.38] ScriptWarning: ScriptWarning, Assertion failed, line 210
	PostMatchCelebrationPreviewer_TA Transient.PostMatchCelebrationPreviewer_TA_3
	Function TAGame.PostMatchCelebrationPreviewer_TA:SetPreviewBaseLoadout:00A2
Script call stack:
	Function TAGame.GFxData_MainMenu_TA:SetPreviewBaseLoadout
	Function TAGame.PostMatchCelebrationPreviewer_TA:SetPreviewBaseLoadout

[1663.46] Log: Flushing async loaders.
[1663.50] Log: Flushed async loaders.
[1663.62] Log: FSaveDataExportTask(0) wrote 4330232 bytes to memory
[1663.62] Log: SaveGameDataAsync game thread time: 31 ms
[1663.66] Log: Deleting old save file ..\..\TAGame\SaveData\DBE_Production\76561198026543789_2.save
[1663.66] Log: SaveDataExport(0): Finished - File:[..\..\TAGame\SaveData\DBE_Production\76561198026543789_1.save] Result:[1]
[1666.08] DevOnline: PlayerDataStorage_WriteFile: File upload complete. User=(29102162b92948868b021454382b618a) FileName=(RLSaveData) Success=(1)
[1666.52] PsyNet: PsyNetServiceProvider_X_1 ExecuteService Complete, Service=Challenges/PlayerProgress 
[1666.53] PsyNet: PsyNetServiceProvider_X_1 ExecuteService Complete, Service=Reward/RewardResult 
[1666.54] PsyNet: PsyNetServiceProvider_X_1 ExecuteService Complete, Service=Challenges/PlayerProgress 
[1666.87] Log: FSaveDataExportTask(0) wrote 4330232 bytes to memory
[1666.87] Log: SaveGameDataAsync game thread time: 31 ms
[1666.91] Log: Deleting old save file ..\..\TAGame\SaveData\DBE_Production\76561198026543789.save
[1666.91] Log: SaveDataExport(0): Finished - File:[..\..\TAGame\SaveData\DBE_Production\76561198026543789_2.save] Result:[1]
[1667.93] PsyNet: PsyNetServiceProvider_X_1 ExecuteService Complete, Service=Challenges/PlayerProgress 
[1667.94] PsyNet: PsyNetServiceProvider_X_1 ExecuteService Complete, Service=Reward/RewardResult 
[1667.94] ScriptLog: GetDLCProducts, UnlockedDLCList=SuperSonic,Revenge,Wasteland,body_charged
[1667.95] PsyNet: PsyNetServiceProvider_X_1 ExecuteService Complete, Service=Challenges/PlayerProgress 
[1669.87] Log: FSaveDataExportTask(0) wrote 4330695 bytes to memory
[1669.87] Log: SaveGameDataAsync game thread time: 30 ms
[1669.92] Log: Deleting old save file ..\..\TAGame\SaveData\DBE_Production\76561198026543789_1.save
[1669.92] Log: SaveDataExport(0): Finished - File:[..\..\TAGame\SaveData\DBE_Production\76561198026543789.save] Result:[1]
[1670.20] DevOnline: EOSSDK-LogEOSRTC: TickTracker Tick is delayed. TimePeriod=[10.000967s]  TickIntervalThreshold=[0.100000s] MaxTickInterval=[0.151854s] MaxExecutionTime=[0.000041s] TicksCount=[1771] ExpectedTicksCount=[1000]
[1671.16] ThankYouMessage: Thank You message already shown to the player
[1674.17] Online: TryToPlayOnline ControllerID=(-1)
[1674.18] Online: HandlePrivilegeCheckFinished PrivilegeCheck.bHasRestriction=(False)
[1674.18] Online: HandlePrivilegeCheck PrivilegeCheck.bHasRestriction=(False)
[1674.75] DevOnline: WebRequest_X_68 SEND: https://rl-cdn.psyonix.com/ShopImages/OnePunchMan/OPN_mega_fs9d8.jpg
[1674.75] DevOnline: WebRequest_X_69 SEND: https://rl-cdn.psyonix.com/ShopImages/OnePunchMan/OPM_Explosion_cae89y.jpg
[1674.76] DevOnline: WebRequest_X_70 SEND: https://rl-cdn.psyonix.com/ShopImages/OnePunchMan/OPM_Wheel1_cw987u.jpg
[1674.76] DevOnline: WebRequest_X_71 SEND: https://rl-cdn.psyonix.com/ShopImages/OnePunchMan/OPM_Wheel2_fd89w.jpg
[1674.76] DevOnline: WebRequest_X_72 SEND: https://rl-cdn.psyonix.com/ShopImages/OnePunchMan/OPN_Boost_98cwyh.jpg
[1674.76] DevOnline: WebRequest_X_73 SEND: https://rl-cdn.psyonix.com/ShopImages/OnePunchMan/OPM_Trail_w987ch.jpg
[1674.76] DevOnline: WebRequest_X_74 SEND: https://rl-cdn.psyonix.com/ShopImages/OnePunchMan/OPM_Banner_cfw89uyc.jpg
[1674.76] DevOnline: WebRequest_X_75 SEND: https://rl-cdn.psyonix.com/ShopImages/CreditBundles/S19/RL_S19_CreditBundle_2500_f8ffwq.jpg
[1674.76] DevOnline: WebRequest_X_76 SEND: https://rl-cdn.psyonix.com/ShopImages/CreditBundles/S19/RL_S19_CreditBundle_2000_asd98av.jpg
[1674.77] DevOnline: WebRequest_X_77 SEND: https://rl-cdn.psyonix.com/ShopImages/CreditBundles/S19/RL_S19_CreditBundle_1500_7ewqh.jpg
[1674.77] DevOnline: WebRequest_X_78 SEND: https://rl-cdn.psyonix.com/ShopImages/CreditBundles/S19/RL_S19_CreditBundle_1000_piuewfq.jpg
[1674.79] ThankYouMessage: Thank You message already shown to the player
[1675.12] DevOnline: WebRequest_X_69 RECV: 304 
[1675.12] DevOnline: WebRequest_X_70 RECV: 304 
[1675.13] DevOnline: WebRequest_X_75 RECV: 304 
[1675.13] DevOnline: WebRequest_X_76 RECV: 304 
[1675.14] DevOnline: WebRequest_X_68 RECV: 304 
[1675.14] DevOnline: WebRequest_X_71 RECV: 304 
[1675.14] DevOnline: WebRequest_X_72 RECV: 304 
[1675.14] DevOnline: WebRequest_X_73 RECV: 304 
[1675.14] DevOnline: WebRequest_X_74 RECV: 304 
[1675.14] DevOnline: WebRequest_X_77 RECV: 304 
[1675.14] DevOnline: WebRequest_X_78 RECV: 304 
[1680.20] DevOnline: EOSSDK-LogEOSRTC: TickTracker Tick is delayed. TimePeriod=[10.003356s]  TickIntervalThreshold=[0.100000s] MaxTickInterval=[0.141319s] MaxExecutionTime=[0.000075s] TicksCount=[2188] ExpectedTicksCount=[1000]
[1683.58] ThankYouMessage: Thank You message already shown to the player
[1685.26] Log: Closing by request
[1685.26] Log: appRequestExit(0)
[1685.36] DevOnline: PlayerDataStorage_WriteFile: Beginning to upload file. User=(29102162b92948868b021454382b618a) FileName=(RLSaveData)
[1688.17] DevOnline: PlayerDataStorage_WriteFile: File upload complete. User=(29102162b92948868b021454382b618a) FileName=(RLSaveData) Success=(1)
[1688.17] Matchmaking: OnlineGameMatchmaking_X_0 OnlineGameMatchmaking_X -> None
[1688.17] Matchmaking: OnlineGameTourMatchmaking_TA_0 OnlineGameTourMatchmaking_TA -> None
[1688.20] Log: FSaveDataExportTask(0) wrote 4330698 bytes to memory
[1688.20] Log: SaveGameDataAsync game thread time: 31 ms
[1688.20] DevOnline: PsyNet Flush Start TimeoutSeconds=0.500000
[1688.20] DevOnline: PsyNet Flush End
[1688.21] Exit: Preparing to exit.
[1688.28] Log: Deleting old save file ..\..\TAGame\SaveData\DBE_Production\76561198026543789_2.save
[1688.28] Log: SaveDataExport(0): Finished - File:[..\..\TAGame\SaveData\DBE_Production\76561198026543789_1.save] Result:[1]
[1688.30] Exit: Game engine shut down
[1689.45] Exit: Windows client shut down
[1689.46] Exit: AK Audio shut down.
[1696.65] Exit: Object subsystem successfully closed.
[1696.66] DevOnline: EOSSDK-LogEOSUI: Social Overlay: browser was closed. Reopening...
[1696.66] DevOnline: EOSSDK-LogEOSRTC: TickTracker Tick is delayed. TimePeriod=[16.455463s]  TickIntervalThreshold=[0.100000s] MaxTickInterval=[8.488133s] MaxExecutionTime=[0.000101s] TicksCount=[854447] ExpectedTicksCount=[1645]
[1699.24] Exit: Exiting.
[1699.24] Log: Log file closed, 02/09/2025 02:03:32
