Skyrim SSE v1.5.97
CrashLoggerSSE v1-15-0-0 Oct 12 2024 11:33:37

Unhandled exception "EXCEPTION_ACCESS_VIOLATION" at 0x7FF6E012283A SkyrimSE.exe+126283A	mov rdx, [rsi+0x08]
Exception Flags: 0x00000000
Number of Parameters: 2
Access Violation: Tried to read memory at 0x000000000008

SYSTEM SPECS:
	OS: Microsoft Windows 11 Home Single Language v10.0.26100
	CPU: AuthenticAMD AMD Ryzen 5 7600X 6-Core Processor             
	GPU #1: Nvidia AD102 [GeForce RTX 4090]
	GPU #2: AMD Raphael
	GPU #3: Nvidia AD102 [GeForce RTX 4090]
	GPU #4: Microsoft Basic Render Driver
	PHYSICAL MEMORY: 23.15 GB/31.16 GB
	GPU MEMORY: 4.83/22.83 GB
	Detected Virtual Machine: Microsoft Hyper-V (100%)

PROBABLE CALL STACK:
	[ 0] 0x7FF6E012283A SkyrimSE.exe+126283A -> 98131+0xDA	mov rdx, [rsi+0x08]
	[ 1] 0x7FF6E0122538 SkyrimSE.exe+1262538 -> 98130+0x888	movzx r14d, byte ptr [rbp+0x5058]
	[ 2] 0x7FF6E013C20B SkyrimSE.exe+127C20B -> 98548+0x5B	mov ebx, eax
	[ 3] 0x7FF6E013844F SkyrimSE.exe+127844F -> 98520+0x33F	movzx esi, al
	[ 4] 0x7FF6E0117628 SkyrimSE.exe+1257628 -> 98045+0x78	add rbx, 0x08
	[ 5] 0x7FF6DF473390 SkyrimSE.exe+05B3390 -> 35565+0x3A0	call 0x00007FF6DF0BBAF0
	[ 6] 0x7FF83B5AED19 hdtSMP64.dll+00BED19	cmp byte ptr [rbx+0x10], 0x00 |  C:\Games\Faster HDT-SMP\skse64_2_00_20\src\skse64\hdtSMP64\Hooks.cpp:314 hdt::UnkEngine::onFrame (mangled: ?onFrame@UnkEngine@hdt@@QEAAXXZ)
	[ 7] 0x7FF6DF46F4F4 SkyrimSE.exe+05AF4F4 -> 35551+0x124	test bl, bl
	[ 8] 0x7FF6DF46CC05 SkyrimSE.exe+05ACC05 -> 35545+0x35	call 0x00007FF6603D0000
	[ 9] 0x7FF6E020B17A SkyrimSE.exe+134B17A -> 102193+0x11E	mov ebx, eax
	[10] 0x7FF9036DE8D7 KERNEL32.DLL+002E8D7
	[11] 0x7FF904DDC34C    ntdll.dll+003C34C

REGISTERS:
	RAX 0x7FF6E20907F0     (void* -> SkyrimSE.exe+31D07F0	add [rax], al)
	RCX 0x0                (size_t) [0]
	RDX 0x195FC6C8A70      (void*)
	RBX 0x0                (size_t) [0]
	RSP 0x91298F9E20       (void*)
	RBP 0x91298F9F20       (void*)
	RSI 0x0                (size_t) [0]
	RDI 0x197BF11FEC0      (void*)
	R8  0xB                (size_t) [11]
	R9  0xB                (size_t) [11]
	R10 0x0                (size_t) [0]
	R11 0x91298FA270       (void*)
	R12 0x1                (size_t) [1]
	R13 0x7FF6E20907F0     (void* -> SkyrimSE.exe+31D07F0	add [rax], al)
	R14 0x1                (size_t) [1]
	R15 0x19675A36100      (BSScript::Internal::VirtualMachine*)

STACK:
	[RSP+0   ] 0x0                (size_t) [0]
	[RSP+8   ] 0x19B00000014      (void*)
	[RSP+10  ] 0x19681CF0B10      (void*)
	[RSP+18  ] 0x19681CF0A68      (void*)
	[RSP+20  ] 0x19681CF0A50      (void*)
	[RSP+28  ] 0x0                (size_t) [0]
	[RSP+30  ] 0x0                (size_t) [0]
	[RSP+38  ] 0x1                (size_t) [1]
	[RSP+40  ] 0x91298FED60       (void*)
	[RSP+48  ] 0x19673489020      (void*)
	[RSP+50  ] 0x1966BB564A0      (char*) " "
	[RSP+58  ] 0x0                (size_t) [0]
	[RSP+60  ] 0x0                (size_t) [0]
	[RSP+68  ] 0x19681CF0B90      (void*)
	[RSP+70  ] 0x19681CF0B10      (void*)
	[RSP+78  ] 0x195FC6C91D8      (void*)
	[RSP+80  ] 0xFFFFFFFFFFFFFFFE (size_t) [uint: 18446744073709551614 int: -2]
	[RSP+88  ] 0x19681CF0AF0      (void*)
	[RSP+90  ] 0x2                (size_t) [2]
	[RSP+98  ] 0x0                (size_t) [0]
	[RSP+A0  ] 0x0                (size_t) [0]
	[RSP+A8  ] 0x0                (size_t) [0]
	[RSP+B0  ] 0x0                (size_t) [0]
	[RSP+B8  ] 0x1                (size_t) [1]
	[RSP+C0  ] 0x91298F9DD8       (void*)
	[RSP+C8  ] 0x0                (size_t) [0]
	[RSP+D0  ] 0x92A7F452B102     (size_t) [161250056253698]
	[RSP+D8  ] 0x91298F9DD8       (void*)
	[RSP+E0  ] 0xFFFFFFFFFFFFFFFE (size_t) [uint: 18446744073709551614 int: -2]
	[RSP+E8  ] 0x91298FA170       (void*)
	[RSP+F0  ] 0x91298FA0A0       (void*)
	[RSP+F8  ] 0x7FF6DFAE9EB8     (void* -> SkyrimSE.exe+0C29EB8	mov r12, rax)
	[RSP+100 ] 0x7FF902320000     (void*)
	[RSP+108 ] 0xFFFFFFFFFFFFFFFF (size_t) [uint: 18446744073709551615 int: -1]
	[RSP+110 ] 0x198D205DD01      (void*)
	[RSP+118 ] 0x400              (size_t) [1024]
	[RSP+120 ] 0xFFFFFFFFFFFFFFFE (size_t) [uint: 18446744073709551614 int: -2]
	[RSP+128 ] 0x91298FA5E0       (void*)
	[RSP+130 ] 0x91298FA3E8       (void*)
	[RSP+138 ] 0x7FF6DFAE9EB8     (void* -> SkyrimSE.exe+0C29EB8	mov r12, rax)
	[RSP+140 ] 0xFFFFFFFFFFFFFFFE (size_t) [uint: 18446744073709551614 int: -2]
	[RSP+148 ] 0x197B973CC78      (void*)
	[RSP+150 ] 0x5                (size_t) [5]
	[RSP+158 ] 0x7FF892353911     (void* -> tbbmalloc.dll+0013911	xor ecx, ecx)
	[RSP+160 ] 0xFFFFFFFFFFFFFFFE (size_t) [uint: 18446744073709551614 int: -2]
	[RSP+168 ] 0x91298FA0A0       (void*)
	[RSP+170 ] 0x197F0894A01      (void*)
	[RSP+178 ] 0x0                (size_t) [0]
	[RSP+180 ] 0xFFFFFFFFFFFFFFFE (size_t) [uint: 18446744073709551614 int: -2]
	[RSP+188 ] 0x91298FA068       (void*)
	[RSP+190 ] 0x195FC6C91D8      (void*)
	[RSP+198 ] 0x195FC6C91D8      (void*)
	[RSP+1A0 ] 0x0                (size_t) [0]
	[RSP+1A8 ] 0xFFFFFFFFFFFFFFFE (size_t) [uint: 18446744073709551614 int: -2]
	[RSP+1B0 ] 0x0                (size_t) [0]
	[RSP+1B8 ] 0x197F0894AE8      (void*)
	[RSP+1C0 ] 0xFFFFFFFFFFFFFFFE (size_t) [uint: 18446744073709551614 int: -2]
	[RSP+1C8 ] 0x1981024BDC0      (void*)
	[RSP+1D0 ] 0x197F0894BC0      (void*)
	[RSP+1D8 ] 0x7FF6DFAE9EB8     (void* -> SkyrimSE.exe+0C29EB8	mov r12, rax)
	[RSP+1E0 ] 0x89B8             (size_t) [35256]
	[RSP+1E8 ] 0x0                (size_t) [0]
	[RSP+1F0 ] 0x89B80001         (size_t) [2310537217]
	[RSP+1F8 ] 0x195FC6C91D8      (void*)
	[RSP+200 ] 0xFFFFFFFFFFFFFFFE (size_t) [uint: 18446744073709551614 int: -2]
	[RSP+208 ] 0xFFFFFFFFFFFFFFFE (size_t) [uint: 18446744073709551614 int: -2]
	[RSP+210 ] 0x197F0894BE0      (void*)
	[RSP+218 ] 0x7FF6DFAE9EB8     (void* -> SkyrimSE.exe+0C29EB8	mov r12, rax)
	[RSP+220 ] 0x0                (size_t) [0]
	[RSP+228 ] 0x197F0894BC0      (void*)
	[RSP+230 ] 0x195FC6C91D8      (void*)
	[RSP+238 ] 0x7FF892353911     (void* -> tbbmalloc.dll+0013911	xor ecx, ecx)
	[RSP+240 ] 0xFFFFFFFFFFFFFFFE (size_t) [uint: 18446744073709551614 int: -2]
	[RSP+248 ] 0x197F0894BC0      (void*)
	[RSP+250 ] 0x195FC6C91D8      (void*)
	[RSP+258 ] 0x195FC6C91D8      (void*)
	[RSP+260 ] 0x0                (size_t) [0]
	[RSP+268 ] 0x197F0894A00      (void*)
	[RSP+270 ] 0x0                (size_t) [0]
	[RSP+278 ] 0x7FF6E00F36D1     (void* -> SkyrimSE.exe+12336D1	nop)
	[RSP+280 ] 0xFFFFFFFFFFFFFFFE (size_t) [uint: 18446744073709551614 int: -2]
	[RSP+288 ] 0xFFFFFFFFFFFFFFFE (size_t) [uint: 18446744073709551614 int: -2]
	[RSP+290 ] 0x195FC6C8A70      (void*)
	[RSP+298 ] 0x7FF6DFAE9EB8     (void* -> SkyrimSE.exe+0C29EB8	mov r12, rax)
	[RSP+2A0 ] 0x0                (size_t) [0]
	[RSP+2A8 ] 0x197F0894A00      (void*)
	[RSP+2B0 ] 0x91298FA3E0       (void*)
	[RSP+2B8 ] 0x7FF6E00F714B     (void* -> SkyrimSE.exe+123714B	nop)
	[RSP+2C0 ] 0xFFFFFFFFFFFFFFFE (size_t) [uint: 18446744073709551614 int: -2]
	[RSP+2C8 ] 0x0                (size_t) [0]
	[RSP+2D0 ] 0x195FC6C91D8      (void*)
	[RSP+2D8 ] 0x195FC6C91D8      (void*)
	[RSP+2E0 ] 0x0                (size_t) [0]
	[RSP+2E8 ] 0x1985AC06E24      (void*)
	[RSP+2F0 ] 0x195FC6C91D8      (void*)
	[RSP+2F8 ] 0x7FF6E00F6D9F     (void* -> SkyrimSE.exe+1236D9F	jmp 0x00007FF6E00F6E29)
	[RSP+300 ] 0x195FC6C8A70      (void*)
	[RSP+308 ] 0x195FC6C8A70      (void*)
	[RSP+310 ] 0x0                (size_t) [0]
	[RSP+318 ] 0x7FF6DFAE9EB8     (void* -> SkyrimSE.exe+0C29EB8	mov r12, rax)
	[RSP+320 ] 0xFFFFFFFFFFFFFFFE (size_t) [uint: 18446744073709551614 int: -2]
	[RSP+328 ] 0x7FF892353911     (void* -> tbbmalloc.dll+0013911	xor ecx, ecx)
	[RSP+330 ] 0x7FF6E1E0F460     (void* -> SkyrimSE.exe+2F4F460	add [rax], al)
	[RSP+338 ] 0x7FF6E00F6E9D     (void* -> SkyrimSE.exe+1236E9D	mov ecx, [rdi])
	[RSP+340 ] 0xFFFFFFFF00000014 (size_t) [uint: 18446744069414584340 int: -4294967276]
	[RSP+348 ] 0x195FC6C8A70      (void*)
	[RSP+350 ] 0x1985AC06E34      (void*)
	[RSP+358 ] 0x195FC6C91D8      (void*)
	[RSP+360 ] 0xFFFFFFFFFFFFFFFE (size_t) [uint: 18446744073709551614 int: -2]
	[RSP+368 ] 0x19AFC20EA80      (void*)
	[RSP+370 ] 0x19AFC20EA90      (void*)
	[RSP+378 ] 0xFFFFFFFFFFFFFFFE (size_t) [uint: 18446744073709551614 int: -2]
	[RSP+380 ] 0x10               (size_t) [16]
	[RSP+388 ] 0x197BF11FEC0      (void*)
	[RSP+390 ] 0x195FC6C91D8      (void*)
	[RSP+398 ] 0x197BF11FEE0      (void*)
	[RSP+3A0 ] 0x0                (size_t) [0]
	[RSP+3A8 ] 0x7FF6E0109BF6     (void* -> SkyrimSE.exe+1249BF6	cmp [rbx], eax)
	[RSP+3B0 ] 0x7FF6E1DE80B0     (void* -> SkyrimSE.exe+2F280B0	add [rax], al)
	[RSP+3B8 ] 0x195FC6C91D8      (void*)
	[RSP+3C0 ] 0x0                (size_t) [0]
	[RSP+3C8 ] 0x7FF6E1DE8098     (BSScript::SimpleAllocMemoryPagePolicy*)
	[RSP+3D0 ] 0xFFFFFFFFFFFFFFFE (size_t) [uint: 18446744073709551614 int: -2]
	[RSP+3D8 ] 0x1985AC06DE4      (void*)
	[RSP+3E0 ] 0xFFFFFFFFFFFFFFFE (size_t) [uint: 18446744073709551614 int: -2]
	[RSP+3E8 ] 0x0                (size_t) [0]
	[RSP+3F0 ] 0x0                (size_t) [0]
	[RSP+3F8 ] 0x7FF6E0104775     (void* -> SkyrimSE.exe+1244775	dec edi)
	[RSP+400 ] 0x197BF11FED8      (void*)
	[RSP+408 ] 0x14               (size_t) [20]
	[RSP+410 ] 0x7FF6E1DE80B0     (void* -> SkyrimSE.exe+2F280B0	add [rax], al)
	[RSP+418 ] 0x0                (size_t) [0]
	[RSP+420 ] 0x91298FA318       (void*)
	[RSP+428 ] 0x2                (size_t) [2]
	[RSP+430 ] 0x197BF11FEE0      (void*)
	[RSP+438 ] 0x7FF892353911     (void* -> tbbmalloc.dll+0013911	xor ecx, ecx)
	[RSP+440 ] 0xFFFFFFFFFFFFFFFE (size_t) [uint: 18446744073709551614 int: -2]
	[RSP+448 ] 0x7FF6E0104907     (void* -> SkyrimSE.exe+1244907	mov rbp, [rsp+0x78])
	[RSP+450 ] 0x197BF11FEC0      (void*)
	[RSP+458 ] 0x0                (size_t) [0]
	[RSP+460 ] 0xFFFFFFFFFFFFFFFE (size_t) [uint: 18446744073709551614 int: -2]
	[RSP+468 ] 0x197BF11FEC0      (void*)
	[RSP+470 ] 0x0                (size_t) [0]
	[RSP+478 ] 0x7FF6DEFC259E     (void* -> SkyrimSE.exe+010259E	nop)
	[RSP+480 ] 0x2                (size_t) [2]
	[RSP+488 ] 0xFFFFFFFFFFFFFFFE (size_t) [uint: 18446744073709551614 int: -2]
	[RSP+490 ] 0x197BF11FEC0      (void*)
	[RSP+498 ] 0x0                (size_t) [0]
	[RSP+4A0 ] 0x0                (size_t) [0]
	[RSP+4A8 ] 0x91298FF480       (void*)
	[RSP+4B0 ] 0x91298FA3E0       (void*)
	[RSP+4B8 ] 0x7FF6E0122538     (void* -> SkyrimSE.exe+1262538	movzx r14d, byte ptr [rbp+0x5058])
	[RSP+4C0 ] 0x197BF11FEC0      (void*)
	[RSP+4C8 ] 0x19675A36100      (BSScript::Internal::VirtualMachine*)
	[RSP+4D0 ] 0x7FF600000014     (size_t) [140694538682388]
	[RSP+4D8 ] 0x2                (size_t) [2]
	[RSP+4E0 ] 0x91298FA301       (void*)
	[RSP+4E8 ] 0x91298FA378       (void*)
	[RSP+4F0 ] 0x1973274C4A8      (char*) "InvokeBool"
	[RSP+4F8 ] 0x197327A5C80      (void*)
	[RSP+500 ] 0x0                (size_t) [0]
	[RSP+508 ] 0x19500000001      (size_t) [1739461754881]
	[RSP+510 ] 0x19732543FA0      (NativeFunction3<StaticFunctionTag,void,StringCache::Ref,StringCache::Ref,bool>*)
	[RSP+518 ] 0x0                (size_t) [0]
	[RSP+520 ] 0x0                (size_t) [0]
	[RSP+528 ] 0x7FF800000015     (size_t) [140703128616981]
	[RSP+530 ] 0x197B974F180      (void*)
	[RSP+538 ] 0x197F5BAEEC0      (void*)
	[RSP+540 ] 0x197BF11FEC0      (void*)
	[RSP+548 ] 0x197F5BAEEC0      (void*)
	[RSP+550 ] 0x0                (size_t) [0]
	[RSP+558 ] 0x195FC6C9140      (ScrapHeap*)
	[RSP+560 ] 0x19AFC20EA70      (void*)
	[RSP+568 ] 0x9100000003       (size_t) [622770257923]
	[RSP+570 ] 0x3                (size_t) [3]
	[RSP+578 ] 0x195FC6C91D8      (void*)
	[RSP+580 ] 0xFFFFFFFFFFFFFFFE (size_t) [uint: 18446744073709551614 int: -2]
	[RSP+588 ] 0x7FF6E03E11A8     (void* -> SkyrimSE.exe+15211A8	sahf)
	[RSP+590 ] 0x0                (size_t) [0]
	[RSP+598 ] 0x0                (size_t) [0]
	[RSP+5A0 ] 0x2                (size_t) [2]
	[RSP+5A8 ] 0x1                (size_t) [1]
	[RSP+5B0 ] 0x197CEC35D80      (BSScript::Internal::ScriptFunction*)
	[RSP+5B8 ] 0x0                (size_t) [0]
	[RSP+5C0 ] 0xFFFFFFFF         (size_t) [4294967295]
	[RSP+5C8 ] 0x0                (size_t) [0]
	[RSP+5D0 ] 0x1988ECC4900      (void*)
	[RSP+5D8 ] 0x7FF6E00F6FA1     (void* -> SkyrimSE.exe+1236FA1	test eax, eax)
	[RSP+5E0 ] 0x198D2042080      (void*)
	[RSP+5E8 ] 0x7FF6E00F710E     (void* -> SkyrimSE.exe+123710E	nop)
	[RSP+5F0 ] 0xFFFFFFFFFFFFFFFE (size_t) [uint: 18446744073709551614 int: -2]
	[RSP+5F8 ] 0x0                (size_t) [0]
	[RSP+600 ] 0x198D2042080      (void*)
	[RSP+608 ] 0x7FF6DFAE9EB8     (void* -> SkyrimSE.exe+0C29EB8	mov r12, rax)
	[RSP+610 ] 0xFFFFFFFFFFFFFFFE (size_t) [uint: 18446744073709551614 int: -2]
	[RSP+618 ] 0x0                (size_t) [0]
	[RSP+620 ] 0x91298FA4E8       (void*)
	[RSP+628 ] 0x7FF6E00F6DDA     (void* -> SkyrimSE.exe+1236DDA	jmp 0x00007FF6E00F6E29)
	[RSP+630 ] 0xFFFFFFFFFFFFFFFE (size_t) [uint: 18446744073709551614 int: -2]
	[RSP+638 ] 0x195FC6C91D8      (void*)
	[RSP+640 ] 0x0                (size_t) [0]
	[RSP+648 ] 0x0                (size_t) [0]
	[RSP+650 ] 0x91298FF628       (void*)
	[RSP+658 ] 0x2                (size_t) [2]
	[RSP+660 ] 0x0                (size_t) [0]
	[RSP+668 ] 0x7FF6E01226FE     (void* -> SkyrimSE.exe+12626FE	nop)
	[RSP+670 ] 0x19800000014      (void*)
	[RSP+678 ] 0x198D2042080      (void*)
	[RSP+680 ] 0x91298FA590       (void*)
	[RSP+688 ] 0x91298FA590       (void*)
	[RSP+690 ] 0x91298FA4E8       (void*)
	[RSP+698 ] 0x91298FA528       (void*)
	[RSP+6A0 ] 0x0                (size_t) [0]
	[RSP+6A8 ] 0x1975DBB0F40      (void*)
	[RSP+6B0 ] 0x198D2042080      (void*)
	[RSP+6B8 ] 0x19800000003      (char*) "["
	[RSP+6C0 ] 0x91298FA5D0       (void*)
	[RSP+6C8 ] 0x1975DBB0F40      (void*)
	[RSP+6D0 ] 0x0                (size_t) [0]
	[RSP+6D8 ] 0x9100000014       (size_t) [622770257940]
	[RSP+6E0 ] 0x0                (size_t) [0]
	[RSP+6E8 ] 0x197D2787E00      (void*)
	[RSP+6F0 ] 0x198D205DDE0      (void*)
	[RSP+6F8 ] 0x0                (size_t) [0]
	[RSP+700 ] 0x0                (size_t) [0]
	[RSP+708 ] 0x0                (size_t) [0]
	[RSP+710 ] 0x0                (size_t) [0]
	[RSP+718 ] 0xFFFFFFFF00000000 (size_t) [uint: 18446744069414584320 int: -4294967296]
	[RSP+720 ] 0x19700000000      (void*)
	[RSP+728 ] 0x195FC6C91D8      (void*)
	[RSP+730 ] 0xFFFFFFFFFFFFFFFE (size_t) [uint: 18446744073709551614 int: -2]
	[RSP+738 ] 0x0                (size_t) [0]
	[RSP+740 ] 0x0                (size_t) [0]
	[RSP+748 ] 0x0                (size_t) [0]
	[RSP+750 ] 0x0                (size_t) [0]
	[RSP+758 ] 0x100A000000000    (size_t) [282162171478016]
	[RSP+760 ] 0x9100000000       (size_t) [622770257920]
	[RSP+768 ] 0x195FC6C91D8      (void*)
	[RSP+770 ] 0xFFFFFFFFFFFFFFFE (size_t) [uint: 18446744073709551614 int: -2]
	[RSP+778 ] 0x19B4CE15690      (void*)
	[RSP+780 ] 0x0                (size_t) [0]
	[RSP+788 ] 0x0                (size_t) [0]
	[RSP+790 ] 0x3                (size_t) [3]
	[RSP+798 ] 0x3                (size_t) [3]
	[RSP+7A0 ] 0x1975DCE2E00      (BSScript::Internal::ScriptFunction*)
	[RSP+7A8 ] 0x1975DCE2D80      (BSScript::Internal::ScriptFunction*)
	[RSP+7B0 ] 0xFFFFFFFF         (size_t) [4294967295]
	[RSP+7B8 ] 0x0                (size_t) [0]
	[RSP+7C0 ] 0x92A7F4528200     (size_t) [161250056241664]
	[RSP+7C8 ] 0x91298FA740       (void*)
	[RSP+7D0 ] 0x91298FA810       (void*)
	[RSP+7D8 ] 0x91298FDBA8       (void*)
	[RSP+7E0 ] 0x91298FDD60       (void*)
	[RSP+7E8 ] 0x18               (size_t) [24]
	[RSP+7F0 ] 0x1984BCB7520      (char*) " "
	[RSP+7F8 ] 0x3                (size_t) [3]
	[RSP+800 ] 0x15C              (size_t) [348]
	[RSP+808 ] 0xFFFFFFFFFFFFFFFF (size_t) [uint: 18446744073709551615 int: -1]
	[RSP+810 ] 0x91298FA6C8       (void*)
	[RSP+818 ] 0x7FF6DFDA2150     (void* -> SkyrimSE.exe+0EE2150	test eax, eax)
	[RSP+820 ] 0x7FF6E06ACAF0     (char*) "}""
	[RSP+828 ] 0x0                (size_t) [0]
	[RSP+830 ] 0x0                (size_t) [0]
	[RSP+838 ] 0x1966FD884F0      (void*)
	[RSP+840 ] 0x91298FA700       (void*)
	[RSP+848 ] 0x0                (size_t) [0]
	[RSP+850 ] 0x91298FA6C8       (void*)
	[RSP+858 ] 0x7FF6DFF30401     (void* -> SkyrimSE.exe+1070401	mov [rdx+rdi*1-0x04], ebx)
	[RSP+860 ] 0x1986E79C000      (void*)
	[RSP+868 ] 0x91298FDD60       (void*)
	[RSP+870 ] 0x0                (size_t) [0]
	[RSP+878 ] 0x91298FA799       (void*)
	[RSP+880 ] 0x91298FDD18       (void*)
	[RSP+888 ] 0x7FF6DFE17108     (void* -> SkyrimSE.exe+0F57108	add rsp, 0x80)
	[RSP+890 ] 0x0                (size_t) [0]
	[RSP+898 ] 0x1986E79B430      (void*)
	[RSP+8A0 ] 0x91298FA700       (void*)
	[RSP+8A8 ] 0x0                (size_t) [0]
	[RSP+8B0 ] 0x91298FD938       (void*)
	[RSP+8B8 ] 0x91298FD918       (void*)
	[RSP+8C0 ] 0x200              (size_t) [512]
	[RSP+8C8 ] 0x7FF6DFF302CC     (void* -> SkyrimSE.exe+10702CC	mov rax, [rsp+0x60])
	[RSP+8D0 ] 0x91298FC918       (void*)
	[RSP+8D8 ] 0x7FF6DFE1726C     (void* -> SkyrimSE.exe+0F5726C	jmp 0x00007FF6DFE172AD)
	[RSP+8E0 ] 0x91298FC918       (void*)
	[RSP+8E8 ] 0x91298FC918       (void*)
	[RSP+8F0 ] 0xB0               (size_t) [176]
	[RSP+8F8 ] 0x7FF6DFF302CC     (void* -> SkyrimSE.exe+10702CC	mov rax, [rsp+0x60])
	[RSP+900 ] 0x4                (size_t) [4]
	[RSP+908 ] 0xB                (size_t) [11]
	[RSP+910 ] 0x1986DBF6680      (void*)
	[RSP+918 ] 0x7FF6DFE17BF8     (void* -> SkyrimSE.exe+0F57BF8	mov rsi, [rsp+0xA0])
	[RSP+920 ] 0x1                (size_t) [1]
	[RSP+928 ] 0x8080             (size_t) [32896]
	[RSP+930 ] 0xB0               (size_t) [176]
	[RSP+938 ] 0xAD               (size_t) [173]
	[RSP+940 ] 0x91298FA950       (void*)
	[RSP+948 ] 0x7FF6DFEC0721     (void* -> SkyrimSE.exe+1000721	mov rcx, rax)
	[RSP+950 ] 0x1967347D198      (void*)
	[RSP+958 ] 0x1984BCC11F8      (void*)
	[RSP+960 ] 0x91298FA7D0       (void*)
	[RSP+968 ] 0x91298FF800       (void*)
	[RSP+970 ] 0x7FF902457000     (void* -> ucrtbase.dll+0137000	in al, dx)
	[RSP+978 ] 0x7FF6DFF3044D     (void* -> SkyrimSE.exe+107044D	mov rbx, [rsp+0x50])
	[RSP+980 ] 0x1986DBF7000      (void*)
	[RSP+988 ] 0x91298FA950       (void*)
	[RSP+990 ] 0x1967347D198      (void*)
	[RSP+998 ] 0x7FF6DFEBFD20     (void* -> SkyrimSE.exe+0FFFD20	jmp 0x00007FF6DFEBFD2D)
	[RSP+9A0 ] 0x1                (size_t) [1]
	[RSP+9A8 ] 0x91298FF800       (void*)
	[RSP+9B0 ] 0x1                (size_t) [1]
	[RSP+9B8 ] 0x198949302D0      (void*)
	[RSP+9C0 ] 0x8080             (size_t) [32896]
	[RSP+9C8 ] 0x7FF6DFEBFDCC     (void* -> SkyrimSE.exe+0FFFDCC	sub qword ptr [rdi+0x20], 0x01)
	[RSP+9D0 ] 0x1                (size_t) [1]
	[RSP+9D8 ] 0x198949302D0      (void*)
	[RSP+9E0 ] 0x1967347D0C0      (void*)
	[RSP+9E8 ] 0x1986DBF6480      (void*)
	[RSP+9F0 ] 0x1986DC31460      (void*)
	[RSP+9F8 ] 0x7FF6DFE07445     (void* -> SkyrimSE.exe+0F47445	mov rbx, [rsp+0x30])
	[RSP+A00 ] 0x0                (size_t) [0]
	[RSP+A08 ] 0x1986DBF6480      (void*)
	[RSP+A10 ] 0x7FFFFFFFFFFFFFFF (size_t) [9223372036854775807]
	[RSP+A18 ] 0x0                (size_t) [0]
	[RSP+A20 ] 0x198949306E0      (void*)
	[RSP+A28 ] 0x7FF6DFEE3DCB     (void* -> SkyrimSE.exe+1023DCB	lea r11, [rsp+0x4F10])
	[RSP+A30 ] 0x0                (size_t) [0]
	[RSP+A38 ] 0x91298FA950       (void*)
	[RSP+A40 ] 0x1A               (size_t) [26]
	[RSP+A48 ] 0x1A               (size_t) [26]
	[RSP+A50 ] 0x1967347D100      (void*)
	[RSP+A58 ] 0x1986DBF6480      (void*)
	[RSP+A60 ] 0x9D               (size_t) [157]
	[RSP+A68 ] 0x200              (size_t) [512]
	[RSP+A70 ] 0x200              (size_t) [512]
	[RSP+A78 ] 0x7FF6DFF30400     (void* -> SkyrimSE.exe+1070400	mov [r10+rdi*1-0x04], r11d)
	[RSP+A80 ] 0x1967347D0C0      (void*)
	[RSP+A88 ] 0x198949302D0      (void*)
	[RSP+A90 ] 0x1967347D198      (void*)
	[RSP+A98 ] 0x198949306E0      (void*)
	[RSP+AA0 ] 0x1                (size_t) [1]
	[RSP+AA8 ] 0x0                (size_t) [0]
	[RSP+AB0 ] 0x19894930700      (void*)
	[RSP+AB8 ] 0x1984BCC11F8      (void*)
	[RSP+AC0 ] 0x1984BCC11E0      (void*)
	[RSP+AC8 ] 0x19681CD3600      (char*) "
"
	[RSP+AD0 ] 0x1                (size_t) [1]
	[RSP+AD8 ] 0x1                (size_t) [1]
	[RSP+AE0 ] 0x91298FF800       (void*)
	[RSP+AE8 ] 0x0                (size_t) [0]
	[RSP+AF0 ] 0x1966BBB19C0      (char*) " "
	[RSP+AF8 ] 0x0                (size_t) [0]
	[RSP+B00 ] 0x2                (size_t) [2]
	[RSP+B08 ] 0x198949302D0      (void*)
	[RSP+B10 ] 0x19894930700      (void*)
	[RSP+B18 ] 0x19894930700      (void*)
	[RSP+B20 ] 0x1                (size_t) [1]
	[RSP+B28 ] 0x198949306E0      (void*)
	[RSP+B30 ] 0x2                (size_t) [2]
	[RSP+B38 ] 0x91298FBC71       (void*)
	[RSP+B40 ] 0x19B00FFA0F0      (char*) "Menu_mc"
	[RSP+B48 ] 0x200000125        (size_t) [8589934885]
	[RSP+B50 ] 0x19B2780F38C      (void*)
	[RSP+B58 ] 0x1                (size_t) [1]
	[RSP+B60 ] 0x91298FA878       (void*)
	[RSP+B68 ] 0x7                (size_t) [7]
	[RSP+B70 ] 0x9100000001       (size_t) [622770257921]
	[RSP+B78 ] 0x91298FA878       (void*)
	[RSP+B80 ] 0x19B09729000      (void*)
	[RSP+B88 ] 0x7FF600000001     (size_t) [140694538682369]
	[RSP+B90 ] 0x91298FA878       (void*)
	[RSP+B98 ] 0x91298FBB90       (void*)
	[RSP+BA0 ] 0x91298FBFC8       (void*)
	[RSP+BA8 ] 0x7FF6DFF302CC     (void* -> SkyrimSE.exe+10702CC	mov rax, [rsp+0x60])
	[RSP+BB0 ] 0x0                (size_t) [0]
	[RSP+BB8 ] 0x3                (size_t) [3]
	[RSP+BC0 ] 0x19B2780F380      (void*)
	[RSP+BC8 ] 0x2                (size_t) [2]
	[RSP+BD0 ] 0x1                (size_t) [1]
	[RSP+BD8 ] 0x91298FA878       (void*)
	[RSP+BE0 ] 0x0                (size_t) [0]
	[RSP+BE8 ] 0x0                (size_t) [0]
	[RSP+BF0 ] 0x0                (size_t) [0]
	[RSP+BF8 ] 0x0                (size_t) [0]
	[RSP+C00 ] 0x0                (size_t) [0]
	[RSP+C08 ] 0x0                (size_t) [0]
	[RSP+C10 ] 0x91298FAA80       (void*)
	[RSP+C18 ] 0x7FF9025F5A8B     (void* -> KERNELBASE.dll+00C5A8B	nop [rax+rax*1], eax)
	[RSP+C20 ] 0x91298FAA90       (void*)
	[RSP+C28 ] 0x7FF6DFF3044D     (void* -> SkyrimSE.exe+107044D	mov rbx, [rsp+0x50])
	[RSP+C30 ] 0x1                (size_t) [1]
	[RSP+C38 ] 0x91298FA878       (void*)
	[RSP+C40 ] 0x0                (size_t) [0]
	[RSP+C48 ] 0x7FF800000001     (size_t) [140703128616961]
	[RSP+C50 ] 0x91298FA878       (void*)
	[RSP+C58 ] 0x19AF77B6C10      (void*)
	[RSP+C60 ] 0x1                (size_t) [1]
	[RSP+C68 ] 0x91298FA878       (void*)
	[RSP+C70 ] 0x1986CFE1880      (void*)
	[RSP+C78 ] 0x19800000001      (void*)
	[RSP+C80 ] 0x91298FA878       (void*)
	[RSP+C88 ] 0x0                (size_t) [0]
	[RSP+C90 ] 0x0                (size_t) [0]
	[RSP+C98 ] 0x7FF8EE9D97B5     (void* -> nvwgf2umx.dll+05697B5	mov edi, eax)
	[RSP+CA0 ] 0x195AF879F60      (void*)
	[RSP+CA8 ] 0x1                (size_t) [1]
	[RSP+CB0 ] 0x91298FA878       (void*)
	[RSP+CB8 ] 0x40               (size_t) [64]
	[RSP+CC0 ] 0x195AF879F60      (void*)
	[RSP+CC8 ] 0x7FF8EE9D9961     (void* -> nvwgf2umx.dll+0569961	cmp dword ptr [rbx+0x2C0], 0x08)
	[RSP+CD0 ] 0x200              (size_t) [512]
	[RSP+CD8 ] 0x1                (size_t) [1]
	[RSP+CE0 ] 0x91298FA878       (void*)
	[RSP+CE8 ] 0x1986DBD17F0      (void*)
	[RSP+CF0 ] 0x9100000001       (size_t) [622770257921]
	[RSP+CF8 ] 0x91298FA878       (void*)
	[RSP+D00 ] 0x195AFE8E380      (void*)
	[RSP+D08 ] 0x0                (size_t) [0]
	[RSP+D10 ] 0x40               (size_t) [64]
	[RSP+D18 ] 0x0                (size_t) [0]
	[RSP+D20 ] 0x91298FAC50       (void*)
	[RSP+D28 ] 0x7FF8FF8960FB     (void* -> d3d11.dll+01860FB	add rsp, 0x1C8)
	[RSP+D30 ] 0x195AF870050      (void*)
	[RSP+D38 ] 0x91298FAC50       (void*)
	[RSP+D40 ] 0x0                (size_t) [0]
	[RSP+D48 ] 0x195AF870050      (void*)
	[RSP+D50 ] 0x91298FAD90       (void*)
	[RSP+D58 ] 0x7                (size_t) [7]
	[RSP+D60 ] 0x91298FB940       (void*)
	[RSP+D68 ] 0x7FF6DFD94E41     (void* -> SkyrimSE.exe+0ED4E41	mov r14, [rsp+0x68])
	[RSP+D70 ] 0x7                (size_t) [7]
	[RSP+D78 ] 0x91298FBAA0       (void*)
	[RSP+D80 ] 0x4000000000       (size_t) [274877906944]
	[RSP+D88 ] 0x195C48844F8      (void*)
	[RSP+D90 ] 0x19800000000      (void*)
	[RSP+D98 ] 0x91298FAE90       (void*)
	[RSP+DA0 ] 0x0                (size_t) [0]
	[RSP+DA8 ] 0x91298FAD90       (void*)
	[RSP+DB0 ] 0x91298FB940       (void*)
	[RSP+DB8 ] 0x195AFE8E380      (void*)
	[RSP+DC0 ] 0x19B09729000      (void*)
	[RSP+DC8 ] 0x7FF6DFDCB786     (void* -> SkyrimSE.exe+0F0B786	mov rbx, [rsp+0x470])
	[RSP+DD0 ] 0x8                (size_t) [8]
	[RSP+DD8 ] 0x195C48844F8      (void*)
	[RSP+DE0 ] 0x195AF870050      (void*)
	[RSP+DE8 ] 0x8                (size_t) [8]
	[RSP+DF0 ] 0x0                (size_t) [0]
	[RSP+DF8 ] 0x7FF8FF87175B     (void* -> d3d11.dll+016175B	add rsp, 0xF8)
	[RSP+E00 ] 0x195AFE89B20      (void*)
	[RSP+E08 ] 0x195AFDB2468      (void*)
	[RSP+E10 ] 0x195AF879F60      (void*)
	[RSP+E18 ] 0x195AFDB2468      (void*)
	[RSP+E20 ] 0x195AFDB2468      (void*)
	[RSP+E28 ] 0x0                (size_t) [0]
	[RSP+E30 ] 0x0                (size_t) [0]
	[RSP+E38 ] 0x7FF800000008     (size_t) [140703128616968]
	[RSP+E40 ] 0x91298FAD60       (void*)
	[RSP+E48 ] 0x7FF8FF86AC4B     (void* -> d3d11.dll+015AC4B	nop)
	[RSP+E50 ] 0x0                (size_t) [0]
	[RSP+E58 ] 0xE                (size_t) [14]
	[RSP+E60 ] 0x91298FAD60       (void*)
	[RSP+E68 ] 0x7FF8FF86AC4B     (void* -> d3d11.dll+015AC4B	nop)
	[RSP+E70 ] 0x80               (size_t) [128]
	[RSP+E78 ] 0x0                (size_t) [0]
	[RSP+E80 ] 0x7F               (size_t) [127]
	[RSP+E88 ] 0x195AF870050      (void*)
	[RSP+E90 ] 0x91298FAD20       (void*)
	[RSP+E98 ] 0x7FF8FF8B1590     (void* -> d3d11.dll+01A1590	nop)
	[RSP+EA0 ] 0xFFFFFEFB79A71270 (size_t) [uint: 18446742954764079728 int: -1118945471888]
	[RSP+EA8 ] 0x7FF8FF775764     (void* -> d3d11.dll+0065764	nop)
	[RSP+EB0 ] 0x91298FAD90       (void*)
	[RSP+EB8 ] 0x195AFE89B20      (void*)
	[RSP+EC0 ] 0x0                (size_t) [0]
	[RSP+EC8 ] 0x91298FAD90       (void*)
	[RSP+ED0 ] 0x195AF877ED0      (void*)
	[RSP+ED8 ] 0x7FF8406920C0     (void* -> dxgi.dll+00F20C0	mov [r14], r15)
	[RSP+EE0 ] 0x56F559664D48     (size_t) [95611766852936]
	[RSP+EE8 ] 0x1800000000       (size_t) [103079215104]
	[RSP+EF0 ] 0x2000A4           (size_t) [2097316]
	[RSP+EF8 ] 0x195C33C4F70      (void*)
	[RSP+F00 ] 0x195C33C4F70      (void*)
	[RSP+F08 ] 0x195B36E2E20      (void*)
	[RSP+F10 ] 0x195C33C4F70      (void*)
	[RSP+F18 ] 0x195B36E2E20      (void*)
	[RSP+F20 ] 0x195C33C4F68      (void*)
	[RSP+F28 ] 0x195C2045620      (void*)
	[RSP+F30 ] 0x0                (size_t) [0]
	[RSP+F38 ] 0x7FF8406912C8     (void* -> dxgi.dll+00F12C8	mov rcx, [rsp+0x4AB0])
	[RSP+F40 ] 0x195AFE89B20      (void*)
	[RSP+F48 ] 0x91298FF910       (void*)
	[RSP+F50 ] 0x0                (size_t) [0]
	[RSP+F58 ] 0x0                (size_t) [0]
	[RSP+F60 ] 0x91298FAD90       (void*)
	[RSP+F68 ] 0x195AFE89CC0      (void*)
	[RSP+F70 ] 0xFFFFFFFF0000B100 (size_t) [uint: 18446744069414629632 int: -4294921984]
	[RSP+F78 ] 0x0                (size_t) [0]
	[RSP+F80 ] 0x0                (size_t) [0]
	[RSP+F88 ] 0xFFFFFFFF00000000 (size_t) [uint: 18446744069414584320 int: -4294967296]
	[RSP+F90 ] 0x0                (size_t) [0]
	[RSP+F98 ] 0x0                (size_t) [0]
	[RSP+FA0 ] 0x0                (size_t) [0]
	[RSP+FA8 ] 0x0                (size_t) [0]
	[RSP+FB0 ] 0x0                (size_t) [0]
	[RSP+FB8 ] 0x0                (size_t) [0]
	[RSP+FC0 ] 0x0                (size_t) [0]
	[RSP+FC8 ] 0x0                (size_t) [0]
	[RSP+FD0 ] 0x0                (size_t) [0]
	[RSP+FD8 ] 0x0                (size_t) [0]
	[RSP+FE0 ] 0x0                (size_t) [0]
	[RSP+FE8 ] 0x0                (size_t) [0]
	[RSP+FF0 ] 0x0                (size_t) [0]
	[RSP+FF8 ] 0x0                (size_t) [0]
	[RSP+1000] 0x0                (size_t) [0]
	[RSP+1008] 0x0                (size_t) [0]
	[RSP+1010] 0x0                (size_t) [0]
	[RSP+1018] 0x0                (size_t) [0]
	[RSP+1020] 0x0                (size_t) [0]
	[RSP+1028] 0x0                (size_t) [0]
	[RSP+1030] 0x0                (size_t) [0]
	[RSP+1038] 0x0                (size_t) [0]
	[RSP+1040] 0x0                (size_t) [0]
	[RSP+1048] 0x0                (size_t) [0]
	[RSP+1050] 0x0                (size_t) [0]
	[RSP+1058] 0x0                (size_t) [0]
	[RSP+1060] 0x0                (size_t) [0]
	[RSP+1068] 0x0                (size_t) [0]
	[RSP+1070] 0x0                (size_t) [0]
	[RSP+1078] 0x0                (size_t) [0]
	[RSP+1080] 0x0                (size_t) [0]
	[RSP+1088] 0x0                (size_t) [0]
	[RSP+1090] 0x0                (size_t) [0]
	[RSP+1098] 0x0                (size_t) [0]
	[RSP+10A0] 0x0                (size_t) [0]
	[RSP+10A8] 0x0                (size_t) [0]
	[RSP+10B0] 0x0                (size_t) [0]
	[RSP+10B8] 0x0                (size_t) [0]
	[RSP+10C0] 0x0                (size_t) [0]
	[RSP+10C8] 0x0                (size_t) [0]
	[RSP+10D0] 0x0                (size_t) [0]
	[RSP+10D8] 0x0                (size_t) [0]
	[RSP+10E0] 0x0                (size_t) [0]
	[RSP+10E8] 0x0                (size_t) [0]
	[RSP+10F0] 0x0                (size_t) [0]
	[RSP+10F8] 0x0                (size_t) [0]
	[RSP+1100] 0x0                (size_t) [0]
	[RSP+1108] 0x0                (size_t) [0]
	[RSP+1110] 0x7FF6E067B100     (void* -> SkyrimSE.exe+17BB100	)
	[RSP+1118] 0x300000125        (size_t) [12884902181]
	[RSP+1120] 0xB                (size_t) [11]
	[RSP+1128] 0xFFFFFFFFFFFFFFFF (size_t) [uint: 18446744073709551615 int: -1]
	[RSP+1130] 0x0                (size_t) [0]
	[RSP+1138] 0x9100000001       (size_t) [622770257921]
	[RSP+1140] 0x91298FA878       (void*)
	[RSP+1148] 0x195AFE8E380      (void*)
	[RSP+1150] 0x3                (size_t) [3]
	[RSP+1158] 0x0                (size_t) [0]
	[RSP+1160] 0x0                (size_t) [0]
	[RSP+1168] 0x0                (size_t) [0]
	[RSP+1170] 0x19600000000      (void*)
	[RSP+1178] 0x7FF6E06AC968     (char*) " INDENT="{0}""
	[RSP+1180] 0x91298FA909       (void*)
	[RSP+1188] 0x2                (size_t) [2]
	[RSP+1190] 0x91298FB118       (void*)
	[RSP+1198] 0x7FF6E06AC901     (void* -> SkyrimSE.exe+17EC901	add [rax], ah)
	[RSP+11A0] 0x19600000000      (void*)
	[RSP+11A8] 0x7FF6E06AC974     (char*) """
	[RSP+11B0] 0x7FF6E06AC901     (void* -> SkyrimSE.exe+17EC901	add [rax], ah)
	[RSP+11B8] 0x0                (size_t) [0]
	[RSP+11C0] 0x0                (size_t) [0]
	[RSP+11C8] 0x0                (size_t) [0]
	[RSP+11D0] 0x0                (size_t) [0]
	[RSP+11D8] 0x0                (size_t) [0]
	[RSP+11E0] 0x0                (size_t) [0]
	[RSP+11E8] 0x0                (size_t) [0]
	[RSP+11F0] 0x0                (size_t) [0]
	[RSP+11F8] 0x0                (size_t) [0]
	[RSP+1200] 0x0                (size_t) [0]
	[RSP+1208] 0x0                (size_t) [0]
	[RSP+1210] 0x0                (size_t) [0]
	[RSP+1218] 0x0                (size_t) [0]
	[RSP+1220] 0x0                (size_t) [0]
	[RSP+1228] 0x0                (size_t) [0]
	[RSP+1230] 0x0                (size_t) [0]
	[RSP+1238] 0x0                (size_t) [0]
	[RSP+1240] 0x0                (size_t) [0]
	[RSP+1248] 0x0                (size_t) [0]
	[RSP+1250] 0x0                (size_t) [0]
	[RSP+1258] 0x0                (size_t) [0]
	[RSP+1260] 0x0                (size_t) [0]
	[RSP+1268] 0x0                (size_t) [0]
	[RSP+1270] 0x0                (size_t) [0]
	[RSP+1278] 0x0                (size_t) [0]
	[RSP+1280] 0x0                (size_t) [0]
	[RSP+1288] 0x0                (size_t) [0]
	[RSP+1290] 0x0                (size_t) [0]
	[RSP+1298] 0x0                (size_t) [0]
	[RSP+12A0] 0x0                (size_t) [0]
	[RSP+12A8] 0x0                (size_t) [0]
	[RSP+12B0] 0x0                (size_t) [0]
	[RSP+12B8] 0x0                (size_t) [0]
	[RSP+12C0] 0x0                (size_t) [0]
	[RSP+12C8] 0x0                (size_t) [0]
	[RSP+12D0] 0x0                (size_t) [0]
	[RSP+12D8] 0x0                (size_t) [0]
	[RSP+12E0] 0x0                (size_t) [0]
	[RSP+12E8] 0x0                (size_t) [0]
	[RSP+12F0] 0x0                (size_t) [0]
	[RSP+12F8] 0x7FF6E0681268     (void* -> SkyrimSE.exe+17C1268	add [rax-0x1F], ch)
	[RSP+1300] 0x91298FAF30       (void*)
	[RSP+1308] 0x1                (size_t) [1]
	[RSP+1310] 0x7FF6E067B100     (void* -> SkyrimSE.exe+17BB100	)
	[RSP+1318] 0x1002000000021    (size_t) [281612415664161]
	[RSP+1320] 0x91298FB173       (char*) "0"
	[RSP+1328] 0x10000000A        (size_t) [4294967306]
	[RSP+1330] 0x0                (size_t) [0]
	[RSP+1338] 0x0                (size_t) [0]
	[RSP+1340] 0x0                (size_t) [0]
	[RSP+1348] 0x0                (size_t) [0]
	[RSP+1350] 0x30000000         (size_t) [805306368]
	[RSP+1358] 0x0                (size_t) [0]
	[RSP+1360] 0x0                (size_t) [0]
	[RSP+1368] 0x0                (size_t) [0]
	[RSP+1370] 0x0                (size_t) [0]
	[RSP+1378] 0x0                (size_t) [0]
	[RSP+1380] 0x0                (size_t) [0]
	[RSP+1388] 0x0                (size_t) [0]
	[RSP+1390] 0x0                (size_t) [0]
	[RSP+1398] 0x0                (size_t) [0]
	[RSP+13A0] 0x0                (size_t) [0]
	[RSP+13A8] 0x0                (size_t) [0]
	[RSP+13B0] 0x0                (size_t) [0]
	[RSP+13B8] 0x0                (size_t) [0]
	[RSP+13C0] 0x0                (size_t) [0]
	[RSP+13C8] 0x0                (size_t) [0]
	[RSP+13D0] 0x0                (size_t) [0]
	[RSP+13D8] 0x0                (size_t) [0]
	[RSP+13E0] 0x0                (size_t) [0]
	[RSP+13E8] 0x0                (size_t) [0]
	[RSP+13F0] 0x0                (size_t) [0]
	[RSP+13F8] 0x0                (size_t) [0]
	[RSP+1400] 0x0                (size_t) [0]
	[RSP+1408] 0x0                (size_t) [0]
	[RSP+1410] 0x0                (size_t) [0]
	[RSP+1418] 0x0                (size_t) [0]
	[RSP+1420] 0x0                (size_t) [0]
	[RSP+1428] 0x0                (size_t) [0]
	[RSP+1430] 0x0                (size_t) [0]
	[RSP+1438] 0x0                (size_t) [0]
	[RSP+1440] 0x0                (size_t) [0]
	[RSP+1448] 0x0                (size_t) [0]
	[RSP+1450] 0x0                (size_t) [0]
	[RSP+1458] 0x0                (size_t) [0]
	[RSP+1460] 0x0                (size_t) [0]
	[RSP+1468] 0x0                (size_t) [0]
	[RSP+1470] 0x0                (size_t) [0]
	[RSP+1478] 0x0                (size_t) [0]
	[RSP+1480] 0x0                (size_t) [0]
	[RSP+1488] 0x0                (size_t) [0]
	[RSP+1490] 0x0                (size_t) [0]
	[RSP+1498] 0x0                (size_t) [0]
	[RSP+14A0] 0x0                (size_t) [0]
	[RSP+14A8] 0x0                (size_t) [0]
	[RSP+14B0] 0x0                (size_t) [0]
	[RSP+14B8] 0x0                (size_t) [0]
	[RSP+14C0] 0x0                (size_t) [0]
	[RSP+14C8] 0x0                (size_t) [0]
	[RSP+14D0] 0x0                (size_t) [0]
	[RSP+14D8] 0x0                (size_t) [0]
	[RSP+14E0] 0x0                (size_t) [0]
	[RSP+14E8] 0x0                (size_t) [0]
	[RSP+14F0] 0x0                (size_t) [0]
	[RSP+14F8] 0x91298FB178       (void*)
	[RSP+1500] 0x1A0              (size_t) [416]
	[RSP+1508] 0x0                (size_t) [0]
	[RSP+1510] 0x0                (size_t) [0]
	[RSP+1518] 0x0                (size_t) [0]
	[RSP+1520] 0x0                (size_t) [0]
	[RSP+1528] 0x0                (size_t) [0]
	[RSP+1530] 0x0                (size_t) [0]
	[RSP+1538] 0x0                (size_t) [0]
	[RSP+1540] 0x0                (size_t) [0]
	[RSP+1548] 0x0                (size_t) [0]
	[RSP+1550] 0x0                (size_t) [0]
	[RSP+1558] 0x0                (size_t) [0]
	[RSP+1560] 0x0                (size_t) [0]
	[RSP+1568] 0x0                (size_t) [0]
	[RSP+1570] 0x0                (size_t) [0]
	[RSP+1578] 0x0                (size_t) [0]
	[RSP+1580] 0x0                (size_t) [0]
	[RSP+1588] 0x0                (size_t) [0]
	[RSP+1590] 0x0                (size_t) [0]
	[RSP+1598] 0x0                (size_t) [0]
	[RSP+15A0] 0x0                (size_t) [0]
	[RSP+15A8] 0x0                (size_t) [0]
	[RSP+15B0] 0x0                (size_t) [0]
	[RSP+15B8] 0x0                (size_t) [0]
	[RSP+15C0] 0x0                (size_t) [0]
	[RSP+15C8] 0x0                (size_t) [0]
	[RSP+15D0] 0x0                (size_t) [0]
	[RSP+15D8] 0x0                (size_t) [0]
	[RSP+15E0] 0x0                (size_t) [0]
	[RSP+15E8] 0x0                (size_t) [0]
	[RSP+15F0] 0x0                (size_t) [0]
	[RSP+15F8] 0x0                (size_t) [0]
	[RSP+1600] 0x0                (size_t) [0]
	[RSP+1608] 0x0                (size_t) [0]
	[RSP+1610] 0x0                (size_t) [0]
	[RSP+1618] 0x0                (size_t) [0]
	[RSP+1620] 0x0                (size_t) [0]
	[RSP+1628] 0x0                (size_t) [0]
	[RSP+1630] 0x0                (size_t) [0]
	[RSP+1638] 0x0                (size_t) [0]
	[RSP+1640] 0x0                (size_t) [0]
	[RSP+1648] 0x0                (size_t) [0]
	[RSP+1650] 0x0                (size_t) [0]
	[RSP+1658] 0x0                (size_t) [0]
	[RSP+1660] 0x0                (size_t) [0]
	[RSP+1668] 0x0                (size_t) [0]
	[RSP+1670] 0x0                (size_t) [0]
	[RSP+1678] 0x0                (size_t) [0]
	[RSP+1680] 0x0                (size_t) [0]
	[RSP+1688] 0x0                (size_t) [0]
	[RSP+1690] 0x0                (size_t) [0]
	[RSP+1698] 0x0                (size_t) [0]
	[RSP+16A0] 0x0                (size_t) [0]
	[RSP+16A8] 0x0                (size_t) [0]
	[RSP+16B0] 0x0                (size_t) [0]
	[RSP+16B8] 0x0                (size_t) [0]
	[RSP+16C0] 0x0                (size_t) [0]
	[RSP+16C8] 0x0                (size_t) [0]
	[RSP+16D0] 0x195FC63D140      (void*)
	[RSP+16D8] 0x195FC6004A0      (void*)
	[RSP+16E0] 0x0                (size_t) [0]
	[RSP+16E8] 0x0                (size_t) [0]
	[RSP+16F0] 0x0                (size_t) [0]
	[RSP+16F8] 0x3E10             (size_t) [15888]
	[RSP+1700] 0x0                (size_t) [0]
	[RSP+1708] 0x195FC600CC0      (char*) "|"
	[RSP+1710] 0x0                (size_t) [0]
	[RSP+1718] 0x0                (size_t) [0]
	[RSP+1720] 0x0                (size_t) [0]
	[RSP+1728] 0x0                (size_t) [0]
	[RSP+1730] 0x3C30             (size_t) [15408]
	[RSP+1738] 0x195FC6C0000      (void*)
	[RSP+1740] 0x3C3              (size_t) [963]
	[RSP+1748] 0x8                (size_t) [8]
	[RSP+1750] 0x3C28             (size_t) [15400]
	[RSP+1758] 0x7FF904DAF2A4     (void* -> ntdll.dll+000F2A4	mov rbp, rax)
	[RSP+1760] 0x195FC600000      (void*)
	[RSP+1768] 0x0                (size_t) [0]
	[RSP+1770] 0x3C28             (size_t) [15400]
	[RSP+1778] 0x0                (size_t) [0]
	[RSP+1780] 0x0                (size_t) [0]
	[RSP+1788] 0x0                (size_t) [0]
	[RSP+1790] 0x0                (size_t) [0]
	[RSP+1798] 0x0                (size_t) [0]
	[RSP+17A0] 0x0                (size_t) [0]
	[RSP+17A8] 0x0                (size_t) [0]
	[RSP+17B0] 0x0                (size_t) [0]
	[RSP+17B8] 0x3C28             (size_t) [15400]
	[RSP+17C0] 0x0                (size_t) [0]
	[RSP+17C8] 0x7FF8ED6E5D50     (void* -> nvapi64.dll+04E5D50	push rax)
	[RSP+17D0] 0x0                (size_t) [0]
	[RSP+17D8] 0x195FC6C0000      (void*)
	[RSP+17E0] 0x91298FB850       (void*)
	[RSP+17E8] 0x7FF904DAF164     (void* -> ntdll.dll+000F164	mov r14, rax)
	[RSP+17F0] 0x2                (size_t) [2]
	[RSP+17F8] 0x0                (size_t) [0]
	[RSP+1800] 0x0                (size_t) [0]
	[RSP+1808] 0x0                (size_t) [0]
	[RSP+1810] 0x0                (size_t) [0]
	[RSP+1818] 0x0                (size_t) [0]
	[RSP+1820] 0x0                (size_t) [0]
	[RSP+1828] 0x0                (size_t) [0]
	[RSP+1830] 0x0                (size_t) [0]
	[RSP+1838] 0x0                (size_t) [0]
	[RSP+1840] 0x0                (size_t) [0]
	[RSP+1848] 0x0                (size_t) [0]
	[RSP+1850] 0x0                (size_t) [0]
	[RSP+1858] 0x0                (size_t) [0]
	[RSP+1860] 0x0                (size_t) [0]
	[RSP+1868] 0x0                (size_t) [0]
	[RSP+1870] 0x198D05F6070      (void*)
	[RSP+1878] 0x7FF8ED6E5D50     (void* -> nvapi64.dll+04E5D50	push rax)
	[RSP+1880] 0x195AFDAB540      (void*)
	[RSP+1888] 0x195C32AA880      (void*)
	[RSP+1890] 0x91298FB850       (void*)
	[RSP+1898] 0x7FF8EED7D910     (void* -> nvwgf2umx.dll+090D910	add rsp, 0x68)
	[RSP+18A0] 0x7FF8EF8EEF00     (char*) "G"
	[RSP+18A8] 0x5254535300004264 (size_t) [5932458225101193828]
	[RSP+18B0] 0x52545353000042A3 (size_t) [5932458225101193891]
	[RSP+18B8] 0x195AF87AD80      (void*)
	[RSP+18C0] 0x195C4883BF0      (void*)
	[RSP+18C8] 0x7FF8FF712698     (void* -> d3d11.dll+0002698	mov r8d, [rbx+0x08])
	[RSP+18D0] 0x1                (size_t) [1]
	[RSP+18D8] 0x195C4883C48      (void*)
	[RSP+18E0] 0x195C4884440      (void*)
	[RSP+18E8] 0x7FF8FF728643     (void* -> d3d11.dll+0018643	jmp 0x00007FF8FF72850D)
	[RSP+18F0] 0x91298FB7C0       (void*)
	[RSP+18F8] 0xFE33082DEE4      (size_t) [17468445875940]
	[RSP+1900] 0x7FF8ED6E5D50     (void* -> nvapi64.dll+04E5D50	push rax)
	[RSP+1908] 0x0                (size_t) [0]
	[RSP+1910] 0x7FF6E067B100     (void* -> SkyrimSE.exe+17BB100	)
	[RSP+1918] 0x300000125        (size_t) [12884902181]
	[RSP+1920] 0xF                (size_t) [15]
	[RSP+1928] 0xFFFFFFFFFFFFFFFF (size_t) [uint: 18446744073709551615 int: -1]
	[RSP+1930] 0x0                (size_t) [0]
	[RSP+1938] 0x1                (size_t) [1]
	[RSP+1940] 0x91298FA878       (void*)
	[RSP+1948] 0x7                (size_t) [7]
	[RSP+1950] 0x3                (size_t) [3]
	[RSP+1958] 0x0                (size_t) [0]
	[RSP+1960] 0x0                (size_t) [0]
	[RSP+1968] 0x0                (size_t) [0]
	[RSP+1970] 0x19500000000      (size_t) [1739461754880]
	[RSP+1978] 0x7FF6E06AC990     (char*) " LEFTMARGIN="{0}""
	[RSP+1980] 0x7FF90245700D     (void* -> ucrtbase.dll+013700D	jnle 0x00007FF90245700F)
	[RSP+1988] 0x2                (size_t) [2]
	[RSP+1990] 0x91298FB918       (void*)
	[RSP+1998] 0x7FF6E06AC901     (void* -> SkyrimSE.exe+17EC901	add [rax], ah)
	[RSP+19A0] 0x9100000000       (size_t) [622770257920]
	[RSP+19A8] 0x7FF6E06AC9A0     (char*) """
	[RSP+19B0] 0x7FF6DFE18D01     (void* -> SkyrimSE.exe+0F58D01	push rdi)
	[RSP+19B8] 0x195C4884440      (void*)
	[RSP+19C0] 0x195C4884440      (void*)
	[RSP+19C8] 0x7FF8ED4C679D     (void* -> nvapi64.dll+02C679D	mov rsi, [rsp+0x98])
	[RSP+19D0] 0x0                (size_t) [0]
	[RSP+19D8] 0x91298FB8C0       (void*)
	[RSP+19E0] 0x0                (size_t) [0]
	[RSP+19E8] 0xFFFFFFFB         (size_t) [4294967291]
	[RSP+19F0] 0x195C15CC290      (void*)
	[RSP+19F8] 0x195C4884440      (void*)
	[RSP+1A00] 0x0                (size_t) [0]
	[RSP+1A08] 0x0                (size_t) [0]
	[RSP+1A10] 0x0                (size_t) [0]
	[RSP+1A18] 0x0                (size_t) [0]
	[RSP+1A20] 0x9CA72E901CB7     (size_t) [172241854667959]
	[RSP+1A28] 0x0                (size_t) [0]
	[RSP+1A30] 0x195C331B200      (void*)
	[RSP+1A38] 0x91298FB8C0       (void*)
	[RSP+1A40] 0x91298FF710       (void*)
	[RSP+1A48] 0x1968EE769AC      (void* -> RTSSHooks64.dll+00269AC	mov ebx, eax)
	[RSP+1A50] 0x195C4884440      (void*)
	[RSP+1A58] 0x91298FF710       (void*)
	[RSP+1A60] 0x7FF8ED4C64A0     (void* -> nvapi64.dll+02C64A0	mov [rsp+0x20], rsi)
	[RSP+1A68] 0x195C4884440      (void*)
	[RSP+1A70] 0x195C4884440      (void*)
	[RSP+1A78] 0x1968EED604D      (void* -> RTSSHooks64.dll+008604D	add rsp, 0x3D68)
	[RSP+1A80] 0x195C4884440      (void*)
	[RSP+1A88] 0x0                (size_t) [0]
	[RSP+1A90] 0x0                (size_t) [0]
	[RSP+1A98] 0x0                (size_t) [0]
	[RSP+1AA0] 0x0                (size_t) [0]
	[RSP+1AA8] 0x5254535300004264 (size_t) [5932458225101193828]
	[RSP+1AB0] 0x0                (size_t) [0]
	[RSP+1AB8] 0x63BF3B5F697CD    (size_t) [1754767776192461]
	[RSP+1AC0] 0x63BF3B5F6A065    (size_t) [1754767776194661]
	[RSP+1AC8] 0x63BF3B5F6A065    (size_t) [1754767776194661]
	[RSP+1AD0] 0x63BF3B5F6A065    (size_t) [1754767776194661]
	[RSP+1AD8] 0x63BF3B5F6A065    (size_t) [1754767776194661]
	[RSP+1AE0] 0x63BF3B5F6BA0B    (size_t) [1754767776201227]
	[RSP+1AE8] 0x63BF3B5F6A09B    (size_t) [1754767776194715]
	[RSP+1AF0] 0x0                (size_t) [0]
	[RSP+1AF8] 0x7FF6E0681268     (void* -> SkyrimSE.exe+17C1268	add [rax-0x1F], ch)
	[RSP+1B00] 0x91298FB730       (void*)
	[RSP+1B08] 0x63BF3B5F6A101    (size_t) [1754767776194817]
	[RSP+1B10] 0x7FF6E067B100     (void* -> SkyrimSE.exe+17BB100	)
	[RSP+1B18] 0x100A000000421    (size_t) [282162171479073]
	[RSP+1B20] 0x91298FB973       (char*) "0"
	[RSP+1B28] 0xA                (size_t) [10]
	[RSP+1B30] 0x0                (size_t) [0]
	[RSP+1B38] 0x0                (size_t) [0]
	[RSP+1B40] 0x0                (size_t) [0]
	[RSP+1B48] 0x0                (size_t) [0]
	[RSP+1B50] 0x30000000         (size_t) [805306368]
	[RSP+1B58] 0x0                (size_t) [0]
	[RSP+1B60] 0x0                (size_t) [0]
	[RSP+1B68] 0x0                (size_t) [0]
	[RSP+1B70] 0x0                (size_t) [0]
	[RSP+1B78] 0x0                (size_t) [0]
	[RSP+1B80] 0x0                (size_t) [0]
	[RSP+1B88] 0x0                (size_t) [0]
	[RSP+1B90] 0x0                (size_t) [0]
	[RSP+1B98] 0x5254535300004265 (size_t) [5932458225101193829]
	[RSP+1BA0] 0x0                (size_t) [0]
	[RSP+1BA8] 0x63BF3B5F6BA0C    (size_t) [1754767776201228]
	[RSP+1BB0] 0x63BF3B5F6C07C    (size_t) [1754767776202876]
	[RSP+1BB8] 0x63BF3B5F6C07C    (size_t) [1754767776202876]
	[RSP+1BC0] 0x63BF3B5F6C07C    (size_t) [1754767776202876]
	[RSP+1BC8] 0x63BF3B5F6C07C    (size_t) [1754767776202876]
	[RSP+1BD0] 0x63BF3B5F6DC4F    (size_t) [1754767776209999]
	[RSP+1BD8] 0x63BF3B5F6C0A5    (size_t) [1754767776202917]
	[RSP+1BE0] 0x63BF3B5F6C178    (size_t) [1754767776203128]
	[RSP+1BE8] 0x63BF3B5F6C0E1    (size_t) [1754767776202977]
	[RSP+1BF0] 0x63BF3B5F6C6B0    (size_t) [1754767776204464]
	[RSP+1BF8] 0x63BF3B5F6C0F4    (size_t) [1754767776202996]
	[RSP+1C00] 0x63BF3B5F6C6B0    (size_t) [1754767776204464]
	[RSP+1C08] 0x2257000005CB     (size_t) [37757057500619]
	[RSP+1C10] 0x0                (size_t) [0]
	[RSP+1C18] 0x0                (size_t) [0]
	[RSP+1C20] 0x0                (size_t) [0]
	[RSP+1C28] 0x0                (size_t) [0]
	[RSP+1C30] 0x0                (size_t) [0]
	[RSP+1C38] 0x0                (size_t) [0]
	[RSP+1C40] 0x0                (size_t) [0]
	[RSP+1C48] 0x0                (size_t) [0]
	[RSP+1C50] 0x0                (size_t) [0]
	[RSP+1C58] 0x0                (size_t) [0]
	[RSP+1C60] 0x0                (size_t) [0]
	[RSP+1C68] 0x0                (size_t) [0]
	[RSP+1C70] 0x0                (size_t) [0]
	[RSP+1C78] 0x0                (size_t) [0]
	[RSP+1C80] 0x0                (size_t) [0]
	[RSP+1C88] 0x5254535300004266 (size_t) [5932458225101193830]
	[RSP+1C90] 0x0                (size_t) [0]
	[RSP+1C98] 0x63BF3B5F6DC4F    (size_t) [1754767776209999]
	[RSP+1CA0] 0x63BF3B5F6E2F6    (size_t) [1754767776211702]
	[RSP+1CA8] 0x63BF3B5F6E2F6    (size_t) [1754767776211702]
	[RSP+1CB0] 0x63BF3B5F6E2F6    (size_t) [1754767776211702]
	[RSP+1CB8] 0x63BF3B5F6E2F6    (size_t) [1754767776211702]
	[RSP+1CC0] 0x63BF3B5F6FE91    (size_t) [1754767776218769]
	[RSP+1CC8] 0x63BF3B5F6E337    (size_t) [1754767776211767]
	[RSP+1CD0] 0x63BF3B5F6E3E9    (size_t) [1754767776211945]
	[RSP+1CD8] 0x63BF3B5F6E36C    (size_t) [1754767776211820]
	[RSP+1CE0] 0x63BF3B5F6E7E0    (size_t) [1754767776212960]
	[RSP+1CE8] 0x63BF3B5F6E382    (size_t) [1754767776211842]
	[RSP+1CF0] 0x63BF3B5F6E7E0    (size_t) [1754767776212960]
	[RSP+1CF8] 0x91298FB978       (void*)
	[RSP+1D00] 0x1A0              (size_t) [416]
	[RSP+1D08] 0x0                (size_t) [0]
	[RSP+1D10] 0x7FF6E067B100     (void* -> SkyrimSE.exe+17BB100	)
	[RSP+1D18] 0x300000125        (size_t) [12884902181]
	[RSP+1D20] 0x10               (size_t) [16]
	[RSP+1D28] 0xFFFFFFFFFFFFFFFF (size_t) [uint: 18446744073709551615 int: -1]
	[RSP+1D30] 0x0                (size_t) [0]
	[RSP+1D38] 0x9100000001       (size_t) [622770257921]
	[RSP+1D40] 0x91298FA878       (void*)
	[RSP+1D48] 0x19B09729000      (void*)
	[RSP+1D50] 0x3                (size_t) [3]
	[RSP+1D58] 0x0                (size_t) [0]
	[RSP+1D60] 0x0                (size_t) [0]
	[RSP+1D68] 0x0                (size_t) [0]
	[RSP+1D70] 0x19500000000      (size_t) [1739461754880]
	[RSP+1D78] 0x7FF6E06AC9A8     (char*) " RIGHTMARGIN="{0}""
	[RSP+1D80] 0x7FF90245700E     (void* -> ucrtbase.dll+013700E	add [rax], al)
	[RSP+1D88] 0x2                (size_t) [2]
	[RSP+1D90] 0x91298FBD18       (void*)
	[RSP+1D98] 0x7FF6E06AC901     (void* -> SkyrimSE.exe+17EC901	add [rax], ah)
	[RSP+1DA0] 0x9100000000       (size_t) [622770257920]
	[RSP+1DA8] 0x7FF6E06AC9B9     (char*) """
	[RSP+1DB0] 0x7FF6DFE18D01     (void* -> SkyrimSE.exe+0F58D01	push rdi)
	[RSP+1DB8] 0x63BF3B5F70598    (size_t) [1754767776220568]
	[RSP+1DC0] 0x63BF3B5F706B4    (size_t) [1754767776220852]
	[RSP+1DC8] 0x63BF3B5F70606    (size_t) [1754767776220678]
	[RSP+1DD0] 0x63BF3B5F70A82    (size_t) [1754767776221826]
	[RSP+1DD8] 0x63BF3B5F70616    (size_t) [1754767776220694]
	[RSP+1DE0] 0x63BF3B5F70A82    (size_t) [1754767776221826]
	[RSP+1DE8] 0x22A100000484     (size_t) [38074885080196]
	[RSP+1DF0] 0x0                (size_t) [0]
	[RSP+1DF8] 0x0                (size_t) [0]
	[RSP+1E00] 0x0                (size_t) [0]
	[RSP+1E08] 0x0                (size_t) [0]
	[RSP+1E10] 0x0                (size_t) [0]
	[RSP+1E18] 0x0                (size_t) [0]
	[RSP+1E20] 0x0                (size_t) [0]
	[RSP+1E28] 0x0                (size_t) [0]
	[RSP+1E30] 0x0                (size_t) [0]
	[RSP+1E38] 0x0                (size_t) [0]
	[RSP+1E40] 0x0                (size_t) [0]
	[RSP+1E48] 0x0                (size_t) [0]
	[RSP+1E50] 0x0                (size_t) [0]
	[RSP+1E58] 0x0                (size_t) [0]
	[RSP+1E60] 0x0                (size_t) [0]
	[RSP+1E68] 0x5254535300004268 (size_t) [5932458225101193832]
	[RSP+1E70] 0x0                (size_t) [0]
	[RSP+1E78] 0x63BF3B5F720D5    (size_t) [1754767776227541]
	[RSP+1E80] 0x63BF3B5F72735    (size_t) [1754767776229173]
	[RSP+1E88] 0x63BF3B5F72736    (size_t) [1754767776229174]
	[RSP+1E90] 0x63BF3B5F72736    (size_t) [1754767776229174]
	[RSP+1E98] 0x63BF3B5F72736    (size_t) [1754767776229174]
	[RSP+1EA0] 0x63BF3B5F74317    (size_t) [1754767776236311]
	[RSP+1EA8] 0x63BF3B5F72757    (size_t) [1754767776229207]
	[RSP+1EB0] 0x63BF3B5F727F2    (size_t) [1754767776229362]
	[RSP+1EB8] 0x63BF3B5F72780    (size_t) [1754767776229248]
	[RSP+1EC0] 0x63BF3B5F72C6C    (size_t) [1754767776230508]
	[RSP+1EC8] 0x63BF3B5F72800    (size_t) [1754767776229376]
	[RSP+1ED0] 0x63BF3B5F72C6C    (size_t) [1754767776230508]
	[RSP+1ED8] 0x21EA0000047C     (size_t) [37288906065020]
	[RSP+1EE0] 0x0                (size_t) [0]
	[RSP+1EE8] 0x0                (size_t) [0]
	[RSP+1EF0] 0x0                (size_t) [0]
	[RSP+1EF8] 0x7FF6E0681268     (void* -> SkyrimSE.exe+17C1268	add [rax-0x1F], ch)
	[RSP+1F00] 0x91298FBB30       (void*)
	[RSP+1F08] 0x1                (size_t) [1]
	[RSP+1F10] 0x7FF6E067B100     (void* -> SkyrimSE.exe+17BB100	)
	[RSP+1F18] 0x1002000000021    (size_t) [281612415664161]
	[RSP+1F20] 0x91298FBD73       (char*) "0"
	[RSP+1F28] 0xA                (size_t) [10]
	[RSP+1F30] 0x0                (size_t) [0]
	[RSP+1F38] 0x0                (size_t) [0]
	[RSP+1F40] 0x0                (size_t) [0]
	[RSP+1F48] 0x0                (size_t) [0]
	[RSP+1F50] 0x30000000         (size_t) [805306368]
	[RSP+1F58] 0x5254535300004269 (size_t) [5932458225101193833]
	[RSP+1F60] 0x0                (size_t) [0]
	[RSP+1F68] 0x63BF3B5F74318    (size_t) [1754767776236312]
	[RSP+1F70] 0x63BF3B5F748BD    (size_t) [1754767776237757]
	[RSP+1F78] 0x63BF3B5F748BD    (size_t) [1754767776237757]
	[RSP+1F80] 0x63BF3B5F748BD    (size_t) [1754767776237757]
	[RSP+1F88] 0x63BF3B5F748BD    (size_t) [1754767776237757]
	[RSP+1F90] 0x63BF3B5F76557    (size_t) [1754767776245079]
	[RSP+1F98] 0x63BF3B5F748D4    (size_t) [1754767776237780]
	[RSP+1FA0] 0x63BF3B5F7496D    (size_t) [1754767776237933]
	[RSP+1FA8] 0x63BF3B5F748FD    (size_t) [1754767776237821]
	[RSP+1FB0] 0x63BF3B5F74DA4    (size_t) [1754767776239012]
	[RSP+1FB8] 0x63BF3B5F7490D    (size_t) [1754767776237837]
	[RSP+1FC0] 0x63BF3B5F74DA4    (size_t) [1754767776239012]
	[RSP+1FC8] 0x2138000004A7     (size_t) [36524401886375]
	[RSP+1FD0] 0x0                (size_t) [0]
	[RSP+1FD8] 0x0                (size_t) [0]
	[RSP+1FE0] 0x0                (size_t) [0]
	[RSP+1FE8] 0x0                (size_t) [0]
	[RSP+1FF0] 0x0                (size_t) [0]
	[RSP+1FF8] 0x0                (size_t) [0]
	[RSP+2000] 0x0                (size_t) [0]
	[RSP+2008] 0x0                (size_t) [0]
	[RSP+2010] 0x0                (size_t) [0]
	[RSP+2018] 0x0                (size_t) [0]
	[RSP+2020] 0x0                (size_t) [0]
	[RSP+2028] 0x0                (size_t) [0]
	[RSP+2030] 0x0                (size_t) [0]
	[RSP+2038] 0x0                (size_t) [0]
	[RSP+2040] 0x0                (size_t) [0]
	[RSP+2048] 0x525453530000426A (size_t) [5932458225101193834]
	[RSP+2050] 0x0                (size_t) [0]
	[RSP+2058] 0x63BF3B5F7655B    (size_t) [1754767776245083]
	[RSP+2060] 0x63BF3B5F76ADD    (size_t) [1754767776246493]
	[RSP+2068] 0x63BF3B5F76ADD    (size_t) [1754767776246493]
	[RSP+2070] 0x63BF3B5F76ADD    (size_t) [1754767776246493]
	[RSP+2078] 0x63BF3B5F76ADD    (size_t) [1754767776246493]
	[RSP+2080] 0x63BF3B5F7879A    (size_t) [1754767776253850]
	[RSP+2088] 0x63BF3B5F76B1A    (size_t) [1754767776246554]
	[RSP+2090] 0x63BF3B5F76BC1    (size_t) [1754767776246721]
	[RSP+2098] 0x63BF3B5F76B58    (size_t) [1754767776246616]
	[RSP+20A0] 0x63BF3B5F76FC7    (size_t) [1754767776247751]
	[RSP+20A8] 0x63BF3B5F76B6E    (size_t) [1754767776246638]
	[RSP+20B0] 0x63BF3B5F76FC7    (size_t) [1754767776247751]
	[RSP+20B8] 0x22220000046B     (size_t) [37529424233579]
	[RSP+20C0] 0x0                (size_t) [0]
	[RSP+20C8] 0x0                (size_t) [0]
	[RSP+20D0] 0x0                (size_t) [0]
	[RSP+20D8] 0x0                (size_t) [0]
	[RSP+20E0] 0x0                (size_t) [0]
	[RSP+20E8] 0x0                (size_t) [0]
	[RSP+20F0] 0x0                (size_t) [0]
	[RSP+20F8] 0x91298FBD78       (char*) "iB"
	[RSP+2100] 0x1A0              (size_t) [416]
	[RSP+2108] 0x0                (size_t) [0]
	[RSP+2110] 0x7FF6E067B100     (void* -> SkyrimSE.exe+17BB100	)
	[RSP+2118] 0x300000125        (size_t) [12884902181]
	[RSP+2120] 0xC                (size_t) [12]
	[RSP+2128] 0xFFFFFFFFFFFFFFFF (size_t) [uint: 18446744073709551615 int: -1]
	[RSP+2130] 0x0                (size_t) [0]
	[RSP+2138] 0x7FF600000001     (size_t) [140694538682369]
	[RSP+2140] 0x91298FA878       (void*)
	[RSP+2148] 0x91298FBB90       (void*)
	[RSP+2150] 0x3                (size_t) [3]
	[RSP+2158] 0x0                (size_t) [0]
	[RSP+2160] 0x0                (size_t) [0]
	[RSP+2168] 0x0                (size_t) [0]
	[RSP+2170] 0x19500000000      (size_t) [1739461754880]
	[RSP+2178] 0x7FF6E06AC9C0     (char*) " LEADING="{0}""
	[RSP+2180] 0x7FF90245700A     (void* -> ucrtbase.dll+013700A	add r15b, r9b)
	[RSP+2188] 0x2                (size_t) [2]
	[RSP+2190] 0x91298FC118       (void*)
	[RSP+2198] 0x7FF6E06AC901     (void* -> SkyrimSE.exe+17EC901	add [rax], ah)
	[RSP+21A0] 0x9100000000       (size_t) [622770257920]
	[RSP+21A8] 0x7FF6E06AC9CD     (char*) """
	[RSP+21B0] 0x7FF6DFE18D01     (void* -> SkyrimSE.exe+0F58D01	push rdi)
	[RSP+21B8] 0x0                (size_t) [0]
	[RSP+21C0] 0x0                (size_t) [0]
	[RSP+21C8] 0x0                (size_t) [0]
	[RSP+21D0] 0x0                (size_t) [0]
	[RSP+21D8] 0x0                (size_t) [0]
	[RSP+21E0] 0x0                (size_t) [0]
	[RSP+21E8] 0x0                (size_t) [0]
	[RSP+21F0] 0x0                (size_t) [0]
	[RSP+21F8] 0x0                (size_t) [0]
	[RSP+2200] 0x0                (size_t) [0]
	[RSP+2208] 0x0                (size_t) [0]
	[RSP+2210] 0x0                (size_t) [0]
	[RSP+2218] 0x0                (size_t) [0]
	[RSP+2220] 0x0                (size_t) [0]
	[RSP+2228] 0x525453530000426C (size_t) [5932458225101193836]
	[RSP+2230] 0x0                (size_t) [0]
	[RSP+2238] 0x63BF3B5F7A9DD    (size_t) [1754767776262621]
	[RSP+2240] 0x63BF3B5F7B04E    (size_t) [1754767776264270]
	[RSP+2248] 0x63BF3B5F7B04E    (size_t) [1754767776264270]
	[RSP+2250] 0x63BF3B5F7B04F    (size_t) [1754767776264271]
	[RSP+2258] 0x63BF3B5F7B04F    (size_t) [1754767776264271]
	[RSP+2260] 0x63BF3B5F7CC20    (size_t) [1754767776271392]
	[RSP+2268] 0x63BF3B5F7B069    (size_t) [1754767776264297]
	[RSP+2270] 0x63BF3B5F7B0FE    (size_t) [1754767776264446]
	[RSP+2278] 0x63BF3B5F7B08E    (size_t) [1754767776264334]
	[RSP+2280] 0x63BF3B5F7B4FD    (size_t) [1754767776265469]
	[RSP+2288] 0x63BF3B5F7B0A3    (size_t) [1754767776264355]
	[RSP+2290] 0x63BF3B5F7B4FD    (size_t) [1754767776265469]
	[RSP+2298] 0x22650000046A     (size_t) [37817187042410]
	[RSP+22A0] 0x0                (size_t) [0]
	[RSP+22A8] 0x0                (size_t) [0]
	[RSP+22B0] 0x0                (size_t) [0]
	[RSP+22B8] 0x0                (size_t) [0]
	[RSP+22C0] 0x0                (size_t) [0]
	[RSP+22C8] 0x0                (size_t) [0]
	[RSP+22D0] 0x0                (size_t) [0]
	[RSP+22D8] 0x0                (size_t) [0]
	[RSP+22E0] 0x0                (size_t) [0]
	[RSP+22E8] 0x0                (size_t) [0]
	[RSP+22F0] 0x0                (size_t) [0]
	[RSP+22F8] 0x7FF6E0681268     (void* -> SkyrimSE.exe+17C1268	add [rax-0x1F], ch)
	[RSP+2300] 0x91298FBF30       (void*)
	[RSP+2308] 0x1                (size_t) [1]
	[RSP+2310] 0x7FF6E067B100     (void* -> SkyrimSE.exe+17BB100	)
	[RSP+2318] 0x5251002000004021 (size_t) [5931522321662623777]
	[RSP+2320] 0x91298FC173       (char*) "5"
	[RSP+2328] 0x63BF1B5F7CC2A    (size_t) [1754759186336810]
	[RSP+2330] 0x5                (size_t) [5]
	[RSP+2338] 0x63BF3B5F7D2D8    (size_t) [1754767776273112]
	[RSP+2340] 0x63BF3B5F7D2D8    (size_t) [1754767776273112]
	[RSP+2348] 0x63BF3B5F7D2D9    (size_t) [1754767776273113]
	[RSP+2350] 0x63B0035F7EE62    (size_t) [1753721951743586]
	[RSP+2358] 0x63BF3B5F7D2FE    (size_t) [1754767776273150]
	[RSP+2360] 0x63BF3B5F7D3C0    (size_t) [1754767776273344]
	[RSP+2368] 0x63BF3B5F7D330    (size_t) [1754767776273200]
	[RSP+2370] 0x63BF3B5F7D7B0    (size_t) [1754767776274352]
	[RSP+2378] 0x63BF3B5F7D34E    (size_t) [1754767776273230]
	[RSP+2380] 0x63BF3B5F7D7B0    (size_t) [1754767776274352]
	[RSP+2388] 0x22B200000471     (size_t) [38147899524209]
	[RSP+2390] 0x0                (size_t) [0]
	[RSP+2398] 0x0                (size_t) [0]
	[RSP+23A0] 0x0                (size_t) [0]
	[RSP+23A8] 0x0                (size_t) [0]
	[RSP+23B0] 0x0                (size_t) [0]
	[RSP+23B8] 0x0                (size_t) [0]
	[RSP+23C0] 0x0                (size_t) [0]
	[RSP+23C8] 0x0                (size_t) [0]
	[RSP+23D0] 0x0                (size_t) [0]
	[RSP+23D8] 0x0                (size_t) [0]
	[RSP+23E0] 0x0                (size_t) [0]
	[RSP+23E8] 0x0                (size_t) [0]
	[RSP+23F0] 0x0                (size_t) [0]
	[RSP+23F8] 0x7FF6E01049FA     (void* -> SkyrimSE.exe+12449FA	test dword ptr [rbx+0x18], 0x80000000)
	[RSP+2400] 0x197BF11FEC0      (void*)
	[RSP+2408] 0x91298FEFB0       (void*)
	[RSP+2410] 0x0                (size_t) [0]
	[RSP+2418] 0x7FF6E01049FA     (void* -> SkyrimSE.exe+12449FA	test dword ptr [rbx+0x18], 0x80000000)
	[RSP+2420] 0x197BF11FEC0      (void*)
	[RSP+2428] 0x91298FEFF0       (void*)
	[RSP+2430] 0x19B01E43EC0      (BSScript::Internal::CodeTasklet*)
		Stack Trace: 

	[RSP+2438] 0x7FF6E013EA38     (void* -> SkyrimSE.exe+127EA38	mov rcx, rax)
	[RSP+2440] 0x91298FC280       (char*) "`"
	[RSP+2448] 0x63BF3B5F7F55B    (size_t) [1754767776281947]
	[RSP+2450] 0x19B01E43EC0      (BSScript::Internal::CodeTasklet*)
		Stack Trace: 

	[RSP+2458] 0x7FF6E013EA38     (void* -> SkyrimSE.exe+127EA38	mov rcx, rax)
	[RSP+2460] 0x63BF300000060    (size_t) [1754764723355744]
	[RSP+2468] 0x63BF3B5F7F5EE    (size_t) [1754767776282094]
	[RSP+2470] 0xFFFFFFFFFFFFFFFE (size_t) [uint: 18446744073709551614 int: -2]
	[RSP+2478] 0x22A200000001     (size_t) [38079180046337]
	[RSP+2480] 0x0                (size_t) [0]
	[RSP+2488] 0x0                (size_t) [0]
	[RSP+2490] 0xFFFFFFFFFFFFFFFE (size_t) [uint: 18446744073709551614 int: -2]
	[RSP+2498] 0x0                (size_t) [0]
	[RSP+24A0] 0x0                (size_t) [0]
	[RSP+24A8] 0x0                (size_t) [0]
	[RSP+24B0] 0x0                (size_t) [0]
	[RSP+24B8] 0x0                (size_t) [0]
	[RSP+24C0] 0x0                (size_t) [0]
	[RSP+24C8] 0x0                (size_t) [0]
	[RSP+24D0] 0x0                (size_t) [0]
	[RSP+24D8] 0x0                (size_t) [0]
	[RSP+24E0] 0x0                (size_t) [0]
	[RSP+24E8] 0x0                (size_t) [0]
	[RSP+24F0] 0x0                (size_t) [0]
	[RSP+24F8] 0x91298FC178       (void*)
	[RSP+2500] 0x1A0              (size_t) [416]
	[RSP+2508] 0x63BF3B5F810A6    (size_t) [1754767776288934]
	[RSP+2510] 0x7FF6E067B100     (void* -> SkyrimSE.exe+17BB100	)
	[RSP+2518] 0x6000300000125    (size_t) [1688862745166117]
	[RSP+2520] 0xB                (size_t) [11]
	[RSP+2528] 0xFFFFFFFFFFFFFFFF (size_t) [uint: 18446744073709551615 int: -1]
	[RSP+2530] 0x0                (size_t) [0]
	[RSP+2538] 0x7FF800000001     (size_t) [140703128616961]
	[RSP+2540] 0x91298FA878       (void*)
	[RSP+2548] 0x19AF77B6C10      (void*)
	[RSP+2550] 0x3                (size_t) [3]
	[RSP+2558] 0x0                (size_t) [0]
	[RSP+2560] 0x0                (size_t) [0]
	[RSP+2568] 0x0                (size_t) [0]
	[RSP+2570] 0x19500000000      (size_t) [1739461754880]
	[RSP+2578] 0x7FF6E06ACA48     (char*) " WIDTH="{0}""
	[RSP+2580] 0x7FF902457008     (void* -> ucrtbase.dll+0137008	stosb)
	[RSP+2588] 0x7FFFFFFF00000002 (size_t) [9223372032559808514]
	[RSP+2590] 0x91298FC518       (void*)
	[RSP+2598] 0x7FF6E06ACA01     (char*) "ALIGN=""
	[RSP+25A0] 0x9100000000       (size_t) [622770257920]
	[RSP+25A8] 0x7FF6E06ACA53     (char*) """
	[RSP+25B0] 0x7FF6DFE18D01     (void* -> SkyrimSE.exe+0F58D01	push rdi)
	[RSP+25B8] 0x0                (size_t) [0]
	[RSP+25C0] 0x0                (size_t) [0]
	[RSP+25C8] 0x0                (size_t) [0]
	[RSP+25D0] 0x0                (size_t) [0]
	[RSP+25D8] 0x0                (size_t) [0]
	[RSP+25E0] 0x0                (size_t) [0]
	[RSP+25E8] 0x5254535300004270 (size_t) [5932458225101193840]
	[RSP+25F0] 0x0                (size_t) [0]
	[RSP+25F8] 0x63BF3B5F832E9    (size_t) [1754767776297705]
	[RSP+2600] 0x63BF3B5F83835    (size_t) [1754767776299061]
	[RSP+2608] 0x63BF3B5F83835    (size_t) [1754767776299061]
	[RSP+2610] 0x63BF3B5F83835    (size_t) [1754767776299061]
	[RSP+2618] 0x63BF3B5F83835    (size_t) [1754767776299061]
	[RSP+2620] 0x63BF3B5F8552C    (size_t) [1754767776306476]
	[RSP+2628] 0x63BF3B5F83852    (size_t) [1754767776299090]
	[RSP+2630] 0x63BF3B5F838DA    (size_t) [1754767776299226]
	[RSP+2638] 0x63BF3B5F8387D    (size_t) [1754767776299133]
	[RSP+2640] 0x63BF3B5F83CF8    (size_t) [1754767776300280]
	[RSP+2648] 0x63BF3B5F83893    (size_t) [1754767776299155]
	[RSP+2650] 0x63BF3B5F83CF8    (size_t) [1754767776300280]
	[RSP+2658] 0x218200000478     (size_t) [36842229466232]
	[RSP+2660] 0x0                (size_t) [0]
	[RSP+2668] 0x0                (size_t) [0]
	[RSP+2670] 0x0                (size_t) [0]
	[RSP+2678] 0x0                (size_t) [0]
	[RSP+2680] 0x0                (size_t) [0]
	[RSP+2688] 0x0                (size_t) [0]
	[RSP+2690] 0x0                (size_t) [0]
	[RSP+2698] 0x0                (size_t) [0]
	[RSP+26A0] 0x0                (size_t) [0]
	[RSP+26A8] 0x0                (size_t) [0]
	[RSP+26B0] 0x0                (size_t) [0]
	[RSP+26B8] 0x0                (size_t) [0]
	[RSP+26C0] 0x0                (size_t) [0]
	[RSP+26C8] 0x0                (size_t) [0]
	[RSP+26D0] 0x0                (size_t) [0]
	[RSP+26D8] 0x5254535300004271 (size_t) [5932458225101193841]
	[RSP+26E0] 0x0                (size_t) [0]
	[RSP+26E8] 0x63BF3B5F8552D    (size_t) [1754767776306477]
	[RSP+26F0] 0x0                (size_t) [0]
	[RSP+26F8] 0x7FF6E0681268     (void* -> SkyrimSE.exe+17C1268	add [rax-0x1F], ch)
	[RSP+2700] 0x91298FC330       (void*)
	[RSP+2708] 0x63BF3B5F85B01    (size_t) [1754767776307969]
	[RSP+2710] 0x7FF6E067B100     (void* -> SkyrimSE.exe+17BB100	)
	[RSP+2718] 0x100A0B5F85C21    (size_t) [282165224430625]
	[RSP+2720] 0x91298FC572       (char*) "26"
	[RSP+2728] 0x63BF0B5F85C4A    (size_t) [1754754891406410]
	[RSP+2730] 0x1A               (size_t) [26]
	[RSP+2738] 0x63BF3B5F85C5A    (size_t) [1754767776308314]
	[RSP+2740] 0x63BF3B5F85FD2    (size_t) [1754767776309202]
	[RSP+2748] 0x22DA0000046E     (size_t) [38319698216046]
	[RSP+2750] 0x36320000         (size_t) [909246464]
	[RSP+2758] 0x0                (size_t) [0]
	[RSP+2760] 0x0                (size_t) [0]
	[RSP+2768] 0x71               (size_t) [113]
	[RSP+2770] 0x0                (size_t) [0]
	[RSP+2778] 0x0                (size_t) [0]
	[RSP+2780] 0x91298FD638       (void*)
	[RSP+2788] 0x7FF90253F698     (void* -> KERNELBASE.dll+000F698	add rsp, 0xF48)
	[RSP+2790] 0x91298FC6B0       (void*)
	[RSP+2798] 0x1958B15AF40      (char*) "D:\Nolvus Skyrim mod\Instances\Nolvus Awakening\MODS\mods\Nolvus HUD Settings - 21x9\SKSE\Plugins\STB_Widgets.ini"
	[RSP+27A0] 0x1                (size_t) [1]
	[RSP+27A8] 0x0                (size_t) [0]
	[RSP+27B0] 0x71               (size_t) [113]
	[RSP+27B8] 0x0                (size_t) [0]
	[RSP+27C0] 0x0                (size_t) [0]
	[RSP+27C8] 0x5254535300004272 (size_t) [5932458225101193842]
	[RSP+27D0] 0x7100000000       (size_t) [485331304448]
	[RSP+27D8] 0x63BF3B5F8776F    (size_t) [1754767776315247]
	[RSP+27E0] 0x63BF3000000E2    (size_t) [1754764723355874]
	[RSP+27E8] 0x63BF3B5F87D04    (size_t) [1754767776316676]
	[RSP+27F0] 0x63BF3B5F87D05    (size_t) [1754767776316677]
	[RSP+27F8] 0x63BF3B5F87D05    (size_t) [1754767776316677]
	[RSP+2800] 0x63BF3B5F899B5    (size_t) [1754767776324021]
	[RSP+2808] 0x63BF3B5F87D3C    (size_t) [1754767776316732]
	[RSP+2810] 0x63BF3B5F87DC6    (size_t) [1754767776316870]
	[RSP+2818] 0x63BF3B5F87D65    (size_t) [1754767776316773]
	[RSP+2820] 0x63BF3B5F881D2    (size_t) [1754767776317906]
	[RSP+2828] 0x63BF3B5F87D77    (size_t) [1754767776316791]
	[RSP+2830] 0x63BF3B5F881D2    (size_t) [1754767776317906]
	[RSP+2838] 0x22000000046B     (size_t) [37383395345515]
	[RSP+2840] 0x0                (size_t) [0]
	[RSP+2848] 0x0                (size_t) [0]
	[RSP+2850] 0x0                (size_t) [0]
	[RSP+2858] 0x0                (size_t) [0]
	[RSP+2860] 0x0                (size_t) [0]
	[RSP+2868] 0x0                (size_t) [0]
	[RSP+2870] 0x0                (size_t) [0]
	[RSP+2878] 0x0                (size_t) [0]
	[RSP+2880] 0x0                (size_t) [0]
	[RSP+2888] 0x0                (size_t) [0]
	[RSP+2890] 0x19859F8A690      (void*)
	[RSP+2898] 0x0                (size_t) [0]
	[RSP+28A0] 0xFFFFFFFFFFFFFFFE (size_t) [uint: 18446744073709551614 int: -2]
	[RSP+28A8] 0x0                (size_t) [0]
	[RSP+28B0] 0x1985AC06DE4      (void*)
	[RSP+28B8] 0x7FF6E013EACB     (void* -> SkyrimSE.exe+127EACB	mov ecx, [rsp+0x868])
	[RSP+28C0] 0x19B01E43EC0      (BSScript::Internal::CodeTasklet*)
		Stack Trace: 

	[RSP+28C8] 0x72               (size_t) [114]
	[RSP+28D0] 0x0                (size_t) [0]
	[RSP+28D8] 0x0                (size_t) [0]
	[RSP+28E0] 0x91298FD798       (void*)
	[RSP+28E8] 0x7FF90253F698     (void* -> KERNELBASE.dll+000F698	add rsp, 0xF48)
	[RSP+28F0] 0xFFFFFFFFFFFFFFFE (size_t) [uint: 18446744073709551614 int: -2]
	[RSP+28F8] 0x1958B158198      (char*) "D:\Nolvus Skyrim mod\Instances\Nolvus Awakening\MODS\mods\Menu Maid 2 - Nolvus Settings\SKSE\Plugins\MenuMaid2.ini"
	[RSP+2900] 0x1                (size_t) [1]
	[RSP+2908] 0x63BF3B5F8A293    (size_t) [1754767776326291]
	[RSP+2910] 0x7FF600000072     (size_t) [140694538682482]
	[RSP+2918] 0x6000300000125    (size_t) [1688862745166117]
	[RSP+2920] 0xC                (size_t) [12]
	[RSP+2928] 0xFFFFFFFFFFFFFFFF (size_t) [uint: 18446744073709551615 int: -1]
	[RSP+2930] 0x7200000000       (size_t) [489626271744]
	[RSP+2938] 0x1                (size_t) [1]
	[RSP+2940] 0x91000000E4       (size_t) [622770258148]
	[RSP+2948] 0x0                (size_t) [0]
	[RSP+2950] 0x3                (size_t) [3]
	[RSP+2958] 0x0                (size_t) [0]
	[RSP+2960] 0x0                (size_t) [0]
	[RSP+2968] 0x0                (size_t) [0]
	[RSP+2970] 0x19500000000      (size_t) [1739461754880]
	[RSP+2978] 0x7FF6E06ACA58     (char*) " HEIGHT="{0}""
	[RSP+2980] 0x7FF902457009     (void* -> ucrtbase.dll+0137009	lea eax, [rbp+0x02])
	[RSP+2988] 0x7FFFFFFF00000002 (size_t) [9223372032559808514]
	[RSP+2990] 0x91298FC918       (void*)
	[RSP+2998] 0x7FF6E06ACA01     (char*) "ALIGN=""
	[RSP+29A0] 0x9100000000       (size_t) [622770257920]
	[RSP+29A8] 0x7FF6E06ACA64     (char*) """
	[RSP+29B0] 0x7FF6DFE18D01     (void* -> SkyrimSE.exe+0F58D01	push rdi)
	[RSP+29B8] 0x63BF3B5F8BBF9    (size_t) [1754767776332793]
	[RSP+29C0] 0x63BF3B5F8C582    (size_t) [1754767776335234]
	[RSP+29C8] 0x63BF3B5F8C582    (size_t) [1754767776335234]
	[RSP+29D0] 0x63BF3B5F8C583    (size_t) [1754767776335235]
	[RSP+29D8] 0x63BF3B5F8C583    (size_t) [1754767776335235]
	[RSP+29E0] 0x63BF3B5F8DE38    (size_t) [1754767776341560]
	[RSP+29E8] 0x63BF3B5F8C5B4    (size_t) [1754767776335284]
	[RSP+29F0] 0x19859F8A690      (void*)
	[RSP+29F8] 0x63BF3B5F8C5EF    (size_t) [1754767776335343]
	[RSP+2A00] 0x0                (size_t) [0]
	[RSP+2A08] 0x72               (size_t) [114]
	[RSP+2A10] 0x0                (size_t) [0]
	[RSP+2A18] 0x0                (size_t) [0]
	[RSP+2A20] 0x91298FD8D8       (void*)
	[RSP+2A28] 0x7FF6DF4E0DC8     (void* -> SkyrimSE.exe+0620DC8	test al, al)
	[RSP+2A30] 0x91298FC950       (void*)
	[RSP+2A38] 0x7FF83E328B06     (void* -> ComprehensiveAttackRatePatch.dll+0068B06	movzx ecx, byte ptr [rax] |  C:\dev\vcpkg\installed\x64-windows-static-md\include\REL\Relocation.h:659 REL::Module::get (mangled: ?get@Module@REL@@SAAEAV12@XZ))
	[RSP+2A40] 0x1                (size_t) [1]
	[RSP+2A48] 0x0                (size_t) [0]
	[RSP+2A50] 0xFFFFFFFFFFFFFFFE (size_t) [uint: 18446744073709551614 int: -2]
	[RSP+2A58] 0x0                (size_t) [0]
	[RSP+2A60] 0x3C888889         (size_t) [1015580809]
	[RSP+2A68] 0x0                (size_t) [0]
	[RSP+2A70] 0x0                (size_t) [0]
	[RSP+2A78] 0x0                (size_t) [0]
	[RSP+2A80] 0x0                (size_t) [0]
	[RSP+2A88] 0x71               (size_t) [113]
	[RSP+2A90] 0x0                (size_t) [0]
	[RSP+2A98] 0x0                (size_t) [0]
	[RSP+2AA0] 0x91298FD958       (void*)
	[RSP+2AA8] 0x7FF90253F698     (void* -> KERNELBASE.dll+000F698	add rsp, 0xF48)
	[RSP+2AB0] 0x91298FC9D0       (void*)
	[RSP+2AB8] 0x1958B15AF40      (char*) "D:\Nolvus Skyrim mod\Instances\Nolvus Awakening\MODS\mods\Nolvus HUD Settings - 21x9\SKSE\Plugins\STB_Widgets.ini"
	[RSP+2AC0] 0x1                (size_t) [1]
	[RSP+2AC8] 0xFFFFFFFFFFFFFFFE (size_t) [uint: 18446744073709551614 int: -2]
	[RSP+2AD0] 0x71               (size_t) [113]
	[RSP+2AD8] 0x7FF6DF4FE04E     (void* -> SkyrimSE.exe+063E04E	nop)
	[RSP+2AE0] 0x91298FCB00       (void*)
	[RSP+2AE8] 0x1B               (size_t) [27]
	[RSP+2AF0] 0x719F880300       (size_t) [488007795456]
	[RSP+2AF8] 0xB0               (size_t) [176]
	[RSP+2B00] 0xFFFFFFFF000000E2 (size_t) [uint: 18446744069414584546 int: -4294967070]
	[RSP+2B08] 0x7FF600000019     (size_t) [140694538682393]
	[RSP+2B10] 0x3C888889         (size_t) [1015580809]
	[RSP+2B18] 0x0                (size_t) [0]
	[RSP+2B20] 0x0                (size_t) [0]
	[RSP+2B28] 0x0                (size_t) [0]
	[RSP+2B30] 0x1A               (size_t) [26]
	[RSP+2B38] 0x1979F880100      (PlayerCharacter*)
		Flags: 0x00000408 
		Name: "Prisoner"
		FormID: 0x00000014
		FormType: ActorCharacter (62)
		Flags: 0x00000408 
		Name: "Prisoner"
		FormID: 0x00000014
		FormType: ActorCharacter (62)
		Object Reference: 
		File: "AetheriusSpells.esp"
		Modified by: Skyrim.esm -> ccbgssse018-shadowrend.esl -> AetheriusSpells.esp
		Flags: 0x00040009 kDestructible | kInitialized
		Name: "Prisoner"
		FormID: 0x00000007
		FormType: NPC (43)
		ParentCell: None
		Flags: 0x00000408 kInitialized
		FormID: 0x00000014
		FormType: ActorCharacter (62)
	[RSP+2B40] 0x1979F880100      (PlayerCharacter*)
		Flags: 0x00000408 
		Name: "Prisoner"
		FormID: 0x00000014
		FormType: ActorCharacter (62)
		Flags: 0x00000408 
		Name: "Prisoner"
		FormID: 0x00000014
		FormType: ActorCharacter (62)
		Object Reference: 
		File: "AetheriusSpells.esp"
		Modified by: Skyrim.esm -> ccbgssse018-shadowrend.esl -> AetheriusSpells.esp
		Flags: 0x00040009 kDestructible | kInitialized
		Name: "Prisoner"
		FormID: 0x00000007
		FormType: NPC (43)
		ParentCell: None
		Flags: 0x00000408 kInitialized
		FormID: 0x00000014
		FormType: ActorCharacter (62)
	[RSP+2B48] 0x7FF835DF1320     (void* -> SkyrimUncapper.dll+0001320	movdqu xmm1, [rsp+0x30])
	[RSP+2B50] 0x7FF6DEEC0000     (void*)
	[RSP+2B58] 0x7FF83E31530A     (void* -> ComprehensiveAttackRatePatch.dll+005530A	add rsp, 0x68 |  C:\dev\vcpkg\installed\x64-windows-static-md\include\RE\RTTI.h:132 ?RTDynamicCast@RE@@YAPEAXPEAXH00H@Z)
	[RSP+2B60] 0x7FF6E0CDF7E0     (type_info*)
	[RSP+2B68] 0x7FF6E0CDF7E0     (type_info*)
	[RSP+2B70] 0x42C80000         (size_t) [1120403456]
	[RSP+2B78] 0x0                (size_t) [0]
	[RSP+2B80] 0xFFFFFFFFFFFFFFFE (size_t) [uint: 18446744073709551614 int: -2]
	[RSP+2B88] 0x0                (size_t) [0]
	[RSP+2B90] 0x195FC6C8A70      (void*)
	[RSP+2B98] 0x7FF6DFAE9EB8     (void* -> SkyrimSE.exe+0C29EB8	mov r12, rax)
	[RSP+2BA0] 0xFFFFFFFFFFFFFFFE (size_t) [uint: 18446744073709551614 int: -2]
	[RSP+2BA8] 0x0                (size_t) [0]
	[RSP+2BB0] 0x195FC6C8A70      (void*)
	[RSP+2BB8] 0x7FF6DFAE9EB8     (void* -> SkyrimSE.exe+0C29EB8	mov r12, rax)
	[RSP+2BC0] 0xFFFFFFFFFFFFFFFE (size_t) [uint: 18446744073709551614 int: -2]
	[RSP+2BC8] 0x0                (size_t) [0]
	[RSP+2BD0] 0x195FC6C8A70      (void*)
	[RSP+2BD8] 0x7FF6DFAE9EB8     (void* -> SkyrimSE.exe+0C29EB8	mov r12, rax)
	[RSP+2BE0] 0xFFFFFFFFFFFFFFFE (size_t) [uint: 18446744073709551614 int: -2]
	[RSP+2BE8] 0x1988ED82A84      (void*)
	[RSP+2BF0] 0x195FC6C8A70      (void*)
	[RSP+2BF8] 0x7FF6DFAE9EB8     (void* -> SkyrimSE.exe+0C29EB8	mov r12, rax)
	[RSP+2C00] 0x91298FF028       (void*)
	[RSP+2C08] 0x1988ED82A84      (void*)
	[RSP+2C10] 0x195FC6C91D8      (void*)
	[RSP+2C18] 0x7FF6E00F6D9F     (void* -> SkyrimSE.exe+1236D9F	jmp 0x00007FF6E00F6E29)
	[RSP+2C20] 0xFFFFFFFFFFFFFFFE (size_t) [uint: 18446744073709551614 int: -2]
	[RSP+2C28] 0x195FC6C8A70      (void*)
	[RSP+2C30] 0x19B01E43EC0      (BSScript::Internal::CodeTasklet*)
		Stack Trace: 

	[RSP+2C38] 0x195FC6C91D8      (void*)
	[RSP+2C40] 0x91298FF028       (void*)
	[RSP+2C48] 0x91298FF028       (void*)
	[RSP+2C50] 0x1988ED82A84      (void*)
	[RSP+2C58] 0x7FF6E00F6F27     (void* -> SkyrimSE.exe+1236F27	jmp 0x00007FF6E00F70C3)
	[RSP+2C60] 0xFFFFFFFF00000014 (size_t) [uint: 18446744069414584340 int: -4294967276]
	[RSP+2C68] 0x195FC6C8A70      (void*)
	[RSP+2C70] 0x91298FCBE0       (void*)
	[RSP+2C78] 0x1                (size_t) [1]
	[RSP+2C80] 0xFFFFFFFFFFFFFFFE (size_t) [uint: 18446744073709551614 int: -2]
	[RSP+2C88] 0x0                (size_t) [0]
	[RSP+2C90] 0x0                (size_t) [0]
	[RSP+2C98] 0x1                (size_t) [1]
	[RSP+2CA0] 0x1988ED82A84      (void*)
	[RSP+2CA8] 0x91298FF000       (void*)
	[RSP+2CB0] 0x0                (size_t) [0]
	[RSP+2CB8] 0x7FF6E013DD7B     (void* -> SkyrimSE.exe+127DD7B	jmp 0x00007FF6E013DD85)
	[RSP+2CC0] 0x1988ED82A84      (void*)
	[RSP+2CC8] 0x15               (size_t) [21]
	[RSP+2CD0] 0x0                (size_t) [0]
	[RSP+2CD8] 0x1988ED82A8C      (void*)
	[RSP+2CE0] 0x91298FCB18       (void*)
	[RSP+2CE8] 0x42C800000000001A (size_t) [4812096201845375002]
	[RSP+2CF0] 0x0                (size_t) [0]
	[RSP+2CF8] 0x1988ED82A84      (void*)
	[RSP+2D00] 0x1A0              (size_t) [416]
	[RSP+2D08] 0x0                (size_t) [0]
	[RSP+2D10] 0x0                (size_t) [0]
	[RSP+2D18] 0x0                (size_t) [0]
	[RSP+2D20] 0x1979F880100      (PlayerCharacter*)
		Flags: 0x00000408 
		Name: "Prisoner"
		FormID: 0x00000014
		FormType: ActorCharacter (62)
		Flags: 0x00000408 
		Name: "Prisoner"
		FormID: 0x00000014
		FormType: ActorCharacter (62)
		Object Reference: 
		File: "AetheriusSpells.esp"
		Modified by: Skyrim.esm -> ccbgssse018-shadowrend.esl -> AetheriusSpells.esp
		Flags: 0x00040009 kDestructible | kInitialized
		Name: "Prisoner"
		FormID: 0x00000007
		FormType: NPC (43)
		ParentCell: None
		Flags: 0x00000408 kInitialized
		FormID: 0x00000014
		FormType: ActorCharacter (62)
	[RSP+2D28] 0x7FF83E2D5D28     (void* -> ComprehensiveAttackRatePatch.dll+0015D28	add rsp, 0x28 |  C:\Users\Noah\Desktop\Modding\[Lab]\{Lab Tools}\ComprehensiveAttackSpeedPatch\src\Main.cpp:854 ??$thunk@$0A@@SetBaseActorValueHook@@SAXPEAVActorValueOwner@RE@@W4ActorValue@2@M@Z)
	[RSP+2D30] 0xFFFFFFFFFFFFFFFE (size_t) [uint: 18446744073709551614 int: -2]
	[RSP+2D38] 0x0                (size_t) [0]
	[RSP+2D40] 0x91298FDBF8       (void*)
	[RSP+2D48] 0x7FF90253F698     (void* -> KERNELBASE.dll+000F698	add rsp, 0xF48)
	[RSP+2D50] 0xFFFFFFFF         (size_t) [4294967295]
	[RSP+2D58] 0x7FF835F42F55     (void* -> SkyPatcher.dll+0092F55	lea r11, [rsp+0x1EC0])
	[RSP+2D60] 0x1979F8801B0      (PlayerCharacter*)
		Flags: 0x00000408 
		Name: "Prisoner"
		FormID: 0x00000014
		FormType: ActorCharacter (62)
		Flags: 0x00000408 
		Name: "Prisoner"
		FormID: 0x00000014
		FormType: ActorCharacter (62)
		Object Reference: 
		File: "AetheriusSpells.esp"
		Modified by: Skyrim.esm -> ccbgssse018-shadowrend.esl -> AetheriusSpells.esp
		Flags: 0x00040009 kDestructible | kInitialized
		Name: "Prisoner"
		FormID: 0x00000007
		FormType: NPC (43)
		ParentCell: None
		Flags: 0x00000408 kInitialized
		FormID: 0x00000014
		FormType: ActorCharacter (62)
	[RSP+2D68] 0x1950000001A      (size_t) [1739461754906]
	[RSP+2D70] 0x42C80000         (size_t) [1120403456]
	[RSP+2D78] 0x7FF83AD43FA0     (void* -> ImmersiveEquipmentDisplays.dll+0163FA0	mov [rsp+0x08], rbx)
	[RSP+2D80] 0x63BF3B5F94AF7    (size_t) [1754767776369399]
	[RSP+2D88] 0x63BF3B5F94AF7    (size_t) [1754767776369399]
	[RSP+2D90] 0x72B5F94AF7       (size_t) [492679285495]
	[RSP+2D98] 0x63BF3B5F94AF8    (size_t) [1754767776369400]
	[RSP+2DA0] 0x63BF3000000E4    (size_t) [1754764723355876]
	[RSP+2DA8] 0x63BF3B5F94B2A    (size_t) [1754767776369450]
	[RSP+2DB0] 0x63BF3B5F94BBE    (size_t) [1754767776369598]
	[RSP+2DB8] 0x63BF3B5F94B4B    (size_t) [1754767776369483]
	[RSP+2DC0] 0x63BF3B5F94FC1    (size_t) [1754767776370625]
	[RSP+2DC8] 0x63BF3B5F94B62    (size_t) [1754767776369506]
	[RSP+2DD0] 0x63BF3B5F94FC1    (size_t) [1754767776370625]
	[RSP+2DD8] 0x202500000472     (size_t) [35343285879922]
	[RSP+2DE0] 0x0                (size_t) [0]
	[RSP+2DE8] 0x0                (size_t) [0]
	[RSP+2DF0] 0x0                (size_t) [0]
	[RSP+2DF8] 0x0                (size_t) [0]
	[RSP+2E00] 0x0                (size_t) [0]
	[RSP+2E08] 0x0                (size_t) [0]
	[RSP+2E10] 0x0                (size_t) [0]
	[RSP+2E18] 0x0                (size_t) [0]
	[RSP+2E20] 0x0                (size_t) [0]
	[RSP+2E28] 0x0                (size_t) [0]
	[RSP+2E30] 0x0                (size_t) [0]
	[RSP+2E38] 0x0                (size_t) [0]
	[RSP+2E40] 0x0                (size_t) [0]
	[RSP+2E48] 0x0                (size_t) [0]
	[RSP+2E50] 0x19859F8A790      (char*) "D"
	[RSP+2E58] 0x5254535300004279 (size_t) [5932458225101193849]
	[RSP+2E60] 0x0                (size_t) [0]
	[RSP+2E68] 0x63BF3B5F96742    (size_t) [1754767776376642]
	[RSP+2E70] 0x63BF3B5F96C74    (size_t) [1754767776377972]
	[RSP+2E78] 0x63BF3B5F96C74    (size_t) [1754767776377972]
	[RSP+2E80] 0x63BF3B5F96C75    (size_t) [1754767776377973]
	[RSP+2E88] 0x63BF3B5F96C75    (size_t) [1754767776377973]
	[RSP+2E90] 0x63BF3B5F98984    (size_t) [1754767776385412]
	[RSP+2E98] 0x63BF3B5F96C86    (size_t) [1754767776377990]
	[RSP+2EA0] 0x63BF3B5F96D1C    (size_t) [1754767776378140]
	[RSP+2EA8] 0x63BF3B5F96CAF    (size_t) [1754767776378031]
	[RSP+2EB0] 0x63BF3B5F9711B    (size_t) [1754767776379163]
	[RSP+2EB8] 0x63BF3B5F96CC3    (size_t) [1754767776378051]
	[RSP+2EC0] 0x63BF3B5F9711B    (size_t) [1754767776379163]
	[RSP+2EC8] 0x215A00000468     (size_t) [36670430774376]
	[RSP+2ED0] 0x0                (size_t) [0]
	[RSP+2ED8] 0x0                (size_t) [0]
	[RSP+2EE0] 0x0                (size_t) [0]
	[RSP+2EE8] 0x0                (size_t) [0]
	[RSP+2EF0] 0x0                (size_t) [0]
	[RSP+2EF8] 0x0                (size_t) [0]
	[RSP+2F00] 0x0                (size_t) [0]
	[RSP+2F08] 0x0                (size_t) [0]
	[RSP+2F10] 0x0                (size_t) [0]
	[RSP+2F18] 0x0                (size_t) [0]
	[RSP+2F20] 0x0                (size_t) [0]
	[RSP+2F28] 0x0                (size_t) [0]
	[RSP+2F30] 0x0                (size_t) [0]
	[RSP+2F38] 0x0                (size_t) [0]
	[RSP+2F40] 0x0                (size_t) [0]
	[RSP+2F48] 0x525453530000427A (size_t) [5932458225101193850]
	[RSP+2F50] 0x0                (size_t) [0]
	[RSP+2F58] 0x63BF3B5F98985    (size_t) [1754767776385413]
	[RSP+2F60] 0x63BF3B5F99028    (size_t) [1754767776387112]
	[RSP+2F68] 0x63BF3B5F99028    (size_t) [1754767776387112]
	[RSP+2F70] 0x63BF3B5F99028    (size_t) [1754767776387112]
	[RSP+2F78] 0x63BF3B5F99029    (size_t) [1754767776387113]
	[RSP+2F80] 0x63BF3B5F9ABC7    (size_t) [1754767776394183]
	[RSP+2F88] 0x63BF3B5F99064    (size_t) [1754767776387172]
	[RSP+2F90] 0x63BF3B5F9919F    (size_t) [1754767776387487]
	[RSP+2F98] 0x63BF3B5F99144    (size_t) [1754767776387396]
	[RSP+2FA0] 0x63BF3B5F9957E    (size_t) [1754767776388478]
	[RSP+2FA8] 0x63BF3B5F99157    (size_t) [1754767776387415]
	[RSP+2FB0] 0x63BF3B5F9957E    (size_t) [1754767776388478]
	[RSP+2FB8] 0x246300000437     (size_t) [40007620363319]
	[RSP+2FC0] 0x0                (size_t) [0]
	[RSP+2FC8] 0x0                (size_t) [0]
	[RSP+2FD0] 0x0                (size_t) [0]
	[RSP+2FD8] 0x0                (size_t) [0]
	[RSP+2FE0] 0x0                (size_t) [0]
	[RSP+2FE8] 0x0                (size_t) [0]
	[RSP+2FF0] 0x0                (size_t) [0]
	[RSP+2FF8] 0x0                (size_t) [0]
	[RSP+3000] 0x0                (size_t) [0]
	[RSP+3008] 0x0                (size_t) [0]
	[RSP+3010] 0x0                (size_t) [0]
	[RSP+3018] 0x0                (size_t) [0]
	[RSP+3020] 0x0                (size_t) [0]
	[RSP+3028] 0x0                (size_t) [0]
	[RSP+3030] 0x0                (size_t) [0]
	[RSP+3038] 0x525453530000427B (size_t) [5932458225101193851]
	[RSP+3040] 0x0                (size_t) [0]
	[RSP+3048] 0x63BF3B5F9ABC8    (size_t) [1754767776394184]
	[RSP+3050] 0x63BF3B5F9B16D    (size_t) [1754767776395629]
	[RSP+3058] 0x63BF3B5F9B16D    (size_t) [1754767776395629]
	[RSP+3060] 0x63BF3B5F9B16D    (size_t) [1754767776395629]
	[RSP+3068] 0x63BF3B5F9B16D    (size_t) [1754767776395629]
	[RSP+3070] 0x63BF3B5F9CE0A    (size_t) [1754767776402954]
	[RSP+3078] 0x63BF3B5F9B194    (size_t) [1754767776395668]
	[RSP+3080] 0x63BF3B5F9B21D    (size_t) [1754767776395805]
	[RSP+3088] 0x63BF3B5F9B1BE    (size_t) [1754767776395710]
	[RSP+3090] 0x63BF3B5F9B629    (size_t) [1754767776396841]
	[RSP+3098] 0x63BF3B5F9B1D0    (size_t) [1754767776395728]
	[RSP+30A0] 0xFFFFFFFFFFFFFFFE (size_t) [uint: 18446744073709551614 int: -2]
	[RSP+30A8] 0x20AB00000469     (size_t) [35918811497577]
	[RSP+30B0] 0x91298FF458       (void*)
	[RSP+30B8] 0x7FF6E00F6E9D     (void* -> SkyrimSE.exe+1236E9D	mov ecx, [rdi])
	[RSP+30C0] 0x14               (size_t) [20]
	[RSP+30C8] 0x195FC6C8A70      (void*)
	[RSP+30D0] 0x197F0894B70      (void*)
	[RSP+30D8] 0x0                (size_t) [0]
	[RSP+30E0] 0xFFFFFFFFFFFFFFFE (size_t) [uint: 18446744073709551614 int: -2]
	[RSP+30E8] 0x195FC7A25E0      (boost::filesystem::detail::utf8_codecvt_facet*)
	[RSP+30F0] 0x91298FD208       (void*)
	[RSP+30F8] 0x1                (size_t) [1]
	[RSP+3100] 0x197F0894B70      (void*)
	[RSP+3108] 0x0                (size_t) [0]
	[RSP+3110] 0x0                (size_t) [0]
	[RSP+3118] 0x7FF6E013DD7B     (void* -> SkyrimSE.exe+127DD7B	jmp 0x00007FF6E013DD85)
	[RSP+3120] 0x197F0894B70      (void*)
	[RSP+3128] 0x19500000015      (size_t) [1739461754901]
	[RSP+3130] 0x1                (size_t) [1]
	[RSP+3138] 0x1958AFCF950      (void*)
	[RSP+3140] 0x91298FCF78       (void*)
	[RSP+3148] 0x7FF84AEE1F81     (void* -> usvfs_x64.dll+00C1F81	add rsp, 0xC0)
	[RSP+3150] 0x91298F0000       (void*)
	[RSP+3158] 0x197F0894B70      (void*)
	[RSP+3160] 0x91298FD228       (void*)
	[RSP+3168] 0x19B11C51CE0      (void*)
	[RSP+3170] 0x0                (size_t) [0]
	[RSP+3178] 0x91298FD090       (void*)
	[RSP+3180] 0x91298FD190       (void*)
	[RSP+3188] 0x91298FCFB8       (void*)
	[RSP+3190] 0xFFFFFFFFFFFFFFFE (size_t) [uint: 18446744073709551614 int: -2]
	[RSP+3198] 0x91298FD09F       (void*)
	[RSP+31A0] 0x19B11C51CFE      (void*)
	[RSP+31A8] 0x1958AFCF5F8      (void*)
	[RSP+31B0] 0x0                (size_t) [0]
	[RSP+31B8] 0x0                (size_t) [0]
	[RSP+31C0] 0x195FC61F8C0      (void*)
	[RSP+31C8] 0x195FC6002E0      (void*)
	[RSP+31D0] 0x19B11C51CE0      (void*)
	[RSP+31D8] 0x19B11C51CFE      (void*)
	[RSP+31E0] 0x91298FD208       (void*)
	[RSP+31E8] 0x100              (size_t) [256]
	[RSP+31F0] 0x91298FD310       (void*)
	[RSP+31F8] 0x195FC600EA0      (void*)
	[RSP+3200] 0x8F19C32E5374     (size_t) [157340811547508]
	[RSP+3208] 0x0                (size_t) [0]
	[RSP+3210] 0x0                (size_t) [0]
	[RSP+3218] 0x0                (size_t) [0]
	[RSP+3220] 0x100              (size_t) [256]
	[RSP+3228] 0x195FC6C0000      (void*)
	[RSP+3230] 0x10               (size_t) [16]
	[RSP+3238] 0x1                (size_t) [1]
	[RSP+3240] 0xEC               (size_t) [236]
	[RSP+3248] 0x7FF904DAF2A4     (void* -> ntdll.dll+000F2A4	mov rbp, rax)
	[RSP+3250] 0x195FC600000      (void*)
	[RSP+3258] 0x1950000000A      (size_t) [1739461754890]
	[RSP+3260] 0xEC               (size_t) [236]
	[RSP+3268] 0x0                (size_t) [0]
	[RSP+3270] 0x0                (size_t) [0]
	[RSP+3278] 0x0                (size_t) [0]
	[RSP+3280] 0x10               (size_t) [16]
	[RSP+3288] 0x195FC6C0000      (void*)
	[RSP+3290] 0x1                (size_t) [1]
	[RSP+3298] 0x0                (size_t) [0]
	[RSP+32A0] 0x0                (size_t) [0]
	[RSP+32A8] 0xEC               (size_t) [236]
	[RSP+32B0] 0x0                (size_t) [0]
	[RSP+32B8] 0x19859F8A790      (char*) "D"
	[RSP+32C0] 0x91298FD720       (void*)
	[RSP+32C8] 0x195FC6C0000      (void*)
	[RSP+32D0] 0xEC               (size_t) [236]
	[RSP+32D8] 0x7FF904DAF164     (void* -> ntdll.dll+000F164	mov r14, rax)
	[RSP+32E0] 0x9100000002       (size_t) [622770257922]
	[RSP+32E8] 0x0                (size_t) [0]
	[RSP+32F0] 0x718AFC0100       (size_t) [487663075584]
	[RSP+32F8] 0x0                (size_t) [0]
	[RSP+3300] 0x0                (size_t) [0]
	[RSP+3308] 0x2                (size_t) [2]
	[RSP+3310] 0x0                (size_t) [0]
	[RSP+3318] 0x91298FD518       (void*)
	[RSP+3320] 0x91298FD720       (void*)
	[RSP+3328] 0x195FC6C0000      (void*)
	[RSP+3330] 0x91298FD400       (void*)
	[RSP+3338] 0x7FF904DAF164     (void* -> ntdll.dll+000F164	mov r14, rax)
	[RSP+3340] 0x2                (size_t) [2]
	[RSP+3348] 0x0                (size_t) [0]
	[RSP+3350] 0x195FC600000      (void*)
	[RSP+3358] 0xA                (size_t) [10]
	[RSP+3360] 0xEC               (size_t) [236]
	[RSP+3368] 0x19500000000      (size_t) [1739461754880]
	[RSP+3370] 0x10               (size_t) [16]
	[RSP+3378] 0x0                (size_t) [0]
	[RSP+3380] 0x0                (size_t) [0]
	[RSP+3388] 0x0                (size_t) [0]
	[RSP+3390] 0x10               (size_t) [16]
	[RSP+3398] 0x0                (size_t) [0]
	[RSP+33A0] 0x0                (size_t) [0]
	[RSP+33A8] 0xEC               (size_t) [236]
	[RSP+33B0] 0x0                (size_t) [0]
	[RSP+33B8] 0x76               (size_t) [118]
	[RSP+33C0] 0x91298FD720       (void*)
	[RSP+33C8] 0x195FC6C0000      (void*)
	[RSP+33D0] 0x0                (size_t) [0]
	[RSP+33D8] 0x7FF904DAF164     (void* -> ntdll.dll+000F164	mov r14, rax)
	[RSP+33E0] 0x2                (size_t) [2]
	[RSP+33E8] 0x7FF84AE4AF0B     (void* -> usvfs_x64.dll+002AF0B	mov byte ptr [rbx+rsi*1], 0x00)
	[RSP+33F0] 0x91298FD528       (void*)
	[RSP+33F8] 0x19800000000      (void*)
	[RSP+3400] 0x195FC605580      (void*)
	[RSP+3408] 0x195FC7A25E0      (boost::filesystem::detail::utf8_codecvt_facet*)
	[RSP+3410] 0x91298FD528       (void*)
	[RSP+3418] 0x1958AFCF950      (void*)
	[RSP+3420] 0x0                (size_t) [0]
	[RSP+3428] 0x7FF84AE4AF0B     (void* -> usvfs_x64.dll+002AF0B	mov byte ptr [rbx+rsi*1], 0x00)
	[RSP+3430] 0x91298FD370       (void*)
	[RSP+3438] 0x91298FD528       (void*)
	[RSP+3440] 0x91298FD528       (void*)
	[RSP+3448] 0x195FC7A25E0      (boost::filesystem::detail::utf8_codecvt_facet*)
	[RSP+3450] 0x91298FD548       (void*)
	[RSP+3458] 0x1958AFCF950      (void*)
	[RSP+3460] 0x0                (size_t) [0]
	[RSP+3468] 0x7FF84AEE1F81     (void* -> usvfs_x64.dll+00C1F81	add rsp, 0xC0)
	[RSP+3470] 0x91298FD3B0       (void*)
	[RSP+3478] 0x91298FD548       (void*)
	[RSP+3480] 0x91298FD548       (void*)
	[RSP+3488] 0x19B11C51B30      (void*)
	[RSP+3490] 0x91298FD2E0       (void*)
	[RSP+3498] 0x91298FD3B0       (void*)
	[RSP+34A0] 0x91298FD4B0       (void*)
	[RSP+34A8] 0x91298FD2D8       (void*)
	[RSP+34B0] 0x0                (size_t) [0]
	[RSP+34B8] 0x91298FD3BF       (void*)
	[RSP+34C0] 0x19B11C51B4E      (void*)
	[RSP+34C8] 0x1958AFCF5F8      (void*)
	[RSP+34D0] 0x0                (size_t) [0]
	[RSP+34D8] 0x0                (size_t) [0]
	[RSP+34E0] 0x8F19C32E4E54     (size_t) [157340811546196]
	[RSP+34E8] 0x20               (size_t) [32]
	[RSP+34F0] 0x19B11C51B30      (void*)
	[RSP+34F8] 0x19B11C51B4E      (void*)
	[RSP+3500] 0x91298FD528       (void*)
	[RSP+3508] 0x7FF9025CDB9D     (void* -> KERNELBASE.dll+009DB9D	nop [rax+rax*1], eax)
	[RSP+3510] 0x91298FD630       (void*)
	[RSP+3518] 0x7FF904DAF164     (void* -> ntdll.dll+000F164	mov r14, rax)
	[RSP+3520] 0x999806F2628      (size_t) [10554889414184]
	[RSP+3528] 0x7FF835868771     (void* -> STB_Widgets.dll+00E8771	mov rcx, r14)
	[RSP+3530] 0x91298FD380       (void*)
	[RSP+3538] 0x91298FD3E0       (void*)
	[RSP+3540] 0x9100000002       (size_t) [622770257922]
	[RSP+3548] 0x0                (size_t) [0]
	[RSP+3550] 0x0                (size_t) [0]
	[RSP+3558] 0x696E692E737465   (size_t) [29676270584558693]
	[RSP+3560] 0x0                (size_t) [0]
	[RSP+3568] 0x2                (size_t) [2]
	[RSP+3570] 0x91298FE840       (void*)
	[RSP+3578] 0x7FF84050B62A     (void* -> skse64_1_5_97.dll+00BB62A	lea r11, [rsp+0x1450])
	[RSP+3580] 0x2                (size_t) [2]
	[RSP+3588] 0x195AB06CE81      (char*) "ispatched message.e 7 to plugin 169ners 23, a_widgetSource = WA/WA_BathStatus.swf)swf)s.swf)..txt...001) loaded correctly (handle 170)e 159)e 141)123)0) loaded correctly (handle 101)"
	[RSP+3590] 0x676469575F425453 (size_t) [7450195507558896723]
	[RSP+3598] 0x91298FD3D0       (void*)
	[RSP+35A0] 0x0                (size_t) [0]
	[RSP+35A8] 0x19B11C51B3E      (void*)
	[RSP+35B0] 0x19500000002      (size_t) [1739461754882]
	[RSP+35B8] 0x91298FD9A8       (void*)
	[RSP+35C0] 0x6863746170730A0D (size_t) [7521983764486097421]
	[RSP+35C8] 0x617373656D206465 (size_t) [7022083123460465765]
	[RSP+35D0] 0x74203720652E6567 (size_t) [8367748719930402151]
	[RSP+35D8] 0x6E6967756C70206F (size_t) [7956003970754814063]
	[RSP+35E0] 0x19539363120      (size_t) [1740421607712]
	[RSP+35E8] 0x19B11C51B4E      (void*)
	[RSP+35F0] 0x1958AFCF950      (void*)
	[RSP+35F8] 0x91298FD9A8       (void*)
	[RSP+3600] 0x91298FD928       (void*)
	[RSP+3608] 0x7FF84AF0CDC7     (void* -> usvfs_x64.dll+00ECDC7	lea r9, [0x00007FF84AF3B5B0])
	[RSP+3610] 0x1958AFCF9B8      (char*) "P"
	[RSP+3618] 0x19B11C51B4E      (void*)
	[RSP+3620] 0x1958AFCF950      (void*)
	[RSP+3628] 0x91298FD9A8       (void*)
	[RSP+3630] 0x91298FD928       (void*)
	[RSP+3638] 0x7FF84AEFDE35     (void* -> usvfs_x64.dll+00DDE35	lea rcx, [0x00007FF84AF94570])
	[RSP+3640] 0x91298FD508       (void*)
	[RSP+3648] 0x7FF84AEE0E49     (void* -> usvfs_x64.dll+00C0E49	mov rbx, [rsp+0x68])
	[RSP+3650] 0x19B11C51B30      (void*)
	[RSP+3658] 0x7FF84AEDF318     (void* -> usvfs_x64.dll+00BF318	mov rax, rbx)
	[RSP+3660] 0x91298FD928       (void*)
	[RSP+3668] 0x7FF84AEB878C     (void* -> usvfs_x64.dll+009878C	jmp 0x00007FF84AEB87AA)
	[RSP+3670] 0x1046185D9F8      (size_t) [1118327659000]
	[RSP+3678] 0x1                (size_t) [1]
	[RSP+3680] 0x1046AC94A70      (size_t) [1118483073648]
	[RSP+3688] 0x0                (size_t) [0]
	[RSP+3690] 0x8F19C32E4874     (size_t) [157340811544692]
	[RSP+3698] 0x7FF84AEDF318     (void* -> usvfs_x64.dll+00BF318	mov rax, rbx)
	[RSP+36A0] 0x91298FD548       (void*)
	[RSP+36A8] 0x7FF84AEAE470     (void* -> usvfs_x64.dll+008E470	test al, al)
	[RSP+36B0] 0x1958AFCF950      (void*)
	[RSP+36B8] 0x91298FD958       (void*)
	[RSP+36C0] 0x91298FD580       (void*)
	[RSP+36C8] 0x0                (size_t) [0]
	[RSP+36D0] 0x91298FD958       (void*)
	[RSP+36D8] 0x7FF84AE69D9D     (void* -> usvfs_x64.dll+0049D9D	nop)
	[RSP+36E0] 0x0                (size_t) [0]
	[RSP+36E8] 0xE31              (size_t) [3633]
	[RSP+36F0] 0x0                (size_t) [0]
	[RSP+36F8] 0x7FF83587E595     (void* -> STB_Widgets.dll+00FE595	mov ecx, eax)
	[RSP+3700] 0x9FBF             (size_t) [40895]
	[RSP+3708] 0x6                (size_t) [6]
	[RSP+3710] 0x91298FD630       (void*)
	[RSP+3718] 0x197916449F3      (void*)
	[RSP+3720] 0x1                (size_t) [1]
	[RSP+3728] 0x7FF83586649C     (void* -> STB_Widgets.dll+00E649C	test eax, eax)
	[RSP+3730] 0x19500000E31      (size_t) [1739461758513]
	[RSP+3738] 0x195FC6002E0      (void*)
	[RSP+3740] 0x7                (size_t) [7]
	[RSP+3748] 0x91298FD9A8       (void*)
	[RSP+3750] 0xE310000002F      (size_t) [15603616186415]
	[RSP+3758] 0x100              (size_t) [256]
	[RSP+3760] 0x1                (size_t) [1]
	[RSP+3768] 0x1                (size_t) [1]
	[RSP+3770] 0x1                (size_t) [1]
	[RSP+3778] 0x7FF835780000     (void*)
	[RSP+3780] 0x91298FE560       (void*)
	[RSP+3788] 0x91298FE6C0       (void*)
	[RSP+3790] 0x91298FD6C0       (void*)
	[RSP+3798] 0x7FF83586858A     (void* -> STB_Widgets.dll+00E858A	mov rbx, [rsp+0xBC0])
	[RSP+37A0] 0x0                (size_t) [0]
	[RSP+37A8] 0x9100000034       (size_t) [622770257972]
	[RSP+37B0] 0x26               (size_t) [38]
	[RSP+37B8] 0x91298FE6C0       (void*)
	[RSP+37C0] 0x91298FE190       (void*)
	[RSP+37C8] 0xA                (size_t) [10]
	[RSP+37D0] 0x0                (size_t) [0]
	[RSP+37D8] 0x100000000        (size_t) [4294967296]
	[RSP+37E0] 0x0                (size_t) [0]
	[RSP+37E8] 0x0                (size_t) [0]
	[RSP+37F0] 0x36               (size_t) [54]
	[RSP+37F8] 0x91298FE1D0       (void*)
	[RSP+3800] 0x91298FE190       (void*)
	[RSP+3808] 0x0                (size_t) [0]
	[RSP+3810] 0x91298FE1D9       (void*)
	[RSP+3818] 0x91298FE1D9       (void*)
	[RSP+3820] 0x0                (size_t) [0]
	[RSP+3828] 0x0                (size_t) [0]
	[RSP+3830] 0x71               (size_t) [113]
	[RSP+3838] 0x195FC6C0000      (void*)
	[RSP+3840] 0x0                (size_t) [0]
	[RSP+3848] 0x7FF904DAF164     (void* -> ntdll.dll+000F164	mov r14, rax)
	[RSP+3850] 0x2                (size_t) [2]
	[RSP+3858] 0x19794D832E4      (char*) "1"
	[RSP+3860] 0x9100000004       (size_t) [622770257924]
	[RSP+3868] 0x45534B53         (size_t) [1163086675]
	[RSP+3870] 0x1985C575DB0      (char*) "C:/WINDOWS/System32/DriverStore/FileRepository/nv_dispi.inf_amd64_08efa4f6500ab001/nvppex.dll"
	[RSP+3878] 0x4                (size_t) [4]
	[RSP+3880] 0xF                (size_t) [15]
	[RSP+3888] 0x45530000         (size_t) [1163067392]
	[RSP+3890] 0x4                (size_t) [4]
	[RSP+3898] 0x0                (size_t) [0]
	[RSP+38A0] 0x7                (size_t) [7]
	[RSP+38A8] 0x91298FD9A8       (void*)
	[RSP+38B0] 0x7FF904F1DB20     (char*) "R"
	[RSP+38B8] 0x91298FD75C       (char*) "R"
	[RSP+38C0] 0x7FF904F1DB20     (char*) "R"
	[RSP+38C8] 0x7FF904ECEA63     (void* -> ntdll.dll+012EA63	mov ecx, 0xFFFF)
	[RSP+38D0] 0x1958AFC0052      (void*)
	[RSP+38D8] 0x91298FD9A8       (void*)
	[RSP+38E0] 0x91298FD820       (void*)
	[RSP+38E8] 0x1                (size_t) [1]
	[RSP+38F0] 0x20               (size_t) [32]
	[RSP+38F8] 0x7FF904ECEA19     (void* -> ntdll.dll+012EA19	mov rbx, [rsp+0x4F0])
	[RSP+3900] 0x7FF904F1DB20     (char*) "R"
	[RSP+3908] 0x7FF904F1DB21     (void* -> ntdll.dll+017DB21	add [rax], al)
	[RSP+3910] 0x20               (size_t) [32]
	[RSP+3918] 0x61746144         (size_t) [1635017028]
	[RSP+3920] 0x1985C575DB0      (char*) "C:/WINDOWS/System32/DriverStore/FileRepository/nv_dispi.inf_amd64_08efa4f6500ab001/nvppex.dll"
	[RSP+3928] 0x4                (size_t) [4]
	[RSP+3930] 0x21               (size_t) [33]
	[RSP+3938] 0x52FFFFFFFF       (size_t) [356482285567]
	[RSP+3940] 0x1                (size_t) [1]
	[RSP+3948] 0x0                (size_t) [0]
	[RSP+3950] 0x0                (size_t) [0]
	[RSP+3958] 0x91298FDD88       (void*)
	[RSP+3960] 0x0                (size_t) [0]
	[RSP+3968] 0x91298FDC30       (void*)
	[RSP+3970] 0x27               (size_t) [39]
	[RSP+3978] 0x7FF904F1D42A     (void* -> ntdll.dll+017D42A	add [rax], al)
	[RSP+3980] 0x77               (size_t) [119]
	[RSP+3988] 0x7FF84AF08B50     (void* -> usvfs_x64.dll+00E8B50	test rax, rax)
	[RSP+3990] 0x0                (size_t) [0]
	[RSP+3998] 0x0                (size_t) [0]
	[RSP+39A0] 0x0                (size_t) [0]
	[RSP+39A8] 0x0                (size_t) [0]
	[RSP+39B0] 0x0                (size_t) [0]
	[RSP+39B8] 0x0                (size_t) [0]
	[RSP+39C0] 0x0                (size_t) [0]
	[RSP+39C8] 0x0                (size_t) [0]
	[RSP+39D0] 0x0                (size_t) [0]
	[RSP+39D8] 0x0                (size_t) [0]
	[RSP+39E0] 0x0                (size_t) [0]
	[RSP+39E8] 0x0                (size_t) [0]
	[RSP+39F0] 0x0                (size_t) [0]
	[RSP+39F8] 0x0                (size_t) [0]
	[RSP+3A00] 0x0                (size_t) [0]
	[RSP+3A08] 0x0                (size_t) [0]
	[RSP+3A10] 0x0                (size_t) [0]
	[RSP+3A18] 0x0                (size_t) [0]
	[RSP+3A20] 0x0                (size_t) [0]
	[RSP+3A28] 0x0                (size_t) [0]
	[RSP+3A30] 0x0                (size_t) [0]
	[RSP+3A38] 0x0                (size_t) [0]
	[RSP+3A40] 0x0                (size_t) [0]
	[RSP+3A48] 0x0                (size_t) [0]
	[RSP+3A50] 0x0                (size_t) [0]
	[RSP+3A58] 0x0                (size_t) [0]
	[RSP+3A60] 0x0                (size_t) [0]
	[RSP+3A68] 0x0                (size_t) [0]
	[RSP+3A70] 0x0                (size_t) [0]
	[RSP+3A78] 0x0                (size_t) [0]
	[RSP+3A80] 0x0                (size_t) [0]
	[RSP+3A88] 0x0                (size_t) [0]
	[RSP+3A90] 0x0                (size_t) [0]
	[RSP+3A98] 0x0                (size_t) [0]
	[RSP+3AA0] 0x0                (size_t) [0]
	[RSP+3AA8] 0x0                (size_t) [0]
	[RSP+3AB0] 0x0                (size_t) [0]
	[RSP+3AB8] 0x0                (size_t) [0]
	[RSP+3AC0] 0x0                (size_t) [0]
	[RSP+3AC8] 0x0                (size_t) [0]
	[RSP+3AD0] 0x0                (size_t) [0]
	[RSP+3AD8] 0x0                (size_t) [0]
	[RSP+3AE0] 0x0                (size_t) [0]
	[RSP+3AE8] 0x0                (size_t) [0]
	[RSP+3AF0] 0x0                (size_t) [0]
	[RSP+3AF8] 0x0                (size_t) [0]
	[RSP+3B00] 0x0                (size_t) [0]
	[RSP+3B08] 0x0                (size_t) [0]
	[RSP+3B10] 0x9C4000000        (size_t) [41943040000]
	[RSP+3B18] 0xFA000000         (size_t) [4194304000]
	[RSP+3B20] 0x16               (size_t) [22]
	[RSP+3B28] 0x0                (size_t) [0]
	[RSP+3B30] 0x0                (size_t) [0]
	[RSP+3B38] 0x7FF6E00FB08F     (void* -> SkyrimSE.exe+123B08F	test eax, eax)
	[RSP+3B40] 0x0                (size_t) [0]
	[RSP+3B48] 0x0                (size_t) [0]
	[RSP+3B50] 0x0                (size_t) [0]
	[RSP+3B58] 0x0                (size_t) [0]
	[RSP+3B60] 0x1988FB06330      (void*)
	[RSP+3B68] 0x7FF6E1E0F798     (void* -> SkyrimSE.exe+2F4F798	cmp al, ah)
	[RSP+3B70] 0x197327A7F00      (char*) "T:"
	[RSP+3B78] 0x7FF6E00F7F1D     (void* -> SkyrimSE.exe+1237F1D	test rax, rax)
	[RSP+3B80] 0xFFFFFFFF         (size_t) [4294967295]
	[RSP+3B88] 0xFFFFFF00         (size_t) [4294967040]
	[RSP+3B90] 0x91298FDA88       (void*)
	[RSP+3B98] 0x0                (size_t) [0]
	[RSP+3BA0] 0x0                (size_t) [0]
	[RSP+3BA8] 0x7FF6E1E0F798     (void* -> SkyrimSE.exe+2F4F798	cmp al, ah)
	[RSP+3BB0] 0x7FF6E1E0F798     (void* -> SkyrimSE.exe+2F4F798	cmp al, ah)
	[RSP+3BB8] 0x7FF6E0120FF4     (void* -> SkyrimSE.exe+1260FF4	cmp qword ptr [rdi], 0x00)
	[RSP+3BC0] 0x197327A7F00      (char*) "T:"
	[RSP+3BC8] 0xFFFFFFFF         (size_t) [4294967295]
	[RSP+3BD0] 0x0                (size_t) [0]
	[RSP+3BD8] 0x91298FDA88       (void*)
	[RSP+3BE0] 0x1                (size_t) [1]
	[RSP+3BE8] 0x7FF904ECEA19     (void* -> ntdll.dll+012EA19	mov rbx, [rsp+0x4F0])
	[RSP+3BF0] 0x197327A7F00      (char*) "T:"
	[RSP+3BF8] 0xFFFFFFFFFFFFFFFE (size_t) [uint: 18446744073709551614 int: -2]
	[RSP+3C00] 0x20               (size_t) [32]
	[RSP+3C08] 0x91298FE068       (void*)
	[RSP+3C10] 0x0                (size_t) [0]
	[RSP+3C18] 0x91298FDB50       (void*)
	[RSP+3C20] 0x1985B0A8880      (void*)
	[RSP+3C28] 0x7FF6E011B1A1     (void* -> SkyrimSE.exe+125B1A1	test al, al)
	[RSP+3C30] 0x19675A36100      (BSScript::Internal::VirtualMachine*)
	[RSP+3C38] 0x91298FDA80       (void*)
	[RSP+3C40] 0x7FF6E1E0F798     (void* -> SkyrimSE.exe+2F4F798	cmp al, ah)
	[RSP+3C48] 0x1988FB06330      (void*)
	[RSP+3C50] 0x91298FDAA8       (void*)
	[RSP+3C58] 0x91298FDA88       (void*)
	[RSP+3C60] 0x19732746640      (void*)
	[RSP+3C68] 0x19732785B00      (BSScript::Internal::ScriptFunction*)
	[RSP+3C70] 0x0                (size_t) [0]
	[RSP+3C78] 0x0                (size_t) [0]
	[RSP+3C80] 0x0                (size_t) [0]
	[RSP+3C88] 0x197327A7F00      (char*) "T:"
	[RSP+3C90] 0x0                (size_t) [0]
	[RSP+3C98] 0x0                (size_t) [0]
	[RSP+3CA0] 0x0                (size_t) [0]
	[RSP+3CA8] 0x0                (size_t) [0]
	[RSP+3CB0] 0x0                (size_t) [0]
	[RSP+3CB8] 0x0                (size_t) [0]
	[RSP+3CC0] 0x0                (size_t) [0]
	[RSP+3CC8] 0x0                (size_t) [0]
	[RSP+3CD0] 0x0                (size_t) [0]
	[RSP+3CD8] 0x7FF83920C626     (void* -> NextGenDecapitations.dll+005C626	movzx ecx, byte ptr [rax] |  F:\NextGenDecapitations-master\extern\CommonLibSSE-NG\include\REL\Module.h:84 REL::Module::get (mangled: ?get@Module@REL@@SAAEAV12@XZ) F:\NextGenDecapitations-master\extern\CommonLibSSE-NG\include\REL\Module.h:87 REL::Module::get (mangled: ?get@Module@REL@@SAAEAV12@XZ))
	[RSP+3CE0] 0x0                (size_t) [0]
	[RSP+3CE8] 0x0                (size_t) [0]
	[RSP+3CF0] 0x0                (size_t) [0]
	[RSP+3CF8] 0xFFFFFFFFFFFFFFFE (size_t) [uint: 18446744073709551614 int: -2]
	[RSP+3D00] 0x0                (size_t) [0]
	[RSP+3D08] 0x0                (size_t) [0]
	[RSP+3D10] 0x91298FE940       (void*)
	[RSP+3D18] 0x22               (size_t) [34]
	[RSP+3D20] 0x91298FE9E0       (char*) "1000.0"
	[RSP+3D28] 0x91298FEBE0       (void*)
	[RSP+3D30] 0x91298FEBE0       (void*)
	[RSP+3D38] 0x91298FDC70       (void*)
	[RSP+3D40] 0x3                (size_t) [3]
	[RSP+3D48] 0x7FF90234DCDA     (void* -> ucrtbase.dll+002DCDA	add rsp, 0xBC8)
	[RSP+3D50] 0x9FBF             (size_t) [40895]
	[RSP+3D58] 0x91298FE1A0       (void*)
	[RSP+3D60] 0x0                (size_t) [0]
	[RSP+3D68] 0x2                (size_t) [2]
	[RSP+3D70] 0x7D938            (size_t) [514360]
	[RSP+3D78] 0x0                (size_t) [0]
	[RSP+3D80] 0x0                (size_t) [0]
	[RSP+3D88] 0x7FF83920C546     (void* -> NextGenDecapitations.dll+005C546	movzx ecx, byte ptr [rax] |  F:\NextGenDecapitations-master\extern\CommonLibSSE-NG\include\REL\ID.h:132 REL::IDDatabase::get (mangled: ?get@IDDatabase@REL@@SAAEAV12@XZ) F:\NextGenDecapitations-master\extern\CommonLibSSE-NG\include\REL\ID.h:135 REL::IDDatabase::get (mangled: ?get@IDDatabase@REL@@SAAEAV12@XZ))
	[RSP+3D90] 0x0                (size_t) [0]
	[RSP+3D98] 0x0                (size_t) [0]
	[RSP+3DA0] 0x400000000        (size_t) [17179869184]
	[RSP+3DA8] 0x0                (size_t) [0]
	[RSP+3DB0] 0x4D7E17ADD4E8     (size_t) [85203958486248]
	[RSP+3DB8] 0x3F00003F3F000C3F (size_t) [4539628696029367359]
	[RSP+3DC0] 0x0                (size_t) [0]
	[RSP+3DC8] 0x408F400000000000 (size_t) [4652007308841189376]
	[RSP+3DD0] 0x20               (size_t) [32]
	[RSP+3DD8] 0x1                (size_t) [1]
	[RSP+3DE0] 0x2                (size_t) [2]
	[RSP+3DE8] 0x91298FE940       (void*)
	[RSP+3DF0] 0x7FF600000000     (size_t) [140694538682368]
	[RSP+3DF8] 0x91298FEBE0       (void*)
	[RSP+3E00] 0x1979F880100      (PlayerCharacter*)
		Flags: 0x00000408 
		Name: "Prisoner"
		FormID: 0x00000014
		FormType: ActorCharacter (62)
		Flags: 0x00000408 
		Name: "Prisoner"
		FormID: 0x00000014
		FormType: ActorCharacter (62)
		Object Reference: 
		File: "AetheriusSpells.esp"
		Modified by: Skyrim.esm -> ccbgssse018-shadowrend.esl -> AetheriusSpells.esp
		Flags: 0x00040009 kDestructible | kInitialized
		Name: "Prisoner"
		FormID: 0x00000007
		FormType: NPC (43)
		ParentCell: None
		Flags: 0x00000408 kInitialized
		FormID: 0x00000014
		FormType: ActorCharacter (62)
	[RSP+3E08] 0x200              (size_t) [512]
	[RSP+3E10] 0x12EB6            (size_t) [77494]
	[RSP+3E18] 0x0                (size_t) [0]
	[RSP+3E20] 0x7707309600012EB6 (size_t) [8576877436153704118]
	[RSP+3E28] 0x990951BAEE0E612C (size_t) [uint: 11027435025893056812 int: -7419309047816494804]
	[RSP+3E30] 0x0                (size_t) [0]
	[RSP+3E38] 0x7FF600000000     (size_t) [140694538682368]
	[RSP+3E40] 0x195FC605580      (void*)
	[RSP+3E48] 0x195FC6002AC      (void*)
	[RSP+3E50] 0x7707309600000000 (size_t) [8576877436153626624]
	[RSP+3E58] 0x990951BAEE0E612C (size_t) [uint: 11027435025893056812 int: -7419309047816494804]
	[RSP+3E60] 0x706AF48F076DC419 (size_t) [8100555774921393177]
	[RSP+3E68] 0x30               (size_t) [48]
	[RSP+3E70] 0x79DCB8A40EDB8832 (size_t) [8781096388229040178]
	[RSP+3E78] 0x195FC600EA0      (void*)
	[RSP+3E80] 0x7EB17CBD09B64C2B (size_t) [9129215071010311211]
	[RSP+3E88] 0x0                (size_t) [0]
	[RSP+3E90] 0x0                (size_t) [0]
	[RSP+3E98] 0x0                (size_t) [0]
	[RSP+3EA0] 0x30               (size_t) [48]
	[RSP+3EA8] 0x195FC6C0000      (void*)
	[RSP+3EB0] 0x3                (size_t) [3]
	[RSP+3EB8] 0x8                (size_t) [8]
	[RSP+3EC0] 0x20               (size_t) [32]
	[RSP+3EC8] 0x7FF904DAF2A4     (void* -> ntdll.dll+000F2A4	mov rbp, rax)
	[RSP+3ED0] 0x195FC600000      (void*)
	[RSP+3ED8] 0xA26771720000000A (size_t) [uint: 11702446891185733642 int: -6744297182523817974]
	[RSP+3EE0] 0x20               (size_t) [32]
	[RSP+3EE8] 0xA50AB56B00000000 (size_t) [uint: 11892517237191344128 int: -6554226836518207488]
	[RSP+3EF0] 0x42B2986C35B5A8FA (size_t) [4806071342882728186]
	[RSP+3EF8] 0xACBCF940DBBBC9D6 (size_t) [uint: 12447097527104948694 int: -5999646546604602922]
	[RSP+3F00] 0x45DF5C7532D86CE3 (size_t) [5034844566857477347]
	[RSP+3F08] 0xABD13D59DCD60DCF (size_t) [uint: 12380744306784603599 int: -6065999766924948017]
	[RSP+3F10] 0x51DE003A26D930AC (size_t) [5899152811661799596]
	[RSP+3F18] 0x0                (size_t) [0]
	[RSP+3F20] 0x1979F880100      (PlayerCharacter*)
		Flags: 0x00000408 
		Name: "Prisoner"
		FormID: 0x00000014
		FormType: ActorCharacter (62)
		Flags: 0x00000408 
		Name: "Prisoner"
		FormID: 0x00000014
		FormType: ActorCharacter (62)
		Object Reference: 
		File: "AetheriusSpells.esp"
		Modified by: Skyrim.esm -> ccbgssse018-shadowrend.esl -> AetheriusSpells.esp
		Flags: 0x00040009 kDestructible | kInitialized
		Name: "Prisoner"
		FormID: 0x00000007
		FormType: NPC (43)
		ParentCell: None
		Flags: 0x00000408 kInitialized
		FormID: 0x00000014
		FormType: ActorCharacter (62)
	[RSP+3F28] 0x20               (size_t) [32]
	[RSP+3F30] 0x0                (size_t) [0]
	[RSP+3F38] 0x7FF6E1DE81A8     (SkyrimScript::HandlePolicy*)
	[RSP+3F40] 0xFFFF00000000     (size_t) [281470681743360]
	[RSP+3F48] 0x195FC6C0000      (void*)
	[RSP+3F50] 0xCBF29CE484222325 (size_t) [uint: 14695981039346656037 int: -3750763034362895579]
	[RSP+3F58] 0x7FF904DAF164     (void* -> ntdll.dll+000F164	mov r14, rax)
	[RSP+3F60] 0x6B6B51F00000002  (size_t) [483773154737520642]
	[RSP+3F68] 0x0                (size_t) [0]
	[RSP+3F70] 0xF00F9347807C9A2  (size_t) [1081137914316310946]
	[RSP+3F78] 0x7FF8923557C3     (void* -> tbbmalloc.dll+00157C3	mov rbp, rax)
	[RSP+3F80] 0x86D3D2D7F6A0DBB  (size_t) [607208790385364411]
	[RSP+3F88] 0x7FF835412B0A     (void* -> TrueHUD.dll+0062B0A	add rsp, 0x418)
	[RSP+3F90] 0x7707309600000000 (size_t) [8576877436153626624]
	[RSP+3F98] 0x990951BAEE0E612C (size_t) [uint: 11027435025893056812 int: -7419309047816494804]
	[RSP+3FA0] 0x706AF48F076DC419 (size_t) [8100555774921393177]
	[RSP+3FA8] 0x9E6495A3E963A535 (size_t) [uint: 11413411886891509045 int: -7033332186818042571]
	[RSP+3FB0] 0x79DCB8A40EDB8832 (size_t) [8781096388229040178]
	[RSP+3FB8] 0x97D2D988E0D5E91E (size_t) [uint: 10940045626747250974 int: -7506698446962300642]
	[RSP+3FC0] 0x7EB17CBD09B64C2B (size_t) [9129215071010311211]
	[RSP+3FC8] 0x90BF1D91E7B82D07 (size_t) [uint: 10430087774508428551 int: -8016656299201123065]
	[RSP+3FD0] 0x6AB020F21DB71064 (size_t) [7687680788174147684]
	[RSP+3FD8] 0x84BE41DEF3B97148 (size_t) [uint: 9565155084409073992 int: -8881588989300477624]
	[RSP+3FE0] 0x6DDDE4EB1ADAD47D (size_t) [7916735418406196349]
	[RSP+3FE8] 0x83D385C7F4D4B551 (size_t) [uint: 9499083132907074897 int: -8947660940802476719]
	[RSP+3FF0] 0x646BA8C0136C9856 (size_t) [7236062769213904982]
	[RSP+3FF8] 0x8A65C9ECFD62F97A (size_t) [uint: 9972598969582418298 int: -8474145104127133318]
	[RSP+4000] 0x63066CD914015C4F (size_t) [7135510339214466127]
	[RSP+4008] 0x8D080DF5FA0F3D63 (size_t) [uint: 10162387909274975587 int: -8284356164434576029]
	[RSP+4010] 0x4C69105E3B6E20C8 (size_t) [5505950016347185352]
	[RSP+4018] 0xA2677172D56041E4 (size_t) [uint: 11702446894765588964 int: -6744297178943962652]
	[RSP+4020] 0x4B04D4473C03E4D1 (size_t) [5405678855166092497]
	[RSP+4028] 0xA50AB56BD20D85FD (size_t) [uint: 11892517240715445757 int: -6554226832994105859]
	[RSP+4030] 0x42B2986C35B5A8FA (size_t) [4806071342882728186]
	[RSP+4038] 0xACBCF940DBBBC9D6 (size_t) [uint: 12447097527104948694 int: -5999646546604602922]
	[RSP+4040] 0x45DF5C7532D86CE3 (size_t) [5034844566857477347]
	[RSP+4048] 0xABD13D59DCD60DCF (size_t) [uint: 12380744306784603599 int: -6065999766924948017]
	[RSP+4050] 0x51DE003A26D930AC (size_t) [5899152811661799596]
	[RSP+4058] 0xBFD06116C8D75180 (size_t) [uint: 13821654006886781312 int: -4625090066822770304]
	[RSP+4060] 0x56B3C42321B4F4B5 (size_t) [6247552763261416629]
	[RSP+4068] 0xB8BDA50FCFBA9599 (size_t) [uint: 13311977560905258393 int: -5134766512804293223]
	[RSP+4070] 0x5F0588082802B89E (size_t) [6847028377099090078]
	[RSP+4078] 0xB10BE924C60CD9B2 (size_t) [uint: 12757546713607887282 int: -5689197360101664334]
	[RSP+4080] 0x58684C112F6F7C87 (size_t) [6370425309609557127]
	[RSP+4088] 0xB6662D3DC1611DAB (size_t) [uint: 13143242305787993515 int: -5303501767921558101]
	[RSP+4090] 0x1DB710676DC4190  (size_t) [133824886515450256]
	[RSP+4098] 0xEFD5102A98D220BC (size_t) [uint: 17281736920242725052 int: -1165007153466826564]
	[RSP+40A0] 0x6B6B51F71B18589  (size_t) [483773156644980105]
	[RSP+40A8] 0xE8B8D4339FBFE4A5 (size_t) [uint: 16769386530702615717 int: -1677357543006935899]
	[RSP+40B0] 0xF00F9347807C9A2  (size_t) [1081137914316310946]
	[RSP+40B8] 0xE10E98189609A88E (size_t) [uint: 16217066539571587214 int: -2229677534137964402]
	[RSP+40C0] 0x86D3D2D7F6A0DBB  (size_t) [607208790385364411]
	[RSP+40C8] 0xE6635C0191646C97 (size_t) [uint: 16601213813221780631 int: -1845530260487770985]
	[RSP+40D0] 0x1C6C61626B6B51F4 (size_t) [2048119005883617780]
	[RSP+40D8] 0xF262004E856530D8 (size_t) [uint: 17465522642141655256 int: -981221431567896360]
	[RSP+40E0] 0x1B01A57B6C0695ED (size_t) [1946018463512696301]
	[RSP+40E8] 0xF50FC4578208F4C1 (size_t) [uint: 17658548544065828033 int: -788195529643723583]
	[RSP+40F0] 0x12B7E95065B0D9C6 (size_t) [1348803144933497286]
	[RSP+40F8] 0xFCB9887C8BBEB8EA (size_t) [uint: 18210736636751165674 int: -236007436958385942]
	[RSP+4100] 0x15DA2D4962DD1DDF (size_t) [1574620812933930463]
	[RSP+4108] 0xFBD44C658CD37CF3 (size_t) [uint: 18146212797620649203 int: -300531276088902413]
	[RSP+4110] 0x3AB551CE4DB26158 (size_t) [4230377371493097816]
	[RSP+4118] 0xD4BB30E2A3BC0074 (size_t) [uint: 15328899506653364340 int: -3117844567056187276]
	[RSP+4120] 0x3DD895D74ADFA541 (size_t) [4456476583189783873]
	[RSP+4128] 0xD3D6F4FBA4D1C46D (size_t) [uint: 15264657348658054253 int: -3182086725051497363]
	[RSP+4130] 0x346ED9FC4369E96A (size_t) [3778196814896425322]
	[RSP+4138] 0xDA60B8D0AD678846 (size_t) [uint: 15735780304434464838 int: -2710963769275086778]
	[RSP+4140] 0x33031DE544042D73 (size_t) [3675814591390297459]
	[RSP+4148] 0xDD0D7CC9AA0A4C5F (size_t) [uint: 15928524662662384735 int: -2518219411047166881]
	[RSP+4150] 0x270241AA5005713C (size_t) [2810881317175390524]
	[RSP+4158] 0xC90C2086BE0B1010 (size_t) [uint: 14486989864430145552 int: -3959754209279406064]
	[RSP+4160] 0x206F85B35768B525 (size_t) [2337233736940696869]
	[RSP+4168] 0xCE61E49FB966D409 (size_t) [uint: 14871418819215545353 int: -3575325254494006263]
	[RSP+4170] 0x29D9C9985EDEF90E (size_t) [3015663081765140750]
	[RSP+4178] 0xC7D7A8B4B0D09822 (size_t) [uint: 14400163827554490402 int: -4046580246155061214]
	[RSP+4180] 0x2EB40D8159B33D17 (size_t) [3365329670759464215]
	[RSP+4188] 0xC0BA6CADB7BD5C3B (size_t) [uint: 13887531894318128187 int: -4559212179391423429]
	[RSP+4190] 0x9ABFB3B6EDB88320 (size_t) [uint: 11150828800646349600 int: -7295915273063202016]
	[RSP+4198] 0x74B1D29A03B6E20C (size_t) [8408733538206540300]
	[RSP+41A0] 0x9DD277AFEAD54739 (size_t) [uint: 11372283606506751801 int: -7074460467202799815]
	[RSP+41A8] 0x73DC168304DB2615 (size_t) [8348572561216054805]
	[RSP+41B0] 0x0                (size_t) [0]
	[RSP+41B8] 0x0                (size_t) [0]
	[RSP+41C0] 0x9309FF9DE40ECF0B (size_t) [uint: 10595280651966926603 int: -7851463421742625013]
	[RSP+41C8] 0x7D079EB10A00AE27 (size_t) [9009344062792183335]
	[RSP+41D0] 0x8708A3D2F00F9344 (size_t) [uint: 9730207121299968836 int: -8716536952409582780]
	[RSP+41D8] 0x6906C2FE1E01F268 (size_t) [7567950620523623016]
	[RSP+41E0] 0x806567CBF762575D (size_t) [uint: 9251915135228991325 int: -9194828938480560291]
	[RSP+41E8] 0x6E6B06E7196C3671 (size_t) [7956460756313847409]
	[RSP+41F0] 0x89D32BE0FED41B76 (size_t) [uint: 9931329848630057846 int: -8515414225079493770]
	[RSP+41F8] 0x67DD4ACC10DA7A5A (size_t) [7484220396076169818]
	[RSP+4200] 0x8EBEEFF9F9B9DF6F (size_t) [uint: 10285922455876394863 int: -8160821617833156753]
	[RSP+4208] 0x60B08ED517B7BE43 (size_t) [6967225669419253315]
	[RSP+4210] 0xA1D1937ED6D6A3E8 (size_t) [uint: 11660263083218478056 int: -6786480990491073560]
	[RSP+4218] 0x4FDFF25238D8C2C4 (size_t) [5755585283757753028]
	[RSP+4220] 0xA6BC5767D1BB67F1 (size_t) [uint: 12014574009329608689 int: -6432170064379942927]
	[RSP+4228] 0x48B2364B3FB506DD (size_t) [5238309013404583645]
	[RSP+4230] 0xAF0A1B4CD80D2BDA (size_t) [uint: 12612923723260701658 int: -5833820350448849958]
	[RSP+4238] 0x41047A6036034AF6 (size_t) [4685004066013793014]
	[RSP+4240] 0xA867DF55DF60EFC3 (size_t) [uint: 12134913280885977027 int: -6311830792823574589]
	[RSP+4248] 0x4669BE79316E8EEF (size_t) [5073795882939223791]
	[RSP+4250] 0xBC66831ACB61B38C (size_t) [uint: 13575682277859505036 int: -4871061795850046580]
	[RSP+4258] 0x5268E236256FD2A0 (size_t) [5938244830872195744]
	[RSP+4260] 0xBB0B4703CC0C7795 (size_t) [uint: 13477944391470184341 int: -4968799682239367275]
	[RSP+4268] 0x5505262F220216B9 (size_t) [6126344851983308473]
	[RSP+4270] 0xB2BD0B28C5BA3BBE (size_t) [uint: 12879462779093400510 int: -5567281294616151106]
	[RSP+4278] 0x5CB36A042BB45A92 (size_t) [6679799238466230930]
	[RSP+4280] 0xB5D0CF31C2D7FFA7 (size_t) [uint: 13101199128650055591 int: -5345544945059496025]
	[RSP+4288] 0x5BDEAE1D2CD99E8B (size_t) [6619919942610951819]
	[RSP+4290] 0xEC63F2269B64C2B0 (size_t) [uint: 17033724463275098800 int: -1413019610434452816]
	[RSP+4298] 0x26D930A756AA39C  (size_t) [174957633666196380]
	[RSP+42A0] 0xEB0E363F9C0906A9 (size_t) [uint: 16937534895415690921 int: -1509209178293860695]
	[RSP+42A8] 0x500571372076785  (size_t) [360383711218722693]
	[RSP+42B0] 0xE2B87A1495BF4A82 (size_t) [uint: 16336941877116750466 int: -2109802196592801150]
	[RSP+42B8] 0xCB61B387BB12BAE  (size_t) [915949503623801774]
	[RSP+42C0] 0xE5D5BE0D92D28E9B (size_t) [uint: 16561352170231991963 int: -1885391903477559653]
	[RSP+42C8] 0xBDBDF217CDCEFB7  (size_t) [854521889238609847]
	[RSP+42D0] 0xF1D4E24286D3D2D4 (size_t) [uint: 17425801633561039572 int: -1020942440148512044]
	[RSP+42D8] 0x1FDA836E68DDB3F8 (size_t) [2295291470327690232]
	[RSP+42E0] 0xF6B9265B81BE16CD (size_t) [uint: 17778283178482341581 int: -668460895227210035]
	[RSP+42E8] 0x18B747776FB077E1 (size_t) [1780970755948836833]
	[RSP+42F0] 0xFF0F6A7088085AE6 (size_t) [uint: 18379025635873413862 int: -67718437836137754]
	[RSP+42F8] 0x11010B5C66063BCA (size_t) [1225273065098066890]
	[RSP+4300] 0xF862AE698F659EFF (size_t) [uint: 17898059637524373247 int: -548684436185178369]
	[RSP+4308] 0x166CCF45616BFFD3 (size_t) [1615894263213326291]
	[RSP+4310] 0xD70DD2EEA00AE278 (size_t) [uint: 15496273815180862072 int: -2950470258528689544]
	[RSP+4318] 0x3903B3C24E048354 (size_t) [4108324932205970260]
	[RSP+4320] 0xD06016F7A7672661 (size_t) [uint: 15015026410574521953 int: -3431717663135029663]
	[RSP+4328] 0x3E6E77DB4969474D (size_t) [4498664861502883661]
	[RSP+4330] 0xD9D65ADCAED16A4A (size_t) [uint: 15696833455118707274 int: -2749910618590844342]
	[RSP+4338] 0x37D83BF040DF0B66 (size_t) [4024032170122087270]
	[RSP+4340] 0xDEBB9EC5A9BCAE53 (size_t) [uint: 16049596268858355283 int: -2397147804851196333]
	[RSP+4348] 0x7FF8353DB5FA     (void* -> TrueHUD.dll+002B5FA	add rsp, 0xB8)
	[RSP+4350] 0xCABAC28ABDBDF21C (size_t) [uint: 14608202242474242588 int: -3838541831235309028]
	[RSP+4358] 0x24B4A3A653B39330 (size_t) [2644918815937499952]
	[RSP+4360] 0xCDD70693BAD03605 (size_t) [uint: 14832331129332184581 int: -3614412944377367035]
	[RSP+4368] 0x23D967BF54DE5729 (size_t) [2583209932733962025]
	[RSP+4370] 0xC4614AB8B3667A2E (size_t) [uint: 14150673661319084590 int: -4296070412390467026]
	[RSP+4378] 0x2A6F2B945D681B02 (size_t) [3057710588230114050]
	[RSP+4380] 0x2                (size_t) [2]
	[RSP+4388] 0x2D02EF8D02710000 (size_t) [3243418070570565632]
	[RSP+4390] 0xFFFFFFFFFFFFFFFE (size_t) [uint: 18446744073709551614 int: -2]
	[RSP+4398] 0x7FF835434F48     (char*) "TrueHUD"
	[RSP+43A0] 0x7FF6DEEC0000     (void*)
	[RSP+43A8] 0x7FF6DFAE9EB8     (void* -> SkyrimSE.exe+0C29EB8	mov r12, rax)
	[RSP+43B0] 0x197F75EE9E0      (void*)
	[RSP+43B8] 0xFFFFFFFFFFFFFFFE (size_t) [uint: 18446744073709551614 int: -2]
	[RSP+43C0] 0x0                (size_t) [0]
	[RSP+43C8] 0x0                (size_t) [0]
	[RSP+43D0] 0xFFFFFFFFFFFFFFFE (size_t) [uint: 18446744073709551614 int: -2]
	[RSP+43D8] 0x8                (size_t) [8]
	[RSP+43E0] 0x0                (size_t) [0]
	[RSP+43E8] 0x0                (size_t) [0]
	[RSP+43F0] 0x0                (size_t) [0]
	[RSP+43F8] 0x91298FE2E8       (void*)
	[RSP+4400] 0x7FF6E1DE57B0     (void* -> SkyrimSE.exe+2F257B0	add [rax], al)
	[RSP+4408] 0x7FF8923557C3     (void* -> tbbmalloc.dll+00157C3	mov rbp, rax)
	[RSP+4410] 0x197F75EE9F8      (char*) "TrueHUD"
	[RSP+4418] 0x7FF6DEEC0000     (void*)
	[RSP+4420] 0x7FF83545AA30     (HUDHandler*)
	[RSP+4428] 0x18B747776FB077E1 (size_t) [1780970755948836833]
	[RSP+4430] 0xFF0F6A7088085AE6 (size_t) [uint: 18379025635873413862 int: -67718437836137754]
	[RSP+4438] 0x666063BCA        (size_t) [27481488330]
	[RSP+4440] 0x10907            (size_t) [67847]
	[RSP+4448] 0x10E48            (size_t) [69192]
	[RSP+4450] 0x195AE0A2CE0      (void*)
	[RSP+4458] 0x1950000007F      (size_t) [1739461755007]
	[RSP+4460] 0x197BF455A80      (TESObjectARMO*)
		File: "Weapons Armor Clothing & Clutter Fixes.esp"
		Modified by: Skyrim.esm -> Unofficial Skyrim Special Edition Patch.esp -> Weapons Armor Clothing & Clutter Fixes.esp
		Flags: 0x00000049 kDestructible | kInitialized | kBorderRegion
		Name: "Iron Shield"
		FormID: 0x00012EB6
		FormType: Armor (26)
		GetFullName: "Iron Shield"
	[RSP+4468] 0x0                (size_t) [0]
	[RSP+4470] 0x0                (size_t) [0]
	[RSP+4478] 0x7FF8353E2288     (void* -> TrueHUD.dll+0032288	nop)
	[RSP+4480] 0x91298FE300       (void*)
	[RSP+4488] 0x7FF6DEFC6BC1     (void* -> SkyrimSE.exe+0106BC1	mov r14, [rsp+0x40])
	[RSP+4490] 0xB8BC6765         (size_t) [3099354981]
	[RSP+4498] 0x7FF8923557C3     (void* -> tbbmalloc.dll+00157C3	mov rbp, rax)
	[RSP+44A0] 0x0                (size_t) [0]
	[RSP+44A8] 0x7FF8923557C3     (void* -> tbbmalloc.dll+00157C3	mov rbp, rax)
	[RSP+44B0] 0x9F               (size_t) [159]
	[RSP+44B8] 0x7FF6DEFC755A     (void* -> SkyrimSE.exe+010755A	mov rsi, rbx)
	[RSP+44C0] 0x91298FE499       (void*)
	[RSP+44C8] 0x7FF8923557C3     (void* -> tbbmalloc.dll+00157C3	mov rbp, rax)
	[RSP+44D0] 0x198D1841940      (void*)
	[RSP+44D8] 0x7FF892353911     (void* -> tbbmalloc.dll+0013911	xor ecx, ecx)
	[RSP+44E0] 0x91298FE3C8       (void*)
	[RSP+44E8] 0x7FF834BB890A     (void* -> wheeler.dll+001890A	add rsp, 0x98)
	[RSP+44F0] 0x198D1841950      (void*)
	[RSP+44F8] 0x91298FE3D0       (void*)
	[RSP+4500] 0x198D1841940      (void*)
	[RSP+4508] 0x7FF8353E48C3     (void* -> TrueHUD.dll+00348C3	nop)
	[RSP+4510] 0x91298FE390       (void*)
	[RSP+4518] 0x7FF834BB890A     (void* -> wheeler.dll+001890A	add rsp, 0x98)
	[RSP+4520] 0x91298FE3A0       (void*)
	[RSP+4528] 0x19843BFE520      (void*)
	[RSP+4530] 0x1                (size_t) [1]
	[RSP+4538] 0x7FF834D6C9E0     (void* -> wheeler.dll+01CC9E0	add al, [rax])
	[RSP+4540] 0x91298FE3C0       (void*)
	[RSP+4548] 0x7FF834D6C9E0     (void* -> wheeler.dll+01CC9E0	add al, [rax])
	[RSP+4550] 0x2                (size_t) [2]
	[RSP+4558] 0x19B00001000      (void*)
	[RSP+4560] 0x0                (size_t) [0]
	[RSP+4568] 0x10               (size_t) [16]
	[RSP+4570] 0x1                (size_t) [1]
	[RSP+4578] 0x7FF89235372E     (void* -> tbbmalloc.dll+001372E	mov rdi, rax)
	[RSP+4580] 0xFFFFFFFFFFFFFFFE (size_t) [uint: 18446744073709551614 int: -2]
	[RSP+4588] 0x7FF6DEFBD005     (void* -> SkyrimSE.exe+00FD005	mov rax, rbx)
	[RSP+4590] 0x9F               (size_t) [159]
	[RSP+4598] 0x7FF6DEFC712A     (void* -> SkyrimSE.exe+010712A	xor ecx, ecx)
	[RSP+45A0] 0xFFFFFFFFFFFFFFFE (size_t) [uint: 18446744073709551614 int: -2]
	[RSP+45A8] 0x7FF6DFAC2260     (void* -> SkyrimSE.exe+0C02260	)
	[RSP+45B0] 0x7FF6E0D7D280     (void* -> SkyrimSE.exe+1EBD280	add [rax], al)
	[RSP+45B8] 0x7FF834BBE3C8     (void* -> wheeler.dll+001E3C8	mov rdi, rax)
	[RSP+45C0] 0x198D1841880      (ExtraUniqueID*)
	[RSP+45C8] 0x7FF6DEEC0000     (void*)
	[RSP+45D0] 0x198D18418B0      (void*)
	[RSP+45D8] 0x91298FE499       (void*)
	[RSP+45E0] 0x198D18418A0      (void*)
	[RSP+45E8] 0x10A13            (size_t) [68115]
	[RSP+45F0] 0x2B25             (size_t) [11045]
	[RSP+45F8] 0x2B85             (size_t) [11141]
	[RSP+4600] 0x7FF6DEFC7690     (void* -> SkyrimSE.exe+0107690	mov [rsp+0x08], rcx)
	[RSP+4608] 0x7FF8404FE194     (void* -> skse64_1_5_97.dll+00AE194	test al, al)
	[RSP+4610] 0x1052B            (size_t) [66859]
	[RSP+4618] 0x10A13            (size_t) [68115]
	[RSP+4620] 0x0                (size_t) [0]
	[RSP+4628] 0x197BF455A80      (TESObjectARMO*)
		File: "Weapons Armor Clothing & Clutter Fixes.esp"
		Modified by: Skyrim.esm -> Unofficial Skyrim Special Edition Patch.esp -> Weapons Armor Clothing & Clutter Fixes.esp
		Flags: 0x00000049 kDestructible | kInitialized | kBorderRegion
		Name: "Iron Shield"
		FormID: 0x00012EB6
		FormType: Armor (26)
		GetFullName: "Iron Shield"
	[RSP+4630] 0x91298FE4F0       (char*) "$"
	[RSP+4638] 0x7FF8404FE0AF     (void* -> skse64_1_5_97.dll+00AE0AF	test al, al)
	[RSP+4640] 0x2A2E             (size_t) [10798]
	[RSP+4648] 0x0                (size_t) [0]
	[RSP+4650] 0x1979F880100      (PlayerCharacter*)
		Flags: 0x00000408 
		Name: "Prisoner"
		FormID: 0x00000014
		FormType: ActorCharacter (62)
		Flags: 0x00000408 
		Name: "Prisoner"
		FormID: 0x00000014
		FormType: ActorCharacter (62)
		Object Reference: 
		File: "AetheriusSpells.esp"
		Modified by: Skyrim.esm -> ccbgssse018-shadowrend.esl -> AetheriusSpells.esp
		Flags: 0x00040009 kDestructible | kInitialized
		Name: "Prisoner"
		FormID: 0x00000007
		FormType: NPC (43)
		ParentCell: None
		Flags: 0x00000408 kInitialized
		FormID: 0x00000014
		FormType: ActorCharacter (62)
	[RSP+4658] 0x198D18418C0      (void*)
	[RSP+4660] 0x0                (size_t) [0]
	[RSP+4668] 0x7FF8404FD705     (void* -> skse64_1_5_97.dll+00AD705	add rsp, 0x4F0)
	[RSP+4670] 0x7FF840548548     (char*) "dispatched message."
	[RSP+4678] 0x7FF840580930     (char*) "dispatched message."
	[RSP+4680] 0x2000             (size_t) [8192]
	[RSP+4688] 0x197BF455A80      (TESObjectARMO*)
		File: "Weapons Armor Clothing & Clutter Fixes.esp"
		Modified by: Skyrim.esm -> Unofficial Skyrim Special Edition Patch.esp -> Weapons Armor Clothing & Clutter Fixes.esp
		Flags: 0x00000049 kDestructible | kInitialized | kBorderRegion
		Name: "Iron Shield"
		FormID: 0x00012EB6
		FormType: Armor (26)
		GetFullName: "Iron Shield"
	[RSP+4690] 0x7FF840580943     (void* -> skse64_1_5_97.dll+0130943	add [rax], ah)
	[RSP+4698] 0x2000             (size_t) [8192]
	[RSP+46A0] 0x13               (size_t) [19]
	[RSP+46A8] 0x0                (size_t) [0]
	[RSP+46B0] 0x0                (size_t) [0]
	[RSP+46B8] 0x7FF840573220     (void* -> skse64_1_5_97.dll+0123220	shl byte ptr [rdx+0x52], 0x01)
	[RSP+46C0] 0x195AB09B030      (void*)
	[RSP+46C8] 0x0                (size_t) [0]
	[RSP+46D0] 0x24               (size_t) [36]
	[RSP+46D8] 0x91298FE4D8       (void*)
	[RSP+46E0] 0x0                (size_t) [0]
	[RSP+46E8] 0x7FF84054855C     (void* -> skse64_1_5_97.dll+00F855C	add [rax], al)
	[RSP+46F0] 0x91298FEA78       (void*)
	[RSP+46F8] 0x13               (size_t) [19]
	[RSP+4700] 0x0                (size_t) [0]
	[RSP+4708] 0x0                (size_t) [0]
	[RSP+4710] 0x0                (size_t) [0]
	[RSP+4718] 0x7FF89235372E     (void* -> tbbmalloc.dll+001372E	mov rdi, rax)
	[RSP+4720] 0x0                (size_t) [0]
	[RSP+4728] 0x19B08C38FF0      (char*) "etRealTime"
	[RSP+4730] 0x0                (size_t) [0]
	[RSP+4738] 0x18               (size_t) [24]
	[RSP+4740] 0xFFFFFFFFFFFFFFFE (size_t) [uint: 18446744073709551614 int: -2]
	[RSP+4748] 0x91298FE660       (void*)
	[RSP+4750] 0x91298FE6B0       (void*)
	[RSP+4758] 0x7FF6DF0AE234     (void* -> SkyrimSE.exe+01EE234	mov [rsp+0x38], rax)
	[RSP+4760] 0xFFFFFFFFFFFFFFFE (size_t) [uint: 18446744073709551614 int: -2]
	[RSP+4768] 0x0                (size_t) [0]
	[RSP+4770] 0xFFFFFFFFFFFFFFFE (size_t) [uint: 18446744073709551614 int: -2]
	[RSP+4778] 0x91298FE900       (void*)
	[RSP+4780] 0x91298FE900       (void*)
	[RSP+4788] 0x7FF6DF09E8F6     (void* -> SkyrimSE.exe+01DE8F6	nop)
	[RSP+4790] 0x0                (size_t) [0]
	[RSP+4798] 0x0                (size_t) [0]
	[RSP+47A0] 0x91298FE6B0       (void*)
	[RSP+47A8] 0x91298FE8A8       (void*)
	[RSP+47B0] 0x1979F880100      (PlayerCharacter*)
		Flags: 0x00000408 
		Name: "Prisoner"
		FormID: 0x00000014
		FormType: ActorCharacter (62)
		Flags: 0x00000408 
		Name: "Prisoner"
		FormID: 0x00000014
		FormType: ActorCharacter (62)
		Object Reference: 
		File: "AetheriusSpells.esp"
		Modified by: Skyrim.esm -> ccbgssse018-shadowrend.esl -> AetheriusSpells.esp
		Flags: 0x00040009 kDestructible | kInitialized
		Name: "Prisoner"
		FormID: 0x00000007
		FormType: NPC (43)
		ParentCell: None
		Flags: 0x00000408 kInitialized
		FormID: 0x00000014
		FormType: ActorCharacter (62)
	[RSP+47B8] 0x1979F880100      (PlayerCharacter*)
		Flags: 0x00000408 
		Name: "Prisoner"
		FormID: 0x00000014
		FormType: ActorCharacter (62)
		Flags: 0x00000408 
		Name: "Prisoner"
		FormID: 0x00000014
		FormType: ActorCharacter (62)
		Object Reference: 
		File: "AetheriusSpells.esp"
		Modified by: Skyrim.esm -> ccbgssse018-shadowrend.esl -> AetheriusSpells.esp
		Flags: 0x00040009 kDestructible | kInitialized
		Name: "Prisoner"
		FormID: 0x00000007
		FormType: NPC (43)
		ParentCell: None
		Flags: 0x00000408 kInitialized
		FormID: 0x00000014
		FormType: ActorCharacter (62)
	[RSP+47C0] 0x7FF9024588B0     (void* -> ucrtbase.dll+01388B0	add [rax], al)
	[RSP+47C8] 0x7FF902330139     (void* -> ucrtbase.dll+0010139	test rax, rax)
	[RSP+47D0] 0x91298FE830       (void*)
	[RSP+47D8] 0x38               (size_t) [56]
	[RSP+47E0] 0x19B08C38F10      (char*) "\"
	[RSP+47E8] 0x2B85             (size_t) [11141]
	[RSP+47F0] 0xFFFFFFFFFFFFFFFE (size_t) [uint: 18446744073709551614 int: -2]
	[RSP+47F8] 0x0                (size_t) [0]
	[RSP+4800] 0x195FC6C8A70      (void*)
	[RSP+4808] 0x1                (size_t) [1]
	[RSP+4810] 0x0                (size_t) [0]
	[RSP+4818] 0x91298FE760       (void*)
	[RSP+4820] 0x195FC6C91D8      (void*)
	[RSP+4828] 0x7FF6E00F6D9F     (void* -> SkyrimSE.exe+1236D9F	jmp 0x00007FF6E00F6E29)
	[RSP+4830] 0xFFFFFFFFFFFFFFFE (size_t) [uint: 18446744073709551614 int: -2]
	[RSP+4838] 0x15               (size_t) [21]
	[RSP+4840] 0x195FC6C8A70      (void*)
	[RSP+4848] 0x7FF6DFAE9EB8     (void* -> SkyrimSE.exe+0C29EB8	mov r12, rax)
	[RSP+4850] 0xFFFFFFFFFFFFFFFE (size_t) [uint: 18446744073709551614 int: -2]
	[RSP+4858] 0x7FF6DFAE9EB8     (void* -> SkyrimSE.exe+0C29EB8	mov r12, rax)
	[RSP+4860] 0x19B01E43EC0      (BSScript::Internal::CodeTasklet*)
		Stack Trace: 

	[RSP+4868] 0x7FF6DFAE9EB8     (void* -> SkyrimSE.exe+0C29EB8	mov r12, rax)
	[RSP+4870] 0xFFFFFFFFFFFFFFFE (size_t) [uint: 18446744073709551614 int: -2]
	[RSP+4878] 0x15               (size_t) [21]
	[RSP+4880] 0x195FC6C8A70      (void*)
	[RSP+4888] 0x195FC6C91D8      (void*)
	[RSP+4890] 0xFFFFFFFFFFFFFFFE (size_t) [uint: 18446744073709551614 int: -2]
	[RSP+4898] 0x91298FE760       (void*)
	[RSP+48A0] 0x19B01E43EC0      (BSScript::Internal::CodeTasklet*)
		Stack Trace: 

	[RSP+48A8] 0x7FF6DFAE9EB8     (void* -> SkyrimSE.exe+0C29EB8	mov r12, rax)
	[RSP+48B0] 0x0                (size_t) [0]
	[RSP+48B8] 0x91298FE760       (void*)
	[RSP+48C0] 0x195FC6C91D8      (void*)
	[RSP+48C8] 0x7FF6E00F6D9F     (void* -> SkyrimSE.exe+1236D9F	jmp 0x00007FF6E00F6E29)
	[RSP+48D0] 0xFFFFFFFFFFFFFFFE (size_t) [uint: 18446744073709551614 int: -2]
	[RSP+48D8] 0x19B01E43EC0      (BSScript::Internal::CodeTasklet*)
		Stack Trace: 

	[RSP+48E0] 0x195FC6C8A70      (void*)
	[RSP+48E8] 0x1                (size_t) [1]
	[RSP+48F0] 0x0                (size_t) [0]
	[RSP+48F8] 0x91298FF000       (void*)
	[RSP+4900] 0x91298FEFD0       (void*)
	[RSP+4908] 0x7FF6E013E77B     (void* -> SkyrimSE.exe+127E77B	jmp 0x00007FF6E013E984)
	[RSP+4910] 0x9100000015       (size_t) [622770257941]
	[RSP+4918] 0x19B01E43EC0      (BSScript::Internal::CodeTasklet*)
		Stack Trace: 

	[RSP+4920] 0x91298FE830       (void*)
	[RSP+4928] 0x91298FF008       (void*)
	[RSP+4930] 0x4                (size_t) [4]
	[RSP+4938] 0x91298FE940       (void*)
	[RSP+4940] 0x2                (size_t) [2]
	[RSP+4948] 0x0                (size_t) [0]
	[RSP+4950] 0xFFFFFFFFFFFFFFFE (size_t) [uint: 18446744073709551614 int: -2]
	[RSP+4958] 0x7FF6DFAC2560     (void* -> SkyrimSE.exe+0C02560	)
	[RSP+4960] 0x7FF6E0D7D280     (void* -> SkyrimSE.exe+1EBD280	add [rax], al)
	[RSP+4968] 0x7FF834BB890A     (void* -> wheeler.dll+001890A	add rsp, 0x98)
	[RSP+4970] 0x200              (size_t) [512]
	[RSP+4978] 0x7FF900000066     (void* -> windows.storage.dll+04E0066	lea ecx, [rbp-0x69])
	[RSP+4980] 0x19700000001      (void*)
	[RSP+4988] 0x7FF902339EC1     (void* -> ucrtbase.dll+0019EC1	mov rax, [rdi])
	[RSP+4990] 0x19B00000001      (void*)
	[RSP+4998] 0x91298FE940       (void*)
	[RSP+49A0] 0x8000             (size_t) [32768]
	[RSP+49A8] 0x7FF902320000     (void*)
	[RSP+49B0] 0x7FF902320000     (void*)
	[RSP+49B8] 0x7FF9023392DC     (void* -> ucrtbase.dll+00192DC	add rsp, 0x70)
	[RSP+49C0] 0x91298FE990       (void*)
	[RSP+49C8] 0x0                (size_t) [0]
	[RSP+49D0] 0x91298FE9B0       (void*)
	[RSP+49D8] 0xFFFFFFFA         (size_t) [4294967290]
	[RSP+49E0] 0x0                (size_t) [0]
	[RSP+49E8] 0x7FF84050BBCF     (void* -> skse64_1_5_97.dll+00BBBCF	jmp 0x00007FF84050BB66)
	[RSP+49F0] 0x0                (size_t) [0]
	[RSP+49F8] 0x7FF6DFAC2560     (void* -> SkyrimSE.exe+0C02560	)
	[RSP+4A00] 0x92A7F452C5B2     (size_t) [161250056258994]
	[RSP+4A08] 0x7FF834BE96F5     (void* -> wheeler.dll+00496F5	lea r11, [rsp+0x60])
	[RSP+4A10] 0x8000             (size_t) [32768]
	[RSP+4A18] 0x7FF902320000     (void*)
	[RSP+4A20] 0x200000000        (size_t) [8589934592]
	[RSP+4A28] 0x4                (size_t) [4]
	[RSP+4A30] 0x6                (size_t) [6]
	[RSP+4A38] 0x7FF90233A7E2     (void* -> ucrtbase.dll+001A7E2	test al, al)
	[RSP+4A40] 0x6                (size_t) [6]
	[RSP+4A48] 0x0                (size_t) [0]
	[RSP+4A50] 0x91298FE940       (void*)
	[RSP+4A58] 0x91298FE990       (void*)
	[RSP+4A60] 0x195AB06CE80      (char*) "
ispatched message.e 7 to plugin 169ners 23, a_widgetSource = WA/WA_BathStatus.swf)swf)s.swf)..txt...001) loaded correctly (handle 170)e 159)e 141)123)0) loaded correctly (handle 101)"
	[RSP+4A68] 0x1                (size_t) [1]
	[RSP+4A70] 0xFFFFFFFFFFFFFFFE (size_t) [uint: 18446744073709551614 int: -2]
	[RSP+4A78] 0x0                (size_t) [0]
	[RSP+4A80] 0x7FF840548548     (char*) "dispatched message."
	[RSP+4A88] 0x7FF6E04F7056     (char*) "f"
	[RSP+4A90] 0x91298FE8F8       (void*)
	[RSP+4A98] 0x7FF84050BF9B     (void* -> skse64_1_5_97.dll+00BBF9B	sub [rbx+0x10], ebp)
	[RSP+4AA0] 0x0                (size_t) [0]
	[RSP+4AA8] 0x100              (size_t) [256]
	[RSP+4AB0] 0xFFFFFFFFFFFFFFFE (size_t) [uint: 18446744073709551614 int: -2]
	[RSP+4AB8] 0x91298FEEF0       (void*)
	[RSP+4AC0] 0x100              (size_t) [256]
	[RSP+4AC8] 0x7FF9023389A9     (void* -> ucrtbase.dll+00189A9	add rsp, 0x530)
	[RSP+4AD0] 0x1F               (size_t) [31]
	[RSP+4AD8] 0x91298FE9F0       (void*)
	[RSP+4AE0] 0x91298FEEF0       (void*)
	[RSP+4AE8] 0x1F               (size_t) [31]
	[RSP+4AF0] 0x195AB06CE80      (char*) "
ispatched message.e 7 to plugin 169ners 23, a_widgetSource = WA/WA_BathStatus.swf)swf)s.swf)..txt...001) loaded correctly (handle 170)e 159)e 141)123)0) loaded correctly (handle 101)"
	[RSP+4AF8] 0x7FF840542048     (char*) "SKSE"
	[RSP+4B00] 0x91298FEF0F       (void*)
	[RSP+4B08] 0x100              (size_t) [256]
	[RSP+4B10] 0x1F               (size_t) [31]
	[RSP+4B18] 0x0                (size_t) [0]
	[RSP+4B20] 0x0                (size_t) [0]
	[RSP+4B28] 0x91298FEA78       (void*)
	[RSP+4B30] 0x7FF840548500     (char*) "sender is not in the list"
	[RSP+4B38] 0x7FF9024570B0     (void* -> ucrtbase.dll+01370B0	add al, [rdx+0x02])
	[RSP+4B40] 0x195FC6EA5C0      (void*)
	[RSP+4B48] 0x640542001        (size_t) [26849058817]
	[RSP+4B50] 0x0                (size_t) [0]
	[RSP+4B58] 0x91298FE900       (void*)
	[RSP+4B60] 0xFFFFFF01         (size_t) [4294967041]
	[RSP+4B68] 0x7FF80000005F     (size_t) [140703128617055]
	[RSP+4B70] 0x4                (size_t) [4]
	[RSP+4B78] 0x91298FE940       (void*)
	[RSP+4B80] 0x7FF6E04F7058     (void* -> SkyrimSE.exe+1637058	cmp [rsi+0x7FF6E077], bh)
	[RSP+4B88] 0x91298FEEE8       (void*)
	[RSP+4B90] 0x70000001F        (size_t) [30064771103]
	[RSP+4B98] 0x10               (size_t) [16]
	[RSP+4BA0] 0x1                (size_t) [1]
	[RSP+4BA8] 0x0                (size_t) [0]
	[RSP+4BB0] 0x91298FE9E0       (char*) "1000.0"
	[RSP+4BB8] 0x6                (size_t) [6]
	[RSP+4BC0] 0xFF00302E30303031 (size_t) [uint: 18374739454606716977 int: -72004619102834639]
	[RSP+4BC8] 0x7FF89235372E     (void* -> tbbmalloc.dll+001372E	mov rdi, rax)
	[RSP+4BD0] 0x7FF6E1EF1CD0     (void* -> SkyrimSE.exe+3031CD0	call 0x00007FF6779D2C55)
	[RSP+4BD8] 0x7FF6DFAE9EB8     (void* -> SkyrimSE.exe+0C29EB8	mov r12, rax)
	[RSP+4BE0] 0x195B36E1100      (void*)
	[RSP+4BE8] 0x19B08C38F10      (char*) "D"
	[RSP+4BF0] 0xFFFFFFFFFFFFFFFE (size_t) [uint: 18446744073709551614 int: -2]
	[RSP+4BF8] 0x197CA47E4E0      (void*)
	[RSP+4C00] 0xFFFFFFFFFFFFFFFE (size_t) [uint: 18446744073709551614 int: -2]
	[RSP+4C08] 0x7FF6DF44D6C4     (void* -> SkyrimSE.exe+058D6C4	mov rcx, rax)
	[RSP+4C10] 0x197CF28F000      (void*)
	[RSP+4C18] 0x7FF6E1DF0C20     (void* -> SkyrimSE.exe+2F30C20	call 0x00007FF6778D1BA5)
	[RSP+4C20] 0x91298FEC40       (void*)
	[RSP+4C28] 0x7FF6E1EF1810     (void* -> SkyrimSE.exe+3031810	add [rax], al)
	[RSP+4C30] 0x0                (size_t) [0]
	[RSP+4C38] 0x7FF6DFD8276D     (void* -> SkyrimSE.exe+0EC276D	movzx ecx, al)
	[RSP+4C40] 0x197CA47E4C8      (void*)
	[RSP+4C48] 0x7FF6E1EF1CD0     (void* -> SkyrimSE.exe+3031CD0	call 0x00007FF6779D2C55)
	[RSP+4C50] 0x1                (size_t) [1]
	[RSP+4C58] 0x0                (size_t) [0]
	[RSP+4C60] 0x7FF6E1EF1810     (void* -> SkyrimSE.exe+3031810	add [rax], al)
	[RSP+4C68] 0x7FF6DF025346     (void* -> SkyrimSE.exe+0165346	inc [rdi+0x378])
	[RSP+4C70] 0xFFFFFFFFFFFFFFFE (size_t) [uint: 18446744073709551614 int: -2]
	[RSP+4C78] 0x800000007        (size_t) [34359738375]
	[RSP+4C80] 0x195FC6C8A70      (void*)
	[RSP+4C88] 0x1                (size_t) [1]
	[RSP+4C90] 0x768              (size_t) [1896]
	[RSP+4C98] 0x91298FEBE0       (void*)
	[RSP+4CA0] 0x195FC6C91D8      (void*)
	[RSP+4CA8] 0x7FF6E00F6D9F     (void* -> SkyrimSE.exe+1236D9F	jmp 0x00007FF6E00F6E29)
	[RSP+4CB0] 0xFFFFFFFFFFFFFFFE (size_t) [uint: 18446744073709551614 int: -2]
	[RSP+4CB8] 0x15               (size_t) [21]
	[RSP+4CC0] 0x195FC6C8A70      (void*)
	[RSP+4CC8] 0x7FF6DFAE9EB8     (void* -> SkyrimSE.exe+0C29EB8	mov r12, rax)
	[RSP+4CD0] 0xFFFFFFFFFFFFFFFE (size_t) [uint: 18446744073709551614 int: -2]
	[RSP+4CD8] 0x7FF6DFAE9EB8     (void* -> SkyrimSE.exe+0C29EB8	mov r12, rax)
	[RSP+4CE0] 0x19B01E43EC0      (BSScript::Internal::CodeTasklet*)
		Stack Trace: 

	[RSP+4CE8] 0x7FF6DFAE9EB8     (void* -> SkyrimSE.exe+0C29EB8	mov r12, rax)
	[RSP+4CF0] 0xFFFFFFFFFFFFFFFE (size_t) [uint: 18446744073709551614 int: -2]
	[RSP+4CF8] 0x15               (size_t) [21]
	[RSP+4D00] 0x195FC6C8A70      (void*)
	[RSP+4D08] 0x195FC6C91D8      (void*)
	[RSP+4D10] 0x768              (size_t) [1896]
	[RSP+4D18] 0x197F0894AE0      (void*)
	[RSP+4D20] 0x91298FF458       (void*)
	[RSP+4D28] 0x7FF6E00F6F27     (void* -> SkyrimSE.exe+1236F27	jmp 0x00007FF6E00F70C3)
	[RSP+4D30] 0x14               (size_t) [20]
	[RSP+4D38] 0x195FC6C8A70      (void*)
	[RSP+4D40] 0x91298FECB0       (void*)
	[RSP+4D48] 0x7FF6E00F6D9F     (void* -> SkyrimSE.exe+1236D9F	jmp 0x00007FF6E00F6E29)
	[RSP+4D50] 0xFFFFFFFFFFFFFFFE (size_t) [uint: 18446744073709551614 int: -2]
	[RSP+4D58] 0x19B01E43EC0      (BSScript::Internal::CodeTasklet*)
		Stack Trace: 

	[RSP+4D60] 0x195FC6C8A70      (void*)
	[RSP+4D68] 0x1                (size_t) [1]
	[RSP+4D70] 0x91298FF458       (void*)
	[RSP+4D78] 0x1988ED82EAC      (void*)
	[RSP+4D80] 0x19B01E43EC0      (BSScript::Internal::CodeTasklet*)
		Stack Trace: 

	[RSP+4D88] 0x7FF6E013E984     (void* -> SkyrimSE.exe+127E984	movzx eax, r14b)
	[RSP+4D90] 0x91298FF458       (void*)
	[RSP+4D98] 0x19B00000015      (void*)
	[RSP+4DA0] 0x0                (size_t) [0]
	[RSP+4DA8] 0x91298FF460       (void*)
	[RSP+4DB0] 0xFFFFFFFFFFFFFFFE (size_t) [uint: 18446744073709551614 int: -2]
	[RSP+4DB8] 0x7FF6E0120FF4     (void* -> SkyrimSE.exe+1260FF4	cmp qword ptr [rdi], 0x00)
	[RSP+4DC0] 0x2                (size_t) [2]
	[RSP+4DC8] 0x0                (size_t) [0]
	[RSP+4DD0] 0xFFFFFFFFFFFFFFFE (size_t) [uint: 18446744073709551614 int: -2]
	[RSP+4DD8] 0x20               (size_t) [32]
	[RSP+4DE0] 0x0                (size_t) [0]
	[RSP+4DE8] 0x7FF6E1DE81A8     (SkyrimScript::HandlePolicy*)
	[RSP+4DF0] 0x0                (size_t) [0]
	[RSP+4DF8] 0x195FC6C0000      (void*)
	[RSP+4E00] 0xCBF29CE484222325 (size_t) [uint: 14695981039346656037 int: -3750763034362895579]
	[RSP+4E08] 0x7FF904DAF164     (void* -> ntdll.dll+000F164	mov r14, rax)
	[RSP+4E10] 0x2                (size_t) [2]
	[RSP+4E18] 0x0                (size_t) [0]
	[RSP+4E20] 0x1985B0A8880      (void*)
	[RSP+4E28] 0x7FF6E011B1A1     (void* -> SkyrimSE.exe+125B1A1	test al, al)
	[RSP+4E30] 0x19675A36100      (BSScript::Internal::VirtualMachine*)
	[RSP+4E38] 0x91298FEC80       (void*)
	[RSP+4E40] 0x7FF6E1E0F8A8     (void* -> SkyrimSE.exe+2F4F8A8	test al, 0xDF)
	[RSP+4E48] 0x1988FB06330      (void*)
	[RSP+4E50] 0x91298FECA8       (void*)
	[RSP+4E58] 0x91298FEC88       (void*)
	[RSP+4E60] 0x19732746640      (void*)
	[RSP+4E68] 0x19732785880      (BSScript::Internal::ScriptFunction*)
	[RSP+4E70] 0x19B0107D000      (void*)
	[RSP+4E78] 0x19B0107D000      (void*)
	[RSP+4E80] 0x91298FECF9       (void*)
	[RSP+4E88] 0x197327A7F00      (char*) "T:"
	[RSP+4E90] 0x19B00F9D080      (void*)
	[RSP+4E98] 0x7FF8CA625981     (void* -> FPSFixPlugin.dll+0005981	add rsp, 0x48)
	[RSP+4EA0] 0x0                (size_t) [0]
	[RSP+4EA8] 0x19B010766D0      (void*)
	[RSP+4EB0] 0x91298FEE1E       (void*)
	[RSP+4EB8] 0x7FF6DFDA284B     (void* -> SkyrimSE.exe+0EE284B	cmp eax, 0x17)
	[RSP+4EC0] 0x19B00F2B258      (void*)
	[RSP+4EC8] 0x91298FEE90       (void*)
	[RSP+4ED0] 0x1986C5CA240      (void*)
	[RSP+4ED8] 0x9FE45339F487     (size_t) [175802997666951]
	[RSP+4EE0] 0x91298FEE1E       (void*)
	[RSP+4EE8] 0x7FF6E1DE81C0     (void* -> SkyrimSE.exe+2F281C0	add [rax], al)
	[RSP+4EF0] 0x40               (size_t) [64]
	[RSP+4EF8] 0x80               (size_t) [128]
	[RSP+4F00] 0x91298FEDB0       (void*)
	[RSP+4F08] 0x7FF8CA6266D5     (void* -> FPSFixPlugin.dll+00066D5	add rsp, 0x40)
	[RSP+4F10] 0x1986C5CA240      (void*)
	[RSP+4F18] 0x7FF8CA6246F3     (void* -> FPSFixPlugin.dll+00046F3	mov rbx, [rsp+0x60])
	[RSP+4F20] 0x7FF6E1DE81C0     (void* -> SkyrimSE.exe+2F281C0	add [rax], al)
	[RSP+4F28] 0x7FF6E1DE81A8     (SkyrimScript::HandlePolicy*)
	[RSP+4F30] 0x0                (size_t) [0]
	[RSP+4F38] 0x1                (size_t) [1]
	[RSP+4F40] 0x197F0894A00      (void*)
	[RSP+4F48] 0x7FF6E00F710E     (void* -> SkyrimSE.exe+123710E	nop)
	[RSP+4F50] 0x1988ED82EB4      (void*)
	[RSP+4F58] 0x0                (size_t) [0]
	[RSP+4F60] 0x19B11C51560      (void*)
	[RSP+4F68] 0x7FF8CA626A1B     (void* -> FPSFixPlugin.dll+0006A1B	cmp rbx, rdi)
	[RSP+4F70] 0xFFFFFFFFFFFFFFFE (size_t) [uint: 18446744073709551614 int: -2]
	[RSP+4F78] 0x7FF8CA627775     (void* -> FPSFixPlugin.dll+0007775	test rax, rax)
	[RSP+4F80] 0x1988ED82EAC      (void*)
	[RSP+4F88] 0x7FF6E00F6DDA     (void* -> SkyrimSE.exe+1236DDA	jmp 0x00007FF6E00F6E29)
	[RSP+4F90] 0x195FC6C8A70      (void*)
	[RSP+4F98] 0x195FC6C91D8      (void*)
	[RSP+4FA0] 0x91298FEEB0       (void*)
	[RSP+4FA8] 0x7FF8CA6266D5     (void* -> FPSFixPlugin.dll+00066D5	add rsp, 0x40)
	[RSP+4FB0] 0xFFFFFFFFFFFFFFFE (size_t) [uint: 18446744073709551614 int: -2]
	[RSP+4FB8] 0x7FF892353911     (void* -> tbbmalloc.dll+0013911	xor ecx, ecx)
	[RSP+4FC0] 0x7FF6E1E0F460     (void* -> SkyrimSE.exe+2F4F460	add [rax], al)
	[RSP+4FC8] 0x7FF6E00F6E9D     (void* -> SkyrimSE.exe+1236E9D	mov ecx, [rdi])
	[RSP+4FD0] 0x19700000014      (void*)
	[RSP+4FD8] 0x195FC6C8A70      (void*)
	[RSP+4FE0] 0x1988ED82EAC      (void*)
	[RSP+4FE8] 0x9FE45339F597     (size_t) [175802997667223]
	[RSP+4FF0] 0xFFFFFFFFFFFFFFFE (size_t) [uint: 18446744073709551614 int: -2]
	[RSP+4FF8] 0x19B11C51560      (void*)
	[RSP+5000] 0x91298FEEB0       (void*)
	[RSP+5008] 0xFFFFFFFFFFFFFFFE (size_t) [uint: 18446744073709551614 int: -2]
	[RSP+5010] 0x0                (size_t) [0]
	[RSP+5018] 0x7FF8923557C3     (void* -> tbbmalloc.dll+00157C3	mov rbp, rax)
	[RSP+5020] 0x195FC6C91D8      (void*)
	[RSP+5028] 0x197BF11FF00      (void*)
	[RSP+5030] 0x0                (size_t) [0]
	[RSP+5038] 0x7FF6E0109BF6     (void* -> SkyrimSE.exe+1249BF6	cmp [rbx], eax)
	[RSP+5040] 0xFFFFFFFFFFFFFFFE (size_t) [uint: 18446744073709551614 int: -2]
	[RSP+5048] 0x195FC6C91D8      (void*)
	[RSP+5050] 0x195FC6C8A70      (void*)
	[RSP+5058] 0x7FF6DFAE9EB8     (void* -> SkyrimSE.exe+0C29EB8	mov r12, rax)
	[RSP+5060] 0xFFFFFFFFFFFFFFFE (size_t) [uint: 18446744073709551614 int: -2]
	[RSP+5068] 0x1988ED82E84      (void*)
	[RSP+5070] 0xFFFFFFFFFFFFFFFE (size_t) [uint: 18446744073709551614 int: -2]
	[RSP+5078] 0x2                (size_t) [2]
	[RSP+5080] 0x1E               (size_t) [30]
	[RSP+5088] 0x91298FF008       (void*)
	[RSP+5090] 0x0                (size_t) [0]
	[RSP+5098] 0x91298FF028       (void*)
	[RSP+50A0] 0x195FC6C91D8      (void*)
	[RSP+50A8] 0x7FF6E00F6D9F     (void* -> SkyrimSE.exe+1236D9F	jmp 0x00007FF6E00F6E29)
	[RSP+50B0] 0x30               (size_t) [48]
	[RSP+50B8] 0x15               (size_t) [21]
	[RSP+50C0] 0xFFFFFFFFFFFFFFFE (size_t) [uint: 18446744073709551614 int: -2]
	[RSP+50C8] 0x7FF892357A16     (void* -> tbbmalloc.dll+0017A16	mov rsi, rax)
	[RSP+50D0] 0x19AFC20EA70      (void*)
	[RSP+50D8] 0x7FF6DFAE9EB8     (void* -> SkyrimSE.exe+0C29EB8	mov r12, rax)
	[RSP+50E0] 0x91298FF028       (void*)
	[RSP+50E8] 0x7FF6E00F5C7A     (void* -> SkyrimSE.exe+1235C7A	nop)
	[RSP+50F0] 0x7FF600000014     (size_t) [140694538682388]
	[RSP+50F8] 0x7FF892359251     (void* -> tbbmalloc.dll+0019251	xor ecx, ecx)
	[RSP+5100] 0xFFFFFFFFFFFFFFFE (size_t) [uint: 18446744073709551614 int: -2]
	[RSP+5108] 0x7FF6DEFBD005     (void* -> SkyrimSE.exe+00FD005	mov rax, rbx)
	[RSP+5110] 0x19AFC20EA70      (void*)
	[RSP+5118] 0x7FF6DFAE9EB8     (void* -> SkyrimSE.exe+0C29EB8	mov r12, rax)
	[RSP+5120] 0x0                (size_t) [0]
	[RSP+5128] 0x91298FF010       (void*)
	[RSP+5130] 0x195FC6C91D8      (void*)
	[RSP+5138] 0x7FF6E00F6D9F     (void* -> SkyrimSE.exe+1236D9F	jmp 0x00007FF6E00F6E29)
	[RSP+5140] 0xFFFFFFFFFFFFFFFE (size_t) [uint: 18446744073709551614 int: -2]
	[RSP+5148] 0x19AFC20EA70      (void*)
	[RSP+5150] 0x1E               (size_t) [30]
	[RSP+5158] 0x91298FF008       (void*)
	[RSP+5160] 0x0                (size_t) [0]
	[RSP+5168] 0xC                (size_t) [12]
	[RSP+5170] 0x91298FF018       (void*)
	[RSP+5178] 0x7FF6E013C5FE     (void* -> SkyrimSE.exe+127C5FE	nop)
	[RSP+5180] 0x19A00000015      (size_t) [1760936591381]
	[RSP+5188] 0x19AFC20EA70      (void*)
	[RSP+5190] 0x91298FF0A0       (void*)
	[RSP+5198] 0x0                (size_t) [0]
	[RSP+51A0] 0xFFFFFFFFFFFFFF00 (size_t) [uint: 18446744073709551360 int: -256]
	[RSP+51A8] 0x0                (size_t) [0]
	[RSP+51B0] 0x2                (size_t) [2]
	[RSP+51B8] 0x0                (size_t) [0]
	[RSP+51C0] 0x200000006        (size_t) [8589934598]
	[RSP+51C8] 0x0                (size_t) [0]
	[RSP+51D0] 0x200000006        (size_t) [8589934598]
	[RSP+51D8] 0x5220726F00000000 (size_t) [5917855731431768064]
	[RSP+51E0] 0x2                (size_t) [2]
	[RSP+51E8] 0x0                (size_t) [0]
	[RSP+51F0] 0x2                (size_t) [2]
	[RSP+51F8] 0x0                (size_t) [0]
	[RSP+5200] 0xFFFFFFFFFFFFFFFE (size_t) [uint: 18446744073709551614 int: -2]
	[RSP+5208] 0x2                (size_t) [2]
	[RSP+5210] 0x0                (size_t) [0]
	[RSP+5218] 0x1979F880100      (PlayerCharacter*)
		Flags: 0x00000408 
		Name: "Prisoner"
		FormID: 0x00000014
		FormType: ActorCharacter (62)
		Flags: 0x00000408 
		Name: "Prisoner"
		FormID: 0x00000014
		FormType: ActorCharacter (62)
		Object Reference: 
		File: "AetheriusSpells.esp"
		Modified by: Skyrim.esm -> ccbgssse018-shadowrend.esl -> AetheriusSpells.esp
		Flags: 0x00040009 kDestructible | kInitialized
		Name: "Prisoner"
		FormID: 0x00000007
		FormType: NPC (43)
		ParentCell: None
		Flags: 0x00000408 kInitialized
		FormID: 0x00000014
		FormType: ActorCharacter (62)
	[RSP+5220] 0x0                (size_t) [0]
	[RSP+5228] 0x0                (size_t) [0]
	[RSP+5230] 0x197D330E900      (ActorMagicCaster*)
	[RSP+5238] 0x7FF6DF4134ED     (void* -> SkyrimSE.exe+05534ED	test eax, eax)
	[RSP+5240] 0x91298FF628       (void*)
	[RSP+5248] 0x1985AC04680      (PeakValueModifierEffect*)
	[RSP+5250] 0x1                (size_t) [1]
	[RSP+5258] 0x7FF83EB5DC77     (void* -> BugFixesSSE.dll+001DC77	lea r11, [rsp+0x80] |  C:\SkyrimSE\BugFixesSSE\BugFixesSSE\SourceFiles\Fixes\MagicEffectConditions.cpp:71 ?UpdateConditions@MagicEffectConditions@Fixes@BugFixesSSE@@CAXPEAVActiveEffect@Skyrim@@M_N@Z C:\SkyrimSE\BugFixesSSE\BugFixesSSE\SourceFiles\Fixes\MovementSpeed.cpp:22 ?UpdateConditions@MagicEffectConditions@Fixes@BugFixesSSE@@CAXPEAVActiveEffect@Skyrim@@M_N@Z)
	[RSP+5260] 0x91298FF0E0       (void*)
	[RSP+5268] 0x0                (size_t) [0]
	[RSP+5270] 0x0                (size_t) [0]
	[RSP+5278] 0x7FF6DF415120     (void* -> SkyrimSE.exe+0555120	mov rax, [rcx])
	[RSP+5280] 0x197BB014370      (void*)
	[RSP+5288] 0x10               (size_t) [16]
	[RSP+5290] 0x1985AC04680      (PeakValueModifierEffect*)
	[RSP+5298] 0x7FF89235372E     (void* -> tbbmalloc.dll+001372E	mov rdi, rax)
	[RSP+52A0] 0x197B6E6ED70      (void*)
	[RSP+52A8] 0x195FC6C91D8      (void*)
	[RSP+52B0] 0x17EB82701455     (size_t) [26300273136725]
	[RSP+52B8] 0x7FF6DF41B1BA     (void* -> SkyrimSE.exe+055B1BA	mov rsi, rax)
	[RSP+52C0] 0x7FF83779CE70     (void* -> po3_PapyrusExtender.dll+02CCE70	and bh, dl |  `REX::Singleton<Event::GameEventHolder>::GetSingleton'::`2'::singleton (mangled: ?singleton@?1??GetSingleton@?$Singleton@VGameEventHolder@Event@@@REX@@SAPEAVGameEventHolder@Event@@XZ@4V45@A)_2CCE70)
	[RSP+52C8] 0x7FF840468170     (void* -> skse64_1_5_97.dll+0018170	mov [rsp+0x08], rbx)
	[RSP+52D0] 0x0                (size_t) [0]
	[RSP+52D8] 0x0                (size_t) [0]
	[RSP+52E0] 0x1979F880100      (PlayerCharacter*)
		Flags: 0x00000408 
		Name: "Prisoner"
		FormID: 0x00000014
		FormType: ActorCharacter (62)
		Flags: 0x00000408 
		Name: "Prisoner"
		FormID: 0x00000014
		FormType: ActorCharacter (62)
		Object Reference: 
		File: "AetheriusSpells.esp"
		Modified by: Skyrim.esm -> ccbgssse018-shadowrend.esl -> AetheriusSpells.esp
		Flags: 0x00040009 kDestructible | kInitialized
		Name: "Prisoner"
		FormID: 0x00000007
		FormType: NPC (43)
		ParentCell: None
		Flags: 0x00000408 kInitialized
		FormID: 0x00000014
		FormType: ActorCharacter (62)
	[RSP+52E8] 0x7FF8376395B8     (void* -> po3_PapyrusExtender.dll+01695B8	test rax, rax |  minkernel\crts\ucrt\src\appcrt\heap\malloc_base.cpp:34 _malloc_base)
	[RSP+52F0] 0x41C80000         (size_t) [1103626240]
	[RSP+52F8] 0x48               (size_t) [72]
	[RSP+5300] 0x198587E6710      (char*) "D"
	[RSP+5308] 0x7FF6DF416281     (void* -> SkyrimSE.exe+0556281	jmp 0x00007FF6DF41635E)
	[RSP+5310] 0x1979F880100      (PlayerCharacter*)
		Flags: 0x00000408 
		Name: "Prisoner"
		FormID: 0x00000014
		FormType: ActorCharacter (62)
		Flags: 0x00000408 
		Name: "Prisoner"
		FormID: 0x00000014
		FormType: ActorCharacter (62)
		Object Reference: 
		File: "AetheriusSpells.esp"
		Modified by: Skyrim.esm -> ccbgssse018-shadowrend.esl -> AetheriusSpells.esp
		Flags: 0x00040009 kDestructible | kInitialized
		Name: "Prisoner"
		FormID: 0x00000007
		FormType: NPC (43)
		ParentCell: None
		Flags: 0x00000408 kInitialized
		FormID: 0x00000014
		FormType: ActorCharacter (62)
	[RSP+5318] 0x7FF84046818F     (void* -> skse64_1_5_97.dll+001818F	mov r8, [0x00007FF8405846A8])
	[RSP+5320] 0x7FF83779CE70     (void* -> po3_PapyrusExtender.dll+02CCE70	and bh, dl |  `REX::Singleton<Event::GameEventHolder>::GetSingleton'::`2'::singleton (mangled: ?singleton@?1??GetSingleton@?$Singleton@VGameEventHolder@Event@@@REX@@SAPEAVGameEventHolder@Event@@XZ@4V45@A)_2CCE70)
	[RSP+5328] 0x7FF840468170     (void* -> skse64_1_5_97.dll+0018170	mov [rsp+0x08], rbx)
	[RSP+5330] 0x1979F880100      (PlayerCharacter*)
		Flags: 0x00000408 
		Name: "Prisoner"
		FormID: 0x00000014
		FormType: ActorCharacter (62)
		Flags: 0x00000408 
		Name: "Prisoner"
		FormID: 0x00000014
		FormType: ActorCharacter (62)
		Object Reference: 
		File: "AetheriusSpells.esp"
		Modified by: Skyrim.esm -> ccbgssse018-shadowrend.esl -> AetheriusSpells.esp
		Flags: 0x00040009 kDestructible | kInitialized
		Name: "Prisoner"
		FormID: 0x00000007
		FormType: NPC (43)
		ParentCell: None
		Flags: 0x00000408 kInitialized
		FormID: 0x00000014
		FormType: ActorCharacter (62)
	[RSP+5338] 0x19A6C41BDF0      (char*) "D:/STOCK GAME/data/SKSE/Plugins/ScrambledBugs.dll"
	[RSP+5340] 0x91298FF241       (void*)
	[RSP+5348] 0x7FF8374FCEB3     (void* -> po3_PapyrusExtender.dll+002CEB3	mov [rbx+0x38], r12 |  D:\a\PapyrusExtenderSSE\PapyrusExtenderSSE\extern\CommonLibSSE\include\SKSE\RegistrationMapUnique.h:134 RE::XPEAVTESObjectREFR * const (mangled: ?QueueEvent@?$RegistrationMapUnique@XPEBVTESObjectREFR@RE@@PEBVEffectSetting@2@PEBVTESForm@2@_N@?$EventFilterUnique@UMagicEffectApply@Filter@Event@@@Impl@SKSE@@QEAAXPEAVTESObjectREFR@RE@@V?$function@$$A6A_NAEBUMagicEffectApply@Filter@Event@@_N@Z@std@@PEBV56@PEBVEffectSetting@6@PEBVTESForm@6@_N@Z))
	[RSP+5350] 0x91298FF2D8       (void*)
	[RSP+5358] 0x19A6C41BDF0      (char*) "D:/STOCK GAME/data/SKSE/Plugins/ScrambledBugs.dll"
	[RSP+5360] 0x1979F880198      (PlayerCharacter*)
		Flags: 0x00000408 
		Name: "Prisoner"
		FormID: 0x00000014
		FormType: ActorCharacter (62)
		Flags: 0x00000408 
		Name: "Prisoner"
		FormID: 0x00000014
		FormType: ActorCharacter (62)
		Object Reference: 
		File: "AetheriusSpells.esp"
		Modified by: Skyrim.esm -> ccbgssse018-shadowrend.esl -> AetheriusSpells.esp
		Flags: 0x00040009 kDestructible | kInitialized
		Name: "Prisoner"
		FormID: 0x00000007
		FormType: NPC (43)
		ParentCell: None
		Flags: 0x00000408 kInitialized
		FormID: 0x00000014
		FormType: ActorCharacter (62)
	[RSP+5368] 0x91298FF2D8       (void*)
	[RSP+5370] 0x19A6C41BDF0      (char*) "D:/STOCK GAME/data/SKSE/Plugins/ScrambledBugs.dll"
	[RSP+5378] 0x91298FF210       (void*)
	[RSP+5380] 0x1979F880100      (PlayerCharacter*)
		Flags: 0x00000408 
		Name: "Prisoner"
		FormID: 0x00000014
		FormType: ActorCharacter (62)
		Flags: 0x00000408 
		Name: "Prisoner"
		FormID: 0x00000014
		FormType: ActorCharacter (62)
		Object Reference: 
		File: "AetheriusSpells.esp"
		Modified by: Skyrim.esm -> ccbgssse018-shadowrend.esl -> AetheriusSpells.esp
		Flags: 0x00040009 kDestructible | kInitialized
		Name: "Prisoner"
		FormID: 0x00000007
		FormType: NPC (43)
		ParentCell: None
		Flags: 0x00000408 kInitialized
		FormID: 0x00000014
		FormType: ActorCharacter (62)
	[RSP+5388] 0x7FF83768EB08     (void* -> po3_PapyrusExtender.dll+01BEB08	adc byte ptr [rax+rdx*2], 0x37 |  ??_7?$_Func_impl_no_alloc@V<lambda_1>@?7??thunk@MagicTargetApply@MagicEffectApply@Event@@SA_NPEAVMagicTarget@RE@@PEAUAddTargetData@67@@Z@_NAEBU4Filter@5@_N@std@@6B@_1BEB08)
	[RSP+5390] 0x1979F770800      (EffectSetting*)
		File: "Unofficial Skyrim Special Edition Patch.esp"
		Modified by: Skyrim.esm -> Unofficial Skyrim Special Edition Patch.esp
		Flags: 0x00000009 kDestructible | kInitialized
		Name: "Fortify Armor Rating"
		FormID: 0x00017120
		FormType: MagicEffect (18)
		GetFullName: "Fortify Armor Rating"
	[RSP+5398] 0x7FF600000000     (size_t) [140694538682368]
	[RSP+53A0] 0xFFFFFFFFFFFFFFFE (size_t) [uint: 18446744073709551614 int: -2]
	[RSP+53A8] 0x0                (size_t) [0]
	[RSP+53B0] 0x7FF6E058DCA8     (void* -> SkyrimSE.exe+16CDCA8	popfq)
	[RSP+53B8] 0x0                (size_t) [0]
	[RSP+53C0] 0x0                (size_t) [0]
	[RSP+53C8] 0x19675A36101      (void*)
	[RSP+53D0] 0x197BE9B3700      (SpellItem*)
		File: "Unofficial Skyrim Special Edition Patch.esp"
		Modified by: Skyrim.esm -> Unofficial Skyrim Special Edition Patch.esp
		Flags: 0x00000009 kDestructible | kInitialized
		Name: "Nightingale Armor Full Set"
		FormID: 0x0001711F
		FormType: Spell (22)
		GetFullName: "Nightingale Armor Full Set"
	[RSP+53D8] 0x1979F770800      (EffectSetting*)
		File: "Unofficial Skyrim Special Edition Patch.esp"
		Modified by: Skyrim.esm -> Unofficial Skyrim Special Edition Patch.esp
		Flags: 0x00000009 kDestructible | kInitialized
		Name: "Fortify Armor Rating"
		FormID: 0x00017120
		FormType: MagicEffect (18)
		GetFullName: "Fortify Armor Rating"
	[RSP+53E0] 0x0                (size_t) [0]
	[RSP+53E8] 0x7FF904E60635     (void* -> ntdll.dll+00C0635	test eax, eax)
	[RSP+53F0] 0x1FEA4            (size_t) [130724]
	[RSP+53F8] 0x0                (size_t) [0]
	[RSP+5400] 0x0                (size_t) [0]
	[RSP+5408] 0xFFFFFFFFFFFFFFFF (size_t) [uint: 18446744073709551615 int: -1]
	[RSP+5410] 0x19772368030      (void*)
	[RSP+5418] 0x19753ACE570      (void*)
	[RSP+5420] 0x195FC601290      (void*)
	[RSP+5428] 0x7FF904DB0128     (void* -> ntdll.dll+0010128	test eax, eax)
	[RSP+5430] 0x5E0001705B       (size_t) [403727020123]
	[RSP+5438] 0x19772368000      (void*)
	[RSP+5440] 0x195FC605608      (void*)
	[RSP+5448] 0x10000000000      (size_t) [1099511627776]
	[RSP+5450] 0x7FF8923783C0     (void* -> tbbmalloc.dll+00383C0	add [rax], al)
	[RSP+5458] 0x7FF89234ABD2     (void* -> tbbmalloc.dll+000ABD2	mov qword ptr [r13+0x08], 0x00)
	[RSP+5460] 0x197FFFFFFFF      (void*)
	[RSP+5468] 0x7FF800000000     (size_t) [140703128616960]
	[RSP+5470] 0x195FC605580      (void*)
	[RSP+5478] 0x195FC6002AC      (void*)
	[RSP+5480] 0x91298FF388       (void*)
	[RSP+5488] 0x82000            (size_t) [532480]
	[RSP+5490] 0x0                (size_t) [0]
	[RSP+5498] 0x30               (size_t) [48]
	[RSP+54A0] 0x7FF6DEEC0001     (void* -> SkyrimSE.exe+0000001	pop rdx)
	[RSP+54A8] 0x195FC600EA0      (void*)
	[RSP+54B0] 0xFFFFFFFFFFFFFFFE (size_t) [uint: 18446744073709551614 int: -2]
	[RSP+54B8] 0x0                (size_t) [0]
	[RSP+54C0] 0x195FC6C8A70      (void*)
	[RSP+54C8] 0x7FF6DFAE9EB8     (void* -> SkyrimSE.exe+0C29EB8	mov r12, rax)
	[RSP+54D0] 0x30               (size_t) [48]
	[RSP+54D8] 0x195FC6C0000      (void*)
	[RSP+54E0] 0x3                (size_t) [3]
	[RSP+54E8] 0x8                (size_t) [8]
	[RSP+54F0] 0xFFFFFFFFFFFFFFFE (size_t) [uint: 18446744073709551614 int: -2]
	[RSP+54F8] 0x7FF904DAF2A4     (void* -> ntdll.dll+000F2A4	mov rbp, rax)
	[RSP+5500] 0x195FC6C8A70      (void*)
	[RSP+5508] 0x7FF6DFAE9EB8     (void* -> SkyrimSE.exe+0C29EB8	mov r12, rax)
	[RSP+5510] 0x768              (size_t) [1896]
	[RSP+5518] 0x197BF11FF30      (void*)
	[RSP+5520] 0x195FC6C91D8      (void*)
	[RSP+5528] 0x7FF6E00F6D9F     (void* -> SkyrimSE.exe+1236D9F	jmp 0x00007FF6E00F6E29)
	[RSP+5530] 0xFFFFFFFFFFFFFFFE (size_t) [uint: 18446744073709551614 int: -2]
	[RSP+5538] 0x195FC6C8A70      (void*)
	[RSP+5540] 0xFFFFFFFFFFFFFFFE (size_t) [uint: 18446744073709551614 int: -2]
	[RSP+5548] 0x195FC6C91D8      (void*)
	[RSP+5550] 0x1                (size_t) [1]
	[RSP+5558] 0x7FF6DFAE9EB8     (void* -> SkyrimSE.exe+0C29EB8	mov r12, rax)
	[RSP+5560] 0x197BF11FF30      (void*)
	[RSP+5568] 0x7FF6E00F6F27     (void* -> SkyrimSE.exe+1236F27	jmp 0x00007FF6E00F70C3)
	[RSP+5570] 0x14               (size_t) [20]
	[RSP+5578] 0x7FF6E013F4B9     (void* -> SkyrimSE.exe+127F4B9	mov [rdi+0x38], eax)
	[RSP+5580] 0xFFFFFFFFFFFFFFFE (size_t) [uint: 18446744073709551614 int: -2]
	[RSP+5588] 0x7FF6E010831D     (void* -> SkyrimSE.exe+124831D	mov [rsi+0x04], eax)
	[RSP+5590] 0x195FC6C8A70      (void*)
	[RSP+5598] 0x8                (size_t) [8]
	[RSP+55A0] 0x768              (size_t) [1896]
	[RSP+55A8] 0x91298FF458       (void*)
	[RSP+55B0] 0x195FC6C91D8      (void*)
	[RSP+55B8] 0x7FF6DEEC0000     (void*)
	[RSP+55C0] 0x91298FCAC0       (void*)
	[RSP+55C8] 0x7FF6E0121CD2     (void* -> SkyrimSE.exe+1261CD2	sub rsp, rax)
	[RSP+55D0] 0x195FC6C8A70      (void*)
	[RSP+55D8] 0xA                (size_t) [10]
	[RSP+55E0] 0x0                (size_t) [0]
	[RSP+55E8] 0x768              (size_t) [1896]
	[RSP+55F0] 0x19B01E43EC0      (BSScript::Internal::CodeTasklet*)
		Stack Trace: 

	[RSP+55F8] 0x91298FF4B0       (void*)
	[RSP+5600] 0x156              (size_t) [342]
	[RSP+5608] 0x7FF6E013C20B     (void* -> SkyrimSE.exe+127C20B	mov ebx, eax)
	[RSP+5610] 0x2                (size_t) [2]
	[RSP+5618] 0x0                (size_t) [0]
	[RSP+5620] 0x195FC6C8A70      (void*)
	[RSP+5628] 0x1                (size_t) [1]
	[RSP+5630] 0xFFFFFFFFFFFFFFFE (size_t) [uint: 18446744073709551614 int: -2]
	[RSP+5638] 0x768              (size_t) [1896]
	[RSP+5640] 0x19B01E43EC0      (BSScript::Internal::CodeTasklet*)
		Stack Trace: 

	[RSP+5648] 0x1                (size_t) [1]
	[RSP+5650] 0x19B01E43EC0      (BSScript::Internal::CodeTasklet*)
		Stack Trace: 

	[RSP+5658] 0x7FF6E013844F     (void* -> SkyrimSE.exe+127844F	movzx esi, al)
	[RSP+5660] 0x19B01E43EC0      (BSScript::Internal::CodeTasklet*)
		Stack Trace: 

	[RSP+5668] 0x2                (size_t) [2]
	[RSP+5670] 0x91298FF580       (void*)
	[RSP+5678] 0x1                (size_t) [1]
	[RSP+5680] 0x67               (size_t) [103]
	[RSP+5688] 0x7FF84170BE92     (void* -> EngineFixes.dll+001BE92	test rbx, rbx)
	[RSP+5690] 0x197F5B8FB28      (void*)
	[RSP+5698] 0x1C               (size_t) [28]
	[RSP+56A0] 0xFFFFFFFFFFFFFFFE (size_t) [uint: 18446744073709551614 int: -2]
	[RSP+56A8] 0x0                (size_t) [0]
	[RSP+56B0] 0x2A30             (size_t) [10800]
	[RSP+56B8] 0x0                (size_t) [0]
	[RSP+56C0] 0x1986C5CA240      (void*)
	[RSP+56C8] 0x7FF8CA62E3FC     (void* -> FPSFixPlugin.dll+000E3FC	test rax, rax)
	[RSP+56D0] 0x0                (size_t) [0]
	[RSP+56D8] 0x20               (size_t) [32]
	[RSP+56E0] 0x19B113ACAA0      (void*)
	[RSP+56E8] 0x7FF89235372E     (void* -> tbbmalloc.dll+001372E	mov rdi, rax)
	[RSP+56F0] 0x20               (size_t) [32]
	[RSP+56F8] 0x7FF8CA627775     (void* -> FPSFixPlugin.dll+0007775	test rax, rax)
	[RSP+5700] 0x197D6907860      (void*)
	[RSP+5708] 0x7FF8923557C3     (void* -> tbbmalloc.dll+00157C3	mov rbp, rax)
	[RSP+5710] 0xFFFFFFFFFFFFFFFE (size_t) [uint: 18446744073709551614 int: -2]
	[RSP+5718] 0x19AFC20EAB0      (void*)
	[RSP+5720] 0x91298FF630       (void*)
	[RSP+5728] 0x7FF8CA6266D5     (void* -> FPSFixPlugin.dll+00066D5	add rsp, 0x40)
	[RSP+5730] 0x67               (size_t) [103]
	[RSP+5738] 0x7FF6DEFCD2A0     (void* -> SkyrimSE.exe+010D2A0	nop)
	[RSP+5740] 0x197CA26E820      (void*)
	[RSP+5748] 0x7FF6DF4389FD     (void* -> SkyrimSE.exe+05789FD	mov ecx, [rdi+0x04])
	[RSP+5750] 0x19761EBBE38      (void*)
	[RSP+5758] 0xFFFFFFFFFFFFFFFE (size_t) [uint: 18446744073709551614 int: -2]
	[RSP+5760] 0x198585B2050      (void*)
	[RSP+5768] 0x7FF6DEFF2BEA     (void* -> SkyrimSE.exe+0132BEA	mov ebp, eax)
	[RSP+5770] 0x19761EBBE38      (void*)
	[RSP+5778] 0x19B113ACAA0      (void*)
	[RSP+5780] 0x91298FF630       (void*)
	[RSP+5788] 0x7FF8CA625CD3     (void* -> FPSFixPlugin.dll+0005CD3	mov rsi, [rsp+0x40])
	[RSP+5790] 0x1988DF9CCA0      (ExtraPromotedRef*)
	[RSP+5798] 0x7FF6DEFFC1DD     (void* -> SkyrimSE.exe+013C1DD	cmp [0x00007FF6E0D7EAD8], eax)
	[RSP+57A0] 0x61               (size_t) [97]
	[RSP+57A8] 0x195FC6C91D8      (void*)
	[RSP+57B0] 0x197BAFC8140      (TESForm*)
		Flags: 0x00000008 kInitialized
		FormID: 0x0000028A
		FormType: None (00)
	[RSP+57B8] 0x195FC6C91D8      (void*)
	[RSP+57C0] 0xFFFFFFFFFFFFFFFE (size_t) [uint: 18446744073709551614 int: -2]
	[RSP+57C8] 0x7FF6DEFC755A     (void* -> SkyrimSE.exe+010755A	mov rsi, rbx)
	[RSP+57D0] 0x197EC90C5B0      (void*)
	[RSP+57D8] 0x0                (size_t) [0]
	[RSP+57E0] 0x195FC6C91D8      (void*)
	[RSP+57E8] 0x67               (size_t) [103]
	[RSP+57F0] 0x1988DF9CCA0      (ExtraPromotedRef*)
	[RSP+57F8] 0x7FF6DEFE6B99     (void* -> SkyrimSE.exe+0126B99	nop)
	[RSP+5800] 0x19700000061      (void*)
	[RSP+5808] 0x197EC90C5C0      (void*)
	[RSP+5810] 0x7FF6E0D7EAD8     (void* -> SkyrimSE.exe+1EBEAD8	add [rax], al)
	[RSP+5818] 0x197EC90C5B0      (void*)
	[RSP+5820] 0xFFFFFFFFFFFFFFFE (size_t) [uint: 18446744073709551614 int: -2]
	[RSP+5828] 0x7FF83D2E5E5A     (void* -> DynDOLOD.DLL+0045E5A	test rax, rax |  E:\project\DynDOLOD.DLL.NG\src\Patch.cpp:29 DynDOLOD::Patch::IsValidReference (mangled: ?IsValidReference@Patch@DynDOLOD@@YA_NPEAVTESObjectREFR@RE@@PEAM@Z))
	[RSP+5830] 0x195FC6C91D8      (void*)
	[RSP+5838] 0x195FC6C91D8      (void*)
	[RSP+5840] 0xFFFF22124500     (size_t) [281471253366016]
	[RSP+5848] 0x197BAFC8140      (TESForm*)
		Flags: 0x00000008 kInitialized
		FormID: 0x0000028A
		FormType: None (00)
	[RSP+5850] 0x91298FF7A0       (char*) "fff?"
	[RSP+5858] 0x7FF6DF0728B8     (void* -> SkyrimSE.exe+01B28B8	cmp [0x00007FF6E0D84358], eax)
	[RSP+5860] 0x19700000067      (void*)
	[RSP+5868] 0x197EC90C540      (TESObjectREFR*)
		Object Reference: 
		File: "Skyrim.esm"
		Flags: 0x00800009 kDestructible | kInitialized
		FormID: 0x0000003B
		FormType: Static (34)
		ParentCell: None
		File: "Unslaad.esm"
		Flags: 0x00000C09 kDestructible | kInitialized
		FormID: 0x22124538
		FormType: Reference (61)
	[RSP+5870] 0x197EC90C5C0      (void*)
	[RSP+5878] 0x197EC90C5C0      (void*)
	[RSP+5880] 0x91298FF7A0       (char*) "fff?"
	[RSP+5888] 0x7FF8923537F5     (void* -> tbbmalloc.dll+00137F5	mov r12, rax)
	[RSP+5890] 0x5C100000034      (size_t) [6326486827060]
	[RSP+5898] 0x7FF6E0D84358     (void* -> SkyrimSE.exe+1EC4358	add [rax], al)
	[RSP+58A0] 0x0                (size_t) [0]
	[RSP+58A8] 0xFFFF22124501     (size_t) [281471253366017]
	[RSP+58B0] 0x197EC90C540      (TESObjectREFR*)
		Object Reference: 
		File: "Skyrim.esm"
		Flags: 0x00800009 kDestructible | kInitialized
		FormID: 0x0000003B
		FormType: Static (34)
		ParentCell: None
		File: "Unslaad.esm"
		Flags: 0x00000C09 kDestructible | kInitialized
		FormID: 0x22124538
		FormType: Reference (61)
	[RSP+58B8] 0x7FF6DF7C4BD2     (void* -> SkyrimSE.exe+0904BD2	jmp 0x00007FF6DF7C4BD7)
	[RSP+58C0] 0x19675A36100      (BSScript::Internal::VirtualMachine*)
	[RSP+58C8] 0x7FF6DF7C4F6A     (void* -> SkyrimSE.exe+0904F6A	mov ecx, [rdi+0x04])
	[RSP+58D0] 0x19B9EE6E750      (void*)
	[RSP+58D8] 0xFFFFFFFFFFFFFFFE (size_t) [uint: 18446744073709551614 int: -2]
	[RSP+58E0] 0xFFFFFFFF         (size_t) [4294967295]
	[RSP+58E8] 0x195FC6C91D8      (void*)
	[RSP+58F0] 0x0                (size_t) [0]
	[RSP+58F8] 0x0                (size_t) [0]
	[RSP+5900] 0x91298FF7A0       (char*) "fff?"
	[RSP+5908] 0x7FF6DF7C45C7     (void* -> SkyrimSE.exe+09045C7	nop)
	[RSP+5910] 0x19B9EE6E780      (void*)
	[RSP+5918] 0x19B9EE6E780      (void*)
	[RSP+5920] 0x19B9EE6E780      (void*)
	[RSP+5928] 0x19B9EE6E780      (void*)
	[RSP+5930] 0xFFFFFFFFFFFFFFFE (size_t) [uint: 18446744073709551614 int: -2]
	[RSP+5938] 0x19B9EE6E780      (void*)
	[RSP+5940] 0x7FF6E1DE81A8     (SkyrimScript::HandlePolicy*)
	[RSP+5948] 0x7FF6DF7C39A4     (void* -> SkyrimSE.exe+09039A4	nop)
	[RSP+5950] 0x7FF6E1DE81B0     (void* -> SkyrimSE.exe+2F281B0	add [rax], al)
	[RSP+5958] 0x91298FF7D0       (void*)
	[RSP+5960] 0x10000            (size_t) [65536]
	[RSP+5968] 0x7FF6E1DE7E80     (SkyrimVM*)
	[RSP+5970] 0xFFFFFFFFFFFFFFFE (size_t) [uint: 18446744073709551614 int: -2]
	[RSP+5978] 0x0                (size_t) [0]
	[RSP+5980] 0x3F666666         (size_t) [1063675494]
	[RSP+5988] 0x0                (size_t) [0]
	[RSP+5990] 0x7FF6E0CB5AD8     (void* -> SkyrimSE.exe+1DF5AD8	fisubr [rbp+0xEFBE])
	[RSP+5998] 0x0                (size_t) [0]
	[RSP+59A0] 0x0                (size_t) [0]
	[RSP+59A8] 0x0                (size_t) [0]
	[RSP+59B0] 0x0                (size_t) [0]
	[RSP+59B8] 0x0                (size_t) [0]
	[RSP+59C0] 0x200676A28        (size_t) [8596711976]
	[RSP+59C8] 0xFFFFFFFF         (size_t) [4294967295]
	[RSP+59D0] 0x7FF6E1DE7E80     (SkyrimVM*)
	[RSP+59D8] 0x0                (size_t) [0]
	[RSP+59E0] 0x91298FF910       (void*)
	[RSP+59E8] 0x7FF6DF7E2A5B     (void* -> SkyrimSE.exe+0922A5B	movaps xmm6, [rsp+0x4F0])
	[RSP+59F0] 0x200001397        (size_t) [8589939607]
	[RSP+59F8] 0x2                (size_t) [2]
	[RSP+5A00] 0x7FF600000009     (size_t) [140694538682377]
	[RSP+5A08] 0x198000013A3      (void*)
	[RSP+5A10] 0x0                (size_t) [0]
	[RSP+5A18] 0x7FF90257D3DD     (void* -> KERNELBASE.dll+004D3DD	nop [rax+rax*1], eax)
	[RSP+5A20] 0x0                (size_t) [0]
	[RSP+5A28] 0x0                (size_t) [0]
	[RSP+5A30] 0x0                (size_t) [0]
	[RSP+5A38] 0x4D9840004F3DC    (size_t) [1365060866077660]
	[RSP+5A40] 0x2                (size_t) [2]
	[RSP+5A48] 0x0                (size_t) [0]
	[RSP+5A50] 0x0                (size_t) [0]
	[RSP+5A58] 0x7FF6E1DE8594     (void* -> SkyrimSE.exe+2F28594	add [rax], al)
	[RSP+5A60] 0x91298FFBA0       (void*)
	[RSP+5A68] 0x7FF6E1DE8594     (void* -> SkyrimSE.exe+2F28594	add [rax], al)
	[RSP+5A70] 0x9100000000       (size_t) [622770257920]
	[RSP+5A78] 0x0                (size_t) [0]
	[RSP+5A80] 0x4677             (size_t) [18039]
	[RSP+5A88] 0x200676A28        (size_t) [8596711976]
	[RSP+5A90] 0x2A30             (size_t) [10800]
	[RSP+5A98] 0x7FF84AE80297     (void* -> usvfs_x64.dll+0060297	mov eax, edi)
	[RSP+5AA0] 0x0                (size_t) [0]
	[RSP+5AA8] 0x7FF84AEE6D5A     (void* -> usvfs_x64.dll+00C6D5A	test rax, rax)
	[RSP+5AB0] 0xA                (size_t) [10]
	[RSP+5AB8] 0xFFFFFFFFFFFFFFFE (size_t) [uint: 18446744073709551614 int: -2]
	[RSP+5AC0] 0x7FF6E1DE8504     (void* -> SkyrimSE.exe+2F28504	add [rax], al)
	[RSP+5AC8] 0x7FF6E1DE8570     (void* -> SkyrimSE.exe+2F28570	add [rax], al)
	[RSP+5AD0] 0x7FF9025F0B98     (void* -> KERNELBASE.dll+00C0B98	nop [rax+rax*1], eax)
	[RSP+5AD8] 0x7FF84AEE6DE9     (void* -> usvfs_x64.dll+00C6DE9	test rax, rax)
	[RSP+5AE0] 0x195B41161C0      (void*)
	[RSP+5AE8] 0x0                (size_t) [0]
	[RSP+5AF0] 0x0                (size_t) [0]
	[RSP+5AF8] 0x15               (size_t) [21]
	[RSP+5B00] 0x195FC7A3B68      (void*)
	[RSP+5B08] 0x7FF84AEB2F04     (void* -> usvfs_x64.dll+0092F04	mov rax, rbx)
	[RSP+5B10] 0x7FF9025F0B98     (void* -> KERNELBASE.dll+00C0B98	nop [rax+rax*1], eax)
	[RSP+5B18] 0x0                (size_t) [0]
	[RSP+5B20] 0x0                (size_t) [0]
	[RSP+5B28] 0x0                (size_t) [0]
	[RSP+5B30] 0x195FC79D090      (void*)
	[RSP+5B38] 0x7FF84AEE6DE9     (void* -> usvfs_x64.dll+00C6DE9	test rax, rax)
	[RSP+5B40] 0x195B41161C0      (void*)
	[RSP+5B48] 0x0                (size_t) [0]
	[RSP+5B50] 0x1                (size_t) [1]
	[RSP+5B58] 0x7FF6DFAC5067     (void* -> SkyrimSE.exe+0C05067	mov [rbx+0x08], rax)
	[RSP+5B60] 0x0                (size_t) [0]
	[RSP+5B68] 0x7FF84AEB23AA     (void* -> usvfs_x64.dll+00923AA	mov rax, rdi)
	[RSP+5B70] 0x0                (size_t) [0]
	[RSP+5B78] 0x91298FFBA8       (BSTArrayAllocatorFunctor<BSScrapArrayAllocator>*)
	[RSP+5B80] 0x91298FFBF9       (void*)
	[RSP+5B88] 0x7FF84AEB2CDF     (void* -> usvfs_x64.dll+0092CDF	mov rax, rbx)
	[RSP+5B90] 0x0                (size_t) [0]
	[RSP+5B98] 0x7FF904F01FA0     (void* -> ntdll.dll+0161FA0	jmp 0x00007FF9003C0008)
	[RSP+5BA0] 0x7FF904F01FA0     (void* -> ntdll.dll+0161FA0	jmp 0x00007FF9003C0008)
	[RSP+5BA8] 0x91298FFBA8       (BSTArrayAllocatorFunctor<BSScrapArrayAllocator>*)
	[RSP+5BB0] 0x91298FFBA0       (void*)
	[RSP+5BB8] 0x7FF9003C00A1     (void*)
	[RSP+5BC0] 0x198F9E49650      (char*) "t"
	[RSP+5BC8] 0x0                (size_t) [0]
	[RSP+5BD0] 0x198F9E49650      (char*) "t"
	[RSP+5BD8] 0xFFFF00000014     (size_t) [281470681743380]
	[RSP+5BE0] 0x9E8              (size_t) [2536]
	[RSP+5BE8] 0x15               (size_t) [21]
	[RSP+5BF0] 0x0                (size_t) [0]
	[RSP+5BF8] 0x0                (size_t) [0]
	[RSP+5C00] 0x246              (size_t) [582]
	[RSP+5C08] 0x0                (size_t) [0]
	[RSP+5C10] 0x0                (size_t) [0]
	[RSP+5C18] 0x195FC79FEC0      (void*)
	[RSP+5C20] 0x91298FFBA0       (void*)
	[RSP+5C28] 0x91298FFBA8       (BSTArrayAllocatorFunctor<BSScrapArrayAllocator>*)
	[RSP+5C30] 0x91298FFBF9       (void*)
	[RSP+5C38] 0x198F9E49650      (char*) "t"
	[RSP+5C40] 0x0                (size_t) [0]
	[RSP+5C48] 0x0                (size_t) [0]
	[RSP+5C50] 0x206              (size_t) [518]
	[RSP+5C58] 0x7FF9025F0B98     (void* -> KERNELBASE.dll+00C0B98	nop [rax+rax*1], eax)
	[RSP+5C60] 0x8DC0             (size_t) [36288]
	[RSP+5C68] 0x9100000000       (size_t) [622770257920]
	[RSP+5C70] 0x19800000000      (void*)
	[RSP+5C78] 0x7FF90233E0FB     (void* -> ucrtbase.dll+001E0FB	test eax, eax)
	[RSP+5C80] 0x91298FFAE8       (void*)
	[RSP+5C88] 0x7FF60011400C     (size_t) [140694539812876]
	[RSP+5C90] 0x0                (size_t) [0]
	[RSP+5C98] 0x0                (size_t) [0]
	[RSP+5CA0] 0x198F9E49650      (char*) "t"
	[RSP+5CA8] 0x15               (size_t) [21]
	[RSP+5CB0] 0x7FF800000000     (size_t) [140703128616960]
	[RSP+5CB8] 0x8DC0             (size_t) [36288]
	[RSP+5CC0] 0x198F9E49650      (char*) "t"
	[RSP+5CC8] 0x0                (size_t) [0]
	[RSP+5CD0] 0x10               (size_t) [16]
	[RSP+5CD8] 0x30               (size_t) [48]
	[RSP+5CE0] 0x0                (size_t) [0]
	[RSP+5CE8] 0x0                (size_t) [0]
	[RSP+5CF0] 0x0                (size_t) [0]
	[RSP+5CF8] 0x0                (size_t) [0]
	[RSP+5D00] 0x0                (size_t) [0]
	[RSP+5D08] 0x7FF8923557C3     (void* -> tbbmalloc.dll+00157C3	mov rbp, rax)
	[RSP+5D10] 0x0                (size_t) [0]
	[RSP+5D18] 0x195AB110480      (void*)
	[RSP+5D20] 0x0                (size_t) [0]
	[RSP+5D28] 0x7FF859DD143B     (void* -> steamclient64.dll+089143B	test eax, eax)
	[RSP+5D30] 0x91298FFC60       (void*)
	[RSP+5D38] 0x195AB1105D0      (void*)
	[RSP+5D40] 0x0                (size_t) [0]
	[RSP+5D48] 0x195AB110480      (void*)
	[RSP+5D50] 0x91298FFCF0       (void*)
	[RSP+5D58] 0x195AB1105D0      (void*)
	[RSP+5D60] 0x91298FFBF9       (void*)
	[RSP+5D68] 0x7FF859DCE060     (void* -> steamclient64.dll+088E060	movzx eax, bl)
	[RSP+5D70] 0x19500000000      (size_t) [1739461754880]
	[RSP+5D78] 0x19500000000      (size_t) [1739461754880]
	[RSP+5D80] 0x91298FFC00       (void*)
	[RSP+5D88] 0x7FF6E03F1DB0     (void* -> SkyrimSE.exe+1531DB0	adc al, ah)
	[RSP+5D90] 0x0                (size_t) [0]
	[RSP+5D98] 0xAB8              (size_t) [2744]
	[RSP+5DA0] 0x8                (size_t) [8]
	[RSP+5DA8] 0x157              (size_t) [343]
	[RSP+5DB0] 0x7FF8923783C0     (void* -> tbbmalloc.dll+00383C0	add [rax], al)
	[RSP+5DB8] 0x7FF892357E0B     (void* -> tbbmalloc.dll+0017E0B	mov rsi, rax)
	[RSP+5DC0] 0xC79B1F9146A12C4F (size_t) [uint: 14383124543753497679 int: -4063619529956053937]
	[RSP+5DC8] 0x7FF6DFD7E1F7     (void* -> SkyrimSE.exe+0EBE1F7	nop)
	[RSP+5DD0] 0xFFFFFFFFFFFFFFFE (size_t) [uint: 18446744073709551614 int: -2]
	[RSP+5DD8] 0x0                (size_t) [0]
	[RSP+5DE0] 0x0                (size_t) [0]
	[RSP+5DE8] 0x7FF6DEFF2BEA     (void* -> SkyrimSE.exe+0132BEA	mov ebp, eax)
	[RSP+5DF0] 0x7FF85960E6D0     (void* -> steamclient64.dll+00CE6D0	xor al, al)
	[RSP+5DF8] 0xFFFFFFFFFFFFFFFE (size_t) [uint: 18446744073709551614 int: -2]
	[RSP+5E00] 0x91298FFD28       (void*)
	[RSP+5E08] 0x8                (size_t) [8]
	[RSP+5E10] 0x0                (size_t) [0]
	[RSP+5E18] 0x0                (size_t) [0]
	[RSP+5E20] 0x157              (size_t) [343]
	[RSP+5E28] 0x157              (size_t) [343]
	[RSP+5E30] 0x0                (size_t) [0]
	[RSP+5E38] 0x7FF6DFAC5067     (void* -> SkyrimSE.exe+0C05067	mov [rbx+0x08], rax)
	[RSP+5E40] 0x91298FFD28       (void*)
	[RSP+5E48] 0x0                (size_t) [0]
	[RSP+5E50] 0x2                (size_t) [2]
	[RSP+5E58] 0x0                (size_t) [0]
	[RSP+5E60] 0x19732568BB0      (void*)
	[RSP+5E68] 0x7FF6E012A202     (void* -> SkyrimSE.exe+126A202	nop)
	[RSP+5E70] 0x19675A3E360      (void*)
	[RSP+5E78] 0x91298FFD28       (void*)
	[RSP+5E80] 0x195FC6C8A70      (void*)
	[RSP+5E88] 0x7FF6E1E08BBC     (void* -> SkyrimSE.exe+2F48BBC	add [rax], al)
	[RSP+5E90] 0xFFFFFFFFFFFFFFFE (size_t) [uint: 18446744073709551614 int: -2]
	[RSP+5E98] 0x7FF6E03E11A8     (void* -> SkyrimSE.exe+15211A8	sahf)
	[RSP+5EA0] 0x91298FFD28       (void*)
	[RSP+5EA8] 0x7FF6E01582D1     (void* -> SkyrimSE.exe+12982D1	nop)
	[RSP+5EB0] 0x0                (size_t) [0]
	[RSP+5EB8] 0x0                (size_t) [0]
	[RSP+5EC0] 0x0                (size_t) [0]
	[RSP+5EC8] 0x0                (size_t) [0]
	[RSP+5ED0] 0x0                (size_t) [0]
	[RSP+5ED8] 0x7FF6E0117628     (void* -> SkyrimSE.exe+1257628	add rbx, 0x08)
	[RSP+5EE0] 0x9100000002       (size_t) [622770257922]
	[RSP+5EE8] 0x1988E5AC108      (void*)
	[RSP+5EF0] 0x0                (size_t) [0]
	[RSP+5EF8] 0x1988E5ACBB8      (void*)
	[RSP+5F00] 0xFFFFFFFFFFFFFFFE (size_t) [uint: 18446744073709551614 int: -2]
	[RSP+5F08] 0x195FC6C9140      (ScrapHeap*)
	[RSP+5F10] 0x1988E5AC100      (void*)
	[RSP+5F18] 0x157              (size_t) [343]
	[RSP+5F20] 0x157              (size_t) [343]
	[RSP+5F28] 0x195AE0B9D00      (Main*)
	[RSP+5F30] 0x8000             (size_t) [32768]
	[RSP+5F38] 0x7FF6DF473390     (void* -> SkyrimSE.exe+05B3390	call 0x00007FF6DF0BBAF0)
	[RSP+5F40] 0x1988E5AC100      (void*)
	[RSP+5F48] 0x195AE0B9D00      (Main*)
	[RSP+5F50] 0x1988E5ACBB8      (void*)
	[RSP+5F58] 0x3E8              (size_t) [1000]
	[RSP+5F60] 0xFFFFFFFFFFFFFFFE (size_t) [uint: 18446744073709551614 int: -2]
	[RSP+5F68] 0x7FF834519257     (void* -> gameoverlayrenderer64.dll+00A9257	mov byte ptr [0x00007FF8345D2D24], 0x00)
	[RSP+5F70] 0xD0742            (size_t) [853826]
	[RSP+5F78] 0x7FF83B5AED19     (void* -> hdtSMP64.dll+00BED19	cmp byte ptr [rbx+0x10], 0x00 |  C:\Games\Faster HDT-SMP\skse64_2_00_20\src\skse64\hdtSMP64\Hooks.cpp:314 hdt::UnkEngine::onFrame (mangled: ?onFrame@UnkEngine@hdt@@QEAAXXZ))
	[RSP+5F80] 0x195AE0B9D00      (Main*)
	[RSP+5F88] 0x91298FFE30       (void*)
	[RSP+5F90] 0x7FF800000001     (size_t) [140703128616961]
	[RSP+5F98] 0x0                (size_t) [0]
	[RSP+5FA0] 0xD0742            (size_t) [853826]
	[RSP+5FA8] 0x0                (size_t) [0]
	[RSP+5FB0] 0x0                (size_t) [0]
	[RSP+5FB8] 0x7FF6DF46F4F4     (void* -> SkyrimSE.exe+05AF4F4	test bl, bl)
	[RSP+5FC0] 0x0                (size_t) [0]
	[RSP+5FC8] 0x0                (size_t) [0]
	[RSP+5FD0] 0x0                (size_t) [0]
	[RSP+5FD8] 0xD0742            (size_t) [853826]
	[RSP+5FE0] 0x1                (size_t) [1]
	[RSP+5FE8] 0x0                (size_t) [0]
	[RSP+5FF0] 0x0                (size_t) [0]
	[RSP+5FF8] 0x0                (size_t) [0]
	[RSP+6000] 0x0                (size_t) [0]
	[RSP+6008] 0xFFFFFFFFFFFFFF00 (size_t) [uint: 18446744073709551360 int: -256]
	[RSP+6010] 0xD0742            (size_t) [853826]
	[RSP+6018] 0x14FE             (size_t) [5374]
	[RSP+6020] 0x138911BC         (size_t) [327750076]
	[RSP+6028] 0x1                (size_t) [1]
	[RSP+6030] 0x5A000D1D8B       (size_t) [386547916171]
	[RSP+6038] 0xC2               (size_t) [194]
	[RSP+6040] 0x0                (size_t) [0]
	[RSP+6048] 0x7FF6DF46CC05     (void* -> SkyrimSE.exe+05ACC05	call 0x00007FF6603D0000)
	[RSP+6050] 0xA                (size_t) [10]
	[RSP+6058] 0x0                (size_t) [0]
	[RSP+6060] 0xA                (size_t) [10]
	[RSP+6068] 0x7FF600000002     (size_t) [140694538682370]
	[RSP+6070] 0x0                (size_t) [0]
	[RSP+6078] 0x7FF6E020B17A     (void* -> SkyrimSE.exe+134B17A	mov ebx, eax)
	[RSP+6080] 0xA                (size_t) [10]
	[RSP+6088] 0x0                (size_t) [0]
	[RSP+6090] 0x0                (size_t) [0]
	[RSP+6098] 0x0                (size_t) [0]
	[RSP+60A0] 0x0                (size_t) [0]
	[RSP+60A8] 0x0                (size_t) [0]
	[RSP+60B0] 0x0                (size_t) [0]
	[RSP+60B8] 0x7FF9036DE8D7     (void* -> KERNEL32.DLL+002E8D7	mov ecx, eax)
	[RSP+60C0] 0x0                (size_t) [0]
	[RSP+60C8] 0x0                (size_t) [0]
	[RSP+60D0] 0x0                (size_t) [0]
	[RSP+60D8] 0x0                (size_t) [0]
	[RSP+60E0] 0x0                (size_t) [0]
	[RSP+60E8] 0x7FF904DDC34C     (void* -> ntdll.dll+003C34C	jmp 0x00007FF904DDC376)
	[RSP+60F0] 0x0                (size_t) [0]
	[RSP+60F8] 0x0                (size_t) [0]
	[RSP+6100] 0x0                (size_t) [0]
	[RSP+6108] 0x0                (size_t) [0]
	[RSP+6110] 0x91297A3000       (void*)
	[RSP+6118] 0x7FF902649F40     (void* -> KERNELBASE.dll+0119F40	mov [rsp+0x10], rbx)
	[RSP+6120] 0x91298F8900       (void*)
	[RSP+6128] 0x91298F8900       (void*)
	[RSP+6130] 0x7FF904DDC320     (void* -> ntdll.dll+003C320	sub rsp, 0x48)
	[RSP+6138] 0x0                (size_t) [0]
	[RSP+6140] 0x0                (size_t) [0]
	[RSP+6148] 0x0                (size_t) [0]
	[RSP+6150] 0x0                (size_t) [0]
	[RSP+6158] 0x0                (size_t) [0]
	[RSP+6160] 0x0                (size_t) [0]
	[RSP+6168] 0x0                (size_t) [0]
	[RSP+6170] 0x0                (size_t) [0]
	[RSP+6178] 0x0                (size_t) [0]
	[RSP+6180] 0x0                (size_t) [0]
	[RSP+6188] 0x0                (size_t) [0]
	[RSP+6190] 0x0                (size_t) [0]
	[RSP+6198] 0x0                (size_t) [0]
	[RSP+61A0] 0x0                (size_t) [0]
	[RSP+61A8] 0x0                (size_t) [0]
	[RSP+61B0] 0x0                (size_t) [0]
	[RSP+61B8] 0x0                (size_t) [0]
	[RSP+61C0] 0x0                (size_t) [0]
	[RSP+61C8] 0x0                (size_t) [0]
	[RSP+61D0] 0x0                (size_t) [0]
	[RSP+61D8] 0x0                (size_t) [0]

MODULES:
	XINPUT1_3.dll                                    0x000000400000
	steam_api64.dll                                  0x0000500C0000
	X3DAudio1_7.dll                                  0x000050100000
	d3d11.dll                                        0x000180000000
	ACloserLookSSE.dll                               0x0195B5680000
	Paraglider.dll                                   0x0195E2630000
	binkw64_.dll                                     0x0195FE180000
	wintrust.dll                                     0x019619230000
	RTSSHooks64.dll                                  0x01968EE50000
	SkyrimSE.exe                                     0x7FF6DEEC0000
	XAudio2_7.dll                                    0x7FF82B8C0000
	d3dcompiler_46e.dll                              0x7FF82D220000
	nvngx_dlss.dll                                   0x7FF82D5E0000
	_nvngx.dll                                       0x7FF8306F0000
	sl.common.dll                                    0x7FF830870000
	gameoverlayrenderer64.dll                        0x7FF834470000
	WhoseQuestIsItAnyway.dll                         0x7FF834AF0000
	wheeler.dll                                      0x7FF834BA0000
	WadeInWater.dll                                  0x7FF834D90000
	Vibrant weapons.dll                              0x7FF834DF0000
	valhallaCombat.dll                               0x7FF834E50000
	UnequipQuiverNG.dll                              0x7FF834EF0000
	UND.dll                                          0x7FF834F90000
	UltimateDragons64.dll                            0x7FF835020000
	UAPNG.dll                                        0x7FF835050000
	TweenMenuOverhaul.dll                            0x7FF8352F0000
	TrueHUD.dll                                      0x7FF8353B0000
	TrueDirectionalMovement.dll                      0x7FF835470000
	TK_Dodge_RE.dll                                  0x7FF835540000
	TimeFormatChanger.dll                            0x7FF8355A0000
	TheNewGentleman.dll                              0x7FF8355F0000
	StormLightning.dll                               0x7FF835730000
	STB_Widgets.dll                                  0x7FF835780000
	StayAtSystemPageSE.dll                           0x7FF835920000
	StaggerEffectFix.dll                             0x7FF8359B0000
	SSMT_Fix.dll                                     0x7FF835A90000
	SSEDisplayTweaks.dll                             0x7FF835B00000
	SoundRecordDistributor.dll                       0x7FF835BA0000
	SmoothCam.dll                                    0x7FF835C80000
	SkyrimUncapper.dll                               0x7FF835DF0000
	SkyReflectionFix.dll                             0x7FF835E20000
	SkyPatcher.dll                                   0x7FF835EB0000
	SkyClimb.dll                                     0x7FF8360A0000
	skee64.dll                                       0x7FF836180000
	skee64-memleak-patch.dll                         0x7FF836370000
	SimplyKnock.dll                                  0x7FF8363C0000
	SimpleDualSheath.dll                             0x7FF8363F0000
	ShowPlayerInMenus.dll                            0x7FF836480000
	ScrambledBugs.dll                                0x7FF8364F0000
	SCAR.dll                                         0x7FF836550000
	ScaleformTranslationPP.dll                       0x7FF836720000
	SAS SE.dll                                       0x7FF836790000
	RoguesGallery.dll                                0x7FF8367E0000
	RecursionFPSFix.dll                              0x7FF836950000
	RandomMainMenuMusic.dll                          0x7FF836A30000
	QuickLootEE.dll                                  0x7FF836AA0000
	PriorityMod.dll                                  0x7FF836B80000
	Precision.dll                                    0x7FF836BB0000
	po3_WashThatBloodOff.dll                         0x7FF836D90000
	po3_VampiresCastNoShadow.dll                     0x7FF836E60000
	po3_Tweaks.dll                                   0x7FF836F00000
	po3_SplashesOfStorms.dll                         0x7FF837000000
	po3_SplashesOfSkyrim.dll                         0x7FF8370C0000
	po3_SpellPerkItemDistributor.dll                 0x7FF837180000
	po3_SimpleOffenceSuppression.dll                 0x7FF837340000
	po3_SeasonsOfSkyrim.dll                          0x7FF8373E0000
	po3_PapyrusExtender.dll                          0x7FF8374D0000
	po3_LockVariations.dll                           0x7FF8377C0000
	po3_KeywordItemDistributor.dll                   0x7FF8378F0000
	po3_ENBLightForEffectShaders.dll                 0x7FF837A90000
	VCOMP140.DLL                                     0x7FF837B50000
	po3_DialogueHistory.dll                          0x7FF837B80000
	po3_ConsolePlusPlus.dll                          0x7FF837E90000
	po3_BaseObjectSwapper.dll                        0x7FF837F40000
	po3_AnimObjectSwapper.dll                        0x7FF838060000
	PlayerRotation.dll                               0x7FF838110000
	PayloadInterpreter.dll                           0x7FF838170000
	ParryingRPG.dll                                  0x7FF8381E0000
	PapyrusUtil.dll                                  0x7FF838310000
	PapyrusTweaks.dll                                0x7FF838490000
	PAPER.dll                                        0x7FF838590000
	PairedAnimationImprovements.dll                  0x7FF838610000
	oxygenMeter2.dll                                 0x7FF838680000
	OverlayFix.dll                                   0x7FF838770000
	OpenAnimationReplacer.dll                        0x7FF838830000
	OpenAnimationReplacer-IEDConditionExtensions.dll 0x7FF838B90000
	OpenAnimationReplacer-DialoguePlugin.dll         0x7FF838CB0000
	OpenAnimationReplacer-DetectionPlugin.dll        0x7FF838D60000
	OneClickPowerAttack.dll                          0x7FF838E50000
	NPCsUsePotions.dll                               0x7FF838EC0000
	NoFurnitureCamera.dll                            0x7FF839150000
	NextGenDecapitations.dll                         0x7FF8391B0000
	MuImpactFramework.dll                            0x7FF8393A0000
	MoreInformativeConsole.dll                       0x7FF839470000
	ModernStaggerLock.dll                            0x7FF839550000
	mfgfix.dll                                       0x7FF839690000
	MenuMaid2.dll                                    0x7FF839750000
	MCO.dll                                          0x7FF839810000
	MCMHelper.dll                                    0x7FF8398A0000
	MaxsuIFrame.dll                                  0x7FF839980000
	MaxsuDetectionMeter.dll                          0x7FF839A90000
	MaxsuCombatEscape.dll                            0x7FF839C70000
	MaxsuAIProcessFix.dll                            0x7FF839CC0000
	MainMenuCustomizer.dll                           0x7FF839D30000
	loki_DynamicAnimationCasting.dll                 0x7FF839F80000
	LocationalEncounterZones.dll                     0x7FF83A120000
	LocalMapUpgrade.dll                              0x7FF83A210000
	keyholepeekmenu.dll                              0x7FF83A3E0000
	JContainers64.dll                                0x7FF83A450000
	J42_ARR_plugin.dll                               0x7FF83A790000
	IWantWidgetsNative.dll                           0x7FF83A7E0000
	InventoryInjector.dll                            0x7FF83A8B0000
	InstantlySkipDialogueNG.dll                      0x7FF83A960000
	InsertAttackData.dll                             0x7FF83AA10000
	InfinityUI.dll                                   0x7FF83AA70000
	ImWalkinHere.dll                                 0x7FF83ABA0000
	ImmersiveEquipmentDisplays.dll                   0x7FF83ABE0000
	HotkeysSystem.dll                                0x7FF83B170000
	HorseStaminaHUD.dll                              0x7FF83B2F0000
	HookDamage.dll                                   0x7FF83B3B0000
	HonedMetal.dll                                   0x7FF83B410000
	HelpExtender.dll                                 0x7FF83B450000
	hdtSMP64.dll                                     0x7FF83B4F0000
	HDLocalMap.dll                                   0x7FF83BD40000
	GrassCacheHelperNG.dll                           0x7FF83BDE0000
	gotobed.dll                                      0x7FF83BEA0000
	Fuz Ro D'oh.dll                                  0x7FF83BF20000
	FormListManipulator.dll                          0x7FF83BF90000
	FloatingDamageV2.dll                             0x7FF83C0B0000
	FlatMapMarkersSSE.dll                            0x7FF83C120000
	ExtendedHotkeySystem.dll                         0x7FF83C1C0000
	Experience.dll                                   0x7FF83C260000
	EquipmentDurabilitySystemNG.dll                  0x7FF83C500000
	EquipEnchantmentFix.dll                          0x7FF83C5C0000
	ENBInputDisabler.dll                             0x7FF83C640000
	ENBHelperSE.dll                                  0x7FF83C6D0000
	sl.interposer.dll                                0x7FF83C760000
	ENBAntiAliasing.dll                              0x7FF83C7E0000
	DynDOLOD.DLL                                     0x7FF83D2A0000
	DynamicCollisionAdjustment.dll                   0x7FF83D380000
	DynamicArmorVariants.dll                         0x7FF83D3F0000
	DualWieldParryingSKSE.dll                        0x7FF83D4E0000
	DtryKeyUtil.dll                                  0x7FF83D550000
	dTryHitStop.dll                                  0x7FF83D5F0000
	doticu_skypal.dll                                0x7FF83D6A0000
	DontEatSpellTomes.dll                            0x7FF83D730000
	dmenu.dll                                        0x7FF83D800000
	DKAF.dll                                         0x7FF83D910000
	DismemberingFramework.dll                        0x7FF83D990000
	DisableFollowerCollision.dll                     0x7FF83DC00000
	DescriptionFramework.dll                         0x7FF83DC60000
	CustomSkills.dll                                 0x7FF83DD60000
	CrashLogger.dll                                  0x7FF83DDF0000
	CraftingCategories.dll                           0x7FF83E0E0000
	ContinueSound.dll                                0x7FF83E160000
	ContextualCrosshair.dll                          0x7FF83E1F0000
	ConsoleUtilSSE.dll                               0x7FF83E250000
	ComprehensiveAttackRatePatch.dll                 0x7FF83E2C0000
	CompassNavigationOverhaul.dll                    0x7FF83E470000
	CombatPathingRevolution.dll                      0x7FF83E600000
	CombatMusicFix.dll                               0x7FF83E730000
	CCExtender.dll                                   0x7FF83E7D0000
	cbp.dll                                          0x7FF83E850000
	CastingBar.dll                                   0x7FF83E950000
	CameraShake.dll                                  0x7FF83EAD0000
	BugFixesSSE.dll                                  0x7FF83EB40000
	BetterThirdPersonSelection.dll                   0x7FF83EBA0000
	BetterJumpingSE.dll                              0x7FF83EE50000
	BehaviorDataInjector.dll                         0x7FF83EEB0000
	BackportedESLSupport.dll                         0x7FF83F000000
	AutoParallax.dll                                 0x7FF83F0B0000
	AutoInputSwitch.dll                              0x7FF83F140000
	AuroraFix.dll                                    0x7FF83F1D0000
	ArcheryLocationalDamage.dll                      0x7FF83F230000
	AnimationQueueFix.dll                            0x7FF83F2B0000
	AnimationMotionRevolution.dll                    0x7FF83F320000
	AHZmoreHUDPlugin.dll                             0x7FF83F490000
	AHZmoreHUDInventory.dll                          0x7FF8402E0000
	ActorLimitFix.dll                                0x7FF840350000
	skse64_1_5_97.dll                                0x7FF840450000
	dxgi.dll                                         0x7FF8405A0000
	EngineFixes.dll                                  0x7FF8416F0000
	D3DCOMPILER_43.dll                               0x7FF8417F0000
	usvfs_x64.dll                                    0x7FF84AE20000
	FixNotesForSkyUI.dll                             0x7FF84AFD0000
	steamclient64.dll                                0x7FF859540000
	ResampleDmo.DLL                                  0x7FF868F40000
	DSOUND.DLL                                       0x7FF869000000
	fiss.dll                                         0x7FF892300000
	tbbmalloc.dll                                    0x7FF892340000
	EVLaS.dll                                        0x7FF8AEB50000
	tbb.dll                                          0x7FF8AEB80000
	nvcuda64.dll                                     0x7FF8B0180000
	nvppex.dll                                       0x7FF8BA640000
	A0D789patch.dll                                  0x7FF8C1B00000
	tier0_s64.dll                                    0x7FF8C2AA0000
	vstdlib_s64.dll                                  0x7FF8C5F40000
	diskCacheEnabler.dll                             0x7FF8C8200000
	d3dx11_43.dll                                    0x7FF8C8230000
	DINPUT8.dll                                      0x7FF8C8280000
	WSOCK32.dll                                      0x7FF8C85E0000
	xinput1_4.dll                                    0x7FF8C8E70000
	sl.dlss.dll                                      0x7FF8C8E90000
	FPSFixPlugin.dll                                 0x7FF8CA620000
	MSVCP140_ATOMIC_WAIT.dll                         0x7FF8CA650000
	skse64_steam_loader.dll                          0x7FF8CBD30000
	CONCRT140.dll                                    0x7FF8CBDB0000
	d3d12.dll                                        0x7FF8CFA10000
	large_sector_fix.dll                             0x7FF8D0FA0000
	nvspcap64.dll                                    0x7FF8D2720000
	ncryptsslp.dll                                   0x7FF8D97B0000
	nvdxgdmal64.dll                                  0x7FF8DE7E0000
	winmmbase.dll                                    0x7FF8DEA90000
	Windows.UI.dll                                   0x7FF8DFD60000
	ondemandconnroutehelper.dll                      0x7FF8DFF70000
	webio.dll                                        0x7FF8E0360000
	NvTelemetryBridge64.dll                          0x7FF8E0530000
	dbgcore.DLL                                      0x7FF8E1270000
	binkw64.dll                                      0x7FF8E1320000
	d3dx9_42.dll                                     0x7FF8E13E0000
	iertutil.dll                                     0x7FF8E3370000
	urlmon.dll                                       0x7FF8E36E0000
	srvcli.dll                                       0x7FF8E4210000
	MPR.dll                                          0x7FF8E4B90000
	WININET.dll                                      0x7FF8E5F40000
	MSVCP140.dll                                     0x7FF8E61D0000
	VCRUNTIME140_1.dll                               0x7FF8E6260000
	VCRUNTIME140.dll                                 0x7FF8E6280000
	MpOav.dll                                        0x7FF8E69E0000
	amsi.dll                                         0x7FF8E6A80000
	msdmo.dll                                        0x7FF8E83D0000
	NvTelemetryAPI64.dll                             0x7FF8E85F0000
	wbemsvc.dll                                      0x7FF8E8AD0000
	fastprox.dll                                     0x7FF8E8DD0000
	inputhost.dll                                    0x7FF8E9FF0000
	wbemcomn.dll                                     0x7FF8EA840000
	wbemprox.dll                                     0x7FF8EA8C0000
	AUDIOSES.DLL                                     0x7FF8EA9E0000
	textinputframework.dll                           0x7FF8EACF0000
	NvMessageBus.dll                                 0x7FF8EC970000
	nvapi64.dll                                      0x7FF8ED200000
	nvwgf2umx.dll                                    0x7FF8EE470000
	DEVRTL.dll                                       0x7FF8F3C90000
	SPINF.dll                                        0x7FF8F4080000
	WINMM.dll                                        0x7FF8F4100000
	NvMemMapStoragex.dll                             0x7FF8F4360000
	nvgpucomp64.dll                                  0x7FF8F5C10000
	fwpuclnt.dll                                     0x7FF8F9740000
	dhcpcsvc.DLL                                     0x7FF8F99C0000
	WINHTTP.dll                                      0x7FF8F9B70000
	drvstore.dll                                     0x7FF8F9CA0000
	cryptnet.dll                                     0x7FF8F9FC0000
	dhcpcsvc6.DLL                                    0x7FF8FA0F0000
	wevtapi.dll                                      0x7FF8FA210000
	nvldumdx.dll                                     0x7FF8FA270000
	CoreUIComponents.dll                             0x7FF8FACB0000
	MMDevApi.dll                                     0x7FF8FAFF0000
	rasadhlp.dll                                     0x7FF8FB760000
	dwmapi.dll                                       0x7FF8FB770000
	resourcepolicyclient.dll                         0x7FF8FBB00000
	VERSION.dll                                      0x7FF8FBC80000
	Microsoft.Internal.WarpPal.dll                   0x7FF8FD340000
	WindowsCodecs.dll                                0x7FF8FD360000
	D3DCOMPILER_47.dll                               0x7FF8FD5A0000
	dcomp.dll                                        0x7FF8FDA30000
	CoreMessaging.dll                                0x7FF8FE0C0000
	Secur32.dll                                      0x7FF8FE4A0000
	apphelp.dll                                      0x7FF8FE4B0000
	WINNSI.DLL                                       0x7FF8FE680000
	uxtheme.dll                                      0x7FF8FF110000
	dbghelp.dll                                      0x7FF8FF230000
	dxcore.dll                                       0x7FF8FF4E0000
	directxdatabasehelper.dll                        0x7FF8FF530000
	d3d11.dll                                        0x7FF8FF710000
	avrt.dll                                         0x7FF8FF980000
	dxgi.dll                                         0x7FF8FF9C0000
	windows.storage.dll                              0x7FF8FFB20000
	HID.DLL                                          0x7FF900380000
	netutils.dll                                     0x7FF900630000
	IPHLPAPI.DLL                                     0x7FF9006C0000
	DNSAPI.dll                                       0x7FF900760000
	schannel.DLL                                     0x7FF900AA0000
	rsaenh.dll                                       0x7FF900BF0000
	kernel.appcore.dll                               0x7FF900C90000
	ntmarta.dll                                      0x7FF900DC0000
	SSPICLI.DLL                                      0x7FF900F40000
	MSWSOCK.dll                                      0x7FF901220000
	gpapi.dll                                        0x7FF901290000
	USERENV.dll                                      0x7FF9012C0000
	cryptsp.dll                                      0x7FF9014D0000
	CRYPTBASE.DLL                                    0x7FF9014F0000
	MSASN1.dll                                       0x7FF901540000
	wldp.dll                                         0x7FF9015B0000
	NTASN1.dll                                       0x7FF9016A0000
	ncrypt.dll                                       0x7FF9016F0000
	CFGMGR32.dll                                     0x7FF901AA0000
	devobj.dll                                       0x7FF901B00000
	DPAPI.DLL                                        0x7FF901B50000
	UMPDC.dll                                        0x7FF901B80000
	POWRPROF.dll                                     0x7FF901BA0000
	bcrypt.dll                                       0x7FF901DD0000
	profapi.dll                                      0x7FF901E00000
	msvcp_win.dll                                    0x7FF901F80000
	gdi32full.dll                                    0x7FF902030000
	CRYPT32.dll                                      0x7FF902170000
	win32u.dll                                       0x7FF9022F0000
	ucrtbase.dll                                     0x7FF902320000
	KERNELBASE.dll                                   0x7FF902530000
	wintypes.dll                                     0x7FF902920000
	bcryptPrimitives.dll                             0x7FF902AA0000
	OLEAUT32.dll                                     0x7FF902B40000
	USER32.dll                                       0x7FF902E90000
	SHLWAPI.dll                                      0x7FF9030E0000
	SHCORE.dll                                       0x7FF903230000
	ole32.dll                                        0x7FF903330000
	PSAPI.DLL                                        0x7FF9034E0000
	sechost.dll                                      0x7FF9034F0000
	msvcrt.dll                                       0x7FF9035A0000
	KERNEL32.DLL                                     0x7FF9036B0000
	GDI32.dll                                        0x7FF903780000
	clbcatq.dll                                      0x7FF9037B0000
	ADVAPI32.dll                                     0x7FF903860000
	imagehlp.dll                                     0x7FF903940000
	MSCTF.dll                                        0x7FF903970000
	SETUPAPI.dll                                     0x7FF903BF0000
	IMM32.dll                                        0x7FF904080000
	NSI.dll                                          0x7FF9040C0000
	RPCRT4.dll                                       0x7FF9040D0000
	WS2_32.dll                                       0x7FF9041F0000
	SHELL32.dll                                      0x7FF904280000
	combase.dll                                      0x7FF9049D0000
	ntdll.dll                                        0x7FF904DA0000

SKSE PLUGINS:
	A0D789patch.dll
	ACloserLookSSE.dll v1.3
	ActorLimitFix.dll
	AHZmoreHUDInventory.dll v0.1.0.20
	AHZmoreHUDPlugin.dll v4.1.2
	AnimationMotionRevolution.dll
	AnimationQueueFix.dll v1.0.1
	ArcheryLocationalDamage.dll v2.1
	AuroraFix.dll v1
	AutoInputSwitch.dll v1.1.1
	AutoParallax.dll v1.0.7
	BackportedESLSupport.dll
	BehaviorDataInjector.dll v0.1.3
	BetterJumpingSE.dll
	BetterThirdPersonSelection.dll v1
	BugFixesSSE.dll
	CameraShake.dll v1
	CastingBar.dll v3
	cbp.dll
	CCExtender.dll v1.8
	CombatMusicFix.dll v1
	CombatPathingRevolution.dll v0.3
	CompassNavigationOverhaul.dll
	ComprehensiveAttackRatePatch.dll v1.1.2.8
	ConsoleUtilSSE.dll v1.4
	ContextualCrosshair.dll v1.3
	ContinueSound.dll v1
	CraftingCategories.dll v1.0.1
	CrashLogger.dll v1.15
	CustomSkills.dll v2.0.2
	DescriptionFramework.dll v2.1
	DisableFollowerCollision.dll v1
	diskCacheEnabler.dll
	DismemberingFramework.dll v1.0.6
	DKAF.dll v1
	dmenu.dll v1
	DontEatSpellTomes.dll v1.2
	doticu_skypal.dll
	dTryHitStop.dll v0.4
	DtryKeyUtil.dll v1
	DualWieldParryingSKSE.dll v1.7
	DynamicArmorVariants.dll v1.0.5
	DynamicCollisionAdjustment.dll v1.1
	DynDOLOD.DLL v3.0.33
	ENBAntiAliasing.dll v1.2.3
	ENBHelperSE.dll v1.5
	ENBInputDisabler.dll v1.1.1
	EngineFixes.dll v5.9.1
	EquipEnchantmentFix.dll v1.3.6
	EquipmentDurabilitySystemNG.dll
	EVLaS.dll v1.3.1
	Experience.dll v3.4.5
	ExtendedHotkeySystem.dll v1.1
	fiss.dll
	FixNotesForSkyUI.dll v1.2.1
	FlatMapMarkersSSE.dll v1.3
	FloatingDamageV2.dll v2.0.1
	FormListManipulator.dll v1.7
	Fuz Ro D'oh.dll v1.7.12.1123
	gotobed.dll v2.0.7
	GrassCacheHelperNG.dll v1.0.1
	HDLocalMap.dll v1.0.3
	hdtSMP64.dll
	HelpExtender.dll v1.2.1
	HonedMetal.dll v1.0.0.8
	HookDamage.dll v1
	HorseStaminaHUD.dll v1.0.1
	HotkeysSystem.dll v2.0.1
	ImmersiveEquipmentDisplays.dll v1.7.4
	ImWalkinHere.dll v1.5
	InfinityUI.dll
	InsertAttackData.dll
	InstantlySkipDialogueNG.dll v1.1.1
	InventoryInjector.dll v1.1
	IWantWidgetsNative.dll
	J42_ARR_plugin.dll
	JContainers64.dll v4.1.13
	keyholepeekmenu.dll v1.4
	large_sector_fix.dll
	LocalMapUpgrade.dll v2.1
	LocationalEncounterZones.dll v1.0.2
	loki_DynamicAnimationCasting.dll v3.2.3
	MainMenuCustomizer.dll v0.4.1.1
	MaxsuAIProcessFix.dll v1
	MaxsuCombatEscape.dll v0.8.3
	MaxsuDetectionMeter.dll v1.0.7
	MaxsuIFrame.dll v1.0.3
	MCMHelper.dll v1.4
	MCO.dll v1
	MenuMaid2.dll v2.2.3.2
	mfgfix.dll v1
	ModernStaggerLock.dll v1.0.7
	MoreInformativeConsole.dll v1.1
	MuImpactFramework.dll v0.9
	NextGenDecapitations.dll v1.2
	NoFurnitureCamera.dll v1
	NPCsUsePotions.dll v3.3
	OneClickPowerAttack.dll v1
	OpenAnimationReplacer-DetectionPlugin.dll v2.1.1
	OpenAnimationReplacer-DialoguePlugin.dll v1
	OpenAnimationReplacer-IEDConditionExtensions.dll v1.0.2
	OpenAnimationReplacer.dll v2.3.6
	OverlayFix.dll v0.0.1
	oxygenMeter2.dll v1.0.7
	PairedAnimationImprovements.dll v1.0.2
	PAPER.dll v2.2.4
	PapyrusTweaks.dll v4.1
	PapyrusUtil.dll
	Paraglider.dll v1
	ParryingRPG.dll v2.0.1
	PayloadInterpreter.dll v1
	PlayerRotation.dll v1
	po3_AnimObjectSwapper.dll v1.1
	po3_BaseObjectSwapper.dll v2.6.1
	po3_ConsolePlusPlus.dll v1.4
	po3_DialogueHistory.dll v2.0.1
	po3_ENBLightForEffectShaders.dll v2.1
	po3_KeywordItemDistributor.dll v3.4
	po3_LockVariations.dll v4
	po3_PapyrusExtender.dll v5.10
	po3_SeasonsOfSkyrim.dll v1.7.5
	po3_SimpleOffenceSuppression.dll v2.2.1
	po3_SpellPerkItemDistributor.dll v7.2.0.1597
	po3_SplashesOfSkyrim.dll v1.4
	po3_SplashesOfStorms.dll v1.3
	po3_Tweaks.dll v1.13
	po3_VampiresCastNoShadow.dll v1.2.1
	po3_WashThatBloodOff.dll v2.1.1
	Precision.dll v2.0.4
	PriorityMod.dll
	QuickLootEE.dll v1.1
	RandomMainMenuMusic.dll v1
	RecursionFPSFix.dll v1.1
	RoguesGallery.dll v1.0.0.1
	SAS SE.dll v7.2
	ScaleformTranslationPP.dll v1.6
	SCAR.dll v1.0.6
	ScrambledBugs.dll
	ShowPlayerInMenus.dll v2.0.2
	SimpleDualSheath.dll v1.5.7
	SimplyKnock.dll
	skee64-memleak-patch.dll v1
	skee64.dll
	SkyClimb.dll
	SkyPatcher.dll v1
	SkyReflectionFix.dll v1.0.1
	SkyrimUncapper.dll
	SmoothCam.dll
	SoundRecordDistributor.dll v1.2
	SSEDisplayTweaks.dll v0.5.16
	SSMT_Fix.dll v1.1.1
	StaggerEffectFix.dll v1.0.1
	StayAtSystemPageSE.dll v1.5
	STB_Widgets.dll v1
	StormLightning.dll
	TheNewGentleman.dll v4.2.3
	TimeFormatChanger.dll v1.1
	TK_Dodge_RE.dll
	TrueDirectionalMovement.dll v2.2.5
	TrueHUD.dll v1.1.8
	TweenMenuOverhaul.dll
	UAPNG.dll v2.8
	UltimateDragons64.dll
	UND.dll v1.1
	UnequipQuiverNG.dll v1.2
	valhallaCombat.dll v1
	Vibrant weapons.dll
	WadeInWater.dll v1
	wheeler.dll v1
	WhoseQuestIsItAnyway.dll v1.3

PLUGINS:
	Light: 193	Regular: 230	Total: 423
	[ 0]     Skyrim.esm
	[ 1]     Update.esm
	[ 2]     Dawnguard.esm
	[ 3]     HearthFires.esm
	[ 4]     Dragonborn.esm
	[ 5]     ccasvsse001-almsivi.esm
	[ 6]     ccbgssse001-fish.esm
	[ 7]     cctwbsse001-puzzledungeon.esm
	[ 8]     cceejsse001-hstead.esm
	[ 9]     ccbgssse016-umbra.esm
	[ A]     ccbgssse031-advcyrus.esm
	[ B]     ccbgssse067-daedinv.esm
	[ C]     ccbgssse025-advdsgs.esm
	[ D]     cceejsse005-cave.esm
	[ E]     ccafdsse001-dwesanctuary.esm
	[ F]     Unofficial Skyrim Special Edition Patch.esp
	[10]     FISS.esp
	[11]     arnima.esm
	[12]     LegacyoftheDragonborn.esm
	[13]     BSAssets.esm
	[14]     BSHeartland.esm
	[15]     Alpine Forest of Whiterun Valley.esp
	[16]     Occ_Skyrim_Tamriel.esp
	[17]     GKBWavesReborn.esp
	[18]     Water for ENB.esm
	[19]     BS_DLC_patch.esp
	[1A]     Dwarfsphere.esp
	[1B]     konahrik_accoutrements.esp
	[1C]     DBM_CC_HallOfWonders.esp
	[1D]     Gray Fox Cowl.esm
	[1E]     Vigilant.esm
	[1F]     WheelsOfLull.esp
	[20]     Wyrmstooth.esp
	[21]     evgSIRENROOT.esm
	[22]     Unslaad.esm
	[23]     wraithguardvaultfixer.esp
	[24]     Lux Via.esp
	[25]     3DNPC.esp
	[26]     TravellersOfSkyrim.esm
	[27]     RSkyrimChildren.esm
	[28]     Apachii_DivineEleganceStore.esm
	[29]     Midwood Isle.esp
	[2A]     Falskaar.esm
	[2B]     JSwords.esm
	[2C]     Haem Projects Goblands.esp
	[2D]     Darkend.esp
	[2E]     Clockwork.esp
	[2F]     Crystalwind_Estate.esp
	[30]     moonpath.esp
	[31]     TSR_TeldrynSerious.esp
	[32]     ForgottenCity.esp
	[33]     Identity Crisis.esp
	[34]     Undeath.esp
	[35]     Campfire.esm
	[36]     MoonAndStar_MAS.esp
	[37]     LOTD_HUB.esp
	[38]     Natural Waterfalls.esp
	[39]     DynDOLOD.esm
	[3A]     SkyUI_SE.esp
	[3B]     Audio Overhaul Skyrim.esp
	[3C]     Immersive Sounds - Compendium.esp
	[3D]     Resources - The Great Cities.esp
	[3E]     SMIM-SE-Merged-All.esp
	[3F]     Relationship Dialogue Overhaul.esp
	[40]     Cutting Room Floor.esp
	[41]     Guard Dialogue Overhaul.esp
	[42]     Weapons Armor Clothing & Clutter Fixes.esp
	[43]     UIExtensions.esp
	[44]     Landscape Fixes For Grass Mods.esp
	[45]     NAT-ENB.esp
	[46]     Footprints.esp
	[47]     JRMoonpathtoElsweyrPatch.esp
	[48]     DBM_RelicNotifications.esp
	[49]     RaceMenu.esp
	[4A]     RaceMenuPlugin.esp
	[4B]     UndeathFixes.esp
	[4C]     yumcheese.esp
	[4D]     Tools of Kagrenac.esp
	[4E]     CurseOfTheHoundAmulet.esp
	[4F]     TheChoiceIsYours.esp
	[50]     RAEQuestRequirements.esp
	[51]     Seasonal Weathers Framework.esp
	[52]     WetandCold.esp
	[53]     KS Hairdo's.esp
	[54]     CitizensComplete.esp
	[55]     TravellersOfSkyrim - Light.esp
	[56]     Inigo.esp
	[57]     Lucien.esp
	[58]     Lucien-AnniversaryEdition-Patch.esp
	[59]     Lucien-Moonpath-Patch.esp
	[5A]     018Auri.esp
	[5B]     HLIORemi.esp
	[5C]     Katana.esp
	[5D]     NW_Sons_of_Skyrim.esp
	[5E]     NITHI NPCS - Dawnguard DLC - Fort Dawnguard - Men.esp
	[5F]     XPMSE.esp
	[60]     Dawn of Skyrim.esp
	[61]     JK's Whiterun's Outskirts.esp
	[62]     Kojaks Whiterun Market.esp
	[63]     EpicSolitude.esp
	[64]     Deadly Shadows of  Riften.esp
	[65]     RiftenLaketown.esp
	[66]     JK's Markarth Outskirts.esp
	[67]     Grey_Quarter_Overhaul.esp
	[68]     Windhelm Lighthouse.esp
	[69]     JKs Skyrim.esp
	[6A]     Thuldor's Ivarstead.esp
	[6B]     The Great City of Dawnstar.esp
	[6C]     The Great Town of Shor's Stone.esp
	[6D]     The Great Village of Kynesgrove.esp
	[6E]     The Great Town of Karthwasten.esp
	[6F]     The Great Village of Old Hroldan.esp
	[70]     The Great Village of Mixwater Mill.esp
	[71]     The Great City of Rorikstead.esp
	[72]     The Great City of Winterhold v4.esp
	[73]     ClefJ's Dragon Bridge.esp
	[74]     Lainalten.esp
	[75]     Sunthgat.esp
	[76]     AnotherOakwood.esp
	[77]     Reich Corigate.esp
	[78]     Granite Hill.esp
	[79]     Amber Guard.esp
	[7A]     Dunpar Wall.esp
	[7B]     Vernim Wood.esp
	[7C]     iWill_ARavensBreezeHome.esp
	[7D]     JK's Riverfall Cottage.esp
	[7E]     Eli_Sicarius' Refuge.esp
	[7F]     Eli_Ruska.esp
	[80]     WindPath.esp
	[81]     HearthfireMultiKid.esp
	[82]     This Is Jorrvaskr.esp
	[83]     Missives.esp
	[84]     Sepolcri.esp
	[85]     SkyrimSewers.esp
	[86]     Distinct Interiors.esp
	[87]     EEKs Whiterun Interiors.esp
	[88]     JK's Blue Palace.esp
	[89]     JK's College of Winterhold.esp
	[8A]     GG's Thieves Guild Headquarters.esp
	[8B]     DIS_Armor_Fractions.esp
	[8C]     DIS_Heavy_Legion.esp
	[8D]     ColovianFurClothes.esp
	[8E]     WACCF_Armor and Clothing Extension.esp
	[8F]     Dr_Bandolier.esp
	[90]     Cloaks.esp
	[91]     Cloaks - Dawnguard.esp
	[92]     Faction Crossbows.esp
	[93]     DawnguardArsenal.esp
	[94]     TW3Weaponry.esp
	[95]     icebladeofthemonarch.esp
	[96]     ktWeaponPackSE.esp
	[97]     PrvtIRoyalArmory.esp
	[98]     ZIA_Complete Pack.esp
	[99]     DiverseDragonsCollectionSE.esp
	[9A]     UltimateDragons.esp
	[9B]     KS Dragon Overhaul 2.esp
	[9C]     ACatsLife.esp
	[9D]     mihailashgolemexpansion.esp
	[9E]     mihailbanekins.esp
	[9F]     mihailgiantesses.esp
	[A0]     1Ogres.esp
	[A1]     AttackoDaedra.esp
	[A2]     DwemerSpectresLegendary.esp
	[A3]     LeftHandRings.esp
	[A4]     SL01AmuletsSkyrim.esp
	[A5]     SkyrimsUniqueTreasures.esp
	[A6]     WZOblivionArtifacts.esp
	[A7]     ArtifactsOfBoethiah.esp
	[A8]     Fossilsyum.esp
	[A9]     TreasureHunter.esp
	[AA]     dD - Enhanced Blood Main.esp
	[AB]     QuickLight.esp
	[AC]     QwibNewLanterns.esp
	[AD]     ENB Light.esp
	[AE]     Embers XD.esp
	[AF]     Stances - Dynamic Weapon Movesets SE.esp
	[B0]     ImmersiveInteractions.esp
	[B1]     TaberuAnimation.esp
	[B2]     Apocalypse - Magic of Skyrim.esp
	[B3]     Thunderchild - Epic Shout Package.esp
	[B4]     MysticismMagic.esp
	[B5]     SPERG-SSE.esp
	[B6]     PathOfSorcery.esp
	[B7]     Ordinator - Perks of Skyrim.esp
	[B8]     Apocalypse - Ordinator Compatibility Patch.esp
	[B9]     Thaumaturgy.esp
	[BA]     Triumvirate - Mage Archetypes.esp
	[BB]     Conduit.esp
	[BC]     DEST_ISL.esp
	[BD]     StrangeRunes.esp
	[BE]     GIST soul trap.esp
	[BF]     DragonbornShoutPerks.esp
	[C0]     SunHelmSurvival.esp
	[C1]     SunHelmWyrmstoothPatch.esp
	[C2]     SunHelmCampfireSkill.esp
	[C3]     Complete Crafting Overhaul_Remastered.esp
	[C4]     Apothecary.esp
	[C5]     ValhallaCombat.esp
	[C6]     Valravn - Integrated Combat of Skyrim.esp
	[C7]     SekiroCombat_II.esp
	[C8]     HotKeySkill.esp
	[C9]     J42_ArmorRatingRedux.esp
	[CA]     Fanatical Enemies.esp
	[CB]     The Restless Dead.esp
	[CC]     Better Vampire NPCs.esp
	[CD]     Bandit War.esp
	[CE]     Madmen.esp
	[CF]     VioLens SE.esp
	[D0]     1111VampireKingBoss.esp
	[D1]     TrueArmor.esp
	[D2]     SimplyBalanced.esp
	[D3]     Attack_DXP.esp
	[D4]     Trade & Barter.esp
	[D5]     TradeRoutes.esp
	[D6]     COINMerchantExchange.esp
	[D7]     AI Overhaul.esp
	[D8]     run for your lives.esp
	[D9]     Wintersun - Faiths of Skyrim.esp
	[DA]     nwsFollowerFramework.esp
	[DB]     SkyrimsGotTalent-Bards.esp
	[DC]     Paragliding.esp
	[DD]     Sacrosanct - Vampires of Skyrim.esp
	[DE]     Better Courier.esp
	[DF]     Water for ENB (Shades of Skyrim).esp
	[E0]     Growl - Werebeasts of Skyrim.esp
	[E1]     Lux.esp
	[E2]     Northern Roads.esp
	[E3]     Atlas Map Markers.esp
	[E4]     DynDOLOD.esp
	[E5]     FWMF for Fantasy Paper Maps.esp
	[FE:  0] ccbgssse002-exoticarrows.esl
	[FE:  1] ccbgssse003-zombies.esl
	[FE:  2] ccbgssse004-ruinsedge.esl
	[FE:  3] ccbgssse005-goldbrand.esl
	[FE:  4] ccbgssse006-stendarshammer.esl
	[FE:  5] ccbgssse007-chrysamere.esl
	[FE:  6] ccbgssse010-petdwarvenarmoredmudcrab.esl
	[FE:  7] ccbgssse011-hrsarmrelvn.esl
	[FE:  8] ccbgssse012-hrsarmrstl.esl
	[FE:  9] ccbgssse014-spellpack01.esl
	[FE:  A] ccbgssse019-staffofsheogorath.esl
	[FE:  B] ccbgssse020-graycowl.esl
	[FE:  C] ccbgssse021-lordsmail.esl
	[FE:  D] ccmtysse001-knightsofthenine.esl
	[FE:  E] ccqdrsse001-survivalmode.esl
	[FE:  F] ccqdrsse002-firewood.esl
	[FE: 10] ccbgssse018-shadowrend.esl
	[FE: 11] ccbgssse035-petnhound.esl
	[FE: 12] ccfsvsse001-backpacks.esl
	[FE: 13] cceejsse002-tower.esl
	[FE: 14] ccedhsse001-norjewel.esl
	[FE: 15] ccvsvsse002-pets.esl
	[FE: 16] ccbgssse037-curios.esl
	[FE: 17] ccbgssse034-mntuni.esl
	[FE: 18] ccbgssse045-hasedoki.esl
	[FE: 19] ccbgssse008-wraithguard.esl
	[FE: 1A] ccbgssse036-petbwolf.esl
	[FE: 1B] ccffbsse001-imperialdragon.esl
	[FE: 1C] ccmtysse002-ve.esl
	[FE: 1D] ccbgssse043-crosselv.esl
	[FE: 1E] ccvsvsse001-winter.esl
	[FE: 1F] cceejsse003-hollow.esl
	[FE: 20] ccbgssse038-bowofshadows.esl
	[FE: 21] ccbgssse040-advobgobs.esl
	[FE: 22] ccbgssse050-ba_daedric.esl
	[FE: 23] ccbgssse052-ba_iron.esl
	[FE: 24] ccbgssse054-ba_orcish.esl
	[FE: 25] ccbgssse058-ba_steel.esl
	[FE: 26] ccbgssse059-ba_dragonplate.esl
	[FE: 27] ccbgssse061-ba_dwarven.esl
	[FE: 28] ccpewsse002-armsofchaos.esl
	[FE: 29] ccbgssse041-netchleather.esl
	[FE: 2A] ccedhsse002-splkntset.esl
	[FE: 2B] ccbgssse064-ba_elven.esl
	[FE: 2C] ccbgssse063-ba_ebony.esl
	[FE: 2D] ccbgssse062-ba_dwarvenmail.esl
	[FE: 2E] ccbgssse060-ba_dragonscale.esl
	[FE: 2F] ccbgssse056-ba_silver.esl
	[FE: 30] ccbgssse055-ba_orcishscaled.esl
	[FE: 31] ccbgssse053-ba_leather.esl
	[FE: 32] ccbgssse051-ba_daedricmail.esl
	[FE: 33] ccbgssse057-ba_stalhrim.esl
	[FE: 34] ccbgssse066-staves.esl
	[FE: 35] ccbgssse068-bloodfall.esl
	[FE: 36] ccbgssse069-contest.esl
	[FE: 37] ccvsvsse003-necroarts.esl
	[FE: 38] ccvsvsse004-beafarmer.esl
	[FE: 39] ccffbsse002-crossbowpack.esl
	[FE: 3A] ccbgssse013-dawnfang.esl
	[FE: 3B] ccrmssse001-necrohouse.esl
	[FE: 3C] ccedhsse003-redguard.esl
	[FE: 3D] cceejsse004-hall.esl
	[FE: 3E] cckrtsse001_altar.esl
	[FE: 3F] cccbhsse001-gaunt.esl
	[FE: 40] Unofficial Skyrim Creation Club Content Patch.esl
	[FE: 41] Vanilla Script MicroOptimizations.esl
	[FE: 42] AHZmoreHUD.esl
	[FE: 43] iWant Widgets.esl
	[FE: 44] Navigator-NavFixes.esl
	[FE: 45] SAS.esl
	[FE: 46] Exhaustion.esp
	[FE: 47] Landscape and Water Fixes.esp
	[FE: 48] OCF.esp
	[FE: 49] Cathedral - 3D Mountain Flowers.esp
	[FE: 4A] Lightened Skyrim - merged.esp
	[FE: 4B] BetterDynamicAsh-DisableRefs.esm
	[FE: 4C] Occ_Skyrim_AnnEdition.esp
	[FE: 4D] Partitioned snow Meshes.esl
	[FE: 4E] ProjectedGlacierSnow.esl
	[FE: 4F] Rainbows.esp
	[FE: 50] RASS - Visual Effects.esl
	[FE: 51] Lux - Resources.esp
	[FE: 52] Expressive Facegen Morphs.esl
	[FE: 53] Beards of Power.esp
	[FE: 54] Unslaad Bodyslide.esl
	[FE: 55] Vigilant Bodyslide.esl
	[FE: 56] LoverBoy_Brows.esl
	[FE: 57] Lux Orbis - Master plugin.esm
	[FE: 58] Heels Sound.esm
	[FE: 59] Seascale.esl
	[FE: 5A] FerrumNibenis.esl
	[FE: 5B] ColovianPrince.esl
	[FE: 5C] KvetchiMercenary.esl
	[FE: 5D] Armors of the Velothi Pt2.esl
	[FE: 5E] mephalasprelate.esl
	[FE: 5F] siltstriderarmor.esl
	[FE: 60] 1Dwemer.esl
	[FE: 61] 1NGarmor.esl
	[FE: 62] 1FalconerArmor.esl
	[FE: 63] 1WR.esl
	[FE: 64] 1DustAdeptArmor.esl
	[FE: 65] 1Markynaz.esl
	[FE: 66] KozakowyMDPOutfit.esl
	[FE: 67] EVGAnimatedTraversal.esl
	[FE: 68] Markarth - City of Stone.esp
	[FE: 69] Wood Chopping Block for Markarth.esp
	[FE: 6A] SmoothCam.esl
	[FE: 6B] Lux - Master plugin.esm
	[FE: 6C] 11Debaser.esl
	[FE: 6D] RTRWolfWarriorAxe.esl
	[FE: 6E] RTRWolfWarriorSeax.esl
	[FE: 6F] RTRWolfWarriorSword.esl
	[FE: 70] 1HSS.esl
	[FE: 71] 1NamelessSaber.esl
	[FE: 72] 11Debaser - LOTD patch by Xtudo.esl
	[FE: 73] MoragTongGrandmaster.esl
	[FE: 74] RegalPaladinArmor.esl
	[FE: 75] 1YsmirArmorSE.esl
	[FE: 76] 1FleshColossus.esl
	[FE: 77] WornUndead.esl
	[FE: 78] CC'sEnhancedOreVeinsSSE-HearthfirePatch.esl
	[FE: 79] Vibrant weapons.esl
	[FE: 7A] DynamicCollisionAdjustment.esl
	[FE: 7B] StandingAmbusherFix.esl
	[FE: 7C] VigilantHiResPackSE.esl
	[FE: 7D] ShootingStars.esp
	[FE: 7E] Shockwave.esl
	[FE: 7F] Astral.esl
	[FE: 80] StormCalling.esl
	[FE: 81] Supernova.esl
	[FE: 82] Lightpower.esl
	[FE: 83] W3S.esl
	[FE: 84] Ghostlight.esl
	[FE: 85] AncientBloodII.esl
	[FE: 86] Dwarfsphere_Weapons.esl
	[FE: 87] LOTD Skill Trees.esp
	[FE: 88] CrownPlate.esl
	[FE: 89] OCPA.esl
	[FE: 8A] blockenchantments.esl
	[FE: 8B] 1Imps.esl
	[FE: 8C] AnimatedShips.esl
	[FE: 8D] TheLastJourney.esp
	[FE: 8E] AegisAnuad.esl
	[FE: 8F] EastholdTotemicSet.esl
	[FE: 90] Natural Waterfalls - Dawnguard.esp
	[FE: 91] Natural Waterfalls - Dragonborn.esp
	[FE: 92] Natural Waterfalls - Blackreach.esp
	[FE: 93] Dismembering Framework.esm
	[FE: 94] Experience.esl
	[FE: 95] ApachiiHair.esm
	[FE: 96] ApachiiHairFemales.esm
	[FE: 97] TES4WaitMenu.esl
	[FE: 98] IceLOD.esl
	[FE: 99] IcyFixesLite.esl
	[FE: 9A] WindhelmIcicles.esl
	[FE: 9B] TheNewGentleman.esp
	[FE: 9C] TrueHUD.esl
	[FE: 9D] draugr armor warrior.esl
	[FE: 9E] Lvx_Curved_Sword.esl
	[FE: 9F] ApachiiHairMales.esm
	[FE: A0] High Poly Head.esm
	[FE: A1] Storm_Calling_Magic_2_USSEP.esp
	[FE: A2] SightlessNavFix.esp
	[FE: A3] Mod Manager Menu Disabled.esp
	[FE: A4] Dynamic Activation Key.esp
	[FE: A5] Dynamic Activation Key - MCM.esp
	[FE: A6] DynamicArmorMenu.esp
	[FE: A7] DAV_HiddenEquipment.esp
	[FE: A8] HD Lods SSE.esp
	[FE: A9] Particle Patch for ENB.esp
	[FE: AA] ISC USSEP Patch.esp
	[FE: AB] AOS_ISC_Integration.esp
	[FE: AC] QuietBetterJumpingCGO.esp
	[FE: AD] Keytrace.esp
	[FE: AE] bleedoutFix.esp
	[FE: AF] FormList-Patch-Collection_ITMs.esp
	[FE: B0] ChillwindDephts.esp
	[FE: B1] Disable Auto Vanity Mode.esp
	[FE: B2] MannequinManagement.esp
	[FE: B3] stuck on screen fix.esp
	[FE: B4] UlfricTulliusGMAB.esp
	[FE: B5] Southfringe Crash Fix.esp
	[FE: B6] StalhrimSourceFix.esp
	[FE: B7] Fast Travel Crash Fix.esp
	[FE: B8] TaarieDialFix.esp
	[FE: B9] ExcuseMe.esp
	[FE: BA] Quest Journal Limit Bug Fixer.esp
	[FE: BB] GDO_MCM.esp
	[FE: BC] CC Misc Patches - Arcane Accessories.esp
	[FE: BD] CC Misc Patches - Arcane Archer Pack.esp
	[FE: BE] CC Misc Patches - Bittercup.esp
	[FE: BF] CC Misc Patches - Bloodchill Manor.esp
	[FE: C0] CC Misc Patches - Bone Wolf Additions.esp
