Skyrim SSE v1.5.97
CrashLoggerSSE v1-15-0-0 Oct 12 2024 11:33:37

Unhandled exception "EXCEPTION_ACCESS_VIOLATION" at 0x7FF652F928CC SkyrimSE.exe+09028CC	call [rax+0x158]
Exception Flags: 0x00000000
Number of Parameters: 2
Access Violation: Tried to read memory at 0x000000000158

SYSTEM SPECS:
	OS: Microsoft Windows 11 Home Single Language v10.0.26100
	CPU: AuthenticAMD AMD Ryzen 5 7600X 6-Core Processor             
	GPU #1: Nvidia AD102 [GeForce RTX 4090]
	GPU #2: AMD Raphael
	GPU #3: Nvidia AD102 [GeForce RTX 4090]
	GPU #4: Microsoft Basic Render Driver
	PHYSICAL MEMORY: 23.72 GB/31.16 GB
	GPU MEMORY: 5.36/22.83 GB
	Detected Virtual Machine: Microsoft Hyper-V (100%)

PROBABLE CALL STACK:
	[ 0] 0x7FF652F928CC SkyrimSE.exe+09028CC -> 52655+0x6C	call [rax+0x158]
	[ 1] 0x7FF652FC3DBF SkyrimSE.exe+0933DBF -> 53289+0x8F	mov r10, [rsi]
	[ 2] 0x7FF652FCAA16 SkyrimSE.exe+093AA16 -> 53560+0x16	mov rax, rbx
	[ 3] 0x7FF65300DCB1 SkyrimSE.exe+097DCB1 -> 55077+0xA1	nop
	[ 4] 0x7FF6538E09E9 SkyrimSE.exe+12509E9 -> 97923+0x1F9	test al, al
	[ 5] 0x7FF6538F2426 SkyrimSE.exe+1262426 -> 98130+0x776	mov r14d, eax
	[ 6] 0x7FF6538F3073 SkyrimSE.exe+1263073 -> 98134+0x193	call 0x00007FF653298090
	[ 7] 0x7FF6538E7343 SkyrimSE.exe+1257343 -> 98044+0x413	lea r8, [rbp+0x70]
	[ 8] 0x7FF652FB2A4A SkyrimSE.exe+0922A4A -> 53115+0xB3A	test r15b, r15b
	[ 9] 0x7FF652CD0623 SkyrimSE.exe+0640623 -> 38118+0x23	xor ebx, ebx
	[10] 0x7FF6532C2A81 SkyrimSE.exe+0C32A81 -> 68010+0xD1	mov ecx, [rbx+0x0C]
	[11] 0x7FF6532C4C48 SkyrimSE.exe+0C34C48 -> 68058+0x318	mov r15d, eax
	[12] 0x7FF65329D6BD SkyrimSE.exe+0C0D6BD -> 67147+0x3D	mov rcx, [0x00007FF6555FB9D8]
	[13] 0x7FF9036DE8D7 KERNEL32.DLL+002E8D7
	[14] 0x7FF904DDC34C    ntdll.dll+003C34C

REGISTERS:
	RAX 0x0                (size_t) [0]
	RCX 0x2C0088AC4A0      (void*)
	RDX 0x0                (size_t) [0]
	RBX 0xFFFF00000000     (size_t) [281470681743360]
	RSP 0xDD73EF9960       (void*)
	RBP 0x0                (size_t) [0]
	RSI 0x7FF6555B81A8     (SkyrimScript::HandlePolicy*)
	RDI 0x2C0088AC4A0      (void*)
	R8  0x2C0088AC4A0      (void*)
	R9  0xFFFFFF75         (size_t) [4294967157]
	R10 0x21B5             (size_t) [8629]
	R11 0xDD73EF9901       (void*)
	R12 0x4                (size_t) [4]
	R13 0x147E             (size_t) [5246]
	R14 0x2C0088AC4A0      (void*)
	R15 0x0                (size_t) [0]

STACK:
	[RSP+0   ] 0xFFFFFFFF00000000 (size_t) [uint: 18446744069414584320 int: -4294967296]
	[RSP+8   ] 0x7FF8C9F6237A     (void* -> FPSFixPlugin.dll+000237A	mov rdi, rax)
	[RSP+10  ] 0x0                (size_t) [0]
	[RSP+18  ] 0x2BE759D61C0      (void*)
	[RSP+20  ] 0xDD73EF9A78       (void*)
	[RSP+28  ] 0x2BE759D6100      (BSScript::Internal::VirtualMachine*)
	[RSP+30  ] 0x2BEF020FEC0      (void*)
	[RSP+38  ] 0x7FF652FC3DBF     (void* -> SkyrimSE.exe+0933DBF	mov r10, [rsi])
	[RSP+40  ] 0x2BEF020FEC0      (void*)
	[RSP+48  ] 0x2BEF020FEC0      (void*)
	[RSP+50  ] 0xDD73EF9A78       (void*)
	[RSP+58  ] 0xDD73EF9A78       (void*)
	[RSP+60  ] 0x1                (size_t) [1]
	[RSP+68  ] 0xFFFFFFFFFFFFFFFE (size_t) [uint: 18446744073709551614 int: -2]
	[RSP+70  ] 0x2C0A500FCA4      (void*)
	[RSP+78  ] 0xFFFFA500FCA4     (size_t) [281473450048676]
	[RSP+80  ] 0x2C49A37CEA4      (void*)
	[RSP+88  ] 0xDD73EFA3C0       (void*)
	[RSP+90  ] 0x2BE759D6100      (BSScript::Internal::VirtualMachine*)
	[RSP+98  ] 0x2                (size_t) [2]
	[RSP+A0  ] 0x7FF65300DFA0     (void* -> SkyrimSE.exe+097DFA0	mov edx, r9d)
	[RSP+A8  ] 0x7FF652FCAA16     (void* -> SkyrimSE.exe+093AA16	mov rax, rbx)
	[RSP+B0  ] 0xDD73EF9A78       (void*)
	[RSP+B8  ] 0x0                (size_t) [0]
	[RSP+C0  ] 0xDD73EF9A78       (void*)
	[RSP+C8  ] 0x2BEF020FEC0      (void*)
	[RSP+D0  ] 0xFFFF00000000     (size_t) [281470681743360]
	[RSP+D8  ] 0x7FF65300DFA0     (void* -> SkyrimSE.exe+097DFA0	mov edx, r9d)
	[RSP+E0  ] 0xFFFFA500FCA4     (size_t) [281473450048676]
	[RSP+E8  ] 0x7FF65300DCB1     (void* -> SkyrimSE.exe+097DCB1	nop)
	[RSP+F0  ] 0xFFFFA500FCA4     (size_t) [281473450048676]
	[RSP+F8  ] 0x2                (size_t) [2]
	[RSP+100 ] 0x2                (size_t) [2]
	[RSP+108 ] 0x2BE759D6100      (BSScript::Internal::VirtualMachine*)
	[RSP+110 ] 0xFFFFFFFFFFFFFFFE (size_t) [uint: 18446744073709551614 int: -2]
	[RSP+118 ] 0x0                (size_t) [0]
	[RSP+120 ] 0x0                (size_t) [0]
	[RSP+128 ] 0x2BEEE79CFA0      (BSScript::NativeFunction1<BGSListForm,TESForm *,unsigned int>*)
		Function: "GetAt"
		Object: "FormList"
	[RSP+130 ] 0x0                (size_t) [0]
	[RSP+138 ] 0x7FF6538E09E9     (void* -> SkyrimSE.exe+12509E9	test al, al)
	[RSP+140 ] 0x14               (size_t) [20]
	[RSP+148 ] 0xDD73EF9BA0       (void*)
	[RSP+150 ] 0x2BEEE79CFA0      (BSScript::NativeFunction1<BGSListForm,TESForm *,unsigned int>*)
		Function: "GetAt"
		Object: "FormList"
	[RSP+158 ] 0x0                (size_t) [0]
	[RSP+160 ] 0xDD0000147E       (size_t) [949187777662]
	[RSP+168 ] 0xDD73EF9AD8       (void*)
	[RSP+170 ] 0x2BDAE680908      (void*)
	[RSP+178 ] 0x0                (size_t) [0]
	[RSP+180 ] 0x0                (size_t) [0]
	[RSP+188 ] 0x2BEF01AEA80      (void*)
	[RSP+190 ] 0x2C044533730      (void*)
	[RSP+198 ] 0xFFFFFFFFFFFFFFFE (size_t) [uint: 18446744073709551614 int: -2]
	[RSP+1A0 ] 0x0                (size_t) [0]
	[RSP+1A8 ] 0xFFFFFFFFFFFFFFFE (size_t) [uint: 18446744073709551614 int: -2]
	[RSP+1B0 ] 0x0                (size_t) [0]
	[RSP+1B8 ] 0x2C086B89300      (void*)
	[RSP+1C0 ] 0x2BDAE680908      (void*)
	[RSP+1C8 ] 0x2C361F4D8A0      (void*)
	[RSP+1D0 ] 0xFFFFFFFFFFFFFFFE (size_t) [uint: 18446744073709551614 int: -2]
	[RSP+1D8 ] 0x400              (size_t) [1024]
	[RSP+1E0 ] 0x2BDAE6801A0      (void*)
	[RSP+1E8 ] 0x7FF6532B9EB8     (void* -> SkyrimSE.exe+0C29EB8	mov r12, rax)
	[RSP+1F0 ] 0x2                (size_t) [2]
	[RSP+1F8 ] 0x2BE759D6100      (BSScript::Internal::VirtualMachine*)
	[RSP+200 ] 0x2C000B8FC00      (void*)
	[RSP+208 ] 0x7FF6538C710E     (void* -> SkyrimSE.exe+123710E	nop)
	[RSP+210 ] 0x2C49A37E9B4      (void*)
	[RSP+218 ] 0x0                (size_t) [0]
	[RSP+220 ] 0x2BDAE680908      (void*)
	[RSP+228 ] 0x2BDAE680908      (void*)
	[RSP+230 ] 0xFFFFFFFFFFFFFFFE (size_t) [uint: 18446744073709551614 int: -2]
	[RSP+238 ] 0x2C49A37EBB4      (void*)
	[RSP+240 ] 0x2C49A37E9AC      (void*)
	[RSP+248 ] 0x7FF6538C6DDA     (void* -> SkyrimSE.exe+1236DDA	jmp 0x00007FF6538C6E29)
	[RSP+250 ] 0x2BDAE6801A0      (void*)
	[RSP+258 ] 0x2BDAE680908      (void*)
	[RSP+260 ] 0x1                (size_t) [1]
	[RSP+268 ] 0xDD73EFA120       (void*)
	[RSP+270 ] 0xFFFFFFFFFFFFFFFE (size_t) [uint: 18446744073709551614 int: -2]
	[RSP+278 ] 0x7FF8AEC33911     (void* -> tbbmalloc.dll+0013911	xor ecx, ecx)
	[RSP+280 ] 0x7FF6555DF460     (void* -> SkyrimSE.exe+2F4F460	add [rax], al)
	[RSP+288 ] 0x7FF6538C6E9D     (void* -> SkyrimSE.exe+1236E9D	mov ecx, [rdi])
	[RSP+290 ] 0xFFFFFFFF00000014 (size_t) [uint: 18446744069414584340 int: -4294967276]
	[RSP+298 ] 0x2BDAE6801A0      (void*)
	[RSP+2A0 ] 0x2C49A37E9C4      (void*)
	[RSP+2A8 ] 0x7FF6538F2A9D     (void* -> SkyrimSE.exe+1262A9D	nop)
	[RSP+2B0 ] 0xFFFFFFFFFFFFFFFE (size_t) [uint: 18446744073709551614 int: -2]
	[RSP+2B8 ] 0x2C00F39B080      (void*)
	[RSP+2C0 ] 0xDD73EF9C60       (void*)
	[RSP+2C8 ] 0xFFFFFFFFFFFFFFFE (size_t) [uint: 18446744073709551614 int: -2]
	[RSP+2D0 ] 0x0                (size_t) [0]
	[RSP+2D8 ] 0x2C08B5953A0      (void*)
	[RSP+2E0 ] 0x2BDAE680908      (void*)
	[RSP+2E8 ] 0x2C0A7AB7800      (void*)
	[RSP+2F0 ] 0x0                (size_t) [0]
	[RSP+2F8 ] 0x7FF6538D9BF6     (void* -> SkyrimSE.exe+1249BF6	cmp [rbx], eax)
	[RSP+300 ] 0x7FF6555B80B0     (void* -> SkyrimSE.exe+2F280B0	add [rax], al)
	[RSP+308 ] 0x2BDAE680908      (void*)
	[RSP+310 ] 0x4                (size_t) [4]
	[RSP+318 ] 0x7FF6555B8098     (BSScript::SimpleAllocMemoryPagePolicy*)
	[RSP+320 ] 0xFFFFFFFFFFFFFFFE (size_t) [uint: 18446744073709551614 int: -2]
	[RSP+328 ] 0x2C49A37E984      (void*)
	[RSP+330 ] 0xFFFFFFFFFFFFFFFE (size_t) [uint: 18446744073709551614 int: -2]
	[RSP+338 ] 0x4                (size_t) [4]
	[RSP+340 ] 0x2C000B8FC00      (void*)
	[RSP+348 ] 0x7FF6538C710E     (void* -> SkyrimSE.exe+123710E	nop)
	[RSP+350 ] 0x2C086D9F640      (void*)
	[RSP+358 ] 0x7FF6538C710E     (void* -> SkyrimSE.exe+123710E	nop)
	[RSP+360 ] 0x2C49A37CED4      (void*)
	[RSP+368 ] 0x0                (size_t) [0]
	[RSP+370 ] 0xFFFFFFFFFFFFFFFE (size_t) [uint: 18446744073709551614 int: -2]
	[RSP+378 ] 0xDD73EF9D78       (void*)
	[RSP+380 ] 0xFFFFFFFFFFFFFFFE (size_t) [uint: 18446744073709551614 int: -2]
	[RSP+388 ] 0x7FF6538C6DDA     (void* -> SkyrimSE.exe+1236DDA	jmp 0x00007FF6538C6E29)
	[RSP+390 ] 0x2C49A37CECC      (void*)
	[RSP+398 ] 0x7FF6538C6DDA     (void* -> SkyrimSE.exe+1236DDA	jmp 0x00007FF6538C6E29)
	[RSP+3A0 ] 0x2BDAE6801A0      (void*)
	[RSP+3A8 ] 0x2BDAE680908      (void*)
	[RSP+3B0 ] 0xFFFFFFFFFFFFFFFE (size_t) [uint: 18446744073709551614 int: -2]
	[RSP+3B8 ] 0x2C08B5953A0      (void*)
	[RSP+3C0 ] 0xFFFFFFFFFFFFFFFE (size_t) [uint: 18446744073709551614 int: -2]
	[RSP+3C8 ] 0x7FF8AEC33911     (void* -> tbbmalloc.dll+0013911	xor ecx, ecx)
	[RSP+3D0 ] 0x7FF6555DF460     (void* -> SkyrimSE.exe+2F4F460	add [rax], al)
	[RSP+3D8 ] 0x7FF6538C6E9D     (void* -> SkyrimSE.exe+1236E9D	mov ecx, [rdi])
	[RSP+3E0 ] 0xDD00000014       (size_t) [949187772436]
	[RSP+3E8 ] 0x2BDAE6801A0      (void*)
	[RSP+3F0 ] 0x2C49A37CEE4      (void*)
	[RSP+3F8 ] 0x2C361F4D8C0      (void*)
	[RSP+400 ] 0xFFFFFFFFFFFFFFFE (size_t) [uint: 18446744073709551614 int: -2]
	[RSP+408 ] 0x7FF6538D9BF6     (void* -> SkyrimSE.exe+1249BF6	cmp [rbx], eax)
	[RSP+410 ] 0x7FF6555B80B0     (void* -> SkyrimSE.exe+2F280B0	add [rax], al)
	[RSP+418 ] 0xFFFFFFFFFFFFFFFE (size_t) [uint: 18446744073709551614 int: -2]
	[RSP+420 ] 0x0                (size_t) [0]
	[RSP+428 ] 0x2C044A06160      (void*)
	[RSP+430 ] 0x2BDAE680908      (void*)
	[RSP+438 ] 0x2C054D994E0      (void*)
	[RSP+440 ] 0x2C044533701      (void*)
	[RSP+448 ] 0x400              (size_t) [1024]
	[RSP+450 ] 0x0                (size_t) [0]
	[RSP+458 ] 0xDD73EFA450       (void*)
	[RSP+460 ] 0x2                (size_t) [2]
	[RSP+468 ] 0x2BE759D6100      (BSScript::Internal::VirtualMachine*)
	[RSP+470 ] 0xDD73EF9EE0       (void*)
	[RSP+478 ] 0x7FF838B74545     (void* -> PapyrusTweaks.dll+0004545	add rsp, 0x518 |  C:\Modding\SKSEDevelopment\PapyrusTweaks\src\LoggerHooks.h:44 LoggerHooks::ValidationSignaturesHook::thunk (mangled: ?thunk@ValidationSignaturesHook@LoggerHooks@@SA_KPEAPEAVIFunction@BSScript@RE@@PEAV?$BSTArray@VVariable@BSScript@RE@@VBSScrapArrayAllocator@3@@5@PEADH@Z))
	[RSP+480 ] 0xDD73EFA390       (void*)
	[RSP+488 ] 0x1                (size_t) [1]
	[RSP+490 ] 0x2C000000014      (void*)
	[RSP+498 ] 0x2C3F569A3E0      (void*)
	[RSP+4A0 ] 0xDD73EF9EE0       (void*)
	[RSP+4A8 ] 0x0                (size_t) [0]
	[RSP+4B0 ] 0x7FF600000400     (size_t) [140694538683392]
	[RSP+4B8 ] 0x6                (size_t) [6]
	[RSP+4C0 ] 0xFFFFFFFFFFFFFFFE (size_t) [uint: 18446744073709551614 int: -2]
	[RSP+4C8 ] 0x7FF65390425B     (void* -> SkyrimSE.exe+127425B	cmp [rbx], eax)
	[RSP+4D0 ] 0xDD73EFA3D8       (void*)
	[RSP+4D8 ] 0xDD73EFA390       (void*)
	[RSP+4E0 ] 0x2BEF01AEA80      (void*)
	[RSP+4E8 ] 0x1                (size_t) [1]
	[RSP+4F0 ] 0xFFFFFFFFFFFFFFFE (size_t) [uint: 18446744073709551614 int: -2]
	[RSP+4F8 ] 0x7FF653BB1488     (void* -> SkyrimSE.exe+1521488	loopne 0x00007FF653BB1458)
	[RSP+500 ] 0xFFFFFFFFFFFFFFFE (size_t) [uint: 18446744073709551614 int: -2]
	[RSP+508 ] 0x2C044A06160      (void*)
	[RSP+510 ] 0x2C044A06100      (void*)
	[RSP+518 ] 0x7FF6538F2A9D     (void* -> SkyrimSE.exe+1262A9D	nop)
	[RSP+520 ] 0x2BE00000014      (void*)
	[RSP+528 ] 0x2BEF01AEA80      (void*)
	[RSP+530 ] 0xDD73EF9ED0       (void*)
	[RSP+538 ] 0xDD73EF9F80       (void*)
	[RSP+540 ] 0xDD73EFA1A8       (void*)
	[RSP+548 ] 0x7FF6532B9EB8     (void* -> SkyrimSE.exe+0C29EB8	mov r12, rax)
	[RSP+550 ] 0x2BEF01AEA80      (void*)
	[RSP+558 ] 0x90               (size_t) [144]
	[RSP+560 ] 0x2C086B89300      (void*)
	[RSP+568 ] 0x2C006A35840      (void*)
	[RSP+570 ] 0x0                (size_t) [0]
	[RSP+578 ] 0x2BEF01AEA80      (void*)
	[RSP+580 ] 0x0                (size_t) [0]
	[RSP+588 ] 0x7FF6538C6E9D     (void* -> SkyrimSE.exe+1236E9D	mov ecx, [rdi])
	[RSP+590 ] 0x0                (size_t) [0]
	[RSP+598 ] 0x2BDAE680908      (void*)
	[RSP+5A0 ] 0xFFFFFFFFFFFFFFFE (size_t) [uint: 18446744073709551614 int: -2]
	[RSP+5A8 ] 0x10               (size_t) [16]
	[RSP+5B0 ] 0x10               (size_t) [16]
	[RSP+5B8 ] 0x1                (size_t) [1]
	[RSP+5C0 ] 0x7FF8AEC583C0     (void* -> tbbmalloc.dll+00383C0	add [rax], al)
	[RSP+5C8 ] 0x7AEC37A16        (size_t) [32996817430]
	[RSP+5D0 ] 0x2BDAE680908      (void*)
	[RSP+5D8 ] 0x7FF6538C6E9D     (void* -> SkyrimSE.exe+1236E9D	mov ecx, [rdi])
	[RSP+5E0 ] 0x2C400000014      (void*)
	[RSP+5E8 ] 0x2BD00000083      (size_t) [3010772074627]
	[RSP+5F0 ] 0x2C49A37F7C4      (void*)
	[RSP+5F8 ] 0x7FF904E7DAD4     (void* -> ntdll.dll+00DDAD4	mov ebx, eax)
	[RSP+600 ] 0x1                (size_t) [1]
	[RSP+608 ] 0x7FF6538FA588     (void* -> SkyrimSE.exe+126A588	mov al, 0x01)
	[RSP+610 ] 0xDD73EF9FD0       (void*)
	[RSP+618 ] 0x2BDAE680908      (void*)
	[RSP+620 ] 0xDD73EFA0E0       (void*)
	[RSP+628 ] 0x0                (size_t) [0]
	[RSP+630 ] 0x2BDAE680908      (void*)
	[RSP+638 ] 0x7FF8AEC357C3     (void* -> tbbmalloc.dll+00157C3	mov rbp, rax)
	[RSP+640 ] 0x80               (size_t) [128]
	[RSP+648 ] 0x7FF8AEC3372E     (void* -> tbbmalloc.dll+001372E	mov rdi, rax)
	[RSP+650 ] 0x48               (size_t) [72]
	[RSP+658 ] 0x1                (size_t) [1]
	[RSP+660 ] 0x0                (size_t) [0]
	[RSP+668 ] 0x600000000        (size_t) [25769803776]
	[RSP+670 ] 0xFFFFFFFFFFFFFFFE (size_t) [uint: 18446744073709551614 int: -2]
	[RSP+678 ] 0x50               (size_t) [80]
	[RSP+680 ] 0x2C08B5953A0      (void*)
	[RSP+688 ] 0x7FF834EE166D     (void* -> RecursionFPSFix.dll+000166D	mov rbx, [rsp+0x218])
	[RSP+690 ] 0xFFFFFFFFFFFFFFFE (size_t) [uint: 18446744073709551614 int: -2]
	[RSP+698 ] 0x7FF6532B9EB8     (void* -> SkyrimSE.exe+0C29EB8	mov r12, rax)
	[RSP+6A0 ] 0x7FF6555DF460     (void* -> SkyrimSE.exe+2F4F460	add [rax], al)
	[RSP+6A8 ] 0x7FF6538C6E9D     (void* -> SkyrimSE.exe+1236E9D	mov ecx, [rdi])
	[RSP+6B0 ] 0xDD73EFA070       (void*)
	[RSP+6B8 ] 0x1                (size_t) [1]
	[RSP+6C0 ] 0xDD73EFA201       (void*)
	[RSP+6C8 ] 0x10               (size_t) [16]
	[RSP+6D0 ] 0x10               (size_t) [16]
	[RSP+6D8 ] 0x1                (size_t) [1]
	[RSP+6E0 ] 0x7FF8AEC583C0     (void* -> tbbmalloc.dll+00383C0	add [rax], al)
	[RSP+6E8 ] 0x7FF8AEC357C3     (void* -> tbbmalloc.dll+00157C3	mov rbp, rax)
	[RSP+6F0 ] 0x2BDAE680908      (void*)
	[RSP+6F8 ] 0x0                (size_t) [0]
	[RSP+700 ] 0x2C49A37E984      (void*)
	[RSP+708 ] 0x7FF904E7DAD4     (void* -> ntdll.dll+00DDAD4	mov ebx, eax)
	[RSP+710 ] 0x2C49A37E9C4      (void*)
	[RSP+718 ] 0x700000014        (size_t) [30064771092]
	[RSP+720 ] 0x1                (size_t) [1]
	[RSP+728 ] 0x7FF6538FA588     (void* -> SkyrimSE.exe+126A588	mov al, 0x01)
	[RSP+730 ] 0xDD73EFA100       (void*)
	[RSP+738 ] 0x7FF900000083     (void* -> windows.storage.dll+04E0083	add [rcx+0x5F], al)
	[RSP+740 ] 0x0                (size_t) [0]
	[RSP+748 ] 0x0                (size_t) [0]
	[RSP+750 ] 0x1                (size_t) [1]
	[RSP+758 ] 0x2C08B5953A0      (void*)
	[RSP+760 ] 0xDD73EFA120       (void*)
	[RSP+768 ] 0x2BDAE680908      (void*)
	[RSP+770 ] 0xDD73EFA230       (void*)
	[RSP+778 ] 0x0                (size_t) [0]
	[RSP+780 ] 0x2BDAE680908      (void*)
	[RSP+788 ] 0x84               (size_t) [132]
	[RSP+790 ] 0x80               (size_t) [128]
	[RSP+798 ] 0x7FF8AEC3372E     (void* -> tbbmalloc.dll+001372E	mov rdi, rax)
	[RSP+7A0 ] 0x1                (size_t) [1]
	[RSP+7A8 ] 0x2C08B5953A0      (void*)
	[RSP+7B0 ] 0x2C044467B00      (BSScript::Internal::CodeTasklet*)
		Stack Trace: 
[HM_Quest (FEA39800)].hm_mod.applyCompatibilityOptions() - "zgoycyrvkn" Line 226
[HM_Quest (FEA39800)].hm_mod.Initialize() - "zgoycyrvkn" Line 88
[alias HM_General_Alias on quest HM_Quest (FEA39800)].hm_update.OnPlayerLoadGame() - "lbluicehiaecq" Line 30
[alias HM_General_Alias on quest HM_Quest (FEA39800)].hm_update.OnInit() - "lbluicehiaecq" Line 9

	[RSP+7B8 ] 0x2BE759D6300      (void*)
	[RSP+7C0 ] 0xFFFFFFFFFFFFFFFE (size_t) [uint: 18446744073709551614 int: -2]
	[RSP+7C8 ] 0x50               (size_t) [80]
	[RSP+7D0 ] 0x80               (size_t) [128]
	[RSP+7D8 ] 0x7FF6538D9D2B     (void* -> SkyrimSE.exe+1249D2B	jmp 0x00007FF6538D9D2F)
	[RSP+7E0 ] 0xFFFFFFFFFFFFFFFE (size_t) [uint: 18446744073709551614 int: -2]
	[RSP+7E8 ] 0x7FF653908D0D     (void* -> SkyrimSE.exe+1278D0D	movzx eax, sil)
	[RSP+7F0 ] 0x7FF6555DF460     (void* -> SkyrimSE.exe+2F4F460	add [rax], al)
	[RSP+7F8 ] 0x7FF6538C6E9D     (void* -> SkyrimSE.exe+1236E9D	mov ecx, [rdi])
	[RSP+800 ] 0xFFFFFFFF00000014 (size_t) [uint: 18446744069414584340 int: -4294967276]
	[RSP+808 ] 0x2BDAE6801A0      (void*)
	[RSP+810 ] 0x2C49A37CEE4      (void*)
	[RSP+818 ] 0x0                (size_t) [0]
	[RSP+820 ] 0xFFFFFFFFFFFFFFFE (size_t) [uint: 18446744073709551614 int: -2]
	[RSP+828 ] 0x7FF6555B8098     (BSScript::SimpleAllocMemoryPagePolicy*)
	[RSP+830 ] 0x80               (size_t) [128]
	[RSP+838 ] 0x2BDAE682BA8      (void*)
	[RSP+840 ] 0x2                (size_t) [2]
	[RSP+848 ] 0x0                (size_t) [0]
	[RSP+850 ] 0x2C49A37CEA4      (void*)
	[RSP+858 ] 0x7FF6538D2ACD     (void* -> SkyrimSE.exe+1242ACD	inc ebp)
	[RSP+860 ] 0x2C49A37CEE4      (void*)
	[RSP+868 ] 0x7FF600000014     (size_t) [140694538682388]
	[RSP+870 ] 0x2C044533701      (void*)
	[RSP+878 ] 0x0                (size_t) [0]
	[RSP+880 ] 0xFFFFFFFFFFFFFFFE (size_t) [uint: 18446744073709551614 int: -2]
	[RSP+888 ] 0x7FF653CFA2B8     (void* -> SkyrimSE.exe+166A2B8	adc [rbx+0x7FF652D8], ah)
	[RSP+890 ] 0x2C499E520A0      (void*)
	[RSP+898 ] 0x7FF6538C6E9D     (void* -> SkyrimSE.exe+1236E9D	mov ecx, [rdi])
	[RSP+8A0 ] 0x2C000000014      (void*)
	[RSP+8A8 ] 0x2BDAE6801A0      (void*)
	[RSP+8B0 ] 0x2C49A37CEE4      (void*)
	[RSP+8B8 ] 0x2C3F569A3E0      (void*)
	[RSP+8C0 ] 0xFFFFFFFFFFFFFFFE (size_t) [uint: 18446744073709551614 int: -2]
	[RSP+8C8 ] 0x0                (size_t) [0]
	[RSP+8D0 ] 0x0                (size_t) [0]
	[RSP+8D8 ] 0x2C3F569A400      (void*)
	[RSP+8E0 ] 0x2C49A37CEA4      (void*)
	[RSP+8E8 ] 0xFFFFFF01         (size_t) [4294967041]
	[RSP+8F0 ] 0x0                (size_t) [0]
	[RSP+8F8 ] 0x7FF6538D2C9F     (void* -> SkyrimSE.exe+1242C9F	mov r14, [rsp+0x30])
	[RSP+900 ] 0x2C49A37CEE4      (void*)
	[RSP+908 ] 0x2C400000014      (void*)
	[RSP+910 ] 0x2C49A37CED4      (void*)
	[RSP+918 ] 0x2C044533730      (void*)
	[RSP+920 ] 0xDD73EFA2D8       (char*) "@"
	[RSP+928 ] 0x2C044533701      (void*)
	[RSP+930 ] 0x2C3F569A3E0      (void*)
	[RSP+938 ] 0x0                (size_t) [0]
	[RSP+940 ] 0xDD73EFA378       (void*)
	[RSP+948 ] 0x2                (size_t) [2]
	[RSP+950 ] 0x2BE759D6100      (BSScript::Internal::VirtualMachine*)
	[RSP+958 ] 0x0                (size_t) [0]
	[RSP+960 ] 0xDD73EFA398       (void*)
	[RSP+968 ] 0x7FF6538D4907     (void* -> SkyrimSE.exe+1244907	mov rbp, [rsp+0x78])
	[RSP+970 ] 0x2C400000002      (void*)
	[RSP+978 ] 0x7FF600000040     (size_t) [140694538682432]
	[RSP+980 ] 0xDD73EFA390       (void*)
	[RSP+988 ] 0xDD00000000       (size_t) [949187772416]
	[RSP+990 ] 0xDD73EFA3D8       (void*)
	[RSP+998 ] 0x2C044533701      (void*)
	[RSP+9A0 ] 0x2C044533701      (void*)
	[RSP+9A8 ] 0x0                (size_t) [0]
	[RSP+9B0 ] 0x0                (size_t) [0]
	[RSP+9B8 ] 0xDD73EFF4C8       (void*)
	[RSP+9C0 ] 0x2                (size_t) [2]
	[RSP+9C8 ] 0x2BE759D6100      (BSScript::Internal::VirtualMachine*)
	[RSP+9D0 ] 0xDD73EFA440       (void*)
	[RSP+9D8 ] 0x7FF6538F2426     (void* -> SkyrimSE.exe+1262426	mov r14d, eax)
	[RSP+9E0 ] 0x2C3F569A3E0      (void*)
	[RSP+9E8 ] 0xDD00000014       (size_t) [949187772436]
	[RSP+9F0 ] 0x7FF6555B80F8     (SkyrimScript::Logger*)
	[RSP+9F8 ] 0x2BE759D6100      (BSScript::Internal::VirtualMachine*)
	[RSP+A00 ] 0xDD73EFA300       (void*)
	[RSP+A08 ] 0xDD73EFA390       (void*)
	[RSP+A10 ] 0x2BEF0220A18      (char*) "GetAt"
	[RSP+A18 ] 0x2BEF01AEA80      (void*)
	[RSP+A20 ] 0x2C044533730      (void*)
	[RSP+A28 ] 0x0                (size_t) [0]
	[RSP+A30 ] 0x2BEEE79CFA0      (BSScript::NativeFunction1<BGSListForm,TESForm *,unsigned int>*)
		Function: "GetAt"
		Object: "FormList"
	[RSP+A38 ] 0x2BEF01AEA80      (void*)
	[RSP+A40 ] 0x2C044533730      (void*)
	[RSP+A48 ] 0x2BE00000014      (void*)
	[RSP+A50 ] 0x2BF00000000      (void*)
	[RSP+A58 ] 0x2BEF01AEA80      (void*)
	[RSP+A60 ] 0x2C3F569A3E0      (void*)
	[RSP+A68 ] 0x2C00888FFC0      (void*)
	[RSP+A70 ] 0x0                (size_t) [0]
	[RSP+A78 ] 0x2BDAE680870      (ScrapHeap*)
	[RSP+A80 ] 0x2C499E520A0      (void*)
	[RSP+A88 ] 0x1                (size_t) [1]
	[RSP+A90 ] 0x1                (size_t) [1]
	[RSP+A98 ] 0x2BDAE680908      (void*)
	[RSP+AA0 ] 0xFFFFFFFFFFFFFFFE (size_t) [uint: 18446744073709551614 int: -2]
	[RSP+AA8 ] 0x0                (size_t) [0]
	[RSP+AB0 ] 0x0                (size_t) [0]
	[RSP+AB8 ] 0x0                (size_t) [0]
	[RSP+AC0 ] 0x3                (size_t) [3]
	[RSP+AC8 ] 0x7FF600000003     (size_t) [140694538682371]
	[RSP+AD0 ] 0x0                (size_t) [0]
	[RSP+AD8 ] 0x0                (size_t) [0]
	[RSP+AE0 ] 0x0                (size_t) [0]
	[RSP+AE8 ] 0x0                (size_t) [0]
	[RSP+AF0 ] 0xDD73EF9F00       (void*)
	[RSP+AF8 ] 0x7FF600000002     (size_t) [140694538682370]
	[RSP+B00 ] 0x8906B1E0D718     (size_t) [150661847111448]
	[RSP+B08 ] 0x2BFCC5C6E80      (NiNode*)
		RTTIName: "NiNode"
		Flags: kSelectiveUpdate | kSelectiveUpdateTransforms | kSelectiveUpdateController
		Checking Parent: 3
			RTTIName: "BSMultiBoundNode"
			Flags: kSelectiveUpdate | kSelectiveUpdateTransforms | kSelectiveUpdateController
			Checking Parent: 2
				Name: "ObjectLODRoot"
				RTTIName: "NiNode"
				Flags: kSelectiveUpdate | kSelectiveUpdateTransforms | kSelectiveUpdateController
				Checking Parent: 3
					Name: "shadow scene node"
					RTTIName: "ShadowSceneNode"
					Flags: kSelectiveUpdate | kSelectiveUpdateTransforms | kSelectiveUpdateController
					Checking Parent: 1
						Name: "WorldRoot Node"
						RTTIName: "SceneGraph"
						Flags: kSelectiveUpdate | kSelectiveUpdateTransforms | kSelectiveUpdateController
	[RSP+B10 ] 0xDD73EFA690       (void*)
	[RSP+B18 ] 0xDD73EFDA28       (void*)
	[RSP+B20 ] 0xDD73EFDBE0       (void*)
	[RSP+B28 ] 0x18               (size_t) [24]
	[RSP+B30 ] 0x2C06003D520      (char*) " "
	[RSP+B38 ] 0x3                (size_t) [3]
	[RSP+B40 ] 0x15C              (size_t) [348]
	[RSP+B48 ] 0xFFFFFFFFFFFFFFFF (size_t) [uint: 18446744073709551615 int: -1]
	[RSP+B50 ] 0xDD73EFA548       (void*)
	[RSP+B58 ] 0x7FF653572150     (void* -> SkyrimSE.exe+0EE2150	test eax, eax)
	[RSP+B60 ] 0x7FF653E7CAF0     (char*) "}""
	[RSP+B68 ] 0x0                (size_t) [0]
	[RSP+B70 ] 0x0                (size_t) [0]
	[RSP+B78 ] 0x0                (size_t) [0]
	[RSP+B80 ] 0xDD73EFA580       (void*)
	[RSP+B88 ] 0x0                (size_t) [0]
	[RSP+B90 ] 0xDD73EFA548       (void*)
	[RSP+B98 ] 0xBC3FA7243F510F01 (size_t) [uint: 13564744376786161409 int: -4881999696923390207]
	[RSP+BA0 ] 0x2F5BE600         (size_t) [794551808]
	[RSP+BA8 ] 0xDD73EFDBE0       (void*)
	[RSP+BB0 ] 0x0                (size_t) [0]
	[RSP+BB8 ] 0xDD73EFA619       (void*)
	[RSP+BC0 ] 0xDD73EFDB98       (void*)
	[RSP+BC8 ] 0x7FF6535E7108     (void* -> SkyrimSE.exe+0F57108	add rsp, 0x80)
	[RSP+BD0 ] 0xDD73EFAAC0       (void*)
	[RSP+BD8 ] 0x33800000         (size_t) [864026624]
	[RSP+BE0 ] 0xDD73EFA580       (void*)
	[RSP+BE8 ] 0x0                (size_t) [0]
	[RSP+BF0 ] 0xDD73EFD7B8       (void*)
	[RSP+BF8 ] 0xDD73EFD798       (void*)
	[RSP+C00 ] 0x200              (size_t) [512]
	[RSP+C08 ] 0x7FF6537002CC     (void* -> SkyrimSE.exe+10702CC	mov rax, [rsp+0x60])
	[RSP+C10 ] 0xDD73EFC798       (void*)
	[RSP+C18 ] 0x7FF6535E726C     (void* -> SkyrimSE.exe+0F5726C	jmp 0x00007FF6535E72AD)
	[RSP+C20 ] 0xDD73EFC798       (void*)
	[RSP+C28 ] 0xDD73EFC798       (void*)
	[RSP+C30 ] 0xB0               (size_t) [176]
	[RSP+C38 ] 0x7FF6537002CC     (void* -> SkyrimSE.exe+10702CC	mov rax, [rsp+0x60])
	[RSP+C40 ] 0x3                (size_t) [3]
	[RSP+C48 ] 0xB                (size_t) [11]
	[RSP+C50 ] 0x2C40ACA97F0      (void*)
	[RSP+C58 ] 0x7FF6535E7BF8     (void* -> SkyrimSE.exe+0F57BF8	mov rsi, [rsp+0xA0])
	[RSP+C60 ] 0x1                (size_t) [1]
	[RSP+C68 ] 0x8080             (size_t) [32896]
	[RSP+C70 ] 0xB0               (size_t) [176]
	[RSP+C78 ] 0xAD               (size_t) [173]
	[RSP+C80 ] 0xDD73EFA7D0       (void*)
	[RSP+C88 ] 0x7FF65368DD8E     (void* -> SkyrimSE.exe+0FFDD8E	mov rcx, r14)
	[RSP+C90 ] 0x2BE7341D198      (void*)
	[RSP+C98 ] 0x2C0458081F8      (void*)
	[RSP+CA0 ] 0xDD73EFA650       (void*)
	[RSP+CA8 ] 0xDD73EFF680       (void*)
	[RSP+CB0 ] 0x2C429C7BCE0      (void*)
	[RSP+CB8 ] 0x7FF653700443     (void* -> SkyrimSE.exe+1070443	jmp 0x00007FF65370044D)
	[RSP+CC0 ] 0x2C433B5A001      (void*)
	[RSP+CC8 ] 0x0                (size_t) [0]
	[RSP+CD0 ] 0x2BE7341D1C0      (void*)
	[RSP+CD8 ] 0x2C433B59000      (void*)
	[RSP+CE0 ] 0x1                (size_t) [1]
	[RSP+CE8 ] 0xDD73EFF680       (void*)
	[RSP+CF0 ] 0x1                (size_t) [1]
	[RSP+CF8 ] 0x2C4356719B0      (void*)
	[RSP+D00 ] 0x8080             (size_t) [32896]
	[RSP+D08 ] 0x7FF65368FDCC     (void* -> SkyrimSE.exe+0FFFDCC	sub qword ptr [rdi+0x20], 0x01)
	[RSP+D10 ] 0x1                (size_t) [1]
	[RSP+D18 ] 0x2C4356719B0      (void*)
	[RSP+D20 ] 0x2BE7341D0C0      (void*)
	[RSP+D28 ] 0x2C433B59000      (void*)
	[RSP+D30 ] 0x2C429C7BCA0      (void*)
	[RSP+D38 ] 0x7FF6535D7445     (void* -> SkyrimSE.exe+0F47445	mov rbx, [rsp+0x30])
	[RSP+D40 ] 0x0                (size_t) [0]
	[RSP+D48 ] 0x2C433B59000      (void*)
	[RSP+D50 ] 0x7FFFFFFFFFFFFFFF (size_t) [9223372036854775807]
	[RSP+D58 ] 0x0                (size_t) [0]
	[RSP+D60 ] 0x2C4357099B0      (void*)
	[RSP+D68 ] 0x7FF6536B3DCB     (void* -> SkyrimSE.exe+1023DCB	lea r11, [rsp+0x4F10])
	[RSP+D70 ] 0x0                (size_t) [0]
	[RSP+D78 ] 0xDD73EFA7D0       (void*)
	[RSP+D80 ] 0x1A               (size_t) [26]
	[RSP+D88 ] 0x1A               (size_t) [26]
	[RSP+D90 ] 0x7FF902320000     (void*)
	[RSP+D98 ] 0x2C433B59000      (void*)
	[RSP+DA0 ] 0x9D               (size_t) [157]
	[RSP+DA8 ] 0x200              (size_t) [512]
	[RSP+DB0 ] 0x200              (size_t) [512]
	[RSP+DB8 ] 0x0                (size_t) [0]
	[RSP+DC0 ] 0x2BE7341D0C0      (void*)
	[RSP+DC8 ] 0x2C4356719B0      (void*)
	[RSP+DD0 ] 0x3DBE032EAF000000 (size_t) [4448996980928020480]
	[RSP+DD8 ] 0x2C4357099B0      (void*)
	[RSP+DE0 ] 0x1                (size_t) [1]
	[RSP+DE8 ] 0x0                (size_t) [0]
	[RSP+DF0 ] 0x2C4357099D0      (void*)
	[RSP+DF8 ] 0x2C0458081F8      (void*)
	[RSP+E00 ] 0x2C0458081E0      (void*)
	[RSP+E08 ] 0x2C0590C5600      (void*)
	[RSP+E10 ] 0x1                (size_t) [1]
	[RSP+E18 ] 0x1                (size_t) [1]
	[RSP+E20 ] 0xDD73EFF680       (void*)
	[RSP+E28 ] 0x0                (size_t) [0]
	[RSP+E30 ] 0x2C0879AA8A0      (char*) " "
	[RSP+E38 ] 0x0                (size_t) [0]
	[RSP+E40 ] 0x2                (size_t) [2]
	[RSP+E48 ] 0x2C4356719B0      (void*)
	[RSP+E50 ] 0x2C4357099D0      (void*)
	[RSP+E58 ] 0x2C4357099D0      (void*)
	[RSP+E60 ] 0x1                (size_t) [1]
	[RSP+E68 ] 0x2C4357099B0      (void*)
	[RSP+E70 ] 0x2                (size_t) [2]
	[RSP+E78 ] 0xFFFFFFFE         (size_t) [4294967294]
	[RSP+E80 ] 0x0                (size_t) [0]
	[RSP+E88 ] 0x104              (size_t) [260]
	[RSP+E90 ] 0xFFFFFFFFFFFFFFFE (size_t) [uint: 18446744073709551614 int: -2]
	[RSP+E98 ] 0xDD00000001       (size_t) [949187772417]
	[RSP+EA0 ] 0xDD73EFA6F8       (void*)
	[RSP+EA8 ] 0x7FF9023389A9     (void* -> ucrtbase.dll+00189A9	add rsp, 0x530)
	[RSP+EB0 ] 0x1                (size_t) [1]
	[RSP+EB8 ] 0xDD73EFA6F8       (void*)
	[RSP+EC0 ] 0xDD73EFAE60       (char*) "alias HM_General_Alias oy"
	[RSP+EC8 ] 0x1                (size_t) [1]
	[RSP+ED0 ] 0xDD73EFA6F8       (void*)
	[RSP+ED8 ] 0x7FF90233A7E2     (void* -> ucrtbase.dll+001A7E2	test al, al)
	[RSP+EE0 ] 0xDD73EFAE93       (void*)
	[RSP+EE8 ] 0x104              (size_t) [260]
	[RSP+EF0 ] 0x33               (size_t) [51]
	[RSP+EF8 ] 0x0                (size_t) [0]
	[RSP+F00 ] 0x0                (size_t) [0]
	[RSP+F08 ] 0x3F000008BF56E2ED (size_t) [4539628461959340781]
	[RSP+F10 ] 0xFFFFFFFF00000001 (size_t) [uint: 18446744069414584321 int: -4294967295]
	[RSP+F18 ] 0xDD73EFA6F8       (void*)
	[RSP+F20 ] 0x2BDF7D74E10      (void*)
	[RSP+F28 ] 0x2BDF7BF0D01      (void*)
	[RSP+F30 ] 0x2BE758ED700      (void*)
	[RSP+F38 ] 0x0                (size_t) [0]
	[RSP+F40 ] 0x0                (size_t) [0]
	[RSP+F48 ] 0x10               (size_t) [16]
	[RSP+F50 ] 0x4                (size_t) [4]
	[RSP+F58 ] 0xDD73EFA860       (void*)
	[RSP+F60 ] 0x7FF653D57214     (void* -> SkyrimSE.exe+16C7214	add [rax], al)
	[RSP+F68 ] 0xDD73EFAE00       (void*)
	[RSP+F70 ] 0x1                (size_t) [1]
	[RSP+F78 ] 0xDD73EFA6F8       (void*)
	[RSP+F80 ] 0xFFFFFFF9         (size_t) [4294967289]
	[RSP+F88 ] 0x7FF900000001     (char*) "&"
	[RSP+F90 ] 0xDD73EFA6F8       (void*)
	[RSP+F98 ] 0x20000000008      (size_t) [2199023255560]
	[RSP+FA0 ] 0xDD00000001       (size_t) [949187772417]
	[RSP+FA8 ] 0xDD73EFA6F8       (void*)
	[RSP+FB0 ] 0x7FF902320000     (void*)
	[RSP+FB8 ] 0x7FF900000001     (char*) "&"
	[RSP+FC0 ] 0xDD73EFA6F8       (void*)
	[RSP+FC8 ] 0x0                (size_t) [0]
	[RSP+FD0 ] 0xDD73EFAAF0       (void*)
	[RSP+FD8 ] 0xFFFFFFFF         (size_t) [4294967295]
	[RSP+FE0 ] 0x2BDF7D74E10      (void*)
	[RSP+FE8 ] 0x1                (size_t) [1]
	[RSP+FF0 ] 0xDD73EFA6F8       (void*)
	[RSP+FF8 ] 0x2BDF7D50000      (void*)
	[RSP+1000] 0x8906B1E0E168     (size_t) [150661847114088]
	[RSP+1008] 0x7FF904DAF164     (void* -> ntdll.dll+000F164	mov r14, rax)
	[RSP+1010] 0x8000             (size_t) [32768]
	[RSP+1018] 0x7FF900000001     (char*) "&"
	[RSP+1020] 0xDD73EFA6F8       (void*)
	[RSP+1028] 0x4                (size_t) [4]
	[RSP+1030] 0x1                (size_t) [1]
	[RSP+1038] 0xDD73EFA6F8       (void*)
	[RSP+1040] 0xFFFFFFFF         (size_t) [4294967295]
	[RSP+1048] 0x0                (size_t) [0]
	[RSP+1050] 0xDD73EFAA80       (void*)
	[RSP+1058] 0xDD73EFAAD0       (void*)
	[RSP+1060] 0xDD73EFAAD0       (void*)
	[RSP+1068] 0x7FF65324E9D1     (void* -> SkyrimSE.exe+0BBE9D1	mov rdi, [rbp+0x168])
	[RSP+1070] 0xFFFFFFFFFFFFFFFE (size_t) [uint: 18446744073709551614 int: -2]
	[RSP+1078] 0x30               (size_t) [48]
	[RSP+1080] 0x2BE675CE360      (void*)
	[RSP+1088] 0x2BDF7BF0CC0      (void*)
	[RSP+1090] 0x2BE65E6F970      (void*)
	[RSP+1098] 0x0                (size_t) [0]
	[RSP+10A0] 0x0                (size_t) [0]
	[RSP+10A8] 0x10               (size_t) [16]
	[RSP+10B0] 0xFFFFFFFFFFFFFFFE (size_t) [uint: 18446744073709551614 int: -2]
	[RSP+10B8] 0xDD73EFB098       (char*) "9"
	[RSP+10C0] 0x10               (size_t) [16]
	[RSP+10C8] 0x7FF9023389A9     (void* -> ucrtbase.dll+00189A9	add rsp, 0x530)
	[RSP+10D0] 0x1                (size_t) [1]
	[RSP+10D8] 0xDD73EFAB30       (void*)
	[RSP+10E0] 0xDD73EFB098       (char*) "9"
	[RSP+10E8] 0x1                (size_t) [1]
	[RSP+10F0] 0x20               (size_t) [32]
	[RSP+10F8] 0x0                (size_t) [0]
	[RSP+1100] 0xDD73EFB099       (void*)
	[RSP+1108] 0x10               (size_t) [16]
	[RSP+1110] 0x1                (size_t) [1]
	[RSP+1118] 0x0                (size_t) [0]
	[RSP+1120] 0x0                (size_t) [0]
	[RSP+1128] 0x0                (size_t) [0]
	[RSP+1130] 0x2BDAE680900      (void*)
	[RSP+1138] 0x7FF9024570B0     (void* -> ucrtbase.dll+01370B0	add al, [rdx+0x02])
	[RSP+1140] 0x2BDF7D74E10      (void*)
	[RSP+1148] 0xFF01             (size_t) [65281]
	[RSP+1150] 0x7FF653BC1D00     (char*) "
"
	[RSP+1158] 0x2BDF7D50000      (void*)
	[RSP+1160] 0xCBF29CE484222325 (size_t) [uint: 14695981039346656037 int: -3750763034362895579]
	[RSP+1168] 0x7FF904DAF164     (void* -> ntdll.dll+000F164	mov r14, rax)
	[RSP+1170] 0x4                (size_t) [4]
	[RSP+1178] 0xDD73EFAA80       (void*)
	[RSP+1180] 0x7FF653D895AB     (void* -> SkyrimSE.exe+16F95AB	add [0x00007FF6BD0CCBFA], ah)
	[RSP+1188] 0xDD73EFB010       (void*)
	[RSP+1190] 0x20700000001      (size_t) [2229088026625]
	[RSP+1198] 0x0                (size_t) [0]
	[RSP+11A0] 0x0                (size_t) [0]
	[RSP+11A8] 0x7FF8C9F60000     (void*)
	[RSP+11B0] 0xDD73EFAD1F       (void*)
	[RSP+11B8] 0x20000000001      (size_t) [2199023255553]
	[RSP+11C0] 0xDD73EFAB80       (void*)
	[RSP+11C8] 0xDD73EFAC10       (void*)
	[RSP+11D0] 0xDD73EFAD00       (void*)
	[RSP+11D8] 0x7FF653BC1DB0     (void* -> SkyrimSE.exe+1531DB0	adc al, ah)
	[RSP+11E0] 0x7FF655607470     (void* -> SkyrimSE.exe+2F77470	femms)
	[RSP+11E8] 0x31               (size_t) [49]
	[RSP+11F0] 0x6A80             (size_t) [27264]
	[RSP+11F8] 0x7FF8AEC3372E     (void* -> tbbmalloc.dll+001372E	mov rdi, rax)
	[RSP+1200] 0xDD73EFABF0       (BSTArrayAllocatorFunctor<BSScrapArrayAllocator>*)
	[RSP+1208] 0x7FF6532BA8FE     (void* -> SkyrimSE.exe+0C2A8FE	xor eax, eax)
	[RSP+1210] 0xF                (size_t) [15]
	[RSP+1218] 0xFFFFFFFFFFFFFFFF (size_t) [uint: 18446744073709551615 int: -1]
	[RSP+1220] 0xFFFFFFFFFFFFFFFE (size_t) [uint: 18446744073709551614 int: -2]
	[RSP+1228] 0x19               (size_t) [25]
	[RSP+1230] 0x19               (size_t) [25]
	[RSP+1238] 0x7FF6532BA231     (void* -> SkyrimSE.exe+0C2A231	movzx ecx, byte ptr [rsp+0x68])
	[RSP+1240] 0x2C009E01CC0      (ExtraTextDisplayData*)
			File: "Skyrim.esm"
			Flags: 0x00000009 
			Name: "Old Wooden Door"
			FormID: 0x0005F863
			FormType: Message (105)
		Owner Quest: 
			Active Quest: false
			Current Stage: 0
			Type: kDaedric
	[RSP+1248] 0x6A80             (size_t) [27264]
	[RSP+1250] 0xDD73EFA6E0       (void*)
	[RSP+1258] 0x3538313400000002 (size_t) [3834869182114037762]
	[RSP+1260] 0xDD73EFAC70       (void*)
	[RSP+1268] 0x6A80             (size_t) [27264]
	[RSP+1270] 0x2BDAE680908      (void*)
	[RSP+1278] 0x7FF6532BA689     (void* -> SkyrimSE.exe+0C2A689	cmp [rbx], eax)
	[RSP+1280] 0xDD73EFB510       (void*)
	[RSP+1288] 0xFFFF             (size_t) [65535]
	[RSP+1290] 0x7FF653BC1DB0     (void* -> SkyrimSE.exe+1531DB0	adc al, ah)
	[RSP+1298] 0x2BDAE680908      (void*)
	[RSP+12A0] 0x2C052354670      (void*)
	[RSP+12A8] 0x7FF8AEC357C3     (void* -> tbbmalloc.dll+00157C3	mov rbp, rax)
	[RSP+12B0] 0x2C009E01CC0      (ExtraTextDisplayData*)
			File: "Skyrim.esm"
			Flags: 0x00000009 
			Name: "Old Wooden Door"
			FormID: 0x0005F863
			FormType: Message (105)
		Owner Quest: 
			Active Quest: false
			Current Stage: 0
			Type: kDaedric
	[RSP+12B8] 0x20               (size_t) [32]
	[RSP+12C0] 0x2C334E021C0      (void*)
	[RSP+12C8] 0x2C00F3C9800      (TESQuest*)
		Active Quest: false
		Current Stage: 0
		Type: kNone
		File: "VioLens SE.esp"
		Flags: 0x00400008 kInitialized
		Name: "VL_ConfigMenu"
		EditorID: "VL_ConfigMenu"
		FormID: 0xCF005901
		FormType: Quest (77)
		GetFullName: "VL_ConfigMenu"
	[RSP+12D0] 0x20               (size_t) [32]
	[RSP+12D8] 0x6C9F67775        (size_t) [29158176629]
	[RSP+12E0] 0x2C044A07740      (void*)
	[RSP+12E8] 0x7FF904E7DAD4     (void* -> ntdll.dll+00DDAD4	mov ebx, eax)
	[RSP+12F0] 0x2BDAE680908      (void*)
	[RSP+12F8] 0x2BD0000004B      (size_t) [3010772074571]
	[RSP+1300] 0xDD73EFAD50       (void*)
	[RSP+1308] 0x7FF8C9F666D5     (void* -> FPSFixPlugin.dll+00066D5	add rsp, 0x40)
	[RSP+1310] 0xDD73EFAD20       (void*)
	[RSP+1318] 0x7FF9025A6671     (void* -> KERNELBASE.dll+0076671	nop [rax+rax*1], eax)
	[RSP+1320] 0xDD73EFACE0       (void*)
	[RSP+1328] 0xDD73EFAD70       (void*)
	[RSP+1330] 0xDD73EFAE60       (char*) "alias HM_General_Alias oy"
	[RSP+1338] 0x7FF653BC1DB0     (void* -> SkyrimSE.exe+1531DB0	adc al, ah)
	[RSP+1340] 0x7FF655607470     (void* -> SkyrimSE.exe+2F77470	femms)
	[RSP+1348] 0x4C               (size_t) [76]
	[RSP+1350] 0x9208             (size_t) [37384]
	[RSP+1358] 0x7FF8AEC3372E     (void* -> tbbmalloc.dll+001372E	mov rdi, rax)
	[RSP+1360] 0x0                (size_t) [0]
	[RSP+1368] 0x7FF6532BA8FE     (void* -> SkyrimSE.exe+0C2A8FE	xor eax, eax)
	[RSP+1370] 0x0                (size_t) [0]
	[RSP+1378] 0x0                (size_t) [0]
	[RSP+1380] 0xFFFFFFFFFFFFFFFE (size_t) [uint: 18446744073709551614 int: -2]
	[RSP+1388] 0x34               (size_t) [52]
	[RSP+1390] 0x34               (size_t) [52]
	[RSP+1398] 0x7FF6532BA231     (void* -> SkyrimSE.exe+0C2A231	movzx ecx, byte ptr [rsp+0x68])
	[RSP+13A0] 0x2C044C03830      (void*)
	[RSP+13A8] 0x9208             (size_t) [37384]
	[RSP+13B0] 0xDD73EFA840       (void*)
	[RSP+13B8] 0x393331C000000002 (size_t) [4121692784677617666]
	[RSP+13C0] 0xDD73EFADD0       (void*)
	[RSP+13C8] 0x9208             (size_t) [37384]
	[RSP+13D0] 0x2BDAE680908      (void*)
	[RSP+13D8] 0x7FF6532BA689     (void* -> SkyrimSE.exe+0C2A689	cmp [rbx], eax)
	[RSP+13E0] 0x7FF6556874B0     (void* -> SkyrimSE.exe+2FF74B0	add [rax], al)
	[RSP+13E8] 0x33               (size_t) [51]
	[RSP+13F0] 0xDD73EFAE60       (char*) "alias HM_General_Alias oy"
	[RSP+13F8] 0x7FF6538D49FA     (void* -> SkyrimSE.exe+12449FA	test dword ptr [rbx+0x18], 0x80000000)
	[RSP+1400] 0x2C3F60B0360      (void*)
	[RSP+1408] 0xDD73EFDAF0       (void*)
	[RSP+1410] 0x2C044C03830      (void*)
	[RSP+1418] 0xFFFFFFFFFFFFFFFE (size_t) [uint: 18446744073709551614 int: -2]
	[RSP+1420] 0xDD73EFADA0       (char*) "@"
	[RSP+1428] 0xDD73EFB538       (void*)
	[RSP+1430] 0x2C0A805F9C0      (BSScript::Internal::CodeTasklet*)
		Stack Trace: 
[TCC_CuratorsCompanion (48000D62)].rn_utility_mcm.Build_Arrays() - "RN_Utility_MCM.psc" Line 2675
[TCC_CuratorsCompanion (48000D62)].rn_utility_script.OnUpdate() - "RN_Utility_Script.psc" Line 114

			File: "DBM_RelicNotifications.esp"
			Flags: 0x00400008 kInitialized
			Name: "Utility & MCM"
			EditorID: "TCC_CuratorsCompanion"
			FormID: 0x48000D62
			FormType: Quest (77)
	[RSP+1438] 0x7FF65390EA38     (void* -> SkyrimSE.exe+127EA38	mov rcx, rax)
	[RSP+1440] 0xDD00000040       (size_t) [949187772480]
	[RSP+1448] 0xDD73EFB538       (void*)
	[RSP+1450] 0x7FF653E4B100     (void* -> SkyrimSE.exe+17BB100	)
	[RSP+1458] 0x300000001        (size_t) [12884901889]
	[RSP+1460] 0xB                (size_t) [11]
	[RSP+1468] 0xFFFFFFFFFFFFFFFF (size_t) [uint: 18446744073709551615 int: -1]
	[RSP+1470] 0xFFFFFFFFFFFFFFFE (size_t) [uint: 18446744073709551614 int: -2]
	[RSP+1478] 0x1                (size_t) [1]
	[RSP+1480] 0xDD73EFA6F8       (void*)
	[RSP+1488] 0xFFFFFFFF         (size_t) [4294967295]
	[RSP+1490] 0x3                (size_t) [3]
	[RSP+1498] 0x0                (size_t) [0]
	[RSP+14A0] 0x0                (size_t) [0]
	[RSP+14A8] 0x0                (size_t) [0]
	[RSP+14B0] 0x2BE00000000      (char*) "P&	"
	[RSP+14B8] 0x7FF653E7C968     (char*) " INDENT="{0}""
	[RSP+14C0] 0xDD73EFA709       (void*)
	[RSP+14C8] 0x2                (size_t) [2]
	[RSP+14D0] 0xDD73EFAF98       (void*)
	[RSP+14D8] 0x7FF653E7C901     (void* -> SkyrimSE.exe+17EC901	add [rax], ah)
	[RSP+14E0] 0x2BE00000000      (char*) "P&	"
	[RSP+14E8] 0x7FF653E7C974     (char*) """
	[RSP+14F0] 0x7FF653E7C901     (void* -> SkyrimSE.exe+17EC901	add [rax], ah)
	[RSP+14F8] 0x6AE680908        (size_t) [28695857416]
	[RSP+1500] 0x4D48207361696C61 (size_t) [5568736619171245153]
	[RSP+1508] 0x6C6172656E65475F (size_t) [7809649008806545247]
	[RSP+1510] 0x6F207361696C415F (size_t) [8007526999682466143]
	[RSP+1518] 0x2074736500000079 (size_t) [2338620984141021305]
	[RSP+1520] 0x74736575515F4D48 (size_t) [8391162085272145224]
	[RSP+1528] 0x3839334145462820 (size_t) [4051325695224588320]
	[RSP+1530] 0x2BE00293030      (void*)
	[RSP+1538] 0x4                (size_t) [4]
	[RSP+1540] 0xDD73EFAF00       (void*)
	[RSP+1548] 0xDD73EFAF90       (void*)
	[RSP+1550] 0xDD73EFB0B0       (void*)
	[RSP+1558] 0x7FF653BC1DB0     (void* -> SkyrimSE.exe+1531DB0	adc al, ah)
	[RSP+1560] 0x7FF655607470     (void* -> SkyrimSE.exe+2F77470	femms)
	[RSP+1568] 0x7A               (size_t) [122]
	[RSP+1570] 0xBE07             (size_t) [48647]
	[RSP+1578] 0x7FF8AEC3372E     (void* -> tbbmalloc.dll+001372E	mov rdi, rax)
	[RSP+1580] 0xFFFFFFFFFFFFFFFE (size_t) [uint: 18446744073709551614 int: -2]
	[RSP+1588] 0x7FF6532BA8FE     (void* -> SkyrimSE.exe+0C2A8FE	xor eax, eax)
	[RSP+1590] 0x4186EF0E41DA557A (size_t) [4721724103857952122]
	[RSP+1598] 0x7FF653BB11A8     (void* -> SkyrimSE.exe+15211A8	sahf)
	[RSP+15A0] 0xFFFFFFFFFFFFFFFE (size_t) [uint: 18446744073709551614 int: -2]
	[RSP+15A8] 0x62               (size_t) [98]
	[RSP+15B0] 0x62               (size_t) [98]
	[RSP+15B8] 0x7FF6532BA231     (void* -> SkyrimSE.exe+0C2A231	movzx ecx, byte ptr [rsp+0x68])
	[RSP+15C0] 0x2C043C69C80      (void*)
	[RSP+15C8] 0xBE07             (size_t) [48647]
	[RSP+15D0] 0xDD73EFAA60       (void*)
	[RSP+15D8] 0x7FF600000002     (size_t) [140694538682370]
	[RSP+15E0] 0xFFFFFFFFFFFFFFFE (size_t) [uint: 18446744073709551614 int: -2]
	[RSP+15E8] 0xBE07             (size_t) [48647]
	[RSP+15F0] 0xDD73EFB038       (void*)
	[RSP+15F8] 0x7FF6532B9EB8     (void* -> SkyrimSE.exe+0C29EB8	mov r12, rax)
	[RSP+1600] 0x2BFE9FC22F0      (void*)
	[RSP+1608] 0x7FF6538C710E     (void* -> SkyrimSE.exe+123710E	nop)
	[RSP+1610] 0xDD73EFB028       (void*)
	[RSP+1618] 0x0                (size_t) [0]
	[RSP+1620] 0xFFFFFFFFFFFFFFFE (size_t) [uint: 18446744073709551614 int: -2]
	[RSP+1628] 0x7FF6527D2400     (void* -> SkyrimSE.exe+0142400	)
	[RSP+1630] 0x0                (size_t) [0]
	[RSP+1638] 0x7FF653E51268     (void* -> SkyrimSE.exe+17C1268	add [rax+0x5E], ch)
	[RSP+1640] 0xDD73EFADB0       (void*)
	[RSP+1648] 0x7FF6538C6D01     (void* -> SkyrimSE.exe+1236D01	int3)
	[RSP+1650] 0x7FF653E4B100     (void* -> SkyrimSE.exe+17BB100	)
	[RSP+1658] 0x100A0AE680821    (size_t) [282165097531425]
	[RSP+1660] 0xDD73EFAFF3       (char*) "0"
	[RSP+1668] 0xDD73EFB52A       (void*)
	[RSP+1670] 0x0                (size_t) [0]
	[RSP+1678] 0xDD73EFB038       (void*)
	[RSP+1680] 0xDD73EFB038       (void*)
	[RSP+1688] 0x7FF6538D49FA     (void* -> SkyrimSE.exe+12449FA	test dword ptr [rbx+0x18], 0x80000000)
	[RSP+1690] 0x20030A04720      (size_t) [2199839065888]
	[RSP+1698] 0xDD73EFDDC8       (void*)
	[RSP+16A0] 0x0                (size_t) [0]
	[RSP+16A8] 0x9                (size_t) [9]
	[RSP+16B0] 0xDD73EFB030       (void*)
	[RSP+16B8] 0x0                (size_t) [0]
	[RSP+16C0] 0x2C054B1C2C0      (void*)
	[RSP+16C8] 0x7FF65390EA38     (void* -> SkyrimSE.exe+127EA38	mov rcx, rax)
	[RSP+16D0] 0x2C0000000A0      (void*)
	[RSP+16D8] 0x0                (size_t) [0]
	[RSP+16E0] 0x2BDAE680908      (void*)
	[RSP+16E8] 0x1                (size_t) [1]
	[RSP+16F0] 0xDD73EFB1B8       (void*)
	[RSP+16F8] 0x7FF653BB11A8     (void* -> SkyrimSE.exe+15211A8	sahf)
	[RSP+1700] 0xFFFFFFFFFFFFFFFE (size_t) [uint: 18446744073709551614 int: -2]
	[RSP+1708] 0x7FF653BC1DB0     (void* -> SkyrimSE.exe+1531DB0	adc al, ah)
	[RSP+1710] 0xDD73EFB538       (void*)
	[RSP+1718] 0xFFFFFFFFFFFFFFFE (size_t) [uint: 18446744073709551614 int: -2]
	[RSP+1720] 0x2BFE9FC22F0      (void*)
	[RSP+1728] 0x2C0A749DF50      (void*)
	[RSP+1730] 0x2C0A749DF50      (void*)
	[RSP+1738] 0x20000000039      (size_t) [2199023255609]
	[RSP+1740] 0x2BE65F59BC0      (void*)
	[RSP+1748] 0x4                (size_t) [4]
	[RSP+1750] 0x48207361696C615B (size_t) [5197280832203284827]
	[RSP+1758] 0x6172656E65475F4D (size_t) [7021786293844008781]
	[RSP+1760] 0x207361696C415F6C (size_t) [2338319736951103340]
	[RSP+1768] 0x7473657571206E6F (size_t) [8391162085804895855]
	[RSP+1770] 0x736575515F4D4820 (size_t) [8315181279361189920]
	[RSP+1778] 0x3933414546282074 (size_t) [4121709849759719540]
	[RSP+1780] 0x6D682E5D29303038 (size_t) [7883602125369913400]
	[RSP+1788] 0x2E6574616470755F (size_t) [3343206260038202719]
	[RSP+1790] 0x292874696E496E4F (size_t) [2965748350794165839]
	[RSP+1798] 0x756C626C22202D20 (size_t) [8461246016490843424]
	[RSP+17A0] 0x6365616968656369 (size_t) [7162237887753577321]
	[RSP+17A8] 0x7FF6538D49FA     (void* -> SkyrimSE.exe+12449FA	test dword ptr [rbx+0x18], 0x80000000)
	[RSP+17B0] 0x2C3F60B2020      (void*)
	[RSP+17B8] 0xDD73EFDEE8       (void*)
	[RSP+17C0] 0x3F0A6453BF575E65 (size_t) [4542553485011803749]
	[RSP+17C8] 0xBCB0F20232000000 (size_t) [uint: 13596633366274244608 int: -4850110707435307008]
	[RSP+17D0] 0xDD73EFB150       (void*)
	[RSP+17D8] 0x7FF653301878     (void* -> SkyrimSE.exe+0C71878	nop)
	[RSP+17E0] 0x2C49A199D00      (BSScript::Internal::CodeTasklet*)
		Stack Trace: 
[ (FE20B81F)].FormList.GetSize() - "<native>" Line ?
[TCC_CuratorsCompanion (48000D62)].rn_patchapi.RegisterDisplayList() - "RN_PatchAPI.psc" Line 199
[TCC_SM_FearsomeFists (FE25C800)].RN_SupportedMod_Script.OnUpdate() - "RN_SupportedMod_Script.psc" Line 0

			File: "DBM_RelicNotifications.esp"
			Flags: 0x00400008 kInitialized
			Name: "Utility & MCM"
			EditorID: "TCC_CuratorsCompanion"
			FormID: 0x48000D62
			FormType: Quest (77)
	[RSP+17E8] 0x7FF65390EA38     (void* -> SkyrimSE.exe+127EA38	mov rcx, rax)
	[RSP+17F0] 0x2BE000000A0      (char*) "Z&	"
	[RSP+17F8] 0x0                (size_t) [0]
	[RSP+1800] 0xFFFFFFFFFFFFFFFE (size_t) [uint: 18446744073709551614 int: -2]
	[RSP+1808] 0x7FF600000001     (size_t) [140694538682369]
	[RSP+1810] 0x2C36245B880      (void*)
	[RSP+1818] 0x7FF6533094DA     (void* -> SkyrimSE.exe+0C794DA	cmp byte ptr [rbx+0x11D], 0x00)
	[RSP+1820] 0xFFFFFFFFFFFFFFFE (size_t) [uint: 18446744073709551614 int: -2]
	[RSP+1828] 0x2BE758ED740      (BSGeometryListCullingProcess*)
	[RSP+1830] 0x0                (size_t) [0]
	[RSP+1838] 0xDD73EFAFF8       (void*)
	[RSP+1840] 0x1A0              (size_t) [416]
	[RSP+1848] 0x7FF6533E0F07     (void* -> SkyrimSE.exe+0D50F07	jmp 0x00007FF6533E0F5D)
	[RSP+1850] 0xFFFFFFFF         (size_t) [4294967295]
	[RSP+1858] 0x2C36245B880      (void*)
	[RSP+1860] 0xFFFFFF00         (size_t) [4294967040]
	[RSP+1868] 0x3F               (size_t) [63]
	[RSP+1870] 0x2BE758ED740      (BSGeometryListCullingProcess*)
	[RSP+1878] 0x7FF6533E0F07     (void* -> SkyrimSE.exe+0D50F07	jmp 0x00007FF6533E0F5D)
	[RSP+1880] 0xFFFFFFFF         (size_t) [4294967295]
	[RSP+1888] 0x2C361F55800      (void*)
	[RSP+1890] 0xFFFFFF00         (size_t) [4294967040]
	[RSP+1898] 0x3F               (size_t) [63]
	[RSP+18A0] 0x2BE758ED740      (BSGeometryListCullingProcess*)
	[RSP+18A8] 0x7FF6533E0F07     (void* -> SkyrimSE.exe+0D50F07	jmp 0x00007FF6533E0F5D)
	[RSP+18B0] 0xFFFFFFFF         (size_t) [4294967295]
	[RSP+18B8] 0x2C2AA628880      (void*)
	[RSP+18C0] 0x100000010        (size_t) [4294967312]
	[RSP+18C8] 0x100000010        (size_t) [4294967312]
	[RSP+18D0] 0x90A3A6B63617473  (size_t) [651397329011700851]
	[RSP+18D8] 0x206576697463415B (size_t) [2334402177157775707]
	[RSP+18E0] 0x3920746365666665 (size_t) [4116418029668427365]
	[RSP+18E8] 0x30302820206E6F20 (size_t) [3472319431150825248]
	[RSP+18F0] 0x5D29333834333130 (size_t) [6712953036059390256]
	[RSP+18F8] 0x646165687673722E (size_t) [7233173975872008750]
	[RSP+1900] 0x7065727574786574 (size_t) [8099005353686492532]
	[RSP+1908] 0x6168432E68637461 (size_t) [7018933885855822945]
	[RSP+1910] 0x546461654865676E (size_t) [6081092484491208558]
	[RSP+1918] 0x2928657275747865 (size_t) [2965731896894716005]
	[RSP+1920] 0x6876737222202D20 (size_t) [7527330761232362784]
	[RSP+1928] 0x7574786574646165 (size_t) [8463521976875770213]
	[RSP+1930] 0x2E68637461706572 (size_t) [3344032074824705394]
	[RSP+1938] 0x6E694C2022637370 (size_t) [7955973917626299248]
	[RSP+1940] 0x5B090A3633312065 (size_t) [6559785560145207397]
	[RSP+1948] 0x6520657669746341 (size_t) [7286935756335244097]
	[RSP+1950] 0x2039207463656666 (size_t) [2321922767142086246]
	[RSP+1958] 0x7FF8AEC33911     (void* -> tbbmalloc.dll+0013911	xor ecx, ecx)
	[RSP+1960] 0x2E5D293338343331 (size_t) [3340871798541792049]
	[RSP+1968] 0x7464616568767372 (size_t) [8386935494242890610]
	[RSP+1970] 0x0                (size_t) [0]
	[RSP+1978] 0x0                (size_t) [0]
	[RSP+1980] 0xDD73EFAE10       (void*)
	[RSP+1988] 0x7FF8AEC39251     (void* -> tbbmalloc.dll+0019251	xor ecx, ecx)
	[RSP+1990] 0x8906B1E0E5A8     (size_t) [150661847115176]
	[RSP+1998] 0x7478657464616568 (size_t) [8392569456179635560]
	[RSP+19A0] 0x43203A726F727245 (size_t) [4836930262966366789]
	[RSP+19A8] 0x616320746F6E6E61 (size_t) [7017488328831168097]
	[RSP+19B0] 0x6F46646441206C6C (size_t) [8018206568331897964]
	[RSP+19B8] 0x206E6F2029286D72 (size_t) [2336927440572018034]
	[RSP+19C0] 0x6F20656E6F4E2061 (size_t) [8007511662452940897]
	[RSP+19C8] 0x61202C7463656A62 (size_t) [6998642699329170018]
	[RSP+19D0] 0x20676E6974726F62 (size_t) [2334956331019169634]
	[RSP+19D8] 0x6E6F6974636E7566 (size_t) [7957695015192261990]
	[RSP+19E0] 0x74730A6C6C616320 (size_t) [8391061991512433440]
	[RSP+19E8] 0x635B090A3A6B6361 (size_t) [7159325972169974625]
	[RSP+19F0] 0x3045535353474263 (size_t) [3478277904558146147]
	[RSP+19F8] 0x516373694D5F3635 (size_t) [5864658035873363509]
	[RSP+1A00] 0x4546282074736575 (size_t) [4991721356844557685]
	[RSP+1A08] 0x5D29333238463230 (size_t) [6712953010357940784]
	[RSP+1A10] 0x5F46515F4553532E (size_t) [6865264151599731502]
	[RSP+1A18] 0x4553535347426363 (size_t) [4995428028826936163]
	[RSP+1A20] 0x6373694D5F363530 (size_t) [7166187213107377456]
	[RSP+1A28] 0x35305F7473657551 (size_t) [3832668236649166161]
	[RSP+1A30] 0x462E333238303030 (size_t) [5057035722367709232]
	[RSP+1A38] 0x5F746E656D676172 (size_t) [6878243912807833970]
	[RSP+1A40] 0x5322202D20292830 (size_t) [5990385832541366320]
	[RSP+1A48] 0x63635F46515F4553 (size_t) [7161672588066768211]
	[RSP+1A50] 0x3530455353534742 (size_t) [3832639507074860866]
	[RSP+1A58] 0x75516373694D5F36 (size_t) [8453647322890198838]
	[RSP+1A60] 0x303035305F747365 (size_t) [3472333794578821989]
	[RSP+1A68] 0x6373702E33323830 (size_t) [7166194775806326832]
	[RSP+1A70] 0x3220656E694C2022 (size_t) [3611998426038542370]
	[RSP+1A78] 0x3620656E0039     (size_t) [59512768561209]
	[RSP+1A80] 0x0                (size_t) [0]
	[RSP+1A88] 0x7FF600000000     (size_t) [140694538682368]
	[RSP+1A90] 0xDD00000000       (size_t) [949187772416]
	[RSP+1A98] 0x7FF653E7C9CD     (char*) """
	[RSP+1AA0] 0x2BDAE680908      (void*)
	[RSP+1AA8] 0xFFFFFFF8         (size_t) [4294967288]
	[RSP+1AB0] 0x3                (size_t) [3]
	[RSP+1AB8] 0x7FF8AEC33911     (void* -> tbbmalloc.dll+0013911	xor ecx, ecx)
	[RSP+1AC0] 0xDD73EFB490       (void*)
	[RSP+1AC8] 0xDD73EFB4B0       (void*)
	[RSP+1AD0] 0x0                (size_t) [0]
	[RSP+1AD8] 0x0                (size_t) [0]
	[RSP+1AE0] 0xDD73EFAF70       (void*)
	[RSP+1AE8] 0x7FF8AEC39251     (void* -> tbbmalloc.dll+0019251	xor ecx, ecx)
	[RSP+1AF0] 0x8906B1E0E708     (size_t) [150661847115528]
	[RSP+1AF8] 0x3DB0B533         (size_t) [1034990899]
	[RSP+1B00] 0xDD73EFC600       (void*)
	[RSP+1B08] 0xFFFFFFFFFFFFFFFE (size_t) [uint: 18446744073709551614 int: -2]
	[RSP+1B10] 0x0                (size_t) [0]
	[RSP+1B18] 0x2C0A749DF50      (void*)
	[RSP+1B20] 0xFFFFFFFFFFFFFFFE (size_t) [uint: 18446744073709551614 int: -2]
	[RSP+1B28] 0x2C043C69C80      (void*)
	[RSP+1B30] 0x15               (size_t) [21]
	[RSP+1B38] 0x7FF6532B9EB8     (void* -> SkyrimSE.exe+0C29EB8	mov r12, rax)
	[RSP+1B40] 0xBE07             (size_t) [48647]
	[RSP+1B48] 0xDD73EFC600       (void*)
	[RSP+1B50] 0x5                (size_t) [5]
	[RSP+1B58] 0x2C0A749DF58      (void*)
	[RSP+1B60] 0xFFFFFFFFFFFFFFFE (size_t) [uint: 18446744073709551614 int: -2]
	[RSP+1B68] 0x7FF65329520A     (void* -> SkyrimSE.exe+0C0520A	xor eax, eax)
	[RSP+1B70] 0xDD73EFC600       (void*)
	[RSP+1B78] 0xFFFFFFFFFFFFFFFF (size_t) [uint: 18446744073709551615 int: -1]
	[RSP+1B80] 0x5                (size_t) [5]
	[RSP+1B88] 0x2C0A749DF58      (void*)
	[RSP+1B90] 0x0                (size_t) [0]
	[RSP+1B98] 0x7FF6538D0DD8     (void* -> SkyrimSE.exe+1240DD8	nop)
	[RSP+1BA0] 0x7FF6556874A8     (void* -> SkyrimSE.exe+2FF74A8	add [rax], al)
	[RSP+1BA8] 0x15               (size_t) [21]
	[RSP+1BB0] 0xDD73EFB600       (void*)
	[RSP+1BB8] 0x2C00E68AD40      (void*)
	[RSP+1BC0] 0x7FF653EDA370     (char*) "Cannot access an element of a None array"
	[RSP+1BC8] 0x1                (size_t) [1]
	[RSP+1BD0] 0x0                (size_t) [0]
	[RSP+1BD8] 0x0                (size_t) [0]
	[RSP+1BE0] 0x0                (size_t) [0]
	[RSP+1BE8] 0x0                (size_t) [0]
	[RSP+1BF0] 0xFFFFFFFF00000000 (size_t) [uint: 18446744069414584320 int: -4294967296]
	[RSP+1BF8] 0xFFFFFFFF0000024A (size_t) [uint: 18446744069414584906 int: -4294966710]
	[RSP+1C00] 0x2BDAE680908      (void*)
	[RSP+1C08] 0x0                (size_t) [0]
	[RSP+1C10] 0x0                (size_t) [0]
	[RSP+1C18] 0xFFFFFFFFFFFFFFFE (size_t) [uint: 18446744073709551614 int: -2]
	[RSP+1C20] 0xFFFFFFFFFFFFFFFE (size_t) [uint: 18446744073709551614 int: -2]
	[RSP+1C28] 0x7FF8FF50E327     (void* -> dxcore.dll+002E327	mov eax, [rsi-0x10])
	[RSP+1C30] 0xDD73EFDB20       (void*)
	[RSP+1C38] 0x7FF6538C6E9D     (void* -> SkyrimSE.exe+1236E9D	mov ecx, [rdi])
	[RSP+1C40] 0xC32900000014     (size_t) [214580861075476]
	[RSP+1C48] 0x2BDAE6801A0      (void*)
	[RSP+1C50] 0x2C054D59944      (void*)
	[RSP+1C58] 0x300000125        (size_t) [12884902181]
	[RSP+1C60] 0xFFFFFFFFFFFFFFFE (size_t) [uint: 18446744073709551614 int: -2]
	[RSP+1C68] 0xFFFFFFFFFFFFFFFF (size_t) [uint: 18446744073709551615 int: -1]
	[RSP+1C70] 0x0                (size_t) [0]
	[RSP+1C78] 0x1                (size_t) [1]
	[RSP+1C80] 0x2C054D59944      (void*)
	[RSP+1C88] 0x0                (size_t) [0]
	[RSP+1C90] 0x0                (size_t) [0]
	[RSP+1C98] 0x7FF65390DD7B     (void* -> SkyrimSE.exe+127DD7B	jmp 0x00007FF65390DD85)
	[RSP+1CA0] 0x2C054D5994C      (void*)
	[RSP+1CA8] 0x15               (size_t) [21]
	[RSP+1CB0] 0x1                (size_t) [1]
	[RSP+1CB8] 0x7FF653E7C990     (char*) " LEFTMARGIN="{0}""
	[RSP+1CC0] 0xDD73EFB638       (void*)
	[RSP+1CC8] 0x2                (size_t) [2]
	[RSP+1CD0] 0xDD73EF0000       (void*)
	[RSP+1CD8] 0x2C054D59944      (void*)
	[RSP+1CE0] 0xDD00000000       (size_t) [949187772416]
	[RSP+1CE8] 0x7FF653E7C9A0     (char*) """
	[RSP+1CF0] 0x0                (size_t) [0]
	[RSP+1CF8] 0x7FF8FF50E4D8     (void* -> dxcore.dll+002E4D8	lea r11, [rsp+0x90])
	[RSP+1D00] 0xDD73EFB7A0       (void*)
	[RSP+1D08] 0x1                (size_t) [1]
	[RSP+1D10] 0xFFFFFFFFFFFFFFFE (size_t) [uint: 18446744073709551614 int: -2]
	[RSP+1D18] 0x0                (size_t) [0]
	[RSP+1D20] 0xC0050A40         (size_t) [3221555776]
	[RSP+1D28] 0x0                (size_t) [0]
	[RSP+1D30] 0xDD73EFC550       (void*)
	[RSP+1D38] 0xFFFFFFFF0000024A (size_t) [uint: 18446744069414584906 int: -4294966710]
	[RSP+1D40] 0x0                (size_t) [0]
	[RSP+1D48] 0x0                (size_t) [0]
	[RSP+1D50] 0x0                (size_t) [0]
	[RSP+1D58] 0x0                (size_t) [0]
	[RSP+1D60] 0x0                (size_t) [0]
	[RSP+1D68] 0x0                (size_t) [0]
	[RSP+1D70] 0x0                (size_t) [0]
	[RSP+1D78] 0x0                (size_t) [0]
	[RSP+1D80] 0xC329A737775C     (size_t) [214583666505564]
	[RSP+1D88] 0x0                (size_t) [0]
	[RSP+1D90] 0x0                (size_t) [0]
	[RSP+1D98] 0xDD73EFB968       (void*)
	[RSP+1DA0] 0x7FF8FF911C90     (char*) "CreateAllocation"
	[RSP+1DA8] 0x7FF8FF7264AD     (void* -> d3d11.dll+00164AD	mov ebx, eax)
	[RSP+1DB0] 0x0                (size_t) [0]
	[RSP+1DB8] 0x0                (size_t) [0]
	[RSP+1DC0] 0xDD73EFBA20       (void*)
	[RSP+1DC8] 0x2BDBC146068      (void*)
	[RSP+1DD0] 0xDD73EFC438       (void*)
	[RSP+1DD8] 0x7FF8FF726B0F     (void* -> d3d11.dll+0016B0F	mov ebx, eax)
	[RSP+1DE0] 0x0                (size_t) [0]
	[RSP+1DE8] 0x7FF6555B8148     (void* -> SkyrimSE.exe+2F28148	add [rax], al)
	[RSP+1DF0] 0xFFFFFFFFFFFFFFFE (size_t) [uint: 18446744073709551614 int: -2]
	[RSP+1DF8] 0xBD184B4CBECA492C (size_t) [uint: 13625723465599961388 int: -4821020608109590228]
	[RSP+1E00] 0x0                (size_t) [0]
	[RSP+1E08] 0x7FF8FF77F394     (void* -> d3d11.dll+006F394	mov r15d, eax)
	[RSP+1E10] 0x0                (size_t) [0]
	[RSP+1E18] 0x2BDBC146068      (void*)
	[RSP+1E20] 0x7FF6555B80F8     (SkyrimScript::Logger*)
	[RSP+1E28] 0x83404F70         (size_t) [2202029936]
	[RSP+1E30] 0x0                (size_t) [0]
	[RSP+1E38] 0x7FF653E51268     (void* -> SkyrimSE.exe+17C1268	add [rax+0x5E], ch)
	[RSP+1E40] 0xDD73EFB5B0       (void*)
	[RSP+1E48] 0x1                (size_t) [1]
	[RSP+1E50] 0x7FF653E4B100     (void* -> SkyrimSE.exe+17BB100	)
	[RSP+1E58] 0x1002000000021    (size_t) [281612415664161]
	[RSP+1E60] 0xDD73EFB7F3       (char*) "0"
	[RSP+1E68] 0xA                (size_t) [10]
	[RSP+1E70] 0x0                (size_t) [0]
	[RSP+1E78] 0x0                (size_t) [0]
	[RSP+1E80] 0x0                (size_t) [0]
	[RSP+1E88] 0x33A00000000      (size_t) [3547642986496]
	[RSP+1E90] 0x3000000C         (size_t) [805306380]
	[RSP+1E98] 0xDD73EFC4A0       (void*)
	[RSP+1EA0] 0x2                (size_t) [2]
	[RSP+1EA8] 0x7FF8FF726B0F     (void* -> d3d11.dll+0016B0F	mov ebx, eax)
	[RSP+1EB0] 0xFFFFFFFFFFFFFFFE (size_t) [uint: 18446744073709551614 int: -2]
	[RSP+1EB8] 0x1                (size_t) [1]
	[RSP+1EC0] 0xDD73EFDE20       (void*)
	[RSP+1EC8] 0x7FF6538C6E9D     (void* -> SkyrimSE.exe+1236E9D	mov ecx, [rdi])
	[RSP+1ED0] 0x14               (size_t) [20]
	[RSP+1ED8] 0x2BDAE6801A0      (void*)
	[RSP+1EE0] 0x2C043CEFEE4      (void*)
	[RSP+1EE8] 0x2BDBC146068      (void*)
	[RSP+1EF0] 0xFFFFFFFFFFFFFFFE (size_t) [uint: 18446744073709551614 int: -2]
	[RSP+1EF8] 0x7FF6538D1A7F     (void* -> SkyrimSE.exe+1241A7F	cmp [rsi], eax)
	[RSP+1F00] 0xDD73EFC600       (void*)
	[RSP+1F08] 0x1                (size_t) [1]
	[RSP+1F10] 0x2C043CEFEE4      (void*)
	[RSP+1F18] 0x2C0A3FE6000      (char*) "h
"
	[RSP+1F20] 0x0                (size_t) [0]
	[RSP+1F28] 0x7FF65390DD7B     (void* -> SkyrimSE.exe+127DD7B	jmp 0x00007FF65390DD85)
	[RSP+1F30] 0x0                (size_t) [0]
	[RSP+1F38] 0x7FF65390ECD8     (void* -> SkyrimSE.exe+127ECD8	mov rbx, [rax])
	[RSP+1F40] 0x2C0A3FE6080      (void*)
	[RSP+1F48] 0x7FF6555B8148     (void* -> SkyrimSE.exe+2F28148	add [rax], al)
	[RSP+1F50] 0xDD73EFB8C8       (void*)
	[RSP+1F58] 0x1                (size_t) [1]
	[RSP+1F60] 0x0                (size_t) [0]
	[RSP+1F68] 0x2C043CEFEE4      (void*)
	[RSP+1F70] 0xFFFFFFFFFFFFFFFE (size_t) [uint: 18446744073709551614 int: -2]
	[RSP+1F78] 0x0                (size_t) [0]
	[RSP+1F80] 0x0                (size_t) [0]
	[RSP+1F88] 0x83404F70         (size_t) [2202029936]
	[RSP+1F90] 0xDD73EFB978       (void*)
	[RSP+1F98] 0x7FF6538D0043     (void* -> SkyrimSE.exe+1240043	add rsp, 0x78)
	[RSP+1FA0] 0xFFFFFFFFFFFFFFFE (size_t) [uint: 18446744073709551614 int: -2]
	[RSP+1FA8] 0xDD73EFC600       (void*)
	[RSP+1FB0] 0x0                (size_t) [0]
	[RSP+1FB8] 0x0                (size_t) [0]
	[RSP+1FC0] 0xDD73EFB948       (void*)
	[RSP+1FC8] 0xDD73EFB9D0       (void*)
	[RSP+1FD0] 0xFFFFFFFFFFFFFFFE (size_t) [uint: 18446744073709551614 int: -2]
	[RSP+1FD8] 0xFFFFFFFFFFFFFFFE (size_t) [uint: 18446744073709551614 int: -2]
	[RSP+1FE0] 0xDD73EFDF40       (void*)
	[RSP+1FE8] 0x7FF6538C6E9D     (void* -> SkyrimSE.exe+1236E9D	mov ecx, [rdi])
	[RSP+1FF0] 0x14               (size_t) [20]
	[RSP+1FF8] 0x2BDAE6801A0      (void*)
	[RSP+2000] 0x2C3F6285164      (void*)
	[RSP+2008] 0x13F7200000       (size_t) [85750448128]
	[RSP+2010] 0xFFFFFFFFFFFFFFFE (size_t) [uint: 18446744073709551614 int: -2]
	[RSP+2018] 0x2C044467B00      (BSScript::Internal::CodeTasklet*)
		Stack Trace: 
[HM_Quest (FEA39800)].hm_mod.applyCompatibilityOptions() - "zgoycyrvkn" Line 226
[HM_Quest (FEA39800)].hm_mod.Initialize() - "zgoycyrvkn" Line 88
[alias HM_General_Alias on quest HM_Quest (FEA39800)].hm_update.OnPlayerLoadGame() - "lbluicehiaecq" Line 30
[alias HM_General_Alias on quest HM_Quest (FEA39800)].hm_update.OnInit() - "lbluicehiaecq" Line 9

	[RSP+2020] 0xDD73EFCA58       (void*)
	[RSP+2028] 0x1                (size_t) [1]
	[RSP+2030] 0x2C3F6285164      (void*)
	[RSP+2038] 0x2C0A3FE6000      (char*) "h
"
	[RSP+2040] 0x0                (size_t) [0]
	[RSP+2048] 0x7FF65390DD7B     (void* -> SkyrimSE.exe+127DD7B	jmp 0x00007FF65390DD85)
	[RSP+2050] 0x0                (size_t) [0]
	[RSP+2058] 0x7FF65390ECD8     (void* -> SkyrimSE.exe+127ECD8	mov rbx, [rax])
	[RSP+2060] 0x2C0A3FE6080      (void*)
	[RSP+2068] 0xFFFFFFFFFFFFFFFF (size_t) [uint: 18446744073709551615 int: -1]
	[RSP+2070] 0xDD73EFB9E8       (void*)
	[RSP+2078] 0x1                (size_t) [1]
	[RSP+2080] 0xDD73EF0000       (void*)
	[RSP+2088] 0x2C3F6285164      (void*)
	[RSP+2090] 0xFFFFFFFFFFFFFFFE (size_t) [uint: 18446744073709551614 int: -2]
	[RSP+2098] 0x0                (size_t) [0]
	[RSP+20A0] 0x0                (size_t) [0]
	[RSP+20A8] 0x0                (size_t) [0]
	[RSP+20B0] 0x2BD00000000      (size_t) [3010772074496]
	[RSP+20B8] 0x7FF653E7C9A8     (char*) " RIGHTMARGIN="{0}""
	[RSP+20C0] 0xFFFFFFFFFFFFFFFE (size_t) [uint: 18446744073709551614 int: -2]
	[RSP+20C8] 0x2                (size_t) [2]
	[RSP+20D0] 0xDD73EFBB98       (void*)
	[RSP+20D8] 0x7FF653E7C901     (void* -> SkyrimSE.exe+17EC901	add [rax], ah)
	[RSP+20E0] 0xDD00000000       (size_t) [949187772416]
	[RSP+20E8] 0x7FF653E7C9B9     (char*) """
	[RSP+20F0] 0x7FF6535E8D01     (void* -> SkyrimSE.exe+0F58D01	push rdi)
	[RSP+20F8] 0x13F7200000       (size_t) [85750448128]
	[RSP+2100] 0x11579            (size_t) [71033]
	[RSP+2108] 0x0                (size_t) [0]
	[RSP+2110] 0xE10133ADE338     (size_t) [247395278250808]
	[RSP+2118] 0xDD73EFBAD0       (void*)
	[RSP+2120] 0x1                (size_t) [1]
	[RSP+2128] 0xDD73EFC550       (void*)
	[RSP+2130] 0x0                (size_t) [0]
	[RSP+2138] 0x0                (size_t) [0]
	[RSP+2140] 0x0                (size_t) [0]
	[RSP+2148] 0x0                (size_t) [0]
	[RSP+2150] 0xDD73EFBBC0       (void*)
	[RSP+2158] 0x7FF8EE6142F4     (void* -> nvwgf2umx.dll+01A42F4	add rsp, 0x180)
	[RSP+2160] 0x1                (size_t) [1]
	[RSP+2168] 0x1                (size_t) [1]
	[RSP+2170] 0x2                (size_t) [2]
	[RSP+2178] 0x4                (size_t) [4]
	[RSP+2180] 0x0                (size_t) [0]
	[RSP+2188] 0xDDC0050A40       (size_t) [952409328192]
	[RSP+2190] 0x0                (size_t) [0]
	[RSP+2198] 0x1000             (size_t) [4096]
	[RSP+21A0] 0x0                (size_t) [0]
	[RSP+21A8] 0x0                (size_t) [0]
	[RSP+21B0] 0xDD73EFBB48       (void*)
	[RSP+21B8] 0xDD73EFBB70       (void*)
	[RSP+21C0] 0x1F7C00100        (size_t) [8451522816]
	[RSP+21C8] 0xDD73EFBF20       (void*)
	[RSP+21D0] 0xC0050A4000000000 (size_t) [uint: 13836476700159901696 int: -4610267373549649920]
	[RSP+21D8] 0xE10100000001     (size_t) [247394411216897]
	[RSP+21E0] 0x11579            (size_t) [71033]
	[RSP+21E8] 0x13F7200000       (size_t) [85750448128]
	[RSP+21F0] 0x13F7200000       (size_t) [85750448128]
	[RSP+21F8] 0x2BDB0B2D590      (void*)
	[RSP+2200] 0x0                (size_t) [0]
	[RSP+2208] 0x0                (size_t) [0]
	[RSP+2210] 0x11579            (size_t) [71033]
	[RSP+2218] 0x1000000          (size_t) [16777216]
	[RSP+2220] 0x2BDBC570FA8      (void*)
	[RSP+2228] 0xDD73EFC078       (void*)
	[RSP+2230] 0x0                (size_t) [0]
	[RSP+2238] 0x7FF653E51268     (void* -> SkyrimSE.exe+17C1268	add [rax+0x5E], ch)
	[RSP+2240] 0xDD73EFB9B0       (void*)
	[RSP+2248] 0xDD73EFBE01       (void*)
	[RSP+2250] 0x7FF653E4B100     (void* -> SkyrimSE.exe+17BB100	)
	[RSP+2258] 0x1002000000021    (size_t) [281612415664161]
	[RSP+2260] 0xDD73EFBBF3       (char*) "0"
	[RSP+2268] 0x2BC0000000A      (size_t) [3006477107210]
	[RSP+2270] 0x0                (size_t) [0]
	[RSP+2278] 0x7FF800000001     (size_t) [140703128616961]
	[RSP+2280] 0x2C000000001      (void*)
	[RSP+2288] 0x7FF800000000     (size_t) [140703128616960]
	[RSP+2290] 0x30EFBC18         (size_t) [821017624]
	[RSP+2298] 0x0                (size_t) [0]
	[RSP+22A0] 0x0                (size_t) [0]
	[RSP+22A8] 0x7FF8EEDE8557     (void* -> nvwgf2umx.dll+0978557	add rsp, 0x170)
	[RSP+22B0] 0x0                (size_t) [0]
	[RSP+22B8] 0x401              (size_t) [1025]
	[RSP+22C0] 0xE10133ADE058     (size_t) [247395278250072]
	[RSP+22C8] 0x2BDF7D50000      (void*)
	[RSP+22D0] 0xDD73EFBEB0       (void*)
	[RSP+22D8] 0x2BDBC570FA8      (void*)
	[RSP+22E0] 0xDD73EFC550       (void*)
	[RSP+22E8] 0xDD73EFC550       (void*)
	[RSP+22F0] 0x0                (size_t) [0]
	[RSP+22F8] 0x0                (size_t) [0]
	[RSP+2300] 0x2BDB008D760      (void*)
	[RSP+2308] 0x2BDBD829F60      (void*)
	[RSP+2310] 0xC0050A40         (size_t) [3221555776]
	[RSP+2318] 0x7FF8EEFA65FD     (void* -> nvwgf2umx.dll+0B365FD	mov r8, [rsi+0x08])
	[RSP+2320] 0x2C0A9191C00      (void*)
	[RSP+2328] 0x7FF8EEDCA24F     (void* -> nvwgf2umx.dll+095A24F	cmp eax, 0xC0)
	[RSP+2330] 0xDD73EFDE28       (void*)
	[RSP+2338] 0x2C0A9192088      (void*)
	[RSP+2340] 0xDD00000001       (size_t) [949187772417]
	[RSP+2348] 0x7FF8EED84800     (void* -> nvwgf2umx.dll+0914800	call 0x00007FF8EED85360)
	[RSP+2350] 0x2C334EADC90      (void*)
	[RSP+2358] 0x7FF8EE5366B7     (void* -> nvwgf2umx.dll+00C66B7	mov rbx, [rsp+0x108])
	[RSP+2360] 0x0                (size_t) [0]
	[RSP+2368] 0xDD73EFBD59       (void*)
	[RSP+2370] 0x2BDB0B43B38      (void*)
	[RSP+2378] 0xDD73EFBE60       (void*)
	[RSP+2380] 0x0                (size_t) [0]
	[RSP+2388] 0x0                (size_t) [0]
	[RSP+2390] 0x2C334DF8A40      (void*)
	[RSP+2398] 0x2BDFB0A3700      (void*)
	[RSP+23A0] 0x2BDB0B43750      (void*)
	[RSP+23A8] 0x0                (size_t) [0]
	[RSP+23B0] 0x1                (size_t) [1]
	[RSP+23B8] 0x7FF8EE66EC59     (void* -> nvwgf2umx.dll+01FEC59	add rsp, 0x88)
	[RSP+23C0] 0x2C334DF8A40      (void*)
	[RSP+23C8] 0xDD73EFBEB0       (void*)
	[RSP+23D0] 0x0                (size_t) [0]
	[RSP+23D8] 0x2C334DF8A40      (void*)
	[RSP+23E0] 0x2BD00000001      (size_t) [3010772074497]
	[RSP+23E8] 0x7FF8EEFA6300     (void* -> nvwgf2umx.dll+0B36300	add [rax], al)
	[RSP+23F0] 0x1                (size_t) [1]
	[RSP+23F8] 0x7FF653057CAC     (void* -> SkyrimSE.exe+09C7CAC	mov r8d, ebx)
	[RSP+2400] 0xDD73EFBF20       (void*)
	[RSP+2408] 0x7FF653057CAC     (void* -> SkyrimSE.exe+09C7CAC	mov r8d, ebx)
	[RSP+2410] 0xE10133ADE688     (size_t) [247395278251656]
	[RSP+2418] 0xDD73EFBE60       (void*)
	[RSP+2420] 0x0                (size_t) [0]
	[RSP+2428] 0x7FF65305AE69     (void* -> SkyrimSE.exe+09CAE69	mov rbx, [rsp+0x40])
	[RSP+2430] 0x7FF654485E70     (hkContainerHeapAllocator::Allocator*)
	[RSP+2438] 0x7FF65305A755     (void* -> SkyrimSE.exe+09CA755	xor eax, eax)
	[RSP+2440] 0xDD73EFBE08       (void*)
	[RSP+2448] 0x7FF8EE5A49C3     (void* -> nvwgf2umx.dll+01349C3	add rsp, 0x318)
	[RSP+2450] 0x2BDAE680B88      (void*)
	[RSP+2458] 0x2BE65F94300      (hkpContinuousSimulation*)
	[RSP+2460] 0xDD73EFF138       (void*)
	[RSP+2468] 0x7FF653120C0F     (void* -> SkyrimSE.exe+0A90C0F	add rsp, 0x3280)
	[RSP+2470] 0x1                (size_t) [1]
	[RSP+2478] 0xDD73EFBED0       (void*)
	[RSP+2480] 0xDD73EFF138       (void*)
	[RSP+2488] 0x1                (size_t) [1]
	[RSP+2490] 0x3                (size_t) [3]
	[RSP+2498] 0x0                (size_t) [0]
	[RSP+24A0] 0x8000000000000000 (size_t) [uint: 9223372036854775808 int: -9223372036854775808]
	[RSP+24A8] 0x0                (size_t) [0]
	[RSP+24B0] 0xFFFFFFFF00000000 (size_t) [uint: 18446744069414584320 int: -4294967296]
	[RSP+24B8] 0x1                (size_t) [1]
	[RSP+24C0] 0xDD73EFBE88       (void*)
	[RSP+24C8] 0x2                (size_t) [2]
	[RSP+24D0] 0x1                (size_t) [1]
	[RSP+24D8] 0x2BE65F94300      (hkpContinuousSimulation*)
	[RSP+24E0] 0xDD73EFF1B8       (void*)
	[RSP+24E8] 0x7FF653120C0F     (void* -> SkyrimSE.exe+0A90C0F	add rsp, 0x3280)
	[RSP+24F0] 0x1                (size_t) [1]
	[RSP+24F8] 0xDD73EFBF50       (void*)
	[RSP+2500] 0xDD73EFF1B8       (void*)
	[RSP+2508] 0x1                (size_t) [1]
	[RSP+2510] 0xDD73EFC560       (void*)
	[RSP+2518] 0x0                (size_t) [0]
	[RSP+2520] 0x8000000000000000 (size_t) [uint: 9223372036854775808 int: -9223372036854775808]
	[RSP+2528] 0x0                (size_t) [0]
	[RSP+2530] 0xFFFFFFFF00000000 (size_t) [uint: 18446744069414584320 int: -4294967296]
	[RSP+2538] 0x1                (size_t) [1]
	[RSP+2540] 0xDD73EFBF08       (void*)
	[RSP+2548] 0x7FF653057CAC     (void* -> SkyrimSE.exe+09C7CAC	mov r8d, ebx)
	[RSP+2550] 0x1                (size_t) [1]
	[RSP+2558] 0x2BE65F94300      (hkpContinuousSimulation*)
	[RSP+2560] 0xDD73EFF238       (void*)
	[RSP+2568] 0x7FF653120C0F     (void* -> SkyrimSE.exe+0A90C0F	add rsp, 0x3280)
	[RSP+2570] 0x1                (size_t) [1]
	[RSP+2578] 0xDD73EFBFD0       (void*)
	[RSP+2580] 0xDD73EFF238       (void*)
	[RSP+2588] 0x0                (size_t) [0]
	[RSP+2590] 0x2BDAE680B88      (void*)
	[RSP+2598] 0x0                (size_t) [0]
	[RSP+25A0] 0x8000000000000000 (size_t) [uint: 9223372036854775808 int: -9223372036854775808]
	[RSP+25A8] 0x0                (size_t) [0]
	[RSP+25B0] 0xFFFFFFFF00000000 (size_t) [uint: 18446744069414584320 int: -4294967296]
	[RSP+25B8] 0x1                (size_t) [1]
	[RSP+25C0] 0xDD73EFF278       (void*)
	[RSP+25C8] 0x1                (size_t) [1]
	[RSP+25D0] 0x1                (size_t) [1]
	[RSP+25D8] 0x0                (size_t) [0]
	[RSP+25E0] 0x8000000000000000 (size_t) [uint: 9223372036854775808 int: -9223372036854775808]
	[RSP+25E8] 0x0                (size_t) [0]
	[RSP+25F0] 0xFFFFFFFF00000000 (size_t) [uint: 18446744069414584320 int: -4294967296]
	[RSP+25F8] 0x1                (size_t) [1]
	[RSP+2600] 0xDD73EFBFC8       (void*)
	[RSP+2608] 0x0                (size_t) [0]
	[RSP+2610] 0x1                (size_t) [1]
	[RSP+2618] 0x2BE65F94300      (hkpContinuousSimulation*)
	[RSP+2620] 0xDD73EFF2F8       (void*)
	[RSP+2628] 0x7FF653120C0F     (void* -> SkyrimSE.exe+0A90C0F	add rsp, 0x3280)
	[RSP+2630] 0x1                (size_t) [1]
	[RSP+2638] 0xDD73EFC090       (void*)
	[RSP+2640] 0xDD73EFF2F8       (void*)
	[RSP+2648] 0x1                (size_t) [1]
	[RSP+2650] 0x2BDAE680B88      (void*)
	[RSP+2658] 0x0                (size_t) [0]
	[RSP+2660] 0x8000000000000000 (size_t) [uint: 9223372036854775808 int: -9223372036854775808]
	[RSP+2668] 0x0                (size_t) [0]
	[RSP+2670] 0xFFFFFFFF00000000 (size_t) [uint: 18446744069414584320 int: -4294967296]
	[RSP+2678] 0x1                (size_t) [1]
	[RSP+2680] 0xDD73EFC048       (void*)
	[RSP+2688] 0x0                (size_t) [0]
	[RSP+2690] 0x1                (size_t) [1]
	[RSP+2698] 0x2BE65F94300      (hkpContinuousSimulation*)
	[RSP+26A0] 0xDD73EFF378       (void*)
	[RSP+26A8] 0x7FF653120C0F     (void* -> SkyrimSE.exe+0A90C0F	add rsp, 0x3280)
	[RSP+26B0] 0x1                (size_t) [1]
	[RSP+26B8] 0xDD73EFC110       (void*)
	[RSP+26C0] 0xDD73EFF378       (void*)
	[RSP+26C8] 0x0                (size_t) [0]
	[RSP+26D0] 0x1                (size_t) [1]
	[RSP+26D8] 0x0                (size_t) [0]
	[RSP+26E0] 0x8000000000000000 (size_t) [uint: 9223372036854775808 int: -9223372036854775808]
	[RSP+26E8] 0x0                (size_t) [0]
	[RSP+26F0] 0xFFFFFFFF00000000 (size_t) [uint: 18446744069414584320 int: -4294967296]
	[RSP+26F8] 0x1                (size_t) [1]
	[RSP+2700] 0xDD73EFC0C8       (void*)
	[RSP+2708] 0x1                (size_t) [1]
	[RSP+2710] 0x1                (size_t) [1]
	[RSP+2718] 0x2BE00000000      (char*) "P&	"
	[RSP+2720] 0x2BDF7BF1980      (void*)
	[RSP+2728] 0x2BDF7BF02AC      (void*)
	[RSP+2730] 0x1                (size_t) [1]
	[RSP+2738] 0xDD73EFC190       (void*)
	[RSP+2740] 0xDD73EFF3F8       (void*)
	[RSP+2748] 0x30               (size_t) [48]
	[RSP+2750] 0x1                (size_t) [1]
	[RSP+2758] 0x2BDF7BF0DB0      (void*)
	[RSP+2760] 0x8000000000000000 (size_t) [uint: 9223372036854775808 int: -9223372036854775808]
	[RSP+2768] 0x0                (size_t) [0]
	[RSP+2770] 0x0                (size_t) [0]
	[RSP+2778] 0x0                (size_t) [0]
	[RSP+2780] 0x30               (size_t) [48]
	[RSP+2788] 0x2BDF7D50000      (void*)
	[RSP+2790] 0x3                (size_t) [3]
	[RSP+2798] 0x8                (size_t) [8]
	[RSP+27A0] 0x20               (size_t) [32]
	[RSP+27A8] 0x7FF904DAF2A4     (void* -> ntdll.dll+000F2A4	mov rbp, rax)
	[RSP+27B0] 0x2BDF7BF0000      (void*)
	[RSP+27B8] 0xDD00000005       (size_t) [949187772421]
	[RSP+27C0] 0x20               (size_t) [32]
	[RSP+27C8] 0x7FF6538D49FA     (void* -> SkyrimSE.exe+12449FA	test dword ptr [rbx+0x18], 0x80000000)
	[RSP+27D0] 0x2C086B89300      (void*)
	[RSP+27D8] 0xDD73EFEEC0       (void*)
	[RSP+27E0] 0x8000000000000000 (size_t) [uint: 9223372036854775808 int: -9223372036854775808]
	[RSP+27E8] 0x7FF6538D49FA     (void* -> SkyrimSE.exe+12449FA	test dword ptr [rbx+0x18], 0x80000000)
	[RSP+27F0] 0xDD73EFC170       (void*)
	[RSP+27F8] 0xDD73EFEF00       (void*)
	[RSP+2800] 0x2BFEA023790      (BSScript::Internal::CodeTasklet*)
		Stack Trace: 
[TA_ArmorManager_Quest (D1002E23)].ta_armormanager_script.FillProtectionPerkByInverseOfArray() - "TA_ArmorManager_Script.psc" Line 472
[TA_ArmorManager_Quest (D1002E23)].ta_armormanager_script.ManageMaterialPerk() - "TA_ArmorManager_Script.psc" Line 449
[TA_ArmorManager_Quest (D1002E23)].ta_armormanager_script.ManagePerks() - "TA_ArmorManager_Script.psc" Line 431
[TA_ArmorManager_Quest (D1002E23)].ta_armormanager_script.LoadedGame() - "TA_ArmorManager_Script.psc" Line 411
[TA_MCM_Version248_Quest (D10012C5)].ta_mcm_script.OnGameReload() - "TA_MCM_Script.psc" Line 48
[TA_MCM_Version248_Quest (D10012C5)].ta_mcm_script.OnGameReload() - "TA_MCM_Script.psc" Line 41
[TA_MCM_Version248_Quest (D10012C5)].ski_configbase.OnInit() - "SKI_ConfigBase.psc" Line 85

			File: "TrueArmor - Settings Loader.esp"
			Modified by: TrueArmor.esp -> TrueArmor - Settings Loader.esp
			Flags: 0x00400008 kInitialized
			EditorID: "TA_MCM_Version248_Quest"
			FormID: 0xD10012C5
			FormType: Quest (77)
			File: "TrueArmor.esp"
			Flags: 0x00400008 kInitialized
			EditorID: "TA_ArmorManager_Quest"
			FormID: 0xD1002E23
			FormType: Quest (77)
	[RSP+2808] 0x7FF6538D49FA     (void* -> SkyrimSE.exe+12449FA	test dword ptr [rbx+0x18], 0x80000000)
	[RSP+2810] 0x2C0549647C0      (void*)
	[RSP+2818] 0xDD73EFEF20       (void*)
	[RSP+2820] 0x2C044C01170      (BSScript::Internal::CodeTasklet*)
		Stack Trace: 
[LullFishingUpdate (FE0F5884)].Lull_UpdateFishLists.LoopTransferForms() - "Lull_UpdateFishLists.psc" Line 99
[LullFishingUpdate (FE0F5884)].Lull_UpdateFishLists.InjectForms() - "Lull_UpdateFishLists.psc" Line 57
[LullFishingUpdate (FE0F5884)].Lull_UpdateFishLists.OnUpdate() - "Lull_UpdateFishLists.psc" Line 44

	[RSP+2828] 0x7FF600000005     (size_t) [140694538682373]
	[RSP+2830] 0xDD73EFC1B0       (void*)
	[RSP+2838] 0x7FF904DAF164     (void* -> ntdll.dll+000F164	mov r14, rax)
	[RSP+2840] 0x2C0A7AD68E0      (BSScript::Internal::CodeTasklet*)
		Stack Trace: 
[None].rn_utility_global._onConsolidateItems() - "RN_Utility_Global.psc" Line 23
[TCC_Setup (483A9BAF)].RN_Utility_Setup2.OnUpdate() - "RN_Utility_Setup2.psc" Line 135

	[RSP+2848] 0x7FF65390EA38     (void* -> SkyrimSE.exe+127EA38	mov rcx, rax)
	[RSP+2850] 0x2C000000080      (void*)
	[RSP+2858] 0x7FF6538D49FA     (void* -> SkyrimSE.exe+12449FA	test dword ptr [rbx+0x18], 0x80000000)
	[RSP+2860] 0x2C08B5953A0      (void*)
	[RSP+2868] 0xDD73EFEF50       (void*)
	[RSP+2870] 0x1                (size_t) [1]
	[RSP+2878] 0xDD73EFC2D0       (void*)
	[RSP+2880] 0xDD73EFC200       (char*) "P"
	[RSP+2888] 0x1                (size_t) [1]
	[RSP+2890] 0x2C044467B00      (BSScript::Internal::CodeTasklet*)
		Stack Trace: 
[HM_Quest (FEA39800)].hm_mod.applyCompatibilityOptions() - "zgoycyrvkn" Line 226
[HM_Quest (FEA39800)].hm_mod.Initialize() - "zgoycyrvkn" Line 88
[alias HM_General_Alias on quest HM_Quest (FEA39800)].hm_update.OnPlayerLoadGame() - "lbluicehiaecq" Line 30
[alias HM_General_Alias on quest HM_Quest (FEA39800)].hm_update.OnInit() - "lbluicehiaecq" Line 9

	[RSP+2898] 0x7FF65390EA38     (void* -> SkyrimSE.exe+127EA38	mov rcx, rax)
	[RSP+28A0] 0x8000000000000050 (size_t) [uint: 9223372036854775888 int: -9223372036854775728]
	[RSP+28A8] 0x0                (size_t) [0]
	[RSP+28B0] 0xFFFFFFFF00000000 (size_t) [uint: 18446744069414584320 int: -4294967296]
	[RSP+28B8] 0x3                (size_t) [3]
	[RSP+28C0] 0x7FF902457008     (void* -> ucrtbase.dll+0137008	stosb)
	[RSP+28C8] 0x0                (size_t) [0]
	[RSP+28D0] 0xFFFFFFFFFFFFFFFE (size_t) [uint: 18446744073709551614 int: -2]
	[RSP+28D8] 0x7FF653E7CA01     (char*) "ALIGN=""
	[RSP+28E0] 0x2BDB00228C8      (void*)
	[RSP+28E8] 0xFFFFFFFFFFFFFFFE (size_t) [uint: 18446744073709551614 int: -2]
	[RSP+28F0] 0x2C067D92660      (void*)
	[RSP+28F8] 0xBF9B3BD58FF0     (size_t) [210673444687856]
	[RSP+2900] 0x2BDB00228C8      (void*)
	[RSP+2908] 0x2C26F8ACFD0      (void*)
	[RSP+2910] 0xDD73EFC300       (char*) " "
	[RSP+2918] 0x7FF8C9F65CD3     (void* -> FPSFixPlugin.dll+0005CD3	mov rsi, [rsp+0x40])
	[RSP+2920] 0x2C418580E70      (void*)
	[RSP+2928] 0x2BDB0B43750      (void*)
	[RSP+2930] 0xDD73EFC340       (void*)
	[RSP+2938] 0x7FF8C9F6237A     (void* -> FPSFixPlugin.dll+000237A	mov rdi, rax)
	[RSP+2940] 0xDD73EFC2B0       (void*)
	[RSP+2948] 0x7FF6532972DF     (void* -> SkyrimSE.exe+0C072DF	cmp [rdi], eax)
	[RSP+2950] 0x7FF6555B81C0     (void* -> SkyrimSE.exe+2F281C0	add [rax], al)
	[RSP+2958] 0x7FF6555B81A8     (SkyrimScript::HandlePolicy*)
	[RSP+2960] 0x0                (size_t) [0]
	[RSP+2968] 0xDD73EFEF68       (void*)
	[RSP+2970] 0x2C052354670      (void*)
	[RSP+2978] 0x7FF8C9F6E3FC     (void* -> FPSFixPlugin.dll+000E3FC	test rax, rax)
	[RSP+2980] 0x2BDB00228C0      (void*)
	[RSP+2988] 0x20               (size_t) [32]
	[RSP+2990] 0x2C26F8ACFD0      (void*)
	[RSP+2998] 0xFFFF48998EBE     (size_t) [281471899766462]
	[RSP+29A0] 0x20               (size_t) [32]
	[RSP+29A8] 0x7FF8C9F67775     (void* -> FPSFixPlugin.dll+0007775	test rax, rax)
	[RSP+29B0] 0x48998EBE         (size_t) [1218023102]
	[RSP+29B8] 0xBF9B3BD58F30     (size_t) [210673444687664]
	[RSP+29C0] 0xFFFF48998EBE     (size_t) [281471899766462]
	[RSP+29C8] 0x7FF652F92697     (void* -> SkyrimSE.exe+0902697	test rax, rax)
	[RSP+29D0] 0xDD73EFC420       (void*)
	[RSP+29D8] 0x7FF8C9F666D5     (void* -> FPSFixPlugin.dll+00066D5	add rsp, 0x40)
	[RSP+29E0] 0x7FF6555B8100     (void* -> SkyrimSE.exe+2F28100	add [rax], al)
	[RSP+29E8] 0xDD73EFC460       (void*)
	[RSP+29F0] 0x0                (size_t) [0]
	[RSP+29F8] 0x7FF652F93283     (void* -> SkyrimSE.exe+0903283	cmp [rbx], eax)
	[RSP+2A00] 0x2BDB00228C8      (void*)
	[RSP+2A08] 0xFFFFFFFFFFFFFFFE (size_t) [uint: 18446744073709551614 int: -2]
	[RSP+2A10] 0x2C334DF8950      (void*)
	[RSP+2A18] 0xBF9B3BD58E90     (size_t) [210673444687504]
	[RSP+2A20] 0x2BDB00228C8      (void*)
	[RSP+2A28] 0x2C26F8ACFD0      (void*)
	[RSP+2A30] 0xDD73EFC420       (void*)
	[RSP+2A38] 0x7FF8C9F65CD3     (void* -> FPSFixPlugin.dll+0005CD3	mov rsi, [rsp+0x40])
	[RSP+2A40] 0xDD73EFC1B0       (void*)
	[RSP+2A48] 0xB15F259B00000001 (size_t) [uint: 12780975615150915585 int: -5665768458558636031]
	[RSP+2A50] 0xDD73EFC460       (void*)
	[RSP+2A58] 0x7FF8C9F6237A     (void* -> FPSFixPlugin.dll+000237A	mov rdi, rax)
	[RSP+2A60] 0xDD73EFC3D0       (void*)
	[RSP+2A68] 0x7FF6532972DF     (void* -> SkyrimSE.exe+0C072DF	cmp [rdi], eax)
	[RSP+2A70] 0xDD73EFC430       (void*)
	[RSP+2A78] 0x0                (size_t) [0]
	[RSP+2A80] 0xFFFFFFFFFFFFFFFE (size_t) [uint: 18446744073709551614 int: -2]
	[RSP+2A88] 0x2BFF1C4B5C0      (TESGlobal*)
		File: "DBM_RelicNotifications.esp"
		Flags: 0x00000008 kInitialized
		EditorID: "GV_SectionStoreroom"
		FormID: 0x4824230C
		FormType: Global (09)
	[RSP+2A90] 0x3D               (size_t) [61]
	[RSP+2A98] 0x7FF8C9F6264E     (void* -> FPSFixPlugin.dll+000264E	mov rbx, [rsp+0x60])
	[RSP+2AA0] 0x2BDB00228C0      (void*)
	[RSP+2AA8] 0x7FF6555B8100     (void* -> SkyrimSE.exe+2F28100	add [rax], al)
	[RSP+2AB0] 0xDD73EFC580       (void*)
	[RSP+2AB8] 0xFFFFB505CC18     (size_t) [281473718799384]
	[RSP+2AC0] 0x2C334DF8950      (void*)
	[RSP+2AC8] 0x7FF904DAF901     (void* -> ntdll.dll+000F901	)
	[RSP+2AD0] 0xB505CC18         (size_t) [3037056024]
	[RSP+2AD8] 0xBF9B3BD589D0     (size_t) [210673444686288]
	[RSP+2AE0] 0xFFFFB505CC18     (size_t) [281473718799384]
	[RSP+2AE8] 0x7FF652F92697     (void* -> SkyrimSE.exe+0902697	test rax, rax)
	[RSP+2AF0] 0x2C086B76FC0      (void*)
	[RSP+2AF8] 0x3D               (size_t) [61]
	[RSP+2B00] 0x7FF6555B8100     (void* -> SkyrimSE.exe+2F28100	add [rax], al)
	[RSP+2B08] 0xDD73EFC580       (void*)
	[RSP+2B10] 0x0                (size_t) [0]
	[RSP+2B18] 0x7FF652F93283     (void* -> SkyrimSE.exe+0903283	cmp [rbx], eax)
	[RSP+2B20] 0x7FF6555B81B0     (void* -> SkyrimSE.exe+2F281B0	add [rax], al)
	[RSP+2B28] 0xFFFFB505CC18     (size_t) [281473718799384]
	[RSP+2B30] 0xDD73EFC580       (void*)
	[RSP+2B38] 0xFFFFB505CC18     (size_t) [281473718799384]
	[RSP+2B40] 0xDD73EFC4C0       (void*)
	[RSP+2B48] 0x2BDF7BF0E40      (void*)
	[RSP+2B50] 0x2BFEA023790      (BSScript::Internal::CodeTasklet*)
		Stack Trace: 
[TA_ArmorManager_Quest (D1002E23)].ta_armormanager_script.FillProtectionPerkByInverseOfArray() - "TA_ArmorManager_Script.psc" Line 472
[TA_ArmorManager_Quest (D1002E23)].ta_armormanager_script.ManageMaterialPerk() - "TA_ArmorManager_Script.psc" Line 449
[TA_ArmorManager_Quest (D1002E23)].ta_armormanager_script.ManagePerks() - "TA_ArmorManager_Script.psc" Line 431
[TA_ArmorManager_Quest (D1002E23)].ta_armormanager_script.LoadedGame() - "TA_ArmorManager_Script.psc" Line 411
[TA_MCM_Version248_Quest (D10012C5)].ta_mcm_script.OnGameReload() - "TA_MCM_Script.psc" Line 48
[TA_MCM_Version248_Quest (D10012C5)].ta_mcm_script.OnGameReload() - "TA_MCM_Script.psc" Line 41
[TA_MCM_Version248_Quest (D10012C5)].ski_configbase.OnInit() - "SKI_ConfigBase.psc" Line 85

			File: "TrueArmor - Settings Loader.esp"
			Modified by: TrueArmor.esp -> TrueArmor - Settings Loader.esp
			Flags: 0x00400008 kInitialized
			EditorID: "TA_MCM_Version248_Quest"
			FormID: 0xD10012C5
			FormType: Quest (77)
			File: "TrueArmor.esp"
			Flags: 0x00400008 kInitialized
			EditorID: "TA_ArmorManager_Quest"
			FormID: 0xD1002E23
			FormType: Quest (77)
	[RSP+2B58] 0x4C94FBAA         (size_t) [1284832170]
	[RSP+2B60] 0x0                (size_t) [0]
	[RSP+2B68] 0x0                (size_t) [0]
	[RSP+2B70] 0x30               (size_t) [48]
	[RSP+2B78] 0x2BDF7D50000      (void*)
	[RSP+2B80] 0x3                (size_t) [3]
	[RSP+2B88] 0x7FF6555B81B0     (void* -> SkyrimSE.exe+2F281B0	add [rax], al)
	[RSP+2B90] 0xFFFFFFFFFFFFFFFE (size_t) [uint: 18446744073709551614 int: -2]
	[RSP+2B98] 0x7FF904DAF2A4     (void* -> ntdll.dll+000F2A4	mov rbp, rax)
	[RSP+2BA0] 0x2BDF7BF0000      (void*)
	[RSP+2BA8] 0x2C000000008      (void*)
	[RSP+2BB0] 0x20               (size_t) [32]
	[RSP+2BB8] 0x2C000000000      (void*)
	[RSP+2BC0] 0x41000000000000   (size_t) [18295873486192640]
	[RSP+2BC8] 0x10000            (size_t) [65536]
	[RSP+2BD0] 0x0                (size_t) [0]
	[RSP+2BD8] 0x780000000000     (size_t) [131941395333120]
	[RSP+2BE0] 0x10000            (size_t) [65536]
	[RSP+2BE8] 0x0                (size_t) [0]
	[RSP+2BF0] 0xDD73EFF368       (void*)
	[RSP+2BF8] 0x20               (size_t) [32]
	[RSP+2C00] 0x0                (size_t) [0]
	[RSP+2C08] 0x7FF6555B81A8     (SkyrimScript::HandlePolicy*)
	[RSP+2C10] 0x0                (size_t) [0]
	[RSP+2C18] 0x2BDF7D50000      (void*)
	[RSP+2C20] 0xCBF29CE484222325 (size_t) [uint: 14695981039346656037 int: -3750763034362895579]
	[RSP+2C28] 0x7FF904DAF164     (void* -> ntdll.dll+000F164	mov r14, rax)
	[RSP+2C30] 0x2                (size_t) [2]
	[RSP+2C38] 0x7FF6538D49FA     (void* -> SkyrimSE.exe+12449FA	test dword ptr [rbx+0x18], 0x80000000)
	[RSP+2C40] 0x2C3F5C123E0      (void*)
	[RSP+2C48] 0x7FF6538D49FA     (void* -> SkyrimSE.exe+12449FA	test dword ptr [rbx+0x18], 0x80000000)
	[RSP+2C50] 0x2C08B5953A0      (void*)
	[RSP+2C58] 0xDD73EFF348       (void*)
	[RSP+2C60] 0xDD73EFC5E0       (void*)
	[RSP+2C68] 0xFFFFFFFFFFFFFFFF (size_t) [uint: 18446744073709551615 int: -1]
	[RSP+2C70] 0xDD73EFC5F0       (char*) "@"
	[RSP+2C78] 0x7FF65390EA38     (void* -> SkyrimSE.exe+127EA38	mov rcx, rax)
	[RSP+2C80] 0x2C044467B00      (BSScript::Internal::CodeTasklet*)
		Stack Trace: 
[HM_Quest (FEA39800)].hm_mod.applyCompatibilityOptions() - "zgoycyrvkn" Line 226
[HM_Quest (FEA39800)].hm_mod.Initialize() - "zgoycyrvkn" Line 88
[alias HM_General_Alias on quest HM_Quest (FEA39800)].hm_update.OnPlayerLoadGame() - "lbluicehiaecq" Line 30
[alias HM_General_Alias on quest HM_Quest (FEA39800)].hm_update.OnInit() - "lbluicehiaecq" Line 9

	[RSP+2C88] 0x7FF65390EA38     (void* -> SkyrimSE.exe+127EA38	mov rcx, rax)
	[RSP+2C90] 0x2C300000040      (size_t) [3036541878336]
	[RSP+2C98] 0x1                (size_t) [1]
	[RSP+2CA0] 0x0                (size_t) [0]
	[RSP+2CA8] 0x3                (size_t) [3]
	[RSP+2CB0] 0xFFFFFFFFFFFFFFFE (size_t) [uint: 18446744073709551614 int: -2]
	[RSP+2CB8] 0x7FF653E7CA58     (char*) " HEIGHT="{0}""
	[RSP+2CC0] 0xFFFFFFFFFFFFFFFE (size_t) [uint: 18446744073709551614 int: -2]
	[RSP+2CC8] 0x7FFFFFFF00000002 (size_t) [9223372032559808514]
	[RSP+2CD0] 0xDD73EFC798       (void*)
	[RSP+2CD8] 0x7FF653E7CA01     (char*) "ALIGN=""
	[RSP+2CE0] 0xDD00000000       (size_t) [949187772416]
	[RSP+2CE8] 0x7FF653E7CA64     (char*) """
	[RSP+2CF0] 0x7FF6535E8D01     (void* -> SkyrimSE.exe+0F58D01	push rdi)
	[RSP+2CF8] 0x7FF904E7DAD4     (void* -> ntdll.dll+00DDAD4	mov ebx, eax)
	[RSP+2D00] 0xDD73EFC6F0       (char*) " "
	[RSP+2D08] 0x7FF8C9F65CD3     (void* -> FPSFixPlugin.dll+0005CD3	mov rsi, [rsp+0x40])
	[RSP+2D10] 0x6A6F786E73622220 (size_t) [7669481106212790816]
	[RSP+2D18] 0x776579746A617671 (size_t) [8603416204069140081]
	[RSP+2D20] 0xDD73EFC730       (void*)
	[RSP+2D28] 0x7FF8C9F6237A     (void* -> FPSFixPlugin.dll+000237A	mov rdi, rax)
	[RSP+2D30] 0x0                (size_t) [0]
	[RSP+2D38] 0x0                (size_t) [0]
	[RSP+2D40] 0x7FF6555B81C0     (void* -> SkyrimSE.exe+2F281C0	add [rax], al)
	[RSP+2D48] 0x7FF6555B81A8     (SkyrimScript::HandlePolicy*)
	[RSP+2D50] 0x0                (size_t) [0]
	[RSP+2D58] 0xDD73EFF368       (void*)
	[RSP+2D60] 0x2C052354670      (void*)
	[RSP+2D68] 0x7FF8C9F6E3FC     (void* -> FPSFixPlugin.dll+000E3FC	test rax, rax)
	[RSP+2D70] 0x0                (size_t) [0]
	[RSP+2D78] 0x20               (size_t) [32]
	[RSP+2D80] 0x2C26F8ACFD0      (void*)
	[RSP+2D88] 0xFFFFFE05D856     (size_t) [281474943539286]
	[RSP+2D90] 0x20               (size_t) [32]
	[RSP+2D98] 0x7FF8C9F67775     (void* -> FPSFixPlugin.dll+0007775	test rax, rax)
	[RSP+2DA0] 0xFE05D856         (size_t) [4261795926]
	[RSP+2DA8] 0xBF9B3BD58B00     (size_t) [210673444686592]
	[RSP+2DB0] 0xFFFFFE05D856     (size_t) [281474943539286]
	[RSP+2DB8] 0x7FF652F92697     (void* -> SkyrimSE.exe+0902697	test rax, rax)
	[RSP+2DC0] 0xDD73EFC810       (void*)
	[RSP+2DC8] 0x7FF8C9F666D5     (void* -> FPSFixPlugin.dll+00066D5	add rsp, 0x40)
	[RSP+2DD0] 0x7FF6555B8100     (void* -> SkyrimSE.exe+2F28100	add [rax], al)
	[RSP+2DD8] 0xDD73EFC850       (void*)
	[RSP+2DE0] 0x0                (size_t) [0]
	[RSP+2DE8] 0x7FF8AEC33911     (void* -> tbbmalloc.dll+0013911	xor ecx, ecx)
	[RSP+2DF0] 0x2BDB00228C8      (void*)
	[RSP+2DF8] 0xFFFFFFFFFFFFFFFE (size_t) [uint: 18446744073709551614 int: -2]
	[RSP+2E00] 0x2C051F54AF0      (void*)
	[RSP+2E08] 0xBF9B3BD58AE0     (size_t) [210673444686560]
	[RSP+2E10] 0x2BDB00228C8      (void*)
	[RSP+2E18] 0x2C26F8ACFD0      (void*)
	[RSP+2E20] 0xDD73EFC810       (void*)
	[RSP+2E28] 0x7FF8C9F65CD3     (void* -> FPSFixPlugin.dll+0005CD3	mov rsi, [rsp+0x40])
	[RSP+2E30] 0x2BE66355DD8      (void*)
	[RSP+2E38] 0x2BE66355DB8      (void*)
	[RSP+2E40] 0xDD73EFC850       (void*)
	[RSP+2E48] 0x7FF8C9F6237A     (void* -> FPSFixPlugin.dll+000237A	mov rdi, rax)
	[RSP+2E50] 0xDD73EFC7C0       (void*)
	[RSP+2E58] 0x7FF6532972DF     (void* -> SkyrimSE.exe+0C072DF	cmp [rdi], eax)
	[RSP+2E60] 0xDD73EFC820       (void*)
	[RSP+2E68] 0x0                (size_t) [0]
	[RSP+2E70] 0xFFFFFFFFFFFFFFFE (size_t) [uint: 18446744073709551614 int: -2]
	[RSP+2E78] 0x2C00BBF1800      (BGSPerk*)
		File: "Vokriinator Black.esp"
		Modified by: Ordinator - Perks of Skyrim.esp -> Vokriinator Black.esp
		Flags: 0x00400008 kInitialized
		Name: "Aurification"
		FormID: 0xB701D0CD
		FormType: Perk (92)
		GetFullName: "Aurification"
	[RSP+2E80] 0x3D               (size_t) [61]
	[RSP+2E88] 0x7FF8C9F6264E     (void* -> FPSFixPlugin.dll+000264E	mov rbx, [rsp+0x60])
	[RSP+2E90] 0x2BDB00228C0      (void*)
	[RSP+2E98] 0x7FF6555B8100     (void* -> SkyrimSE.exe+2F28100	add [rax], al)
	[RSP+2EA0] 0xDD73EFC970       (void*)
	[RSP+2EA8] 0xFFFFFE20B83B     (size_t) [281474945300539]
	[RSP+2EB0] 0x2C051F54AF0      (void*)
	[RSP+2EB8] 0x1                (size_t) [1]
	[RSP+2EC0] 0xFE20B83B         (size_t) [4263557179]
	[RSP+2EC8] 0x7FF652F94469     (void* -> SkyrimSE.exe+0904469	mov ecx, [rdi+0x04])
	[RSP+2ED0] 0x2C499B7A2C0      (void*)
	[RSP+2ED8] 0x7FF6527C2BEA     (void* -> SkyrimSE.exe+0132BEA	mov ebp, eax)
	[RSP+2EE0] 0x3                (size_t) [3]
	[RSP+2EE8] 0x3D               (size_t) [61]
	[RSP+2EF0] 0x7FF6555B81C0     (void* -> SkyrimSE.exe+2F281C0	add [rax], al)
	[RSP+2EF8] 0x7FF6555B81F0     (void* -> SkyrimSE.exe+2F281F0	add [rax], al)
	[RSP+2F00] 0xFFFFFE14D89B     (size_t) [281474944522395]
	[RSP+2F08] 0x7FF652F93283     (void* -> SkyrimSE.exe+0903283	cmp [rbx], eax)
	[RSP+2F10] 0x14               (size_t) [20]
	[RSP+2F18] 0x7FF6555B81B0     (void* -> SkyrimSE.exe+2F281B0	add [rax], al)
	[RSP+2F20] 0xFFFFFE14D89B     (size_t) [281474944522395]
	[RSP+2F28] 0xFFFFFE14D89B     (size_t) [281474944522395]
	[RSP+2F30] 0xDD73EFC8A1       (void*)
	[RSP+2F38] 0xDD73EFCD50       (void*)
	[RSP+2F40] 0x1A3F5E1D4        (size_t) [7045767636]
	[RSP+2F48] 0xE5187928E5187928 (size_t) [uint: 16508077650675792168 int: -1938666423033759448]
	[RSP+2F50] 0xE5187928FFFFFFFE (size_t) [uint: 16508077651127173118 int: -1938666422582378498]
	[RSP+2F58] 0xFFFFFFFFE5187928 (size_t) [uint: 18446744073258170664 int: -451380952]
	[RSP+2F60] 0x2BDAE6801A0      (void*)
	[RSP+2F68] 0x7FF6532B9EB8     (void* -> SkyrimSE.exe+0C29EB8	mov r12, rax)
	[RSP+2F70] 0xFFFFFFFF00000014 (size_t) [uint: 18446744069414584340 int: -4294967276]
	[RSP+2F78] 0x7FF6555B81B0     (void* -> SkyrimSE.exe+2F281B0	add [rax], al)
	[RSP+2F80] 0xFFFFFFFFFFFFFFFE (size_t) [uint: 18446744073709551614 int: -2]
	[RSP+2F88] 0x7FF6532B9EB8     (void* -> SkyrimSE.exe+0C29EB8	mov r12, rax)
	[RSP+2F90] 0xFFFFFFFFFFFFFFFE (size_t) [uint: 18446744073709551614 int: -2]
	[RSP+2F98] 0x0                (size_t) [0]
	[RSP+2FA0] 0x2BDAE6801A0      (void*)
	[RSP+2FA8] 0x7FF6532B9EB8     (void* -> SkyrimSE.exe+0C29EB8	mov r12, rax)
	[RSP+2FB0] 0xDD73EFEED8       (void*)
	[RSP+2FB8] 0x2C0A7B1D774      (void*)
	[RSP+2FC0] 0x2BDAE680908      (void*)
	[RSP+2FC8] 0x7FF6538C6D9F     (void* -> SkyrimSE.exe+1236D9F	jmp 0x00007FF6538C6E29)
	[RSP+2FD0] 0xFFFFFFFFFFFFFFFE (size_t) [uint: 18446744073709551614 int: -2]
	[RSP+2FD8] 0x2BDAE6801A0      (void*)
	[RSP+2FE0] 0x2BFEA023790      (BSScript::Internal::CodeTasklet*)
		Stack Trace: 
[TA_ArmorManager_Quest (D1002E23)].ta_armormanager_script.FillProtectionPerkByInverseOfArray() - "TA_ArmorManager_Script.psc" Line 472
[TA_ArmorManager_Quest (D1002E23)].ta_armormanager_script.ManageMaterialPerk() - "TA_ArmorManager_Script.psc" Line 449
[TA_ArmorManager_Quest (D1002E23)].ta_armormanager_script.ManagePerks() - "TA_ArmorManager_Script.psc" Line 431
[TA_ArmorManager_Quest (D1002E23)].ta_armormanager_script.LoadedGame() - "TA_ArmorManager_Script.psc" Line 411
[TA_MCM_Version248_Quest (D10012C5)].ta_mcm_script.OnGameReload() - "TA_MCM_Script.psc" Line 48
[TA_MCM_Version248_Quest (D10012C5)].ta_mcm_script.OnGameReload() - "TA_MCM_Script.psc" Line 41
[TA_MCM_Version248_Quest (D10012C5)].ski_configbase.OnInit() - "SKI_ConfigBase.psc" Line 85

			File: "TrueArmor - Settings Loader.esp"
			Modified by: TrueArmor.esp -> TrueArmor - Settings Loader.esp
			Flags: 0x00400008 kInitialized
			EditorID: "TA_MCM_Version248_Quest"
			FormID: 0xD10012C5
			FormType: Quest (77)
			File: "TrueArmor.esp"
			Flags: 0x00400008 kInitialized
			EditorID: "TA_ArmorManager_Quest"
			FormID: 0xD1002E23
			FormType: Quest (77)
	[RSP+2FE8] 0x2BDAE680908      (void*)
	[RSP+2FF0] 0xFFFFFFFFFFFFFFFE (size_t) [uint: 18446744073709551614 int: -2]
	[RSP+2FF8] 0xDD73EFEED8       (void*)
	[RSP+3000] 0xDD73EFEED8       (void*)
	[RSP+3008] 0x7FF6538C6E9D     (void* -> SkyrimSE.exe+1236E9D	mov ecx, [rdi])
	[RSP+3010] 0x2BFCA4E2780      (void*)
	[RSP+3018] 0x7FF6538C710E     (void* -> SkyrimSE.exe+123710E	nop)
	[RSP+3020] 0x2C49994792C      (void*)
	[RSP+3028] 0x0                (size_t) [0]
	[RSP+3030] 0xFFFFFFFFFFFFFFFE (size_t) [uint: 18446744073709551614 int: -2]
	[RSP+3038] 0x2BDAE6801A0      (void*)
	[RSP+3040] 0xFFFFFFFFFFFFFFFE (size_t) [uint: 18446744073709551614 int: -2]
	[RSP+3048] 0x7FF6538C6E9D     (void* -> SkyrimSE.exe+1236E9D	mov ecx, [rdi])
	[RSP+3050] 0x2C499947924      (void*)
	[RSP+3058] 0x7FF6538C6DDA     (void* -> SkyrimSE.exe+1236DDA	jmp 0x00007FF6538C6E29)
	[RSP+3060] 0x2BDAE6801A0      (void*)
	[RSP+3068] 0x2BDAE680908      (void*)
	[RSP+3070] 0xFFFFFFFFFFFFFFFE (size_t) [uint: 18446744073709551614 int: -2]
	[RSP+3078] 0xDD00000015       (size_t) [949187772437]
	[RSP+3080] 0xFFFFFFFFFFFFFFFE (size_t) [uint: 18446744073709551614 int: -2]
	[RSP+3088] 0x1                (size_t) [1]
	[RSP+3090] 0xDD73EFEF68       (void*)
	[RSP+3098] 0x7FF6538C6E9D     (void* -> SkyrimSE.exe+1236E9D	mov ecx, [rdi])
	[RSP+30A0] 0x2BF00000014      (void*)
	[RSP+30A8] 0x2BDAE6801A0      (void*)
	[RSP+30B0] 0x2C3F5C11674      (void*)
	[RSP+30B8] 0x7FF600000015     (size_t) [140694538682389]
	[RSP+30C0] 0xFFFFFFFFFFFFFFFE (size_t) [uint: 18446744073709551614 int: -2]
	[RSP+30C8] 0x2C15A006260      (void*)
	[RSP+30D0] 0xDD73EFCA48       (void*)
	[RSP+30D8] 0x1                (size_t) [1]
	[RSP+30E0] 0x2C3F5C11674      (void*)
	[RSP+30E8] 0x0                (size_t) [0]
	[RSP+30F0] 0x0                (size_t) [0]
	[RSP+30F8] 0x7FF65390DD7B     (void* -> SkyrimSE.exe+127DD7B	jmp 0x00007FF65390DD85)
	[RSP+3100] 0x2C3F5C1167C      (void*)
	[RSP+3108] 0x15               (size_t) [21]
	[RSP+3110] 0x0                (size_t) [0]
	[RSP+3118] 0x2BFBE481D00      (void*)
	[RSP+3120] 0xDD73EFCA98       (void*)
	[RSP+3128] 0x7FF653690721     (void* -> SkyrimSE.exe+1000721	mov rcx, rax)
	[RSP+3130] 0xFFFFFFFFFFFF0000 (size_t) [uint: 18446744073709486080 int: -65536]
	[RSP+3138] 0x2C3F5C11674      (void*)
	[RSP+3140] 0x0                (size_t) [0]
	[RSP+3148] 0x2C4356D2E20      (void*)
	[RSP+3150] 0x0                (size_t) [0]
	[RSP+3158] 0x7FF65370044D     (void* -> SkyrimSE.exe+107044D	mov rbx, [rsp+0x50])
	[RSP+3160] 0x2C4356D3000      (void*)
	[RSP+3168] 0xFFFFFFFFFFFFFFFF (size_t) [uint: 18446744073709551615 int: -1]
	[RSP+3170] 0xFFFFFFFFFFFFFFFE (size_t) [uint: 18446744073709551614 int: -2]
	[RSP+3178] 0x7FF65368FD20     (void* -> SkyrimSE.exe+0FFFD20	jmp 0x00007FF65368FD2D)
	[RSP+3180] 0x8                (size_t) [8]
	[RSP+3188] 0x2C4356D2E20      (void*)
	[RSP+3190] 0x0                (size_t) [0]
	[RSP+3198] 0x2C4356D2E20      (void*)
	[RSP+31A0] 0x2C429973000      (void*)
	[RSP+31A8] 0x7FF65368FDCC     (void* -> SkyrimSE.exe+0FFFDCC	sub qword ptr [rdi+0x20], 0x01)
	[RSP+31B0] 0x0                (size_t) [0]
	[RSP+31B8] 0x2C4356D2E20      (void*)
	[RSP+31C0] 0x2BE7341D0C0      (void*)
	[RSP+31C8] 0x2C4356D2E20      (void*)
	[RSP+31D0] 0x2C4356CA2E0      (void*)
	[RSP+31D8] 0x7FF6535D7445     (void* -> SkyrimSE.exe+0F47445	mov rbx, [rsp+0x30])
	[RSP+31E0] 0x6DB8B0588000000  (size_t) [494141440000000000]
	[RSP+31E8] 0x80000000         (size_t) [2147483648]
	[RSP+31F0] 0x17               (size_t) [23]
	[RSP+31F8] 0xF                (size_t) [15]
	[RSP+3200] 0xDD73EFE1E0       (void*)
	[RSP+3208] 0x7FF653564E41     (void* -> SkyrimSE.exe+0ED4E41	mov r14, [rsp+0x68])
	[RSP+3210] 0xF                (size_t) [15]
	[RSP+3218] 0xDD73EFE340       (void*)
	[RSP+3220] 0x2C094AF4BF0      (char*) "WidgetContainer"
	[RSP+3228] 0xDD73EFCDB0       (void*)
	[RSP+3230] 0x2C4356D2E2C      (void*)
	[RSP+3238] 0x8                (size_t) [8]
	[RSP+3240] 0x2C094AF4BF0      (char*) "WidgetContainer"
	[RSP+3248] 0xF                (size_t) [15]
	[RSP+3250] 0xDD73EFE1E0       (void*)
	[RSP+3258] 0xFFFFFFFFFFFFFFFF (size_t) [uint: 18446744073709551615 int: -1]
	[RSP+3260] 0x2C40CE1C800      (void*)
	[RSP+3268] 0x7FF65359B786     (void* -> SkyrimSE.exe+0F0B786	mov rbx, [rsp+0x470])
	[RSP+3270] 0xDD73EFE340       (void*)
	[RSP+3278] 0x2C044465CB0      (BSScript::Internal::CodeTasklet*)
		Stack Trace: 
[None].rn_utility_global._onConsolidateItems() - "RN_Utility_Global.psc" Line 40
[TCC_SM_Velothi (FE69D800)].TCC_CustomPatchScript.OnUpdate() - "TCC_CustomPatchScript.psc" Line 0

	[RSP+3280] 0x2BDAE680908      (void*)
	[RSP+3288] 0x0                (size_t) [0]
	[RSP+3290] 0xDD73EFF248       (void*)
	[RSP+3298] 0x2C362577340      (void*)
	[RSP+32A0] 0x80000002         (size_t) [2147483650]
	[RSP+32A8] 0x0                (size_t) [0]
	[RSP+32B0] 0xDD73EFCE30       (void*)
	[RSP+32B8] 0x7FF6538C4479     (void* -> SkyrimSE.exe+1234479	mfence)
	[RSP+32C0] 0x2BDAE680100      (void*)
	[RSP+32C8] 0xFFFFFE05D856     (size_t) [281474943539286]
	[RSP+32D0] 0xF                (size_t) [15]
	[RSP+32D8] 0x7FF8EF37A958     (void* -> nvwgf2umx.dll+0F0A958	test rax, rax)
	[RSP+32E0] 0x2BFCB434400      (void*)
	[RSP+32E8] 0x7FF6538C710E     (void* -> SkyrimSE.exe+123710E	nop)
	[RSP+32F0] 0x2C054D5B4CC      (void*)
	[RSP+32F8] 0x0                (size_t) [0]
	[RSP+3300] 0x2BDAE6801A0      (void*)
	[RSP+3308] 0x7FF6532B9EB8     (void* -> SkyrimSE.exe+0C29EB8	mov r12, rax)
	[RSP+3310] 0xFFFFFFFFFFFFFFFE (size_t) [uint: 18446744073709551614 int: -2]
	[RSP+3318] 0x2C1591D7874      (void*)
	[RSP+3320] 0x2C054D5B4C4      (void*)
	[RSP+3328] 0x7FF6538C6DDA     (void* -> SkyrimSE.exe+1236DDA	jmp 0x00007FF6538C6E29)
	[RSP+3330] 0x2BDAE6801A0      (void*)
	[RSP+3338] 0x2BDAE680908      (void*)
	[RSP+3340] 0xFFFFFFFFFFFFFFFE (size_t) [uint: 18446744073709551614 int: -2]
	[RSP+3348] 0x2BDAE680908      (void*)
	[RSP+3350] 0xDD73EFF248       (void*)
	[RSP+3358] 0x7FF6538C6E9D     (void* -> SkyrimSE.exe+1236E9D	mov ecx, [rdi])
	[RSP+3360] 0xDD00000014       (size_t) [949187772436]
	[RSP+3368] 0x2BDAE6801A0      (void*)
	[RSP+3370] 0x2C49A37CBE4      (void*)
	[RSP+3378] 0x2BDAE6801A0      (void*)
	[RSP+3380] 0xFFFFFFFFFFFFFFFE (size_t) [uint: 18446744073709551614 int: -2]
	[RSP+3388] 0x7FF65390DD7B     (void* -> SkyrimSE.exe+127DD7B	jmp 0x00007FF65390DD85)
	[RSP+3390] 0xFFFFFFFFFFFFFFFE (size_t) [uint: 18446744073709551614 int: -2]
	[RSP+3398] 0x2C49A199210      (BSScript::Internal::CodeTasklet*)
		Stack Trace: 
[None].rn_utility_global._onConsolidateDisplaysAll() - "RN_Utility_Global.psc" Line 61
[TCC_SM_KA (FE14E802)].RN_SupportedMod_Script.OnUpdate() - "RN_SupportedMod_Script.psc" Line 0

	[RSP+33A0] 0x2BDAE680908      (void*)
	[RSP+33A8] 0x0                (size_t) [0]
	[RSP+33B0] 0xDD73EFF368       (void*)
	[RSP+33B8] 0x2C0A3DDB310      (void*)
	[RSP+33C0] 0x80000002         (size_t) [2147483650]
	[RSP+33C8] 0x0                (size_t) [0]
	[RSP+33D0] 0xDD73EFCF50       (void*)
	[RSP+33D8] 0x7FF6538C4479     (void* -> SkyrimSE.exe+1234479	mfence)
	[RSP+33E0] 0xDD73EFCD00       (void*)
	[RSP+33E8] 0xFFFFFE14D89B     (size_t) [281474944522395]
	[RSP+33F0] 0xDD73EF0000       (void*)
	[RSP+33F8] 0x2C49A37CBE4      (void*)
	[RSP+3400] 0x2BFCA4E2780      (void*)
	[RSP+3408] 0x7FF6538C710E     (void* -> SkyrimSE.exe+123710E	nop)
	[RSP+3410] 0x2C49994794C      (void*)
	[RSP+3418] 0x0                (size_t) [0]
	[RSP+3420] 0x0                (size_t) [0]
	[RSP+3428] 0x7FF6532B9EB8     (void* -> SkyrimSE.exe+0C29EB8	mov r12, rax)
	[RSP+3430] 0xFFFFFFFFFFFFFFFE (size_t) [uint: 18446744073709551614 int: -2]
	[RSP+3438] 0x2C3F6285234      (void*)
	[RSP+3440] 0x2C499947944      (void*)
	[RSP+3448] 0x7FF6538C6DDA     (void* -> SkyrimSE.exe+1236DDA	jmp 0x00007FF6538C6E29)
	[RSP+3450] 0x2BDAE6801A0      (void*)
	[RSP+3458] 0x2BDAE680908      (void*)
	[RSP+3460] 0xFFFFFFFFFFFFFFFE (size_t) [uint: 18446744073709551614 int: -2]
	[RSP+3468] 0x2BDAE680908      (void*)
	[RSP+3470] 0xFFFFFFFFFFFFFFFE (size_t) [uint: 18446744073709551614 int: -2]
	[RSP+3478] 0x7FF6538C6E9D     (void* -> SkyrimSE.exe+1236E9D	mov ecx, [rdi])
	[RSP+3480] 0xDD73EFF368       (void*)
	[RSP+3488] 0x7FF6538C6E9D     (void* -> SkyrimSE.exe+1236E9D	mov ecx, [rdi])
	[RSP+3490] 0x2BF00000014      (void*)
	[RSP+3498] 0x2BDAE6801A0      (void*)
	[RSP+34A0] 0x2C3F5C11664      (void*)
	[RSP+34A8] 0x7FF6538C5AAB     (void* -> SkyrimSE.exe+1235AAB	nop)
	[RSP+34B0] 0xFFFFFFFFFFFFFFFE (size_t) [uint: 18446744073709551614 int: -2]
	[RSP+34B8] 0x1                (size_t) [1]
	[RSP+34C0] 0x2C054AD1914      (void*)
	[RSP+34C8] 0x1                (size_t) [1]
	[RSP+34D0] 0x2C3F5C11664      (void*)
	[RSP+34D8] 0x0                (size_t) [0]
	[RSP+34E0] 0x0                (size_t) [0]
	[RSP+34E8] 0x7FF65390DD7B     (void* -> SkyrimSE.exe+127DD7B	jmp 0x00007FF65390DD85)
	[RSP+34F0] 0x2C3F5C1166C      (void*)
	[RSP+34F8] 0x2C000000015      (void*)
	[RSP+3500] 0x1                (size_t) [1]
	[RSP+3508] 0x2BFBE481D00      (void*)
	[RSP+3510] 0xDD73EFCE88       (void*)
	[RSP+3518] 0x2C054AD1914      (void*)
	[RSP+3520] 0x0                (size_t) [0]
	[RSP+3528] 0x2C3F5C11664      (void*)
	[RSP+3530] 0x0                (size_t) [0]
	[RSP+3538] 0x7FF654499CF2     (void* -> SkyrimSE.exe+1E09CF2	add [rax], al)
	[RSP+3540] 0x0                (size_t) [0]
	[RSP+3548] 0x7FF65368DD8E     (void* -> SkyrimSE.exe+0FFDD8E	mov rcx, r14)
	[RSP+3550] 0xFFFFFFFFFFFFFFFE (size_t) [uint: 18446744073709551614 int: -2]
	[RSP+3558] 0x10               (size_t) [16]
	[RSP+3560] 0xFFFFFFFFFFFFFFFE (size_t) [uint: 18446744073709551614 int: -2]
	[RSP+3568] 0x7FF65361D4B8     (void* -> SkyrimSE.exe+0F8D4B8	test rax, rax)
	[RSP+3570] 0x4                (size_t) [4]
	[RSP+3578] 0x7FF6536B8178     (void* -> SkyrimSE.exe+1028178	mov [rbx], rax)
	[RSP+3580] 0x2C059752E30      (void*)
	[RSP+3588] 0xDD73EFD070       (void*)
	[RSP+3590] 0x2C059752E30      (void*)
	[RSP+3598] 0x7FF65367C510     (void* -> SkyrimSE.exe+0FEC510	test al, al)
	[RSP+35A0] 0x2C059752E30      (void*)
	[RSP+35A8] 0x7FF6536B8487     (void* -> SkyrimSE.exe+1028487	mov [rdi+0x08], rbx)
	[RSP+35B0] 0x1                (size_t) [1]
	[RSP+35B8] 0x0                (size_t) [0]
	[RSP+35C0] 0x2C487B69460      (void*)
	[RSP+35C8] 0x7FF600000002     (size_t) [140694538682370]
	[RSP+35D0] 0x2C059752E30      (void*)
	[RSP+35D8] 0x7FF6536B5876     (void* -> SkyrimSE.exe+1025876	cmp rbx, r15)
	[RSP+35E0] 0x1                (size_t) [1]
	[RSP+35E8] 0x0                (size_t) [0]
	[RSP+35F0] 0xFFFFFFFFFFFFFFFF (size_t) [uint: 18446744073709551615 int: -1]
	[RSP+35F8] 0xDD73EFD070       (void*)
	[RSP+3600] 0x1                (size_t) [1]
	[RSP+3608] 0x7FF6536B973B     (void* -> SkyrimSE.exe+102973B	mov r13, [rbp])
	[RSP+3610] 0x2C059752280      (void*)
	[RSP+3618] 0x0                (size_t) [0]
	[RSP+3620] 0x0                (size_t) [0]
	[RSP+3628] 0xFFFFFFFFFFFFFFFF (size_t) [uint: 18446744073709551615 int: -1]
	[RSP+3630] 0x2C059752E10      (void*)
	[RSP+3638] 0x7FF6536B8872     (void* -> SkyrimSE.exe+1028872	mov rbx, [rdi+0x38])
	[RSP+3640] 0x0                (size_t) [0]
	[RSP+3648] 0x0                (size_t) [0]
	[RSP+3650] 0x1                (size_t) [1]
	[RSP+3658] 0x0                (size_t) [0]
	[RSP+3660] 0x2C059752E30      (void*)
	[RSP+3668] 0x2C059752E30      (void*)
	[RSP+3670] 0xFFFFFFFFFFFFFFFF (size_t) [uint: 18446744073709551615 int: -1]
	[RSP+3678] 0x2C059752E10      (void*)
	[RSP+3680] 0x1                (size_t) [1]
	[RSP+3688] 0x7FF65367D29A     (void* -> SkyrimSE.exe+0FED29A	mov qword ptr [rbx+0x08], 0x00)
	[RSP+3690] 0x2C05974CCC0      (char*) "&"
	[RSP+3698] 0x7FF65367AEEC     (void* -> SkyrimSE.exe+0FEAEEC	mov rax, r14)
	[RSP+36A0] 0x1                (size_t) [1]
	[RSP+36A8] 0x7FF65367C0D2     (void* -> SkyrimSE.exe+0FEC0D2	test al, al)
	[RSP+36B0] 0x1                (size_t) [1]
	[RSP+36B8] 0x7FF654499CF2     (void* -> SkyrimSE.exe+1E09CF2	add [rax], al)
	[RSP+36C0] 0x2C0861AC5E0      (void*)
	[RSP+36C8] 0x7FF654499CF2     (void* -> SkyrimSE.exe+1E09CF2	add [rax], al)
	[RSP+36D0] 0x2C059748F70      (void*)
	[RSP+36D8] 0x4                (size_t) [4]
	[RSP+36E0] 0x0                (size_t) [0]
	[RSP+36E8] 0x0                (size_t) [0]
	[RSP+36F0] 0x2BE734251A0      (void*)
	[RSP+36F8] 0x2C059752E10      (void*)
	[RSP+3700] 0x2C0861AEFA0      (void*)
	[RSP+3708] 0x2C0861AC5E0      (void*)
	[RSP+3710] 0xDD73EFD2B0       (void*)
	[RSP+3718] 0x7FF65361D4B8     (void* -> SkyrimSE.exe+0F8D4B8	test rax, rax)
	[RSP+3720] 0x0                (size_t) [0]
	[RSP+3728] 0x2C05974CCC0      (char*) "&"
	[RSP+3730] 0x1                (size_t) [1]
	[RSP+3738] 0x1                (size_t) [1]
	[RSP+3740] 0xFFFFFFFF         (size_t) [4294967295]
	[RSP+3748] 0x0                (size_t) [0]
	[RSP+3750] 0x7FF654499CF0     (void* -> SkyrimSE.exe+1E09CF0	add [rax], al)
	[RSP+3758] 0x0                (size_t) [0]
	[RSP+3760] 0x10B6095F53A7     (size_t) [18374027334567]
	[RSP+3768] 0x2BE73429020      (void*)
	[RSP+3770] 0x2C487B69460      (void*)
	[RSP+3778] 0x7FF65367CAD2     (void* -> SkyrimSE.exe+0FECAD2	test al, al)
	[RSP+3780] 0x2E               (size_t) [46]
	[RSP+3788] 0x2C059748F70      (void*)
	[RSP+3790] 0x2C059748F70      (void*)
	[RSP+3798] 0x2C059752D20      (void*)
	[RSP+37A0] 0xDD73EFD960       (void*)
	[RSP+37A8] 0x8000             (size_t) [32768]
	[RSP+37B0] 0x2C059752D20      (void*)
	[RSP+37B8] 0x7FF6536B8872     (void* -> SkyrimSE.exe+1028872	mov rbx, [rdi+0x38])
	[RSP+37C0] 0xDD73EFD2B0       (void*)
	[RSP+37C8] 0x7FF65367C0D2     (void* -> SkyrimSE.exe+0FEC0D2	test al, al)
	[RSP+37D0] 0xDD73EFD2A0       (void*)
	[RSP+37D8] 0x0                (size_t) [0]
	[RSP+37E0] 0x1                (size_t) [1]
	[RSP+37E8] 0x2C435690B12      (void*)
	[RSP+37F0] 0x6                (size_t) [6]
	[RSP+37F8] 0x7FF65367C984     (void* -> SkyrimSE.exe+0FEC984	mov r14, [rsp+0x50])
	[RSP+3800] 0x0                (size_t) [0]
	[RSP+3808] 0x0                (size_t) [0]
	[RSP+3810] 0x3FE0000000000000 (size_t) [4602678819172646912]
	[RSP+3818] 0x0                (size_t) [0]
	[RSP+3820] 0x0                (size_t) [0]
	[RSP+3828] 0x0                (size_t) [0]
	[RSP+3830] 0x0                (size_t) [0]
	[RSP+3838] 0x0                (size_t) [0]
	[RSP+3840] 0xDD73EFD3A0       (void*)
	[RSP+3848] 0x0                (size_t) [0]
	[RSP+3850] 0x7FF653E4B100     (void* -> SkyrimSE.exe+17BB100	)
	[RSP+3858] 0x300000125        (size_t) [12884902181]
	[RSP+3860] 0xA                (size_t) [10]
	[RSP+3868] 0xFFFFFFFFFFFFFFFF (size_t) [uint: 18446744073709551615 int: -1]
	[RSP+3870] 0xFFFFFFFFFFFFFFFE (size_t) [uint: 18446744073709551614 int: -2]
	[RSP+3878] 0x7FF900000001     (char*) "&"
	[RSP+3880] 0xDD73EFD280       (void*)
	[RSP+3888] 0x7FF6538C6E9D     (void* -> SkyrimSE.exe+1236E9D	mov ecx, [rdi])
	[RSP+3890] 0x14               (size_t) [20]
	[RSP+3898] 0x2BDAE6801A0      (void*)
	[RSP+38A0] 0xDD73EFDB10       (void*)
	[RSP+38A8] 0x0                (size_t) [0]
	[RSP+38B0] 0xFFFFFFFFFFFFFFFE (size_t) [uint: 18446744073709551614 int: -2]
	[RSP+38B8] 0x7FF6538D49FA     (void* -> SkyrimSE.exe+12449FA	test dword ptr [rbx+0x18], 0x80000000)
	[RSP+38C0] 0x2C3F60B0360      (void*)
	[RSP+38C8] 0xDD73EFDAF0       (void*)
	[RSP+38D0] 0xFFFFFFFFFFFFFFFE (size_t) [uint: 18446744073709551614 int: -2]
	[RSP+38D8] 0xDD73EFDB00       (void*)
	[RSP+38E0] 0xDD73EFD260       (char*) "@"
	[RSP+38E8] 0x7FF65390E7BA     (void* -> SkyrimSE.exe+127E7BA	nop)
	[RSP+38F0] 0x2C0A805F9C0      (BSScript::Internal::CodeTasklet*)
		Stack Trace: 
[TCC_CuratorsCompanion (48000D62)].rn_utility_mcm.Build_Arrays() - "RN_Utility_MCM.psc" Line 2675
[TCC_CuratorsCompanion (48000D62)].rn_utility_script.OnUpdate() - "RN_Utility_Script.psc" Line 114

			File: "DBM_RelicNotifications.esp"
			Flags: 0x00400008 kInitialized
			Name: "Utility & MCM"
			EditorID: "TCC_CuratorsCompanion"
			FormID: 0x48000D62
			FormType: Quest (77)
	[RSP+38F8] 0x7FF65390EA38     (void* -> SkyrimSE.exe+127EA38	mov rcx, rax)
	[RSP+3900] 0xDD00000040       (size_t) [949187772480]
	[RSP+3908] 0x2C0600428F0      (void*)
	[RSP+3910] 0xDD73EFD2C0       (void*)
	[RSP+3918] 0xDD00000001       (size_t) [949187772417]
	[RSP+3920] 0x3                (size_t) [3]
	[RSP+3928] 0x0                (size_t) [0]
	[RSP+3930] 0xFFFFFFFFFFFFFFFE (size_t) [uint: 18446744073709551614 int: -2]
	[RSP+3938] 0xDD73EFD560       (void*)
	[RSP+3940] 0x2C0861AC6B8      (void*)
	[RSP+3948] 0x7FF65368FD20     (void* -> SkyrimSE.exe+0FFFD20	jmp 0x00007FF65368FD2D)
	[RSP+3950] 0x0                (size_t) [0]
	[RSP+3958] 0xDD73EFD808       (void*)
	[RSP+3960] 0x2C40AC993A0      (void*)
	[RSP+3968] 0x0                (size_t) [0]
	[RSP+3970] 0x1                (size_t) [1]
	[RSP+3978] 0x7FF6536A7785     (void* -> SkyrimSE.exe+1017785	and ebx, 0xFFFFFFF)
	[RSP+3980] 0x50               (size_t) [80]
	[RSP+3988] 0x0                (size_t) [0]
	[RSP+3990] 0x2                (size_t) [2]
	[RSP+3998] 0x0                (size_t) [0]
	[RSP+39A0] 0x2C060042938      (void*)
	[RSP+39A8] 0x7FF6536AACFB     (void* -> SkyrimSE.exe+101ACFB	mov rax, [rdi])
	[RSP+39B0] 0x2C094A9CAF0      (void*)
	[RSP+39B8] 0xDD73EFD7F8       (void*)
	[RSP+39C0] 0xDD73EFD380       (void*)
	[RSP+39C8] 0x7FF6536BA48A     (void* -> SkyrimSE.exe+102A48A	mov rax, [rbx])
	[RSP+39D0] 0x2                (size_t) [2]
	[RSP+39D8] 0x7FF6536BCDF2     (void* -> SkyrimSE.exe+102CDF2	mov rcx, [rsi+0x18])
	[RSP+39E0] 0xDD73EFD680       (void*)
	[RSP+39E8] 0xDD73EFD3F9       (void*)
	[RSP+39F0] 0xDD73EFD6B0       (void*)
	[RSP+39F8] 0x7FF6536C314A     (void* -> SkyrimSE.exe+103314A	mov rbx, [rsp+0x40])
	[RSP+3A00] 0x1                (size_t) [1]
	[RSP+3A08] 0xDD73EFD808       (void*)
	[RSP+3A10] 0xDD73EFD7E0       (void*)
	[RSP+3A18] 0xDD73EFD7F8       (void*)
	[RSP+3A20] 0xDD73EFD7F8       (void*)
	[RSP+3A28] 0xDD73EFD808       (void*)
	[RSP+3A30] 0x0                (size_t) [0]
	[RSP+3A38] 0x7FF653E51268     (void* -> SkyrimSE.exe+17C1268	add [rax+0x5E], ch)
	[RSP+3A40] 0xDD73EFD1B0       (void*)
	[RSP+3A48] 0x1                (size_t) [1]
	[RSP+3A50] 0x7FF653E4B100     (void* -> SkyrimSE.exe+17BB100	)
	[RSP+3A58] 0x100A059752C21    (size_t) [282163672329249]
	[RSP+3A60] 0xDD73EFD3F2       (char*) "22"
	[RSP+3A68] 0xA                (size_t) [10]
	[RSP+3A70] 0x16               (size_t) [22]
	[RSP+3A78] 0x7FF6536BB5BF     (void* -> SkyrimSE.exe+102B5BF	movzx ecx, word ptr [rax+0x10])
	[RSP+3A80] 0x2C0597529B0      (void*)
	[RSP+3A88] 0xDD73EFD6D0       (void*)
	[RSP+3A90] 0x32320000         (size_t) [842137600]
	[RSP+3A98] 0x0                (size_t) [0]
	[RSP+3AA0] 0x0                (size_t) [0]
	[RSP+3AA8] 0x0                (size_t) [0]
	[RSP+3AB0] 0x0                (size_t) [0]
	[RSP+3AB8] 0x0                (size_t) [0]
	[RSP+3AC0] 0x0                (size_t) [0]
	[RSP+3AC8] 0x0                (size_t) [0]
	[RSP+3AD0] 0x0                (size_t) [0]
	[RSP+3AD8] 0x2C059752D38      (void*)
	[RSP+3AE0] 0x2C0600428F0      (void*)
	[RSP+3AE8] 0x0                (size_t) [0]
	[RSP+3AF0] 0xDD73EFD560       (void*)
	[RSP+3AF8] 0x7FF6536BEAEA     (void* -> SkyrimSE.exe+102EAEA	mov rcx, [r13+0x6B0])
	[RSP+3B00] 0x2BE0000003C      (void*)
	[RSP+3B08] 0xDD73EFE718       (void*)
	[RSP+3B10] 0xDD73EFD6B0       (void*)
	[RSP+3B18] 0x0                (size_t) [0]
	[RSP+3B20] 0x2C045808070      (void*)
	[RSP+3B28] 0x2C045808070      (void*)
	[RSP+3B30] 0x2C045808070      (void*)
	[RSP+3B38] 0x7FF65367C510     (void* -> SkyrimSE.exe+0FEC510	test al, al)
	[RSP+3B40] 0x2C045808070      (void*)
	[RSP+3B48] 0x7FF6536B8487     (void* -> SkyrimSE.exe+1028487	mov [rdi+0x08], rbx)
	[RSP+3B50] 0x1                (size_t) [1]
	[RSP+3B58] 0x2C06003D1C0      (char*) "8"
	[RSP+3B60] 0x2C487B69448      (void*)
	[RSP+3B68] 0xDD73EFD780       (void*)
	[RSP+3B70] 0x2C045808070      (void*)
	[RSP+3B78] 0x0                (size_t) [0]
	[RSP+3B80] 0x43620000         (size_t) [1130496000]
	[RSP+3B88] 0x0                (size_t) [0]
	[RSP+3B90] 0x2C487B70760      (void*)
	[RSP+3B98] 0x2C045808070      (void*)
	[RSP+3BA0] 0x2C059748F70      (void*)
	[RSP+3BA8] 0x0                (size_t) [0]
	[RSP+3BB0] 0x2C045808190      (void*)
	[RSP+3BB8] 0x2C045808190      (void*)
	[RSP+3BC0] 0x0                (size_t) [0]
	[RSP+3BC8] 0x2C487B70760      (void*)
	[RSP+3BD0] 0x0                (size_t) [0]
	[RSP+3BD8] 0x1                (size_t) [1]
	[RSP+3BE0] 0x2C045808190      (void*)
	[RSP+3BE8] 0x7FF65370044D     (void* -> SkyrimSE.exe+107044D	mov rbx, [rsp+0x50])
	[RSP+3BF0] 0x2C40ACB6000      (void*)
	[RSP+3BF8] 0x0                (size_t) [0]
	[RSP+3C00] 0x0                (size_t) [0]
	[RSP+3C08] 0x0                (size_t) [0]
	[RSP+3C10] 0x0                (size_t) [0]
	[RSP+3C18] 0x0                (size_t) [0]
	[RSP+3C20] 0xFFFFFFFFFFFFFFFE (size_t) [uint: 18446744073709551614 int: -2]
	[RSP+3C28] 0xDD73EFD7E0       (void*)
	[RSP+3C30] 0xDD73EFD630       (void*)
	[RSP+3C38] 0x7FF6538C6E9D     (void* -> SkyrimSE.exe+1236E9D	mov ecx, [rdi])
	[RSP+3C40] 0x2BD00000014      (size_t) [3010772074516]
	[RSP+3C48] 0x2BDAE6801A0      (void*)
	[RSP+3C50] 0xDD73EFDEF8       (void*)
	[RSP+3C58] 0x7FF6538D49FA     (void* -> SkyrimSE.exe+12449FA	test dword ptr [rbx+0x18], 0x80000000)
	[RSP+3C60] 0xFFFFFFFFFFFFFFFE (size_t) [uint: 18446744073709551614 int: -2]
	[RSP+3C68] 0x7FF6538D49FA     (void* -> SkyrimSE.exe+12449FA	test dword ptr [rbx+0x18], 0x80000000)
	[RSP+3C70] 0x2C3F60B2020      (void*)
	[RSP+3C78] 0xDD73EFDED8       (void*)
	[RSP+3C80] 0xFFFFFFFFFFFFFFFE (size_t) [uint: 18446744073709551614 int: -2]
	[RSP+3C88] 0xDD73EFDEB8       (void*)
	[RSP+3C90] 0xDD73EFD610       (void*)
	[RSP+3C98] 0x7FF65390E7BA     (void* -> SkyrimSE.exe+127E7BA	nop)
	[RSP+3CA0] 0x2C49A199D00      (BSScript::Internal::CodeTasklet*)
		Stack Trace: 
[ (FE20B81F)].FormList.GetSize() - "<native>" Line ?
[TCC_CuratorsCompanion (48000D62)].rn_patchapi.RegisterDisplayList() - "RN_PatchAPI.psc" Line 199
[TCC_SM_FearsomeFists (FE25C800)].RN_SupportedMod_Script.OnUpdate() - "RN_SupportedMod_Script.psc" Line 0

			File: "DBM_RelicNotifications.esp"
			Flags: 0x00400008 kInitialized
			Name: "Utility & MCM"
			EditorID: "TCC_CuratorsCompanion"
			FormID: 0x48000D62
			FormType: Quest (77)
	[RSP+3CA8] 0x7FF65390EA38     (void* -> SkyrimSE.exe+127EA38	mov rcx, rax)
	[RSP+3CB0] 0xDD00000100       (size_t) [949187772672]
	[RSP+3CB8] 0x0                (size_t) [0]
	[RSP+3CC0] 0x7FF902457009     (void* -> ucrtbase.dll+0137009	lea eax, [rbp+0x02])
	[RSP+3CC8] 0x1                (size_t) [1]
	[RSP+3CD0] 0x3                (size_t) [3]
	[RSP+3CD8] 0x0                (size_t) [0]
	[RSP+3CE0] 0xFFFFFFFFFFFFFFFE (size_t) [uint: 18446744073709551614 int: -2]
	[RSP+3CE8] 0x7FF653E7CAF1     (char*) """
	[RSP+3CF0] 0x7FF6535E8D01     (void* -> SkyrimSE.exe+0F58D01	push rdi)
	[RSP+3CF8] 0x1                (size_t) [1]
	[RSP+3D00] 0x2BE00000212      (char*) "	"
	[RSP+3D08] 0x2C059752D38      (void*)
	[RSP+3D10] 0x2C429C7C5A0      (void*)
	[RSP+3D18] 0x7FF902339EC1     (void* -> ucrtbase.dll+0019EC1	mov rax, [rdi])
	[RSP+3D20] 0x2C060042938      (void*)
	[RSP+3D28] 0x0                (size_t) [0]
	[RSP+3D30] 0x1                (size_t) [1]
	[RSP+3D38] 0x0                (size_t) [0]
	[RSP+3D40] 0x7FF902320000     (void*)
	[RSP+3D48] 0x7FF9023392DC     (void* -> ucrtbase.dll+00192DC	add rsp, 0x70)
	[RSP+3D50] 0xDD73EFD860       (void*)
	[RSP+3D58] 0x0                (size_t) [0]
	[RSP+3D60] 0xDD73EFD880       (void*)
	[RSP+3D68] 0x0                (size_t) [0]
	[RSP+3D70] 0xFFFFFFFFFFFFFFFE (size_t) [uint: 18446744073709551614 int: -2]
	[RSP+3D78] 0x0                (size_t) [0]
	[RSP+3D80] 0x2BDAE000000      (void*)
	[RSP+3D88] 0x7FF6532B9EB8     (void* -> SkyrimSE.exe+0C29EB8	mov r12, rax)
	[RSP+3D90] 0x8906B1E09EF8     (size_t) [150661847097080]
	[RSP+3D98] 0x0                (size_t) [0]
	[RSP+3DA0] 0x8000             (size_t) [32768]
	[RSP+3DA8] 0x7FF902320000     (void*)
	[RSP+3DB0] 0xFFFFFFFFFFFFFFFE (size_t) [uint: 18446744073709551614 int: -2]
	[RSP+3DB8] 0x4                (size_t) [4]
	[RSP+3DC0] 0x35B5790000000000 (size_t) [3870132495701770240]
	[RSP+3DC8] 0x7FF90233A7E2     (void* -> ucrtbase.dll+001A7E2	test al, al)
	[RSP+3DD0] 0x35B5790000000000 (size_t) [3870132495701770240]
	[RSP+3DD8] 0x0                (size_t) [0]
	[RSP+3DE0] 0xDD73EFD810       (void*)
	[RSP+3DE8] 0xDD73EFD860       (void*)
	[RSP+3DF0] 0x14               (size_t) [20]
	[RSP+3DF8] 0x2BDAE6801A0      (void*)
	[RSP+3E00] 0xFFFFFFFFFFFFFFFE (size_t) [uint: 18446744073709551614 int: -2]
	[RSP+3E08] 0x7FF653BD5A3F     (char*) "X)"
	[RSP+3E10] 0xDD73EFD7C0       (void*)
	[RSP+3E18] 0x2                (size_t) [2]
	[RSP+3E20] 0x2C0597529B0      (void*)
	[RSP+3E28] 0x2C0A7BA7170      (void*)
	[RSP+3E30] 0x0                (size_t) [0]
	[RSP+3E38] 0x7FF902339EC1     (void* -> ucrtbase.dll+0019EC1	mov rax, [rdi])
	[RSP+3E40] 0xFFFFFFFFFFFFFFFE (size_t) [uint: 18446744073709551614 int: -2]
	[RSP+3E48] 0xDD73EFDE10       (void*)
	[RSP+3E50] 0x104              (size_t) [260]
	[RSP+3E58] 0x7FF9023389A9     (void* -> ucrtbase.dll+00189A9	add rsp, 0x530)
	[RSP+3E60] 0x7FF902320000     (void*)
	[RSP+3E68] 0x7FF9023392DC     (void* -> ucrtbase.dll+00192DC	add rsp, 0x70)
	[RSP+3E70] 0xDD73EFD980       (void*)
	[RSP+3E78] 0x0                (size_t) [0]
	[RSP+3E80] 0xDD73EFD9A0       (void*)
	[RSP+3E88] 0x0                (size_t) [0]
	[RSP+3E90] 0xDD73EFDE2C       (void*)
	[RSP+3E98] 0x104              (size_t) [260]
	[RSP+3EA0] 0x0                (size_t) [0]
	[RSP+3EA8] 0x0                (size_t) [0]
	[RSP+3EB0] 0x8906B1E09F98     (size_t) [150661847097240]
	[RSP+3EB8] 0x7FF6538CB08F     (void* -> SkyrimSE.exe+123B08F	test eax, eax)
	[RSP+3EC0] 0x8000             (size_t) [32768]
	[RSP+3EC8] 0x7FF902320000     (void*)
	[RSP+3ED0] 0x2BDF7D74E10      (void*)
	[RSP+3ED8] 0x4                (size_t) [4]
	[RSP+3EE0] 0x2BFE9699D10      (void*)
	[RSP+3EE8] 0x7FF655860BA0     (void* -> SkyrimSE.exe+31D0BA0	fdiv st0, st1)
	[RSP+3EF0] 0x2BEF020FEC0      (void*)
	[RSP+3EF8] 0x7FF6538C7F1D     (void* -> SkyrimSE.exe+1237F1D	test rax, rax)
	[RSP+3F00] 0xFFFFFFFF         (size_t) [4294967295]
	[RSP+3F08] 0xFFFFFF00         (size_t) [4294967040]
	[RSP+3F10] 0xDD73EFD940       (void*)
	[RSP+3F18] 0x0                (size_t) [0]
	[RSP+3F20] 0x0                (size_t) [0]
	[RSP+3F28] 0x2BE759D6110      (BSScript::Internal::VirtualMachine*)
	[RSP+3F30] 0xDD73EFF538       (void*)
	[RSP+3F38] 0x7FF6538F0FF4     (void* -> SkyrimSE.exe+1260FF4	cmp qword ptr [rdi], 0x00)
	[RSP+3F40] 0x2BEF020FEC0      (void*)
	[RSP+3F48] 0xFFFFFFFF         (size_t) [4294967295]
	[RSP+3F50] 0xDD73EFF400       (void*)
	[RSP+3F58] 0xDD73EFD940       (void*)
	[RSP+3F60] 0x1                (size_t) [1]
	[RSP+3F68] 0x7FF65390E5E9     (void* -> SkyrimSE.exe+127E5E9	mov rax, rdi)
	[RSP+3F70] 0x0                (size_t) [0]
	[RSP+3F78] 0xFFFFFFFFFFFFFFFE (size_t) [uint: 18446744073709551614 int: -2]
	[RSP+3F80] 0xDD73EFE688       (void*)
	[RSP+3F88] 0x2BDAE680908      (void*)
	[RSP+3F90] 0xDD73EFF408       (void*)
	[RSP+3F98] 0xDD73EFDA10       (void*)
	[RSP+3FA0] 0xDD73EFF538       (void*)
	[RSP+3FA8] 0x7FF6538F497C     (void* -> SkyrimSE.exe+126497C	or r14d, 0xFFFFFFFF)
	[RSP+3FB0] 0x2BE759D6100      (BSScript::Internal::VirtualMachine*)
	[RSP+3FB8] 0xDD73EFDE20       (void*)
	[RSP+3FC0] 0x7FF655860BA0     (void* -> SkyrimSE.exe+31D0BA0	fdiv st0, st1)
	[RSP+3FC8] 0x2BFE9699D10      (void*)
	[RSP+3FD0] 0xDD73EFD960       (void*)
	[RSP+3FD8] 0xDD73EFD940       (void*)
	[RSP+3FE0] 0x0                (size_t) [0]
	[RSP+3FE8] 0x7FF652F9257C     (void* -> SkyrimSE.exe+090257C	cmp rsi, rax)
	[RSP+3FF0] 0x2BDF7D74E10      (void*)
	[RSP+3FF8] 0x1                (size_t) [1]
	[RSP+4000] 0x0                (size_t) [0]
	[RSP+4008] 0x7FF652F9257C     (void* -> SkyrimSE.exe+090257C	cmp rsi, rax)
	[RSP+4010] 0x0                (size_t) [0]
	[RSP+4018] 0x7FF652F9257C     (void* -> SkyrimSE.exe+090257C	cmp rsi, rax)
	[RSP+4020] 0x7FF6555B81B0     (void* -> SkyrimSE.exe+2F281B0	add [rax], al)
	[RSP+4028] 0xFFFF00000000     (size_t) [281470681743360]
	[RSP+4030] 0xDD73EFDA80       (void*)
	[RSP+4038] 0xFFFF00000000     (size_t) [281470681743360]
	[RSP+4040] 0x0                (size_t) [0]
	[RSP+4048] 0x7FF652F93283     (void* -> SkyrimSE.exe+0903283	cmp [rbx], eax)
	[RSP+4050] 0x7FF6555B81B0     (void* -> SkyrimSE.exe+2F281B0	add [rax], al)
	[RSP+4058] 0xFFFFFFFFFFFFFFFE (size_t) [uint: 18446744073709551614 int: -2]
	[RSP+4060] 0xDD73EFDAB0       (void*)
	[RSP+4068] 0xFFFF00000000     (size_t) [281470681743360]
	[RSP+4070] 0xFFFFFFFFFFFFFFFE (size_t) [uint: 18446744073709551614 int: -2]
	[RSP+4078] 0x7FF653BB1488     (void* -> SkyrimSE.exe+1521488	loopne 0x00007FF653BB1458)
	[RSP+4080] 0x2BE759DF508      (void*)
	[RSP+4088] 0x7FF652F9257C     (void* -> SkyrimSE.exe+090257C	cmp rsi, rax)
	[RSP+4090] 0xFFFFFFFFFFFFFFFE (size_t) [uint: 18446744073709551614 int: -2]
	[RSP+4098] 0x7FF6538F4FA5     (void* -> SkyrimSE.exe+1264FA5	jmp 0x00007FF6538F4FAA)
	[RSP+40A0] 0x15               (size_t) [21]
	[RSP+40A8] 0x15               (size_t) [21]
	[RSP+40B0] 0x0                (size_t) [0]
	[RSP+40B8] 0x7FF652F93283     (void* -> SkyrimSE.exe+0903283	cmp [rbx], eax)
	[RSP+40C0] 0x7FF6555B81B0     (void* -> SkyrimSE.exe+2F281B0	add [rax], al)
	[RSP+40C8] 0xFFFF00000000     (size_t) [281470681743360]
	[RSP+40D0] 0xDD73EFDB20       (void*)
	[RSP+40D8] 0xFFFF00000000     (size_t) [281470681743360]
	[RSP+40E0] 0xFFFFFFFFFFFFFFFE (size_t) [uint: 18446744073709551614 int: -2]
	[RSP+40E8] 0x768              (size_t) [1896]
	[RSP+40F0] 0x2C044BB5B94      (void*)
	[RSP+40F8] 0x7FF6609D321C     (size_t) [140696159597084]
	[RSP+4100] 0x0                (size_t) [0]
	[RSP+4108] 0x7FF652F93283     (void* -> SkyrimSE.exe+0903283	cmp [rbx], eax)
	[RSP+4110] 0x7FF6555B81B0     (void* -> SkyrimSE.exe+2F281B0	add [rax], al)
	[RSP+4118] 0xFFFF00000000     (size_t) [281470681743360]
	[RSP+4120] 0xDD73EFDB70       (void*)
	[RSP+4128] 0x7FF6555B81B0     (void* -> SkyrimSE.exe+2F281B0	add [rax], al)
	[RSP+4130] 0xFFFFFFFFFFFFFFFE (size_t) [uint: 18446744073709551614 int: -2]
	[RSP+4138] 0x7FF6538CB08F     (void* -> SkyrimSE.exe+123B08F	test eax, eax)
	[RSP+4140] 0xFFFFFFFFFFFFFFFE (size_t) [uint: 18446744073709551614 int: -2]
	[RSP+4148] 0x609D321C         (size_t) [1620914716]
	[RSP+4150] 0x2C0A805F9C0      (BSScript::Internal::CodeTasklet*)
		Stack Trace: 
[TCC_CuratorsCompanion (48000D62)].rn_utility_mcm.Build_Arrays() - "RN_Utility_MCM.psc" Line 2675
[TCC_CuratorsCompanion (48000D62)].rn_utility_script.OnUpdate() - "RN_Utility_Script.psc" Line 114

			File: "DBM_RelicNotifications.esp"
			Flags: 0x00400008 kInitialized
			Name: "Utility & MCM"
			EditorID: "TCC_CuratorsCompanion"
			FormID: 0x48000D62
			FormType: Quest (77)
	[RSP+4158] 0x7FF65390C9F0     (void* -> SkyrimSE.exe+127C9F0	nop)
	[RSP+4160] 0x2C054DA9220      (void*)
	[RSP+4168] 0x7FF655860BA0     (void* -> SkyrimSE.exe+31D0BA0	fdiv st0, st1)
	[RSP+4170] 0x2BEF020FEC0      (void*)
	[RSP+4178] 0x7FF6538C7F1D     (void* -> SkyrimSE.exe+1237F1D	test rax, rax)
	[RSP+4180] 0xFFFFFFFF         (size_t) [4294967295]
	[RSP+4188] 0xFFFFFF00         (size_t) [4294967040]
	[RSP+4190] 0xDD73EFDBC0       (void*)
	[RSP+4198] 0x0                (size_t) [0]
	[RSP+41A0] 0x0                (size_t) [0]
	[RSP+41A8] 0xDD73EFF370       (void*)
	[RSP+41B0] 0x2BE759D6100      (BSScript::Internal::VirtualMachine*)
	[RSP+41B8] 0x7FF6538F0FF4     (void* -> SkyrimSE.exe+1260FF4	cmp qword ptr [rdi], 0x00)
	[RSP+41C0] 0x2BEF020FEC0      (void*)
	[RSP+41C8] 0xFFFFFFFF         (size_t) [4294967295]
	[RSP+41D0] 0x2BE759D6100      (BSScript::Internal::VirtualMachine*)
	[RSP+41D8] 0xDD73EFDBC0       (void*)
	[RSP+41E0] 0x2BEF01ADD01      (void*)
	[RSP+41E8] 0x2BEF01ADD81      (void*)
	[RSP+41F0] 0x0                (size_t) [0]
	[RSP+41F8] 0xFFFFFFFFFFFFFFFE (size_t) [uint: 18446744073709551614 int: -2]
	[RSP+4200] 0x2C044A0E900      (void*)
	[RSP+4208] 0xDD73EFEEA0       (void*)
	[RSP+4210] 0x2BE759D6100      (BSScript::Internal::VirtualMachine*)
	[RSP+4218] 0xDD73EFDC90       (void*)
	[RSP+4220] 0xDD73EFEEA0       (void*)
	[RSP+4228] 0x7FF6538F497C     (void* -> SkyrimSE.exe+126497C	or r14d, 0xFFFFFFFF)
	[RSP+4230] 0x2BE759D6100      (BSScript::Internal::VirtualMachine*)
	[RSP+4238] 0xDD73EFE0A0       (void*)
	[RSP+4240] 0x7FF655860BA0     (void* -> SkyrimSE.exe+31D0BA0	fdiv st0, st1)
	[RSP+4248] 0x2C054DA9220      (void*)
	[RSP+4250] 0xDD73EFDBE0       (void*)
	[RSP+4258] 0xDD73EFDBC0       (void*)
	[RSP+4260] 0x0                (size_t) [0]
	[RSP+4268] 0x0                (size_t) [0]
	[RSP+4270] 0xFFFFFFFF         (size_t) [4294967295]
	[RSP+4278] 0x2BDF7BF0000      (void*)
	[RSP+4280] 0x0                (size_t) [0]
	[RSP+4288] 0x7F000000001C     (size_t) [139637976727580]
	[RSP+4290] 0x0                (size_t) [0]
	[RSP+4298] 0x0                (size_t) [0]
	[RSP+42A0] 0x30               (size_t) [48]
	[RSP+42A8] 0x2BDF7D50000      (void*)
	[RSP+42B0] 0xDD73EFDD00       (void*)
	[RSP+42B8] 0x7FF8C9F666D5     (void* -> FPSFixPlugin.dll+00066D5	add rsp, 0x40)
	[RSP+42C0] 0x20               (size_t) [32]
	[RSP+42C8] 0x7FF904DAF2A4     (void* -> ntdll.dll+000F2A4	mov rbp, rax)
	[RSP+42D0] 0xDD73EFDC90       (void*)
	[RSP+42D8] 0xFFFFFFFFFFFFFFFE (size_t) [uint: 18446744073709551614 int: -2]
	[RSP+42E0] 0xFFFFFFFFFFFFFFFE (size_t) [uint: 18446744073709551614 int: -2]
	[RSP+42E8] 0x0                (size_t) [0]
	[RSP+42F0] 0xDD73EFDDB0       (void*)
	[RSP+42F8] 0x7FF6532B9EB8     (void* -> SkyrimSE.exe+0C29EB8	mov r12, rax)
	[RSP+4300] 0xDB36             (size_t) [56118]
	[RSP+4308] 0x7FF8AEC3372E     (void* -> tbbmalloc.dll+001372E	mov rdi, rax)
	[RSP+4310] 0xDD73EFDD00       (void*)
	[RSP+4318] 0x7FF904DAF965     (void* -> ntdll.dll+000F965	mov eax, [0x00007FF904F74804])
	[RSP+4320] 0xFFFFFFFFFFFFFFFE (size_t) [uint: 18446744073709551614 int: -2]
	[RSP+4328] 0xFFFF00000000     (size_t) [281470681743360]
	[RSP+4330] 0xDD73EFDED8       (void*)
	[RSP+4338] 0x7FF6532B9EB8     (void* -> SkyrimSE.exe+0C29EB8	mov r12, rax)
	[RSP+4340] 0xDD73EFF538       (void*)
	[RSP+4348] 0x2BFEA83D8D8      (void*)
	[RSP+4350] 0x1                (size_t) [1]
	[RSP+4358] 0x7FF6532B8E7C     (void* -> SkyrimSE.exe+0C28E7C	mov rax, rbx)
	[RSP+4360] 0xFFFFFFFFFFFFFFFE (size_t) [uint: 18446744073709551614 int: -2]
	[RSP+4368] 0xDD73EFDDB0       (void*)
	[RSP+4370] 0xFFFFFFFF         (size_t) [4294967295]
	[RSP+4378] 0x2BE759D6110      (BSScript::Internal::VirtualMachine*)
	[RSP+4380] 0xFFFFFFFFFFFFFFFE (size_t) [uint: 18446744073709551614 int: -2]
	[RSP+4388] 0xDD73EFDDA8       (void*)
	[RSP+4390] 0x1                (size_t) [1]
	[RSP+4398] 0x7FF6532B9EB8     (void* -> SkyrimSE.exe+0C29EB8	mov r12, rax)
	[RSP+43A0] 0xFFFFFFFF         (size_t) [4294967295]
	[RSP+43A8] 0xDD73EFDED8       (void*)
	[RSP+43B0] 0x2BFEA760C58      (char*) "a_RDO_MDELFNextComment"
	[RSP+43B8] 0x7FF6538C7879     (void* -> SkyrimSE.exe+1237879	mov rax, rbx)
	[RSP+43C0] 0xFFFFFFFFFFFFFFFE (size_t) [uint: 18446744073709551614 int: -2]
	[RSP+43C8] 0x7FF652F99E46     (void* -> SkyrimSE.exe+0909E46	mov rsi, [rsp+0x38])
	[RSP+43D0] 0xFFFFFFFF         (size_t) [4294967295]
	[RSP+43D8] 0x2BE759D6110      (BSScript::Internal::VirtualMachine*)
	[RSP+43E0] 0xFFFFFFFFFFFFFFFE (size_t) [uint: 18446744073709551614 int: -2]
	[RSP+43E8] 0xFFFFFFFF         (size_t) [4294967295]
	[RSP+43F0] 0xFFFFFFFFFFFFFFFE (size_t) [uint: 18446744073709551614 int: -2]
	[RSP+43F8] 0x7FF6538F0DC6     (void* -> SkyrimSE.exe+1260DC6	mov al, 0x01)
	[RSP+4400] 0x2BFE9699D30      (void*)
	[RSP+4408] 0x7FF6538C6DDA     (void* -> SkyrimSE.exe+1236DDA	jmp 0x00007FF6538C6E29)
	[RSP+4410] 0x2BDAE6801A0      (void*)
	[RSP+4418] 0x2BDAE680908      (void*)
	[RSP+4420] 0x2BFE9699D00      (void*)
	[RSP+4428] 0x7FF6538C710E     (void* -> SkyrimSE.exe+123710E	nop)
	[RSP+4430] 0xDD73EFDF48       (void*)
	[RSP+4438] 0x0                (size_t) [0]
	[RSP+4440] 0x2BFCE5E4800      (void*)
	[RSP+4448] 0x7FF6532B9EB8     (void* -> SkyrimSE.exe+0C29EB8	mov r12, rax)
	[RSP+4450] 0xFFFFFFFFFFFFFFFE (size_t) [uint: 18446744073709551614 int: -2]
	[RSP+4458] 0x2BFE9699D30      (void*)
	[RSP+4460] 0xDD73EFDF40       (void*)
	[RSP+4468] 0x7FF6538C6DDA     (void* -> SkyrimSE.exe+1236DDA	jmp 0x00007FF6538C6E29)
	[RSP+4470] 0x0                (size_t) [0]
	[RSP+4478] 0x2BDAE680908      (void*)
	[RSP+4480] 0x2BE759D6100      (BSScript::Internal::VirtualMachine*)
	[RSP+4488] 0xDD73EFF538       (void*)
	[RSP+4490] 0xFFFFFFFFFFFFFFFE (size_t) [uint: 18446744073709551614 int: -2]
	[RSP+4498] 0xDD73EFF408       (void*)
	[RSP+44A0] 0x2BDAE680908      (void*)
	[RSP+44A8] 0x7FF6538EE522     (void* -> SkyrimSE.exe+125E522	nop)
	[RSP+44B0] 0x16               (size_t) [22]
	[RSP+44B8] 0x0                (size_t) [0]
	[RSP+44C0] 0xDD73EFF408       (void*)
	[RSP+44C8] 0x2C086AE7850      (void*)
	[RSP+44D0] 0xDD73EFDED0       (void*)
	[RSP+44D8] 0x7FF652F92EE2     (void* -> SkyrimSE.exe+0902EE2	cmp [rbx], eax)
	[RSP+44E0] 0x2BFCE5E4800      (void*)
	[RSP+44E8] 0x0                (size_t) [0]
	[RSP+44F0] 0x2BEF01ADD80      (void*)
	[RSP+44F8] 0x0                (size_t) [0]
	[RSP+4500] 0xDD73EFDE74       (void*)
	[RSP+4508] 0xDD73EFDF08       (void*)
	[RSP+4510] 0x2FFFFFFFE        (size_t) [12884901886]
	[RSP+4518] 0x7FF8EFDD7031     (char*) "|"
	[RSP+4520] 0x2BEF01AEEC0      (void*)
	[RSP+4528] 0x2C08B599B10      (void*)
	[RSP+4530] 0xFFFFFFFFFFFFFFFE (size_t) [uint: 18446744073709551614 int: -2]
	[RSP+4538] 0x2BFD403B000      (void*)
	[RSP+4540] 0x2BFD403B000      (void*)
	[RSP+4548] 0xFFFFFE14D89C     (size_t) [281474944522396]
	[RSP+4550] 0xDD73EFEEA0       (void*)
	[RSP+4558] 0x0                (size_t) [0]
	[RSP+4560] 0x2BFCE5E4800      (void*)
	[RSP+4568] 0x2                (size_t) [2]
	[RSP+4570] 0x0                (size_t) [0]
	[RSP+4578] 0x0                (size_t) [0]
	[RSP+4580] 0x2BEF01ADD80      (void*)
	[RSP+4588] 0x7FF600000003     (size_t) [140694538682371]
	[RSP+4590] 0x0                (size_t) [0]
	[RSP+4598] 0x0                (size_t) [0]
	[RSP+45A0] 0x0                (size_t) [0]
	[RSP+45A8] 0x0                (size_t) [0]
	[RSP+45B0] 0x2C052354670      (void*)
	[RSP+45B8] 0x2BDAE680908      (void*)
	[RSP+45C0] 0xFFFFFFFFFFFFFFFE (size_t) [uint: 18446744073709551614 int: -2]
	[RSP+45C8] 0x20               (size_t) [32]
	[RSP+45D0] 0x2C26F8ACFD0      (void*)
	[RSP+45D8] 0x7FF6532BA689     (void* -> SkyrimSE.exe+0C2A689	cmp [rbx], eax)
	[RSP+45E0] 0x2BFCE5E4800      (void*)
	[RSP+45E8] 0x0                (size_t) [0]
	[RSP+45F0] 0xFFFFFFFFFFFFFFFE (size_t) [uint: 18446744073709551614 int: -2]
	[RSP+45F8] 0x2BEF01ADD80      (void*)
	[RSP+4600] 0x0                (size_t) [0]
	[RSP+4608] 0x7FF6532B9EB8     (void* -> SkyrimSE.exe+0C29EB8	mov r12, rax)
	[RSP+4610] 0x2BFD403B000      (void*)
	[RSP+4618] 0x2BFD403B000      (void*)
	[RSP+4620] 0xDD73EFEE00       (void*)
	[RSP+4628] 0xFFFFFE1408EE     (size_t) [281474944469230]
	[RSP+4630] 0xFFFFFFFFFFFFFFFE (size_t) [uint: 18446744073709551614 int: -2]
	[RSP+4638] 0x7FF6532B8C64     (void* -> SkyrimSE.exe+0C28C64	mov rax, [rsp+0x30])
	[RSP+4640] 0x2BDB00228C8      (void*)
	[RSP+4648] 0xFFFFFFFFFFFFFFFE (size_t) [uint: 18446744073709551614 int: -2]
	[RSP+4650] 0x2C26F8AD1E0      (void*)
	[RSP+4658] 0xBF9B3BD59250     (size_t) [210673444688464]
	[RSP+4660] 0x2BDB00228C8      (void*)
	[RSP+4668] 0x2C26F8ACFD0      (void*)
	[RSP+4670] 0xDD73EFE060       (void*)
	[RSP+4678] 0x7FF8C9F65CD3     (void* -> FPSFixPlugin.dll+0005CD3	mov rsi, [rsp+0x40])
	[RSP+4680] 0xDD73EFE030       (void*)
	[RSP+4688] 0x2BE759D6100      (BSScript::Internal::VirtualMachine*)
	[RSP+4690] 0xFFFFFFFFFFFFFFFE (size_t) [uint: 18446744073709551614 int: -2]
	[RSP+4698] 0x7FF8C9F6237A     (void* -> FPSFixPlugin.dll+000237A	mov rdi, rax)
	[RSP+46A0] 0xDD73EFE010       (void*)
	[RSP+46A8] 0x7FF6532972DF     (void* -> SkyrimSE.exe+0C072DF	cmp [rdi], eax)
	[RSP+46B0] 0xDD73EFE070       (void*)
	[RSP+46B8] 0x2BE759DF400      (void*)
	[RSP+46C0] 0x100000001B3      (size_t) [1099511628211]
	[RSP+46C8] 0x2BFF1B1DDA0      (TESObjectREFR*)
		Object Reference: 
		File: "Haem Projects Goblands.esp"
		Flags: 0x00000009 kDestructible | kInitialized
		Name: "Note"
		FormID: 0x2C528222
		FormType: Book (27)
		ParentCell: ---
			File: "DBM_HUB_BabaYaga_Patch.esp"
			Modified by: LOTD_HUB.esp -> DBM_HUB_CarvedBrink_Patch.esp -> DBM_HUB_Hound_Patch.esp -> DBM_HUB_BabaYaga_Patch.esp
			Flags: 0x00040009 
			Name: "Hall of Forgotten"
			EditorID: "DBMDGHallofForgottenHUBOddities"
			FormID: 0x376B04B7
			FormType: Cell (60)
		File: "DBM_HUB_CarvedBrink_Patch.esp"
		Flags: 0x20400C08 kInitialized
		FormID: 0xFE1408EE
		FormType: Reference (61)
	[RSP+46D0] 0x2BDB00228C0      (void*)
	[RSP+46D8] 0x7FF8C9F6264E     (void* -> FPSFixPlugin.dll+000264E	mov rbx, [rsp+0x60])
	[RSP+46E0] 0x2BDB00228C0      (void*)
	[RSP+46E8] 0x0                (size_t) [0]
	[RSP+46F0] 0xFFFFFFFF         (size_t) [4294967295]
	[RSP+46F8] 0xFFFFFE1408EE     (size_t) [281474944469230]
	[RSP+4700] 0x2C26F8AD1E0      (void*)
	[RSP+4708] 0x7FF6538E8101     (void* -> SkyrimSE.exe+1258101	)
	[RSP+4710] 0x2BEFE1408EE      (void*)
	[RSP+4718] 0xBF9B3BD5AD90     (size_t) [210673444695440]
	[RSP+4720] 0xFFFFFE1408EE     (size_t) [281474944469230]
	[RSP+4728] 0x7FF6538C373A     (void* -> SkyrimSE.exe+123373A	xor ebx, ebx)
	[RSP+4730] 0xFFFFFFFFFFFFFFFE (size_t) [uint: 18446744073709551614 int: -2]
	[RSP+4738] 0x5B               (size_t) [91]
	[RSP+4740] 0xFFFFFFFFFFFFFFFE (size_t) [uint: 18446744073709551614 int: -2]
	[RSP+4748] 0xFFFFFFFF         (size_t) [4294967295]
	[RSP+4750] 0xDD73EFEEA8       (void*)
	[RSP+4758] 0x7FF6538C5EA6     (void* -> SkyrimSE.exe+1235EA6	nop)
	[RSP+4760] 0x15               (size_t) [21]
	[RSP+4768] 0xDD73EFEED0       (void*)
	[RSP+4770] 0xDD73EFEED0       (void*)
	[RSP+4778] 0x7FF6538C6DDA     (void* -> SkyrimSE.exe+1236DDA	jmp 0x00007FF6538C6E29)
	[RSP+4780] 0xFFFFFFFFFFFFFFFE (size_t) [uint: 18446744073709551614 int: -2]
	[RSP+4788] 0x2BDAE680908      (void*)
	[RSP+4790] 0x2C0A7B63DD0      (BSScript::Internal::CodeTasklet*)
		Stack Trace: 
[None].rn_utility_global._onConsolidateDisplaysAll() - "RN_Utility_Global.psc" Line 69
[TCC_SM_ACA (FE141800)].TCC_CustomPatchScript.OnUpdate() - "TCC_CustomPatchScript.psc" Line 0

	[RSP+4798] 0xDD73EFF368       (void*)
	[RSP+47A0] 0xDD73EFEED0       (void*)
	[RSP+47A8] 0x0                (size_t) [0]
	[RSP+47B0] 0xDD73EFEED0       (void*)
	[RSP+47B8] 0x7FF65390E223     (void* -> SkyrimSE.exe+127E223	test eax, eax)
	[RSP+47C0] 0x2BFBE481D00      (void*)
	[RSP+47C8] 0x0                (size_t) [0]
	[RSP+47D0] 0xDD00000015       (size_t) [949187772437]
	[RSP+47D8] 0xDD73EFEED8       (void*)
	[RSP+47E0] 0x4C3C207374736900 (size_t) [5493301325732210944]
	[RSP+47E8] 0x69687369466C6C75 (size_t) [7595447667550612597]
	[RSP+47F0] 0x6574616400000001 (size_t) [7310575177253781505]
	[RSP+47F8] 0x3835463045462820 (size_t) [4050220613024229408]
	[RSP+4800] 0x5D3E293438       (size_t) [400474846264]
	[RSP+4808] 0x0                (size_t) [0]
	[RSP+4810] 0xFFFFFFFFFFFFFFFE (size_t) [uint: 18446744073709551614 int: -2]
	[RSP+4818] 0x7FF65358D136     (void* -> SkyrimSE.exe+0EFD136	add rsp, 0x2F8)
	[RSP+4820] 0x2BEF01AEA80      (void*)
	[RSP+4828] 0x0                (size_t) [0]
	[RSP+4830] 0x0                (size_t) [0]
	[RSP+4838] 0x2C05974D168      (void*)
	[RSP+4840] 0x2BEF01AEA80      (void*)
	[RSP+4848] 0x0                (size_t) [0]
	[RSP+4850] 0xDD73EFE330       (void*)
	[RSP+4858] 0x2C05974D168      (void*)
	[RSP+4860] 0xFFFFFFFFFFFFFFFE (size_t) [uint: 18446744073709551614 int: -2]
	[RSP+4868] 0x2                (size_t) [2]
	[RSP+4870] 0xFFFFFFFFFFFFFFFE (size_t) [uint: 18446744073709551614 int: -2]
	[RSP+4878] 0x2C49DA65D78      (void*)
	[RSP+4880] 0x2C044BB5BD4      (void*)
	[RSP+4888] 0x7FF6538C6E9D     (void* -> SkyrimSE.exe+1236E9D	mov ecx, [rdi])
	[RSP+4890] 0x14               (size_t) [20]
	[RSP+4898] 0x2BDAE6801A0      (void*)
	[RSP+48A0] 0xDD73EFEB20       (void*)
	[RSP+48A8] 0x7FF6538D49FA     (void* -> SkyrimSE.exe+12449FA	test dword ptr [rbx+0x18], 0x80000000)
	[RSP+48B0] 0xFFFFFFFFFFFFFFFE (size_t) [uint: 18446744073709551614 int: -2]
	[RSP+48B8] 0x7FF6538D49FA     (void* -> SkyrimSE.exe+12449FA	test dword ptr [rbx+0x18], 0x80000000)
	[RSP+48C0] 0x2C086B89300      (void*)
	[RSP+48C8] 0xDD73EFEB00       (void*)
	[RSP+48D0] 0xDD73EFEB20       (void*)
	[RSP+48D8] 0xDD73EFEAF0       (void*)
	[RSP+48E0] 0xDD73EFE260       (char*) "P"
	[RSP+48E8] 0x7FF65390E984     (void* -> SkyrimSE.exe+127E984	movzx eax, r14b)
	[RSP+48F0] 0x2BFEA023790      (BSScript::Internal::CodeTasklet*)
		Stack Trace: 
[TA_ArmorManager_Quest (D1002E23)].ta_armormanager_script.FillProtectionPerkByInverseOfArray() - "TA_ArmorManager_Script.psc" Line 472
[TA_ArmorManager_Quest (D1002E23)].ta_armormanager_script.ManageMaterialPerk() - "TA_ArmorManager_Script.psc" Line 449
[TA_ArmorManager_Quest (D1002E23)].ta_armormanager_script.ManagePerks() - "TA_ArmorManager_Script.psc" Line 431
[TA_ArmorManager_Quest (D1002E23)].ta_armormanager_script.LoadedGame() - "TA_ArmorManager_Script.psc" Line 411
[TA_MCM_Version248_Quest (D10012C5)].ta_mcm_script.OnGameReload() - "TA_MCM_Script.psc" Line 48
[TA_MCM_Version248_Quest (D10012C5)].ta_mcm_script.OnGameReload() - "TA_MCM_Script.psc" Line 41
[TA_MCM_Version248_Quest (D10012C5)].ski_configbase.OnInit() - "SKI_ConfigBase.psc" Line 85

			File: "TrueArmor - Settings Loader.esp"
			Modified by: TrueArmor.esp -> TrueArmor - Settings Loader.esp
			Flags: 0x00400008 kInitialized
			EditorID: "TA_MCM_Version248_Quest"
			FormID: 0xD10012C5
			FormType: Quest (77)
			File: "TrueArmor.esp"
			Flags: 0x00400008 kInitialized
			EditorID: "TA_ArmorManager_Quest"
			FormID: 0xD1002E23
			FormType: Quest (77)
	[RSP+48F8] 0x7FF65390EA38     (void* -> SkyrimSE.exe+127EA38	mov rcx, rax)
	[RSP+4900] 0x2C000000050      (void*)
	[RSP+4908] 0x6968736900000006 (size_t) [7595447666369101830]
	[RSP+4910] 0x657461647055676E (size_t) [7310575179138426734]
	[RSP+4918] 0x3835463000000006 (size_t) [4050220611862003718]
	[RSP+4920] 0x5D3E293438       (size_t) [400474846264]
	[RSP+4928] 0x7FF65357F52A     (void* -> SkyrimSE.exe+0EEF52A	mov rax, [rsi])
	[RSP+4930] 0xFFFFFFFFFFFFFFFE (size_t) [uint: 18446744073709551614 int: -2]
	[RSP+4938] 0xDD73EFE4E0       (void*)
	[RSP+4940] 0x2C06833A390      (void*)
	[RSP+4948] 0xDD73EFE430       (void*)
	[RSP+4950] 0x2C06833A390      (void*)
	[RSP+4958] 0x7FF65367C510     (void* -> SkyrimSE.exe+0FEC510	test al, al)
	[RSP+4960] 0x2C06833A390      (void*)
	[RSP+4968] 0x0                (size_t) [0]
	[RSP+4970] 0x1                (size_t) [1]
	[RSP+4978] 0x7FF601005FA9     (size_t) [140694555484073]
	[RSP+4980] 0x2C49DA65E68      (void*)
	[RSP+4988] 0x2C000000000      (void*)
	[RSP+4990] 0x2BDF7BF1E00      (void*)
	[RSP+4998] 0x2BDF7BF02AC      (void*)
	[RSP+49A0] 0x1                (size_t) [1]
	[RSP+49A8] 0x0                (size_t) [0]
	[RSP+49B0] 0xFFFFFFFFFFFFFFFF (size_t) [uint: 18446744073709551615 int: -1]
	[RSP+49B8] 0x30               (size_t) [48]
	[RSP+49C0] 0x7                (size_t) [7]
	[RSP+49C8] 0x2BDF7BF0ED0      (void*)
	[RSP+49D0] 0x2C06833A006      (void*)
	[RSP+49D8] 0x0                (size_t) [0]
	[RSP+49E0] 0x0                (size_t) [0]
	[RSP+49E8] 0x0                (size_t) [0]
	[RSP+49F0] 0x30               (size_t) [48]
	[RSP+49F8] 0x2BDF7D50000      (void*)
	[RSP+4A00] 0x3                (size_t) [3]
	[RSP+4A08] 0x8                (size_t) [8]
	[RSP+4A10] 0x2C004325440      (NiParticleSystem*)
		Name: "MX_Sparks01"
		RTTIName: "NiParticleSystem"
		Flags: kSelectiveUpdate | kSelectiveUpdateTransforms | kSelectiveUpdateController
		Checking Parent: 0
			Name: "pTorchLight01-Emitter"
			RTTIName: "NiNode"
			ExtraData[0] Name: "NiStringED001"
			Flags: kSelectiveUpdate | kSelectiveUpdateTransforms | kSelectiveUpdateController
			Checking Parent: 2
				Name: "MX_TorchLight01"
				RTTIName: "NiNode"
				ExtraData[0] Name: "BSX"
				Flags: kSelectiveUpdate | kSelectiveUpdateTransforms | kSelectiveUpdateController
				Checking Parent: 0
					Name: "mpstorchlight01.nif"
					RTTIName: "BSMasterParticleSystem"
					Flags: kSelectiveUpdate | kSelectiveUpdateTransforms | kSelectiveUpdateController
		Name: "MX_Sparks01"
	[RSP+4A18] 0x7FF6533E1BB3     (void* -> SkyrimSE.exe+0D51BB3	nop)
	[RSP+4A20] 0x2C2B4795300      (BSTriShape*)
		Name: "EnbLight02:22"
		RTTIName: "BSTriShape"
		Flags: kSelectiveUpdate | kSelectiveUpdateTransforms | kSelectiveUpdateController
		Full Name: ""
		File: "Plants\FloraDragonsTongue02.nif"
		Checking User Data: -----
			Object Reference: 
			File: "Skyrim Unbound.esp"
			Flags: 0x00000008 kInitialized
			FormID: 0xE0864A40
			FormType: Tree (38)
			ParentCell: ---
				File: "Lux - Skyrim Unbound patch.esp"
				Modified by: Skyrim Unbound.esp -> Lux - Skyrim Unbound patch.esp
				Flags: 0x0004000B 
				Name: "Skyrim Unbound"
				EditorID: "SkyrimUnboundRoom01"
				FormID: 0xE019BAD4
				FormType: Cell (60)
		Checking TESObjectREFR: {}
			Object Reference: 
			File: "Skyrim Unbound.esp"
			Flags: 0x00000008 kInitialized
			FormID: 0xE0864A40
			FormType: Tree (38)
			ParentCell: ---
				File: "Lux - Skyrim Unbound patch.esp"
				Modified by: Skyrim Unbound.esp -> Lux - Skyrim Unbound patch.esp
				Flags: 0x0004000B 
				Name: "Skyrim Unbound"
				EditorID: "SkyrimUnboundRoom01"
				FormID: 0xE019BAD4
				FormType: Cell (60)
		Checking Parent: 0
			Name: "ENBLight02"
			RTTIName: "NiBillboardNode"
			Flags: kSelectiveUpdate | kSelectiveUpdateTransforms | kSelectiveUpdateController
			Full Name: ""
			File: "Plants\FloraDragonsTongue02.nif"
			Checking User Data: -----
				Object Reference: 
				File: "Skyrim Unbound.esp"
				Flags: 0x00000008 kInitialized
				FormID: 0xE0864A40
				FormType: Tree (38)
				ParentCell: ---
					File: "Lux - Skyrim Unbound patch.esp"
					Modified by: Skyrim Unbound.esp -> Lux - Skyrim Unbound patch.esp
					Flags: 0x0004000B 
					Name: "Skyrim Unbound"
					EditorID: "SkyrimUnboundRoom01"
					FormID: 0xE019BAD4
					FormType: Cell (60)
			Checking TESObjectREFR: {}
				Object Reference: 
				File: "Skyrim Unbound.esp"
				Flags: 0x00000008 kInitialized
				FormID: 0xE0864A40
				FormType: Tree (38)
				ParentCell: ---
					File: "Lux - Skyrim Unbound patch.esp"
					Modified by: Skyrim Unbound.esp -> Lux - Skyrim Unbound patch.esp
					Flags: 0x0004000B 
					Name: "Skyrim Unbound"
					EditorID: "SkyrimUnboundRoom01"
					FormID: 0xE019BAD4
					FormType: Cell (60)
			Checking Parent: 2
				RTTIName: "NiNode"
				Flags: kSelectiveUpdate | kSelectiveUpdateTransforms | kSelectiveUpdateController
				Full Name: ""
				File: "Plants\FloraDragonsTongue02.nif"
				Checking User Data: -----
					Object Reference: 
					File: "Skyrim Unbound.esp"
					Flags: 0x00000008 kInitialized
					FormID: 0xE0864A40
					FormType: Tree (38)
					ParentCell: ---
						File: "Lux - Skyrim Unbound patch.esp"
						Modified by: Skyrim Unbound.esp -> Lux - Skyrim Unbound patch.esp
						Flags: 0x0004000B 
						Name: "Skyrim Unbound"
						EditorID: "SkyrimUnboundRoom01"
						FormID: 0xE019BAD4
						FormType: Cell (60)
				Checking TESObjectREFR: {}
					Object Reference: 
					File: "Skyrim Unbound.esp"
					Flags: 0x00000008 kInitialized
					FormID: 0xE0864A40
					FormType: Tree (38)
					ParentCell: ---
						File: "Lux - Skyrim Unbound patch.esp"
						Modified by: Skyrim Unbound.esp -> Lux - Skyrim Unbound patch.esp
						Flags: 0x0004000B 
						Name: "Skyrim Unbound"
						EditorID: "SkyrimUnboundRoom01"
						FormID: 0xE019BAD4
						FormType: Cell (60)
				Checking Parent: 0
					Name: "BYOHHouseIngrdThistle01:5"
					RTTIName: "NiSwitchNode"
					Flags: kSelectiveUpdate | kSelectiveUpdateTransforms | kSelectiveUpdateController
					Full Name: ""
					File: "Plants\FloraDragonsTongue02.nif"
					Checking User Data: -----
						Object Reference: 
						File: "Skyrim Unbound.esp"
						Flags: 0x00000008 kInitialized
						FormID: 0xE0864A40
						FormType: Tree (38)
						ParentCell: ---
							File: "Lux - Skyrim Unbound patch.esp"
							Modified by: Skyrim Unbound.esp -> Lux - Skyrim Unbound patch.esp
							Flags: 0x0004000B 
							Name: "Skyrim Unbound"
							EditorID: "SkyrimUnboundRoom01"
							FormID: 0xE019BAD4
							FormType: Cell (60)
					Checking TESObjectREFR: {}
						Object Reference: 
						File: "Skyrim Unbound.esp"
						Flags: 0x00000008 kInitialized
						FormID: 0xE0864A40
						FormType: Tree (38)
						ParentCell: ---
							File: "Lux - Skyrim Unbound patch.esp"
							Modified by: Skyrim Unbound.esp -> Lux - Skyrim Unbound patch.esp
							Flags: 0x0004000B 
							Name: "Skyrim Unbound"
							EditorID: "SkyrimUnboundRoom01"
							FormID: 0xE019BAD4
							FormType: Cell (60)
					Checking Parent: 0
						Name: "BYOHHouseIngrdThistle01"
						RTTIName: "BSLeafAnimNode"
						ExtraData[0] Name: "BSX"
						Flags: kSelectiveUpdate | kSelectiveUpdateTransforms | kSelectiveUpdateController
						Full Name: ""
						File: "Plants\FloraDragonsTongue02.nif"
						Checking User Data: -----
							Object Reference: 
							File: "Skyrim Unbound.esp"
							Flags: 0x00000008 kInitialized
							FormID: 0xE0864A40
							FormType: Tree (38)
							ParentCell: ---
								File: "Lux - Skyrim Unbound patch.esp"
								Modified by: Skyrim Unbound.esp -> Lux - Skyrim Unbound patch.esp
								Flags: 0x0004000B 
								Name: "Skyrim Unbound"
								EditorID: "SkyrimUnboundRoom01"
								FormID: 0xE019BAD4
								FormType: Cell (60)
						Checking TESObjectREFR: {}
							Object Reference: 
							File: "Skyrim Unbound.esp"
							Flags: 0x00000008 kInitialized
							FormID: 0xE0864A40
							FormType: Tree (38)
							ParentCell: ---
								File: "Lux - Skyrim Unbound patch.esp"
								Modified by: Skyrim Unbound.esp -> Lux - Skyrim Unbound patch.esp
								Flags: 0x0004000B 
								Name: "Skyrim Unbound"
								EditorID: "SkyrimUnboundRoom01"
								FormID: 0xE019BAD4
								FormType: Cell (60)
						Checking Parent: 59
							RTTIName: "NiNode"
							Flags: kSelectiveUpdate | kSelectiveUpdateTransforms | kSelectiveUpdateController
							Checking Parent: 3
								RTTIName: "BSMultiBoundNode"
								Flags: kSelectiveUpdate | kSelectiveUpdateTransforms | kSelectiveUpdateController
								Checking Parent: 2
									Name: "ObjectLODRoot"
									RTTIName: "NiNode"
									Flags: kSelectiveUpdate | kSelectiveUpdateTransforms | kSelectiveUpdateController
									Checking Parent: 3
										Name: "shadow scene node"
										RTTIName: "ShadowSceneNode"
										Flags: kSelectiveUpdate | kSelectiveUpdateTransforms | kSelectiveUpdateController
										Checking Parent: 1
											Name: "WorldRoot Node"
											RTTIName: "SceneGraph"
											Flags: kSelectiveUpdate | kSelectiveUpdateTransforms | kSelectiveUpdateController
		Name: "EnbLight02:22"
	[RSP+4A28] 0x7FF6533E1BB3     (void* -> SkyrimSE.exe+0D51BB3	nop)
	[RSP+4A30] 0x20               (size_t) [32]
	[RSP+4A38] 0x7FF600000000     (size_t) [140694538682368]
	[RSP+4A40] 0xFFFFFFFFFFFFFFFE (size_t) [uint: 18446744073709551614 int: -2]
	[RSP+4A48] 0x7FF653BB1488     (void* -> SkyrimSE.exe+1521488	loopne 0x00007FF653BB1458)
	[RSP+4A50] 0x2BE758ED868      (void*)
	[RSP+4A58] 0x7FF600000000     (size_t) [140694538682368]
	[RSP+4A60] 0x2C004325440      (NiParticleSystem*)
		Name: "MX_Sparks01"
		RTTIName: "NiParticleSystem"
		Flags: kSelectiveUpdate | kSelectiveUpdateTransforms | kSelectiveUpdateController
		Checking Parent: 0
			Name: "pTorchLight01-Emitter"
			RTTIName: "NiNode"
			ExtraData[0] Name: "NiStringED001"
			Flags: kSelectiveUpdate | kSelectiveUpdateTransforms | kSelectiveUpdateController
			Checking Parent: 2
				Name: "MX_TorchLight01"
				RTTIName: "NiNode"
				ExtraData[0] Name: "BSX"
				Flags: kSelectiveUpdate | kSelectiveUpdateTransforms | kSelectiveUpdateController
				Checking Parent: 0
					Name: "mpstorchlight01.nif"
					RTTIName: "BSMasterParticleSystem"
					Flags: kSelectiveUpdate | kSelectiveUpdateTransforms | kSelectiveUpdateController
		Name: "MX_Sparks01"
	[RSP+4A68] 0x7FF6533E886C     (void* -> SkyrimSE.exe+0D5886C	mov edx, [rbx+0x301F8])
	[RSP+4A70] 0x2C04520E980      (BSTriShape*)
		RTTIName: "BSTriShape"
		Flags: kSelectiveUpdate | kSelectiveUpdateTransforms | kSelectiveUpdateController | kDisplayObject
		Checking Parent: 0
			RTTIName: "NiNode"
			Flags: kSelectiveUpdate | kSelectiveUpdateTransforms | kSelectiveUpdateController
			Checking Parent: 1
				RTTIName: "NiNode"
				Flags: kSelectiveUpdate | kSelectiveUpdateTransforms | kSelectiveUpdateController | kDisplayObject
				Checking Parent: 1
					RTTIName: "NiNode"
					Flags: kSelectiveUpdate | kSelectiveUpdateTransforms | kSelectiveUpdateController
					Checking Parent: 3
						Name: "Sky"
						RTTIName: "BSMultiBoundNode"
						Flags: kSelectiveUpdate | kSelectiveUpdateTransforms | kSelectiveUpdateController
						Checking Parent: 0
							Name: "shadow scene node"
							RTTIName: "ShadowSceneNode"
							Flags: kSelectiveUpdate | kSelectiveUpdateTransforms | kSelectiveUpdateController
							Checking Parent: 1
								Name: "WorldRoot Node"
								RTTIName: "SceneGraph"
								Flags: kSelectiveUpdate | kSelectiveUpdateTransforms | kSelectiveUpdateController
	[RSP+4A78] 0x7FF6533E1BB3     (void* -> SkyrimSE.exe+0D51BB3	nop)
	[RSP+4A80] 0x2BE7A6D38C0      (BSGeometryListCullingProcess*)
	[RSP+4A88] 0x30               (size_t) [48]
	[RSP+4A90] 0x2BDAE680908      (void*)
	[RSP+4A98] 0x7FF653301878     (void* -> SkyrimSE.exe+0C71878	nop)
	[RSP+4AA0] 0xFFFFFFFFFFFFFFFE (size_t) [uint: 18446744073709551614 int: -2]
	[RSP+4AA8] 0x7FF653BB1488     (void* -> SkyrimSE.exe+1521488	loopne 0x00007FF653BB1458)
	[RSP+4AB0] 0x2BE758ED868      (void*)
	[RSP+4AB8] 0x0                (size_t) [0]
	[RSP+4AC0] 0x2C04520E980      (BSTriShape*)
		RTTIName: "BSTriShape"
		Flags: kSelectiveUpdate | kSelectiveUpdateTransforms | kSelectiveUpdateController | kDisplayObject
		Checking Parent: 0
			RTTIName: "NiNode"
			Flags: kSelectiveUpdate | kSelectiveUpdateTransforms | kSelectiveUpdateController
			Checking Parent: 1
				RTTIName: "NiNode"
				Flags: kSelectiveUpdate | kSelectiveUpdateTransforms | kSelectiveUpdateController | kDisplayObject
				Checking Parent: 1
					RTTIName: "NiNode"
					Flags: kSelectiveUpdate | kSelectiveUpdateTransforms | kSelectiveUpdateController
					Checking Parent: 3
						Name: "Sky"
						RTTIName: "BSMultiBoundNode"
						Flags: kSelectiveUpdate | kSelectiveUpdateTransforms | kSelectiveUpdateController
						Checking Parent: 0
							Name: "shadow scene node"
							RTTIName: "ShadowSceneNode"
							Flags: kSelectiveUpdate | kSelectiveUpdateTransforms | kSelectiveUpdateController
							Checking Parent: 1
								Name: "WorldRoot Node"
								RTTIName: "SceneGraph"
								Flags: kSelectiveUpdate | kSelectiveUpdateTransforms | kSelectiveUpdateController
	[RSP+4AC8] 0x7FF6533E886C     (void* -> SkyrimSE.exe+0D5886C	mov edx, [rbx+0x301F8])
	[RSP+4AD0] 0x2BE758ED740      (BSGeometryListCullingProcess*)
	[RSP+4AD8] 0x7FF6533094DA     (void* -> SkyrimSE.exe+0C794DA	cmp byte ptr [rbx+0x11D], 0x00)
	[RSP+4AE0] 0x20               (size_t) [32]
	[RSP+4AE8] 0x2BE758ED740      (BSGeometryListCullingProcess*)
	[RSP+4AF0] 0x2BDAE680908      (void*)
	[RSP+4AF8] 0x7FF653301878     (void* -> SkyrimSE.exe+0C71878	nop)
	[RSP+4B00] 0x20               (size_t) [32]
	[RSP+4B08] 0xFFFFFFFF         (size_t) [4294967295]
	[RSP+4B10] 0xFFFFFFFF         (size_t) [4294967295]
	[RSP+4B18] 0x2C004325440      (NiParticleSystem*)
		Name: "MX_Sparks01"
		RTTIName: "NiParticleSystem"
		Flags: kSelectiveUpdate | kSelectiveUpdateTransforms | kSelectiveUpdateController
		Checking Parent: 0
			Name: "pTorchLight01-Emitter"
			RTTIName: "NiNode"
			ExtraData[0] Name: "NiStringED001"
			Flags: kSelectiveUpdate | kSelectiveUpdateTransforms | kSelectiveUpdateController
			Checking Parent: 2
				Name: "MX_TorchLight01"
				RTTIName: "NiNode"
				ExtraData[0] Name: "BSX"
				Flags: kSelectiveUpdate | kSelectiveUpdateTransforms | kSelectiveUpdateController
				Checking Parent: 0
					Name: "mpstorchlight01.nif"
					RTTIName: "BSMasterParticleSystem"
					Flags: kSelectiveUpdate | kSelectiveUpdateTransforms | kSelectiveUpdateController
		Name: "MX_Sparks01"
	[RSP+4B20] 0xFFFFFFFFFFFFFFFE (size_t) [uint: 18446744073709551614 int: -2]
	[RSP+4B28] 0x2C2B4795300      (BSTriShape*)
		Name: "EnbLight02:22"
		RTTIName: "BSTriShape"
		Flags: kSelectiveUpdate | kSelectiveUpdateTransforms | kSelectiveUpdateController
		Full Name: ""
		File: "Plants\FloraDragonsTongue02.nif"
		Checking User Data: -----
			Object Reference: 
			File: "Skyrim Unbound.esp"
			Flags: 0x00000008 kInitialized
			FormID: 0xE0864A40
			FormType: Tree (38)
			ParentCell: ---
				File: "Lux - Skyrim Unbound patch.esp"
				Modified by: Skyrim Unbound.esp -> Lux - Skyrim Unbound patch.esp
				Flags: 0x0004000B 
				Name: "Skyrim Unbound"
				EditorID: "SkyrimUnboundRoom01"
				FormID: 0xE019BAD4
				FormType: Cell (60)
		Checking TESObjectREFR: {}
			Object Reference: 
			File: "Skyrim Unbound.esp"
			Flags: 0x00000008 kInitialized
			FormID: 0xE0864A40
			FormType: Tree (38)
			ParentCell: ---
				File: "Lux - Skyrim Unbound patch.esp"
				Modified by: Skyrim Unbound.esp -> Lux - Skyrim Unbound patch.esp
				Flags: 0x0004000B 
				Name: "Skyrim Unbound"
				EditorID: "SkyrimUnboundRoom01"
				FormID: 0xE019BAD4
				FormType: Cell (60)
		Checking Parent: 0
			Name: "ENBLight02"
			RTTIName: "NiBillboardNode"
			Flags: kSelectiveUpdate | kSelectiveUpdateTransforms | kSelectiveUpdateController
			Full Name: ""
			File: "Plants\FloraDragonsTongue02.nif"
			Checking User Data: -----
				Object Reference: 
				File: "Skyrim Unbound.esp"
				Flags: 0x00000008 kInitialized
				FormID: 0xE0864A40
				FormType: Tree (38)
				ParentCell: ---
					File: "Lux - Skyrim Unbound patch.esp"
					Modified by: Skyrim Unbound.esp -> Lux - Skyrim Unbound patch.esp
					Flags: 0x0004000B 
					Name: "Skyrim Unbound"
					EditorID: "SkyrimUnboundRoom01"
					FormID: 0xE019BAD4
					FormType: Cell (60)
			Checking TESObjectREFR: {}
				Object Reference: 
				File: "Skyrim Unbound.esp"
				Flags: 0x00000008 kInitialized
				FormID: 0xE0864A40
				FormType: Tree (38)
				ParentCell: ---
					File: "Lux - Skyrim Unbound patch.esp"
					Modified by: Skyrim Unbound.esp -> Lux - Skyrim Unbound patch.esp
					Flags: 0x0004000B 
					Name: "Skyrim Unbound"
					EditorID: "SkyrimUnboundRoom01"
					FormID: 0xE019BAD4
					FormType: Cell (60)
			Checking Parent: 2
				RTTIName: "NiNode"
				Flags: kSelectiveUpdate | kSelectiveUpdateTransforms | kSelectiveUpdateController
				Full Name: ""
				File: "Plants\FloraDragonsTongue02.nif"
				Checking User Data: -----
					Object Reference: 
					File: "Skyrim Unbound.esp"
					Flags: 0x00000008 kInitialized
					FormID: 0xE0864A40
					FormType: Tree (38)
					ParentCell: ---
						File: "Lux - Skyrim Unbound patch.esp"
						Modified by: Skyrim Unbound.esp -> Lux - Skyrim Unbound patch.esp
						Flags: 0x0004000B 
						Name: "Skyrim Unbound"
						EditorID: "SkyrimUnboundRoom01"
						FormID: 0xE019BAD4
						FormType: Cell (60)
				Checking TESObjectREFR: {}
					Object Reference: 
					File: "Skyrim Unbound.esp"
					Flags: 0x00000008 kInitialized
					FormID: 0xE0864A40
					FormType: Tree (38)
					ParentCell: ---
						File: "Lux - Skyrim Unbound patch.esp"
						Modified by: Skyrim Unbound.esp -> Lux - Skyrim Unbound patch.esp
						Flags: 0x0004000B 
						Name: "Skyrim Unbound"
						EditorID: "SkyrimUnboundRoom01"
						FormID: 0xE019BAD4
						FormType: Cell (60)
				Checking Parent: 0
					Name: "BYOHHouseIngrdThistle01:5"
					RTTIName: "NiSwitchNode"
					Flags: kSelectiveUpdate | kSelectiveUpdateTransforms | kSelectiveUpdateController
					Full Name: ""
					File: "Plants\FloraDragonsTongue02.nif"
					Checking User Data: -----
						Object Reference: 
						File: "Skyrim Unbound.esp"
						Flags: 0x00000008 kInitialized
						FormID: 0xE0864A40
						FormType: Tree (38)
						ParentCell: ---
							File: "Lux - Skyrim Unbound patch.esp"
							Modified by: Skyrim Unbound.esp -> Lux - Skyrim Unbound patch.esp
							Flags: 0x0004000B 
							Name: "Skyrim Unbound"
							EditorID: "SkyrimUnboundRoom01"
							FormID: 0xE019BAD4
							FormType: Cell (60)
					Checking TESObjectREFR: {}
						Object Reference: 
						File: "Skyrim Unbound.esp"
						Flags: 0x00000008 kInitialized
						FormID: 0xE0864A40
						FormType: Tree (38)
						ParentCell: ---
							File: "Lux - Skyrim Unbound patch.esp"
							Modified by: Skyrim Unbound.esp -> Lux - Skyrim Unbound patch.esp
							Flags: 0x0004000B 
							Name: "Skyrim Unbound"
							EditorID: "SkyrimUnboundRoom01"
							FormID: 0xE019BAD4
							FormType: Cell (60)
					Checking Parent: 0
						Name: "BYOHHouseIngrdThistle01"
						RTTIName: "BSLeafAnimNode"
						ExtraData[0] Name: "BSX"
						Flags: kSelectiveUpdate | kSelectiveUpdateTransforms | kSelectiveUpdateController
						Full Name: ""
						File: "Plants\FloraDragonsTongue02.nif"
						Checking User Data: -----
							Object Reference: 
							File: "Skyrim Unbound.esp"
							Flags: 0x00000008 kInitialized
							FormID: 0xE0864A40
							FormType: Tree (38)
							ParentCell: ---
								File: "Lux - Skyrim Unbound patch.esp"
								Modified by: Skyrim Unbound.esp -> Lux - Skyrim Unbound patch.esp
								Flags: 0x0004000B 
								Name: "Skyrim Unbound"
								EditorID: "SkyrimUnboundRoom01"
								FormID: 0xE019BAD4
								FormType: Cell (60)
						Checking TESObjectREFR: {}
							Object Reference: 
							File: "Skyrim Unbound.esp"
							Flags: 0x00000008 kInitialized
							FormID: 0xE0864A40
							FormType: Tree (38)
							ParentCell: ---
								File: "Lux - Skyrim Unbound patch.esp"
								Modified by: Skyrim Unbound.esp -> Lux - Skyrim Unbound patch.esp
								Flags: 0x0004000B 
								Name: "Skyrim Unbound"
								EditorID: "SkyrimUnboundRoom01"
								FormID: 0xE019BAD4
								FormType: Cell (60)
						Checking Parent: 59
							RTTIName: "NiNode"
							Flags: kSelectiveUpdate | kSelectiveUpdateTransforms | kSelectiveUpdateController
							Checking Parent: 3
								RTTIName: "BSMultiBoundNode"
								Flags: kSelectiveUpdate | kSelectiveUpdateTransforms | kSelectiveUpdateController
								Checking Parent: 2
									Name: "ObjectLODRoot"
									RTTIName: "NiNode"
									Flags: kSelectiveUpdate | kSelectiveUpdateTransforms | kSelectiveUpdateController
									Checking Parent: 3
										Name: "shadow scene node"
										RTTIName: "ShadowSceneNode"
										Flags: kSelectiveUpdate | kSelectiveUpdateTransforms | kSelectiveUpdateController
										Checking Parent: 1
											Name: "WorldRoot Node"
											RTTIName: "SceneGraph"
											Flags: kSelectiveUpdate | kSelectiveUpdateTransforms | kSelectiveUpdateController
		Name: "EnbLight02:22"
	[RSP+4B30] 0x2BE758ED740      (BSGeometryListCullingProcess*)
	[RSP+4B38] 0x7FF6533E0F30     (void* -> SkyrimSE.exe+0D50F30	cmp byte ptr [rdi+0x11D], 0x00)
	[RSP+4B40] 0x20               (size_t) [32]
	[RSP+4B48] 0x2C04520E980      (BSTriShape*)
		RTTIName: "BSTriShape"
		Flags: kSelectiveUpdate | kSelectiveUpdateTransforms | kSelectiveUpdateController | kDisplayObject
		Checking Parent: 0
			RTTIName: "NiNode"
			Flags: kSelectiveUpdate | kSelectiveUpdateTransforms | kSelectiveUpdateController
			Checking Parent: 1
				RTTIName: "NiNode"
				Flags: kSelectiveUpdate | kSelectiveUpdateTransforms | kSelectiveUpdateController | kDisplayObject
				Checking Parent: 1
					RTTIName: "NiNode"
					Flags: kSelectiveUpdate | kSelectiveUpdateTransforms | kSelectiveUpdateController
					Checking Parent: 3
						Name: "Sky"
						RTTIName: "BSMultiBoundNode"
						Flags: kSelectiveUpdate | kSelectiveUpdateTransforms | kSelectiveUpdateController
						Checking Parent: 0
							Name: "shadow scene node"
							RTTIName: "ShadowSceneNode"
							Flags: kSelectiveUpdate | kSelectiveUpdateTransforms | kSelectiveUpdateController
							Checking Parent: 1
								Name: "WorldRoot Node"
								RTTIName: "SceneGraph"
								Flags: kSelectiveUpdate | kSelectiveUpdateTransforms | kSelectiveUpdateController
	[RSP+4B50] 0x0                (size_t) [0]
	[RSP+4B58] 0x0                (size_t) [0]
	[RSP+4B60] 0x2BFC6493100      (TESQuest*)
		Active Quest: false
		Current Stage: 0
		Type: kMiscellaneous
		File: "Cutting Room Floor.esp"
		Modified by: Skyrim.esm -> Unofficial Skyrim Special Edition Patch.esp -> Cutting Room Floor.esp
		Flags: 0x00400009 kDestructible | kInitialized
		Name: "Tolfdir the Absent-Minded"
		EditorID: "MGR01"
		FormID: 0x000266F1
		FormType: Quest (77)
		GetFullName: "Tolfdir the Absent-Minded"
	[RSP+4B68] 0x2BDF7D50000      (void*)
	[RSP+4B70] 0xCBF29CE484222325 (size_t) [uint: 14695981039346656037 int: -3750763034362895579]
	[RSP+4B78] 0x7FF904DAF164     (void* -> ntdll.dll+000F164	mov r14, rax)
	[RSP+4B80] 0xFFFFFFFF00000002 (size_t) [uint: 18446744069414584322 int: -4294967294]
	[RSP+4B88] 0x0                (size_t) [0]
	[RSP+4B90] 0xDD73EFEE10       (void*)
	[RSP+4B98] 0x7FF6538D49FA     (void* -> SkyrimSE.exe+12449FA	test dword ptr [rbx+0x18], 0x80000000)
	[RSP+4BA0] 0xFFFFFFFFFFFFFFFE (size_t) [uint: 18446744073709551614 int: -2]
	[RSP+4BA8] 0x0                (size_t) [0]
	[RSP+4BB0] 0x2BFEA021F80      (BSScript::Internal::CodeTasklet*)
		Stack Trace: 
[ (FE0F5CD7)].FormList.GetAt() - "<native>" Line ?
[LullFishingUpdate (FE0F5884)].Lull_UpdateFishLists.LoopTransferForms() - "Lull_UpdateFishLists.psc" Line 94
[LullFishingUpdate (FE0F5884)].Lull_UpdateFishLists.InjectForms() - "Lull_UpdateFishLists.psc" Line 65
[alias Player on quest LullFishingUpdate (FE0F5884)].lullstartfishupdate.OnInit() - "lullstartfishupdate.psc" Line 7

	[RSP+4BB8] 0x1                (size_t) [1]
	[RSP+4BC0] 0xFFFFFFFFFFFFFFFE (size_t) [uint: 18446744073709551614 int: -2]
	[RSP+4BC8] 0xDD73EFEDF0       (char*) " "
	[RSP+4BD0] 0x2BDAE6801A0      (void*)
	[RSP+4BD8] 0x1                (size_t) [1]
	[RSP+4BE0] 0xFFFFFFFFFFFFFFFE (size_t) [uint: 18446744073709551614 int: -2]
	[RSP+4BE8] 0xDD73EFE670       (void*)
	[RSP+4BF0] 0x40000000         (size_t) [1073741824]
	[RSP+4BF8] 0x0                (size_t) [0]
	[RSP+4C00] 0x2C499A3230C      (void*)
	[RSP+4C08] 0x2BFC7DC0E01      (void*)
	[RSP+4C10] 0x0                (size_t) [0]
	[RSP+4C18] 0x2BDAE6807C0      (void*)
	[RSP+4C20] 0xFFFFFF00         (size_t) [4294967040]
	[RSP+4C28] 0x7FF655590E00     (void* -> SkyrimSE.exe+2F00E00	and ah, cl)
	[RSP+4C30] 0x2C006843E00      (void*)
	[RSP+4C38] 0x7FF655590E01     (void* -> SkyrimSE.exe+2F00E01	int3)
	[RSP+4C40] 0x1                (size_t) [1]
	[RSP+4C48] 0x7FF652AD4A91     (void* -> SkyrimSE.exe+0444A91	movzx r8d, al)
	[RSP+4C50] 0x2C006843E00      (void*)
	[RSP+4C58] 0x7FF6538C710E     (void* -> SkyrimSE.exe+123710E	nop)
	[RSP+4C60] 0xFFFFFFFF00000000 (size_t) [uint: 18446744069414584320 int: -4294967296]
	[RSP+4C68] 0x0                (size_t) [0]
	[RSP+4C70] 0x2BDAE6807E8      (void*)
	[RSP+4C78] 0x0                (size_t) [0]
	[RSP+4C80] 0x2BDAE6807E0      (void*)
	[RSP+4C88] 0x0                (size_t) [0]
	[RSP+4C90] 0x2C0125BCC20      (TESObjectREFR*)
		Object Reference: 
		File: "Skyrim.esm"
		Flags: 0x00000009 kDestructible | kInitialized
		FormID: 0x00086016
		FormType: Static (34)
		ParentCell: ---
			File: "Nolvus Awakening Lighting Patch.esp"
			Modified by: Skyrim.esm -> Unofficial Skyrim Special Edition Patch.esp -> Personalized Music v 6.0.esp -> yumcheese.esp -> JK's The Hag's Cure.esp -> JKs Hags Cure - Cheesemod Patch.esp -> ACatsLife.esp -> SkyrimsUniqueTreasures.esp -> JKs Hags Cure - SUT Patch.esp -> JKs Hags Cure - Embers XD Patch.esp -> AI Overhaul.esp -> JKs Hags Cure - AI Overhaul Patch.esp -> StoreDoorbells.esp -> Lux.esp -> Lux - JK's The Hag's Cure patch.esp -> Nolvus Awakening Creatures Patch.esp -> Nolvus Awakening Lighting Patch.esp
			Flags: 0x00040009 
			Name: "The Hag's Cure"
			EditorID: "MarkarthHagsCure"
			FormID: 0x00016DF6
			FormType: Cell (60)
		File: "Lux - JK's The Hag's Cure patch.esp"
		Modified by: Lux.esp -> Lux - JK's The Hag's Cure patch.esp
		Flags: 0x00000008 kInitialized
		FormID: 0xE208C209
		FormType: Reference (61)
	[RSP+4C98] 0x7FF6532980A8     (void* -> SkyrimSE.exe+0C080A8	mov rax, [rsp+0x30])
	[RSP+4CA0] 0x7FF655590E00     (void* -> SkyrimSE.exe+2F00E00	and ah, cl)
	[RSP+4CA8] 0xFFFFFFFF         (size_t) [4294967295]
	[RSP+4CB0] 0x2C0125BCC20      (TESObjectREFR*)
		Object Reference: 
		File: "Skyrim.esm"
		Flags: 0x00000009 kDestructible | kInitialized
		FormID: 0x00086016
		FormType: Static (34)
		ParentCell: ---
			File: "Nolvus Awakening Lighting Patch.esp"
			Modified by: Skyrim.esm -> Unofficial Skyrim Special Edition Patch.esp -> Personalized Music v 6.0.esp -> yumcheese.esp -> JK's The Hag's Cure.esp -> JKs Hags Cure - Cheesemod Patch.esp -> ACatsLife.esp -> SkyrimsUniqueTreasures.esp -> JKs Hags Cure - SUT Patch.esp -> JKs Hags Cure - Embers XD Patch.esp -> AI Overhaul.esp -> JKs Hags Cure - AI Overhaul Patch.esp -> StoreDoorbells.esp -> Lux.esp -> Lux - JK's The Hag's Cure patch.esp -> Nolvus Awakening Creatures Patch.esp -> Nolvus Awakening Lighting Patch.esp
			Flags: 0x00040009 
			Name: "The Hag's Cure"
			EditorID: "MarkarthHagsCure"
			FormID: 0x00016DF6
			FormType: Cell (60)
		File: "Lux - JK's The Hag's Cure patch.esp"
		Modified by: Lux.esp -> Lux - JK's The Hag's Cure patch.esp
		Flags: 0x00000008 kInitialized
		FormID: 0xE208C209
		FormType: Reference (61)
	[RSP+4CB8] 0x2C002F60E40      (void*)
	[RSP+4CC0] 0x7FF655590E00     (void* -> SkyrimSE.exe+2F00E00	and ah, cl)
	[RSP+4CC8] 0x7FF652A0EBBA     (void* -> SkyrimSE.exe+037EBBA	sub rax, [rsi])
	[RSP+4CD0] 0x6FDE8C0F2B       (size_t) [480475090731]
	[RSP+4CD8] 0x2BDAE6807F0      (void*)
	[RSP+4CE0] 0x7FF655590E00     (void* -> SkyrimSE.exe+2F00E00	and ah, cl)
	[RSP+4CE8] 0x0                (size_t) [0]
	[RSP+4CF0] 0xDD73EFEF30       (void*)
	[RSP+4CF8] 0x7FF65390E7BA     (void* -> SkyrimSE.exe+127E7BA	nop)
	[RSP+4D00] 0xDD73EFE7A0       (void*)
	[RSP+4D08] 0x7FF652A0BFC0     (void* -> SkyrimSE.exe+037BFC0	add rbx, 0x10)
	[RSP+4D10] 0xDD73EFE760       (void*)
	[RSP+4D18] 0x2C002F60E40      (void*)
	[RSP+4D20] 0x2C002F5DFB0      (void*)
	[RSP+4D28] 0x2C002F60E40      (void*)
	[RSP+4D30] 0x2C002F5CE70      (void*)
	[RSP+4D38] 0x2C002F60E40      (void*)
	[RSP+4D40] 0x2C002F60E40      (void*)
	[RSP+4D48] 0x2C002F60E40      (void*)
	[RSP+4D50] 0x7FF655590E00     (void* -> SkyrimSE.exe+2F00E00	and ah, cl)
	[RSP+4D58] 0x7FF652A0CD65     (void* -> SkyrimSE.exe+037CD65	cmp [rbx], eax)
	[RSP+4D60] 0x2BFB4F8A340      (TESObjectCELL*)
		File: "Nolvus Awakening Lighting Patch.esp"
		Modified by: Skyrim.esm -> Unofficial Skyrim Special Edition Patch.esp -> Personalized Music v 6.0.esp -> yumcheese.esp -> JK's The Hag's Cure.esp -> JKs Hags Cure - Cheesemod Patch.esp -> ACatsLife.esp -> SkyrimsUniqueTreasures.esp -> JKs Hags Cure - SUT Patch.esp -> JKs Hags Cure - Embers XD Patch.esp -> AI Overhaul.esp -> JKs Hags Cure - AI Overhaul Patch.esp -> StoreDoorbells.esp -> Lux.esp -> Lux - JK's The Hag's Cure patch.esp -> Nolvus Awakening Creatures Patch.esp -> Nolvus Awakening Lighting Patch.esp
		Flags: 0x00040009 
		Name: "The Hag's Cure"
		EditorID: "MarkarthHagsCure"
		FormID: 0x00016DF6
		FormType: Cell (60)
		File: "Nolvus Awakening Lighting Patch.esp"
		Modified by: Skyrim.esm -> Unofficial Skyrim Special Edition Patch.esp -> Personalized Music v 6.0.esp -> yumcheese.esp -> JK's The Hag's Cure.esp -> JKs Hags Cure - Cheesemod Patch.esp -> ACatsLife.esp -> SkyrimsUniqueTreasures.esp -> JKs Hags Cure - SUT Patch.esp -> JKs Hags Cure - Embers XD Patch.esp -> AI Overhaul.esp -> JKs Hags Cure - AI Overhaul Patch.esp -> StoreDoorbells.esp -> Lux.esp -> Lux - JK's The Hag's Cure patch.esp -> Nolvus Awakening Creatures Patch.esp -> Nolvus Awakening Lighting Patch.esp
		Flags: 0x00040009 kDestructible | kInitialized
		Name: "The Hag's Cure"
		EditorID: "MarkarthHagsCure"
		FormID: 0x00016DF6
		FormType: Cell (60)
		GetFullName: "The Hag's Cure"
	[RSP+4D68] 0x2BFB4F8A458      (void*)
	[RSP+4D70] 0x7FF654552D40     (void* -> SkyrimSE.exe+1EC2D40	add [rax], al)
	[RSP+4D78] 0x7FF655590E00     (void* -> SkyrimSE.exe+2F00E00	and ah, cl)
	[RSP+4D80] 0xFFFFFFFFFFFFFFFE (size_t) [uint: 18446744073709551614 int: -2]
	[RSP+4D88] 0x2C2AA4356C0      (NiBillboardNode*)
		Name: "ENBLight02"
		RTTIName: "NiBillboardNode"
		Flags: kSelectiveUpdate | kSelectiveUpdateTransforms | kSelectiveUpdateController
		Full Name: ""
		File: "Plants\FloraDragonsTongue02.nif"
		Checking User Data: -----
			Object Reference: 
			File: "Skyrim Unbound.esp"
			Flags: 0x00000008 kInitialized
			FormID: 0xE0864A40
			FormType: Tree (38)
			ParentCell: ---
				File: "Lux - Skyrim Unbound patch.esp"
				Modified by: Skyrim Unbound.esp -> Lux - Skyrim Unbound patch.esp
				Flags: 0x0004000B 
				Name: "Skyrim Unbound"
				EditorID: "SkyrimUnboundRoom01"
				FormID: 0xE019BAD4
				FormType: Cell (60)
		Checking TESObjectREFR: {}
			Object Reference: 
			File: "Skyrim Unbound.esp"
			Flags: 0x00000008 kInitialized
			FormID: 0xE0864A40
			FormType: Tree (38)
			ParentCell: ---
				File: "Lux - Skyrim Unbound patch.esp"
				Modified by: Skyrim Unbound.esp -> Lux - Skyrim Unbound patch.esp
				Flags: 0x0004000B 
				Name: "Skyrim Unbound"
				EditorID: "SkyrimUnboundRoom01"
				FormID: 0xE019BAD4
				FormType: Cell (60)
		Checking Parent: 2
			RTTIName: "NiNode"
			Flags: kSelectiveUpdate | kSelectiveUpdateTransforms | kSelectiveUpdateController
			Full Name: ""
			File: "Plants\FloraDragonsTongue02.nif"
			Checking User Data: -----
				Object Reference: 
				File: "Skyrim Unbound.esp"
				Flags: 0x00000008 kInitialized
				FormID: 0xE0864A40
				FormType: Tree (38)
				ParentCell: ---
					File: "Lux - Skyrim Unbound patch.esp"
					Modified by: Skyrim Unbound.esp -> Lux - Skyrim Unbound patch.esp
					Flags: 0x0004000B 
					Name: "Skyrim Unbound"
					EditorID: "SkyrimUnboundRoom01"
					FormID: 0xE019BAD4
					FormType: Cell (60)
			Checking TESObjectREFR: {}
				Object Reference: 
				File: "Skyrim Unbound.esp"
				Flags: 0x00000008 kInitialized
				FormID: 0xE0864A40
				FormType: Tree (38)
				ParentCell: ---
					File: "Lux - Skyrim Unbound patch.esp"
					Modified by: Skyrim Unbound.esp -> Lux - Skyrim Unbound patch.esp
					Flags: 0x0004000B 
					Name: "Skyrim Unbound"
					EditorID: "SkyrimUnboundRoom01"
					FormID: 0xE019BAD4
					FormType: Cell (60)
			Checking Parent: 0
				Name: "BYOHHouseIngrdThistle01:5"
				RTTIName: "NiSwitchNode"
				Flags: kSelectiveUpdate | kSelectiveUpdateTransforms | kSelectiveUpdateController
				Full Name: ""
				File: "Plants\FloraDragonsTongue02.nif"
				Checking User Data: -----
					Object Reference: 
					File: "Skyrim Unbound.esp"
					Flags: 0x00000008 kInitialized
					FormID: 0xE0864A40
					FormType: Tree (38)
					ParentCell: ---
						File: "Lux - Skyrim Unbound patch.esp"
						Modified by: Skyrim Unbound.esp -> Lux - Skyrim Unbound patch.esp
						Flags: 0x0004000B 
						Name: "Skyrim Unbound"
						EditorID: "SkyrimUnboundRoom01"
						FormID: 0xE019BAD4
						FormType: Cell (60)
				Checking TESObjectREFR: {}
					Object Reference: 
					File: "Skyrim Unbound.esp"
					Flags: 0x00000008 kInitialized
					FormID: 0xE0864A40
					FormType: Tree (38)
					ParentCell: ---
						File: "Lux - Skyrim Unbound patch.esp"
						Modified by: Skyrim Unbound.esp -> Lux - Skyrim Unbound patch.esp
						Flags: 0x0004000B 
						Name: "Skyrim Unbound"
						EditorID: "SkyrimUnboundRoom01"
						FormID: 0xE019BAD4
						FormType: Cell (60)
				Checking Parent: 0
					Name: "BYOHHouseIngrdThistle01"
					RTTIName: "BSLeafAnimNode"
					ExtraData[0] Name: "BSX"
					Flags: kSelectiveUpdate | kSelectiveUpdateTransforms | kSelectiveUpdateController
					Full Name: ""
					File: "Plants\FloraDragonsTongue02.nif"
					Checking User Data: -----
						Object Reference: 
						File: "Skyrim Unbound.esp"
						Flags: 0x00000008 kInitialized
						FormID: 0xE0864A40
						FormType: Tree (38)
						ParentCell: ---
							File: "Lux - Skyrim Unbound patch.esp"
							Modified by: Skyrim Unbound.esp -> Lux - Skyrim Unbound patch.esp
							Flags: 0x0004000B 
							Name: "Skyrim Unbound"
							EditorID: "SkyrimUnboundRoom01"
							FormID: 0xE019BAD4
							FormType: Cell (60)
					Checking TESObjectREFR: {}
						Object Reference: 
						File: "Skyrim Unbound.esp"
						Flags: 0x00000008 kInitialized
						FormID: 0xE0864A40
						FormType: Tree (38)
						ParentCell: ---
							File: "Lux - Skyrim Unbound patch.esp"
							Modified by: Skyrim Unbound.esp -> Lux - Skyrim Unbound patch.esp
							Flags: 0x0004000B 
							Name: "Skyrim Unbound"
							EditorID: "SkyrimUnboundRoom01"
							FormID: 0xE019BAD4
							FormType: Cell (60)
					Checking Parent: 59
						RTTIName: "NiNode"
						Flags: kSelectiveUpdate | kSelectiveUpdateTransforms | kSelectiveUpdateController
						Checking Parent: 3
							RTTIName: "BSMultiBoundNode"
							Flags: kSelectiveUpdate | kSelectiveUpdateTransforms | kSelectiveUpdateController
							Checking Parent: 2
								Name: "ObjectLODRoot"
								RTTIName: "NiNode"
								Flags: kSelectiveUpdate | kSelectiveUpdateTransforms | kSelectiveUpdateController
								Checking Parent: 3
									Name: "shadow scene node"
									RTTIName: "ShadowSceneNode"
									Flags: kSelectiveUpdate | kSelectiveUpdateTransforms | kSelectiveUpdateController
									Checking Parent: 1
										Name: "WorldRoot Node"
										RTTIName: "SceneGraph"
										Flags: kSelectiveUpdate | kSelectiveUpdateTransforms | kSelectiveUpdateController
		Name: "ENBLight02"
	[RSP+4D90] 0xDD73EFE810       (void*)
	[RSP+4D98] 0x7FF6538C6DDA     (void* -> SkyrimSE.exe+1236DDA	jmp 0x00007FF6538C6E29)
	[RSP+4DA0] 0x16               (size_t) [22]
	[RSP+4DA8] 0x2BDAE680908      (void*)
	[RSP+4DB0] 0xFFFFFFFFFFFFFFFE (size_t) [uint: 18446744073709551614 int: -2]
	[RSP+4DB8] 0xDD73EFE838       (BSScript::IForEachScriptObjectFunctor*)
	[RSP+4DC0] 0x2C086AE7850      (void*)
	[RSP+4DC8] 0x7FF6532B9EB8     (void* -> SkyrimSE.exe+0C29EB8	mov r12, rax)
	[RSP+4DD0] 0xDD73EFE818       (void*)
	[RSP+4DD8] 0x7FF6538C5DF3     (void* -> SkyrimSE.exe+1235DF3	nop)
	[RSP+4DE0] 0x2C086AE7850      (void*)
	[RSP+4DE8] 0x7FF6538C710E     (void* -> SkyrimSE.exe+123710E	nop)
	[RSP+4DF0] 0xFFFFFFFFFFFFFFFE (size_t) [uint: 18446744073709551614 int: -2]
	[RSP+4DF8] 0x0                (size_t) [0]
	[RSP+4E00] 0x2C086AE7850      (void*)
	[RSP+4E08] 0x2C044C03801      (void*)
	[RSP+4E10] 0x7FF6555B81A8     (SkyrimScript::HandlePolicy*)
	[RSP+4E18] 0xDD73EFE838       (BSScript::IForEachScriptObjectFunctor*)
	[RSP+4E20] 0x0                (size_t) [0]
	[RSP+4E28] 0x7FF652F99C4F     (void* -> SkyrimSE.exe+0909C4F	nop)
	[RSP+4E30] 0x2C086AE7850      (void*)
	[RSP+4E38] 0x2C086AE7850      (void*)
	[RSP+4E40] 0xDD73EFE8D0       (void*)
	[RSP+4E48] 0x2C044C03801      (void*)
	[RSP+4E50] 0xFFFFFFFFFFFFFFFE (size_t) [uint: 18446744073709551614 int: -2]
	[RSP+4E58] 0x0                (size_t) [0]
	[RSP+4E60] 0xDD73EFF290       (void*)
	[RSP+4E68] 0x7FF652F9B0E3     (void* -> SkyrimSE.exe+090B0E3	jmp 0x00007FF652F9B12B)
	[RSP+4E70] 0x2C086AE7850      (void*)
	[RSP+4E78] 0x0                (size_t) [0]
	[RSP+4E80] 0x0                (size_t) [0]
	[RSP+4E88] 0x2C086AE7850      (void*)
	[RSP+4E90] 0x0                (size_t) [0]
	[RSP+4E98] 0x2BFB5036340      (TESObjectCELL*)
		File: "Nolvus Awakening Lighting Patch.esp"
		Modified by: Skyrim.esm -> HearthFires.esm -> ccvsvsse002-pets.esl -> ccbgssse056-ba_silver.esl -> Unofficial Skyrim Special Edition Patch.esp -> LegacyoftheDragonborn.esm -> 3DNPC.esp -> Cutting Room Floor.esp -> yumcheese.esp -> RAEQuestRequirements.esp -> CitizensComplete.esp -> Katana.esp -> Dawn of Skyrim.esp -> Distinct Interiors.esp -> EEKs Whiterun Interiors.esp -> JK's The Bannered Mare.esp -> The JK's Interior of EEK's Bannered Mare.esp -> Distinct Interiors - LOTD patch.esp -> JKEEKBanneredMare - Pets patch.esp -> JKEEKBanneredMare - Alternative Silver Armors patch.esp -> JKEEKBanneredMare - LOTD patch.esp -> JKEEKBanneredMare - Cheesemod patch.esp -> JKEEKBanneredMare - 3DNPC patch.esp -> JKEEKBanneredMare - Citizens of Tamriel patch.esp -> JKEEKBanneredMare - Distinct Interiors patch.esp -> treasure_hunt.esp -> JKEEKBanneredMare - New Treasure Hunt patch.esp -> SUDs.esp -> JKEEKBanneredMare - Skyrim Unique Drinks Patch.esp -> Embers XD.esp -> JKEEKBanneredMare - Embers XD patch.esp -> AkaviriFollower.esp -> AI Overhaul.esp -> JKEEKBanneredMare - AI Overhaul patch.esp -> Water for ENB - Patch - JKs Bannered Mare.esp -> Skyrim Unbound.esp -> Lux.esp -> Lux - JK's Bannered Mare patch.esp -> Lux - JK's Eek Bannered Mare patch.esp -> Lux - Embers XD patch.esp -> Nolvus Awakening Interior Patch.esp -> Nolvus Awakening AI Patch.esp -> Nolvus Awakening Lighting Patch.esp
		Flags: 0x00040009 
		Name: "The Bannered Mare"
		EditorID: "WhiterunBanneredMare"
		FormID: 0x0001605E
		FormType: Cell (60)
		File: "Nolvus Awakening Lighting Patch.esp"
		Modified by: Skyrim.esm -> HearthFires.esm -> ccvsvsse002-pets.esl -> ccbgssse056-ba_silver.esl -> Unofficial Skyrim Special Edition Patch.esp -> LegacyoftheDragonborn.esm -> 3DNPC.esp -> Cutting Room Floor.esp -> yumcheese.esp -> RAEQuestRequirements.esp -> CitizensComplete.esp -> Katana.esp -> Dawn of Skyrim.esp -> Distinct Interiors.esp -> EEKs Whiterun Interiors.esp -> JK's The Bannered Mare.esp -> The JK's Interior of EEK's Bannered Mare.esp -> Distinct Interiors - LOTD patch.esp -> JKEEKBanneredMare - Pets patch.esp -> JKEEKBanneredMare - Alternative Silver Armors patch.esp -> JKEEKBanneredMare - LOTD patch.esp -> JKEEKBanneredMare - Cheesemod patch.esp -> JKEEKBanneredMare - 3DNPC patch.esp -> JKEEKBanneredMare - Citizens of Tamriel patch.esp -> JKEEKBanneredMare - Distinct Interiors patch.esp -> treasure_hunt.esp -> JKEEKBanneredMare - New Treasure Hunt patch.esp -> SUDs.esp -> JKEEKBanneredMare - Skyrim Unique Drinks Patch.esp -> Embers XD.esp -> JKEEKBanneredMare - Embers XD patch.esp -> AkaviriFollower.esp -> AI Overhaul.esp -> JKEEKBanneredMare - AI Overhaul patch.esp -> Water for ENB - Patch - JKs Bannered Mare.esp -> Skyrim Unbound.esp -> Lux.esp -> Lux - JK's Bannered Mare patch.esp -> Lux - JK's Eek Bannered Mare patch.esp -> Lux - Embers XD patch.esp -> Nolvus Awakening Interior Patch.esp -> Nolvus Awakening AI Patch.esp -> Nolvus Awakening Lighting Patch.esp
		Flags: 0x00040009 kDestructible | kInitialized
		Name: "The Bannered Mare"
		EditorID: "WhiterunBanneredMare"
		FormID: 0x0001605E
		FormType: Cell (60)
		GetFullName: "The Bannered Mare"
	[RSP+4EA0] 0x18E6C            (size_t) [101996]
	[RSP+4EA8] 0x0                (size_t) [0]
	[RSP+4EB0] 0x2BEF01ADD80      (void*)
	[RSP+4EB8] 0x0                (size_t) [0]
	[RSP+4EC0] 0x2C086AE7850      (void*)
	[RSP+4EC8] 0x0                (size_t) [0]
	[RSP+4ED0] 0xFFFF3F047689     (size_t) [281471739000457]
	[RSP+4ED8] 0x7FF653C08EB8     (void* -> SkyrimSE.exe+1578EB8	rol byte ptr [rax-0x69], 0x01)
	[RSP+4EE0] 0x0                (size_t) [0]
	[RSP+4EE8] 0x2C086AE7850      (void*)
	[RSP+4EF0] 0xFFFFFFFFFFFFFFFE (size_t) [uint: 18446744073709551614 int: -2]
	[RSP+4EF8] 0x7FF6555B81C0     (void* -> SkyrimSE.exe+2F281C0	add [rax], al)
	[RSP+4F00] 0x1                (size_t) [1]
	[RSP+4F08] 0x7FF652F94469     (void* -> SkyrimSE.exe+0904469	mov ecx, [rdi+0x04])
	[RSP+4F10] 0x2C499A32590      (void*)
	[RSP+4F18] 0x7FF6527C2BEA     (void* -> SkyrimSE.exe+0132BEA	mov ebp, eax)
	[RSP+4F20] 0x1                (size_t) [1]
	[RSP+4F28] 0x0                (size_t) [0]
	[RSP+4F30] 0x1                (size_t) [1]
	[RSP+4F38] 0x7FF6532E8CDB     (void* -> SkyrimSE.exe+0C58CDB	add rbx, 0x08)
	[RSP+4F40] 0xFFFFFFFF         (size_t) [4294967295]
	[RSP+4F48] 0x7FF652F93283     (void* -> SkyrimSE.exe+0903283	cmp [rbx], eax)
	[RSP+4F50] 0x0                (size_t) [0]
	[RSP+4F58] 0x2C15995E480      (NiNode*)
		Name: "pTorchLight01-Emitter"
		RTTIName: "NiNode"
		ExtraData[0] Name: "NiStringED001"
		Flags: kSelectiveUpdate | kSelectiveUpdateTransforms | kSelectiveUpdateController
		Checking Parent: 2
			Name: "MX_TorchLight01"
			RTTIName: "NiNode"
			ExtraData[0] Name: "BSX"
			Flags: kSelectiveUpdate | kSelectiveUpdateTransforms | kSelectiveUpdateController
			Checking Parent: 0
				Name: "mpstorchlight01.nif"
				RTTIName: "BSMasterParticleSystem"
				Flags: kSelectiveUpdate | kSelectiveUpdateTransforms | kSelectiveUpdateController
		Name: "pTorchLight01-Emitter"
	[RSP+4F60] 0x1                (size_t) [1]
	[RSP+4F68] 0x7FF6532E8CDB     (void* -> SkyrimSE.exe+0C58CDB	add rbx, 0x08)
	[RSP+4F70] 0xFFFFFFFF         (size_t) [4294967295]
	[RSP+4F78] 0x2C15995E480      (NiNode*)
		Name: "pTorchLight01-Emitter"
		RTTIName: "NiNode"
		ExtraData[0] Name: "NiStringED001"
		Flags: kSelectiveUpdate | kSelectiveUpdateTransforms | kSelectiveUpdateController
		Checking Parent: 2
			Name: "MX_TorchLight01"
			RTTIName: "NiNode"
			ExtraData[0] Name: "BSX"
			Flags: kSelectiveUpdate | kSelectiveUpdateTransforms | kSelectiveUpdateController
			Checking Parent: 0
				Name: "mpstorchlight01.nif"
				RTTIName: "BSMasterParticleSystem"
				Flags: kSelectiveUpdate | kSelectiveUpdateTransforms | kSelectiveUpdateController
		Name: "pTorchLight01-Emitter"
	[RSP+4F80] 0x0                (size_t) [0]
	[RSP+4F88] 0x2C006C23740      (NiNode*)
		RTTIName: "NiNode"
		Flags: kSelectiveUpdate | kSelectiveUpdateTransforms | kSelectiveUpdateController
		Checking Parent: 1
			RTTIName: "NiNode"
			Flags: kSelectiveUpdate | kSelectiveUpdateTransforms | kSelectiveUpdateController | kDisplayObject
			Checking Parent: 1
				RTTIName: "NiNode"
				Flags: kSelectiveUpdate | kSelectiveUpdateTransforms | kSelectiveUpdateController
				Checking Parent: 3
					Name: "Sky"
					RTTIName: "BSMultiBoundNode"
					Flags: kSelectiveUpdate | kSelectiveUpdateTransforms | kSelectiveUpdateController
					Checking Parent: 0
						Name: "shadow scene node"
						RTTIName: "ShadowSceneNode"
						Flags: kSelectiveUpdate | kSelectiveUpdateTransforms | kSelectiveUpdateController
						Checking Parent: 1
							Name: "WorldRoot Node"
							RTTIName: "SceneGraph"
							Flags: kSelectiveUpdate | kSelectiveUpdateTransforms | kSelectiveUpdateController
	[RSP+4F90] 0x2BE758ED740      (BSGeometryListCullingProcess*)
	[RSP+4F98] 0x7FF6533E0F30     (void* -> SkyrimSE.exe+0D50F30	cmp byte ptr [rdi+0x11D], 0x00)
	[RSP+4FA0] 0x2C006C23740      (NiNode*)
		RTTIName: "NiNode"
		Flags: kSelectiveUpdate | kSelectiveUpdateTransforms | kSelectiveUpdateController
		Checking Parent: 1
			RTTIName: "NiNode"
			Flags: kSelectiveUpdate | kSelectiveUpdateTransforms | kSelectiveUpdateController | kDisplayObject
			Checking Parent: 1
				RTTIName: "NiNode"
				Flags: kSelectiveUpdate | kSelectiveUpdateTransforms | kSelectiveUpdateController
				Checking Parent: 3
					Name: "Sky"
					RTTIName: "BSMultiBoundNode"
					Flags: kSelectiveUpdate | kSelectiveUpdateTransforms | kSelectiveUpdateController
					Checking Parent: 0
						Name: "shadow scene node"
						RTTIName: "ShadowSceneNode"
						Flags: kSelectiveUpdate | kSelectiveUpdateTransforms | kSelectiveUpdateController
						Checking Parent: 1
							Name: "WorldRoot Node"
							RTTIName: "SceneGraph"
							Flags: kSelectiveUpdate | kSelectiveUpdateTransforms | kSelectiveUpdateController
	[RSP+4FA8] 0x2BE758ED740      (BSGeometryListCullingProcess*)
	[RSP+4FB0] 0xFFFFFF00         (size_t) [4294967040]
	[RSP+4FB8] 0xFFFFFFFF         (size_t) [4294967295]
	[RSP+4FC0] 0xFFFFFFFFFFFFFFFE (size_t) [uint: 18446744073709551614 int: -2]
	[RSP+4FC8] 0x2C008C77E40      (char*) "F"
	[RSP+4FD0] 0xDD73EFE970       (void*)
	[RSP+4FD8] 0xDD73EFEA20       (void*)
	[RSP+4FE0] 0xDD73EFF238       (void*)
	[RSP+4FE8] 0x7FF6538D49FA     (void* -> SkyrimSE.exe+12449FA	test dword ptr [rbx+0x18], 0x80000000)
	[RSP+4FF0] 0x2C008C77E40      (char*) "F"
	[RSP+4FF8] 0xDD73EFF238       (void*)
	[RSP+5000] 0x2BFEA023790      (BSScript::Internal::CodeTasklet*)
		Stack Trace: 
[TA_ArmorManager_Quest (D1002E23)].ta_armormanager_script.FillProtectionPerkByInverseOfArray() - "TA_ArmorManager_Script.psc" Line 472
[TA_ArmorManager_Quest (D1002E23)].ta_armormanager_script.ManageMaterialPerk() - "TA_ArmorManager_Script.psc" Line 449
[TA_ArmorManager_Quest (D1002E23)].ta_armormanager_script.ManagePerks() - "TA_ArmorManager_Script.psc" Line 431
[TA_ArmorManager_Quest (D1002E23)].ta_armormanager_script.LoadedGame() - "TA_ArmorManager_Script.psc" Line 411
[TA_MCM_Version248_Quest (D10012C5)].ta_mcm_script.OnGameReload() - "TA_MCM_Script.psc" Line 48
[TA_MCM_Version248_Quest (D10012C5)].ta_mcm_script.OnGameReload() - "TA_MCM_Script.psc" Line 41
[TA_MCM_Version248_Quest (D10012C5)].ski_configbase.OnInit() - "SKI_ConfigBase.psc" Line 85

			File: "TrueArmor - Settings Loader.esp"
			Modified by: TrueArmor.esp -> TrueArmor - Settings Loader.esp
			Flags: 0x00400008 kInitialized
			EditorID: "TA_MCM_Version248_Quest"
			FormID: 0xD10012C5
			FormType: Quest (77)
			File: "TrueArmor.esp"
			Flags: 0x00400008 kInitialized
			EditorID: "TA_ArmorManager_Quest"
			FormID: 0xD1002E23
			FormType: Quest (77)
	[RSP+5008] 0x2C008C778C0      (void*)
	[RSP+5010] 0xFFFFFFFFFFFFFFFE (size_t) [uint: 18446744073709551614 int: -2]
	[RSP+5018] 0x2BEF020FF00      (void*)
	[RSP+5020] 0xFFFFFFFFFFFFFFFE (size_t) [uint: 18446744073709551614 int: -2]
	[RSP+5028] 0x7FF6532B9EB8     (void* -> SkyrimSE.exe+0C29EB8	mov r12, rax)
	[RSP+5030] 0xDD73EFEAF8       (void*)
	[RSP+5038] 0x7FF6538C6FA1     (void* -> SkyrimSE.exe+1236FA1	test eax, eax)
	[RSP+5040] 0x2C086AE7850      (void*)
	[RSP+5048] 0x2BFD403AFE8      (char*) "8_Quest (D10012C5)"
	[RSP+5050] 0x2BFD403AFE8      (char*) "8_Quest (D10012C5)"
	[RSP+5058] 0x1                (size_t) [1]
	[RSP+5060] 0xFFFFFFFFFFFFFFFE (size_t) [uint: 18446744073709551614 int: -2]
	[RSP+5068] 0x2C044C03808      (void*)
	[RSP+5070] 0xFFFFFFFF         (size_t) [4294967295]
	[RSP+5078] 0x2C044C03808      (void*)
	[RSP+5080] 0xDD73EFEAF8       (void*)
	[RSP+5088] 0x7FF654485AFC     (void* -> SkyrimSE.exe+1DF5AFC	fisubr [rbp-0x52211042])
	[RSP+5090] 0x2BFD403AFE0      (char*) "ersion248_Quest (D10012C5)"
	[RSP+5098] 0x7FF652F9AC30     (void* -> SkyrimSE.exe+090AC30	nop)
	[RSP+50A0] 0x2C086AE7850      (void*)
	[RSP+50A8] 0x7FF6538C710E     (void* -> SkyrimSE.exe+123710E	nop)
	[RSP+50B0] 0xFFFFFFFFFFFFFFFE (size_t) [uint: 18446744073709551614 int: -2]
	[RSP+50B8] 0x0                (size_t) [0]
	[RSP+50C0] 0xDD73EFF268       (void*)
	[RSP+50C8] 0x7FF6532B9EB8     (void* -> SkyrimSE.exe+0C29EB8	mov r12, rax)
	[RSP+50D0] 0xFFFFFFFFFFFFFFFE (size_t) [uint: 18446744073709551614 int: -2]
	[RSP+50D8] 0xFFFFFFFF         (size_t) [4294967295]
	[RSP+50E0] 0xDD73EFEAF8       (void*)
	[RSP+50E8] 0x7FF6538C6DDA     (void* -> SkyrimSE.exe+1236DDA	jmp 0x00007FF6538C6E29)
	[RSP+50F0] 0xFFFFFFFFFFFFFFFE (size_t) [uint: 18446744073709551614 int: -2]
	[RSP+50F8] 0x2BDAE680908      (void*)
	[RSP+5100] 0xDD73EFF290       (void*)
	[RSP+5108] 0x2C044C03808      (void*)
	[RSP+5110] 0x2BDAE680908      (void*)
	[RSP+5118] 0xB8E93907         (size_t) [3102292231]
	[RSP+5120] 0xFFFFFFFF         (size_t) [4294967295]
	[RSP+5128] 0x7FF652F9A69B     (void* -> SkyrimSE.exe+090A69B	jmp 0x00007FF652F9A6A0)
	[RSP+5130] 0xDD00000016       (size_t) [949187772438]
	[RSP+5138] 0xDD73EFF268       (void*)
	[RSP+5140] 0xDD73EFEB90       (void*)
	[RSP+5148] 0x0                (size_t) [0]
	[RSP+5150] 0xDD73EFEAF8       (void*)
	[RSP+5158] 0xDD73EFF230       (void*)
	[RSP+5160] 0xDD73EFF360       (void*)
	[RSP+5168] 0x2BFBE481D00      (void*)
	[RSP+5170] 0x2BFB8E93907      (void*)
	[RSP+5178] 0x2BF00000016      (void*)
	[RSP+5180] 0xFFFFFFFFFFFFFFFE (size_t) [uint: 18446744073709551614 int: -2]
	[RSP+5188] 0x3E0AB09ABD61959A (size_t) [4470579758767379866]
	[RSP+5190] 0xFFFFFFFFFFFFFFFE (size_t) [uint: 18446744073709551614 int: -2]
	[RSP+5198] 0x2BEF01ADD80      (void*)
	[RSP+51A0] 0x0                (size_t) [0]
	[RSP+51A8] 0xFFFFFFFF00000000 (size_t) [uint: 18446744069414584320 int: -4294967296]
	[RSP+51B0] 0x600000006        (size_t) [25769803782]
	[RSP+51B8] 0x7FF600000000     (size_t) [140694538682368]
	[RSP+51C0] 0x3                (size_t) [3]
	[RSP+51C8] 0x7FF904DAF965     (void* -> ntdll.dll+000F965	mov eax, [0x00007FF904F74804])
	[RSP+51D0] 0x2C08B2D59E0      (void*)
	[RSP+51D8] 0x3                (size_t) [3]
	[RSP+51E0] 0x2C044BB5B94      (void*)
	[RSP+51E8] 0xFFFFFFFFFFFFFFFE (size_t) [uint: 18446744073709551614 int: -2]
	[RSP+51F0] 0x0                (size_t) [0]
	[RSP+51F8] 0x0                (size_t) [0]
	[RSP+5200] 0x2BEF01ADD80      (void*)
	[RSP+5208] 0x3DFD79D900000000 (size_t) [4466860378336264192]
	[RSP+5210] 0x2BDF7BF1C80      (void*)
	[RSP+5218] 0x2BDF7BF02AC      (void*)
	[RSP+5220] 0x0                (size_t) [0]
	[RSP+5228] 0x0                (size_t) [0]
	[RSP+5230] 0xFFFFFFFFFFFFFFFE (size_t) [uint: 18446744073709551614 int: -2]
	[RSP+5238] 0x30               (size_t) [48]
	[RSP+5240] 0xDD73EFFAA0       (void*)
	[RSP+5248] 0x2BDF7BF0E70      (void*)
	[RSP+5250] 0xDD73EFECC0       (void*)
	[RSP+5258] 0x0                (size_t) [0]
	[RSP+5260] 0x0                (size_t) [0]
	[RSP+5268] 0x0                (size_t) [0]
	[RSP+5270] 0x30               (size_t) [48]
	[RSP+5278] 0x2BDF7D50000      (void*)
	[RSP+5280] 0x3                (size_t) [3]
	[RSP+5288] 0x8                (size_t) [8]
	[RSP+5290] 0x20               (size_t) [32]
	[RSP+5298] 0x7FF904DAF2A4     (void* -> ntdll.dll+000F2A4	mov rbp, rax)
	[RSP+52A0] 0x2BDF7BF0000      (void*)
	[RSP+52A8] 0x2BF00000009      (void*)
	[RSP+52B0] 0x20               (size_t) [32]
	[RSP+52B8] 0x0                (size_t) [0]
	[RSP+52C0] 0x2C2B470C580      (BSTriShape*)
		Name: "BeamMeshDust05:0"
		RTTIName: "BSTriShape"
		Flags: kSelectiveUpdate | kSelectiveUpdateTransforms | kSelectiveUpdateController
		Full Name: ""
		File: "Effects\Ambient\FXAmbBeamDust00.nif"
		Checking User Data: -----
			Object Reference: 
			File: "Skyrim.esm"
			Flags: 0x00010009 kDestructible | kInitialized
			FormID: 0x0006ED53
			FormType: MovableStatic (36)
			ParentCell: ---
				File: "Lux - Skyrim Unbound patch.esp"
				Modified by: Skyrim Unbound.esp -> Lux - Skyrim Unbound patch.esp
				Flags: 0x0004000B 
				Name: "Skyrim Unbound"
				EditorID: "SkyrimUnboundRoom01"
				FormID: 0xE019BAD4
				FormType: Cell (60)
		Checking TESObjectREFR: {}
			Object Reference: 
			File: "Skyrim.esm"
			Flags: 0x00010009 kDestructible | kInitialized
			FormID: 0x0006ED53
			FormType: MovableStatic (36)
			ParentCell: ---
				File: "Lux - Skyrim Unbound patch.esp"
				Modified by: Skyrim Unbound.esp -> Lux - Skyrim Unbound patch.esp
				Flags: 0x0004000B 
				Name: "Skyrim Unbound"
				EditorID: "SkyrimUnboundRoom01"
				FormID: 0xE019BAD4
				FormType: Cell (60)
		Checking Parent: 0
			Name: "BeamMeshDust05"
			RTTIName: "NiBillboardNode"
			Flags: kSelectiveUpdate | kSelectiveUpdateTransforms | kSelectiveUpdateController
			Full Name: ""
			File: "Effects\Ambient\FXAmbBeamDust00.nif"
			Checking User Data: -----
				Object Reference: 
				File: "Skyrim.esm"
				Flags: 0x00010009 kDestructible | kInitialized
				FormID: 0x0006ED53
				FormType: MovableStatic (36)
				ParentCell: ---
					File: "Lux - Skyrim Unbound patch.esp"
					Modified by: Skyrim Unbound.esp -> Lux - Skyrim Unbound patch.esp
					Flags: 0x0004000B 
					Name: "Skyrim Unbound"
					EditorID: "SkyrimUnboundRoom01"
					FormID: 0xE019BAD4
					FormType: Cell (60)
			Checking TESObjectREFR: {}
				Object Reference: 
				File: "Skyrim.esm"
				Flags: 0x00010009 kDestructible | kInitialized
				FormID: 0x0006ED53
				FormType: MovableStatic (36)
				ParentCell: ---
					File: "Lux - Skyrim Unbound patch.esp"
					Modified by: Skyrim Unbound.esp -> Lux - Skyrim Unbound patch.esp
					Flags: 0x0004000B 
					Name: "Skyrim Unbound"
					EditorID: "SkyrimUnboundRoom01"
					FormID: 0xE019BAD4
					FormType: Cell (60)
			Checking Parent: 0
				Name: "FXAmbBeamDust00"
				RTTIName: "BSFadeNode"
				ExtraData[0] Name: "BSX"
				Flags: kSelectiveUpdate | kSelectiveUpdateTransforms | kSelectiveUpdateController
				Full Name: ""
				File: "Effects\Ambient\FXAmbBeamDust00.nif"
				Checking User Data: -----
					Object Reference: 
					File: "Skyrim.esm"
					Flags: 0x00010009 kDestructible | kInitialized
					FormID: 0x0006ED53
					FormType: MovableStatic (36)
					ParentCell: ---
						File: "Lux - Skyrim Unbound patch.esp"
						Modified by: Skyrim Unbound.esp -> Lux - Skyrim Unbound patch.esp
						Flags: 0x0004000B 
						Name: "Skyrim Unbound"
						EditorID: "SkyrimUnboundRoom01"
						FormID: 0xE019BAD4
						FormType: Cell (60)
				Checking TESObjectREFR: {}
					Object Reference: 
					File: "Skyrim.esm"
					Flags: 0x00010009 kDestructible | kInitialized
					FormID: 0x0006ED53
					FormType: MovableStatic (36)
					ParentCell: ---
						File: "Lux - Skyrim Unbound patch.esp"
						Modified by: Skyrim Unbound.esp -> Lux - Skyrim Unbound patch.esp
						Flags: 0x0004000B 
						Name: "Skyrim Unbound"
						EditorID: "SkyrimUnboundRoom01"
						FormID: 0xE019BAD4
						FormType: Cell (60)
				Checking Parent: 68
					RTTIName: "NiNode"
					Flags: kSelectiveUpdate | kSelectiveUpdateTransforms | kSelectiveUpdateController
					Checking Parent: 3
						RTTIName: "BSMultiBoundNode"
						Flags: kSelectiveUpdate | kSelectiveUpdateTransforms | kSelectiveUpdateController
						Checking Parent: 2
							Name: "ObjectLODRoot"
							RTTIName: "NiNode"
							Flags: kSelectiveUpdate | kSelectiveUpdateTransforms | kSelectiveUpdateController
							Checking Parent: 3
								Name: "shadow scene node"
								RTTIName: "ShadowSceneNode"
								Flags: kSelectiveUpdate | kSelectiveUpdateTransforms | kSelectiveUpdateController
								Checking Parent: 1
									Name: "WorldRoot Node"
									RTTIName: "SceneGraph"
									Flags: kSelectiveUpdate | kSelectiveUpdateTransforms | kSelectiveUpdateController
		Name: "BeamMeshDust05:0"
	[RSP+52C8] 0x7FF6533E1BB3     (void* -> SkyrimSE.exe+0D51BB3	nop)
	[RSP+52D0] 0x2BDB8BC6765      (void*)
	[RSP+52D8] 0x7FF65311985F     (void* -> SkyrimSE.exe+0A8985F	)
	[RSP+52E0] 0x2BFC7DC0EF0      (BGSRefAlias*)
	[RSP+52E8] 0x0                (size_t) [0]
	[RSP+52F0] 0x0                (size_t) [0]
	[RSP+52F8] 0x20               (size_t) [32]
	[RSP+5300] 0x0                (size_t) [0]
	[RSP+5308] 0x7FF6555B81A8     (SkyrimScript::HandlePolicy*)
	[RSP+5310] 0x2BE759D6100      (BSScript::Internal::VirtualMachine*)
	[RSP+5318] 0x2BDF7D50000      (void*)
	[RSP+5320] 0xCBF29CE484222325 (size_t) [uint: 14695981039346656037 int: -3750763034362895579]
	[RSP+5328] 0x7FF904DAF164     (void* -> ntdll.dll+000F164	mov r14, rax)
	[RSP+5330] 0x2BF00000002      (void*)
	[RSP+5338] 0x0                (size_t) [0]
	[RSP+5340] 0x2BDAE680908      (void*)
	[RSP+5348] 0x7FF653301878     (void* -> SkyrimSE.exe+0C71878	nop)
	[RSP+5350] 0x20               (size_t) [32]
	[RSP+5358] 0x3F               (size_t) [63]
	[RSP+5360] 0xFFFFFFFFFFFFFFFE (size_t) [uint: 18446744073709551614 int: -2]
	[RSP+5368] 0x7FF653BB1488     (void* -> SkyrimSE.exe+1521488	loopne 0x00007FF653BB1458)
	[RSP+5370] 0x2BE758ED868      (void*)
	[RSP+5378] 0x7FF652B64693     (void* -> SkyrimSE.exe+04D4693	nop)
	[RSP+5380] 0x2BFC70D4280      (BSTriShape*)
		Name: "15_CDFog"
		RTTIName: "BSTriShape"
		Flags: kSelectiveUpdate | kSelectiveUpdateTransforms | kSelectiveUpdateController
		Checking Parent: 28
			RTTIName: "NiNode"
			Flags: kSelectiveUpdate | kSelectiveUpdateTransforms | kSelectiveUpdateController | kDisplayObject
			Checking Parent: 4
				Name: "Sky"
				RTTIName: "BSMultiBoundNode"
				Flags: kSelectiveUpdate | kSelectiveUpdateTransforms | kSelectiveUpdateController
				Checking Parent: 0
					Name: "shadow scene node"
					RTTIName: "ShadowSceneNode"
					Flags: kSelectiveUpdate | kSelectiveUpdateTransforms | kSelectiveUpdateController
					Checking Parent: 1
						Name: "WorldRoot Node"
						RTTIName: "SceneGraph"
						Flags: kSelectiveUpdate | kSelectiveUpdateTransforms | kSelectiveUpdateController
		Name: "15_CDFog"
	[RSP+5388] 0x7FF6533E886C     (void* -> SkyrimSE.exe+0D5886C	mov edx, [rbx+0x301F8])
	[RSP+5390] 0x2BE758ED740      (BSGeometryListCullingProcess*)
	[RSP+5398] 0x2BE758ED740      (BSGeometryListCullingProcess*)
	[RSP+53A0] 0xFFFFFFFFFFFFFFFE (size_t) [uint: 18446744073709551614 int: -2]
	[RSP+53A8] 0x7FF653BB1488     (void* -> SkyrimSE.exe+1521488	loopne 0x00007FF653BB1458)
	[RSP+53B0] 0x2BDAE680908      (void*)
	[RSP+53B8] 0x7FF653301878     (void* -> SkyrimSE.exe+0C71878	nop)
	[RSP+53C0] 0x20               (size_t) [32]
	[RSP+53C8] 0xFFFFFFFF         (size_t) [4294967295]
	[RSP+53D0] 0xFFFFFFFF         (size_t) [4294967295]
	[RSP+53D8] 0x0                (size_t) [0]
	[RSP+53E0] 0xFFFFFFFFFFFFFFFE (size_t) [uint: 18446744073709551614 int: -2]
	[RSP+53E8] 0x2C006C23B00      (NiNode*)
		RTTIName: "NiNode"
		Flags: kSelectiveUpdate | kSelectiveUpdateTransforms | kSelectiveUpdateController | kDisplayObject
		Checking Parent: 1
			RTTIName: "NiNode"
			Flags: kSelectiveUpdate | kSelectiveUpdateTransforms | kSelectiveUpdateController
			Checking Parent: 3
				Name: "Sky"
				RTTIName: "BSMultiBoundNode"
				Flags: kSelectiveUpdate | kSelectiveUpdateTransforms | kSelectiveUpdateController
				Checking Parent: 0
					Name: "shadow scene node"
					RTTIName: "ShadowSceneNode"
					Flags: kSelectiveUpdate | kSelectiveUpdateTransforms | kSelectiveUpdateController
					Checking Parent: 1
						Name: "WorldRoot Node"
						RTTIName: "SceneGraph"
						Flags: kSelectiveUpdate | kSelectiveUpdateTransforms | kSelectiveUpdateController
	[RSP+53F0] 0x2BE758ED740      (BSGeometryListCullingProcess*)
	[RSP+53F8] 0x7FF6533E0F30     (void* -> SkyrimSE.exe+0D50F30	cmp byte ptr [rdi+0x11D], 0x00)
	[RSP+5400] 0x2C000000020      (void*)
	[RSP+5408] 0x2BFC70D4280      (BSTriShape*)
		Name: "15_CDFog"
		RTTIName: "BSTriShape"
		Flags: kSelectiveUpdate | kSelectiveUpdateTransforms | kSelectiveUpdateController
		Checking Parent: 28
			RTTIName: "NiNode"
			Flags: kSelectiveUpdate | kSelectiveUpdateTransforms | kSelectiveUpdateController | kDisplayObject
			Checking Parent: 4
				Name: "Sky"
				RTTIName: "BSMultiBoundNode"
				Flags: kSelectiveUpdate | kSelectiveUpdateTransforms | kSelectiveUpdateController
				Checking Parent: 0
					Name: "shadow scene node"
					RTTIName: "ShadowSceneNode"
					Flags: kSelectiveUpdate | kSelectiveUpdateTransforms | kSelectiveUpdateController
					Checking Parent: 1
						Name: "WorldRoot Node"
						RTTIName: "SceneGraph"
						Flags: kSelectiveUpdate | kSelectiveUpdateTransforms | kSelectiveUpdateController
		Name: "15_CDFog"
	[RSP+5410] 0xFFFFFF00         (size_t) [4294967040]
	[RSP+5418] 0xFFFFFFFF         (size_t) [4294967295]
	[RSP+5420] 0x2BE758ED740      (BSGeometryListCullingProcess*)
	[RSP+5428] 0x7FF6533E0F07     (void* -> SkyrimSE.exe+0D50F07	jmp 0x00007FF6533E0F5D)
	[RSP+5430] 0xFFFFFFFF         (size_t) [4294967295]
	[RSP+5438] 0x2C00FF9B900      (NiParticleSystem*)
		Name: "MX_Campfire02"
		RTTIName: "NiParticleSystem"
		Flags: kSelectiveUpdate | kSelectiveUpdateTransforms | kSelectiveUpdateController
		Checking Parent: 1
			Name: "mpscampfire01.nif"
			RTTIName: "BSMasterParticleSystem"
			Flags: kSelectiveUpdate | kSelectiveUpdateTransforms | kSelectiveUpdateController
		Name: "MX_Campfire02"
	[RSP+5440] 0x7FF6555B81C0     (void* -> SkyrimSE.exe+2F281C0	add [rax], al)
	[RSP+5448] 0x7FF6555B81A8     (SkyrimScript::HandlePolicy*)
	[RSP+5450] 0x2BE759D6100      (BSScript::Internal::VirtualMachine*)
	[RSP+5458] 0x0                (size_t) [0]
	[RSP+5460] 0x2C052354670      (void*)
	[RSP+5468] 0x7FF8C9F6E3FC     (void* -> FPSFixPlugin.dll+000E3FC	test rax, rax)
	[RSP+5470] 0x2                (size_t) [2]
	[RSP+5478] 0x20               (size_t) [32]
	[RSP+5480] 0x2C26F8ACFD0      (void*)
	[RSP+5488] 0x3                (size_t) [3]
	[RSP+5490] 0x20               (size_t) [32]
	[RSP+5498] 0x7FF8C9F67775     (void* -> FPSFixPlugin.dll+0007775	test rax, rax)
	[RSP+54A0] 0x2BFBE481D00      (void*)
	[RSP+54A8] 0x7FF65293B787     (void* -> SkyrimSE.exe+02AB787	movups xmm0, [rax])
	[RSP+54B0] 0xDD73EFEED8       (void*)
	[RSP+54B8] 0x0                (size_t) [0]
	[RSP+54C0] 0xDD73EFEF10       (void*)
	[RSP+54C8] 0x7FF8C9F666D5     (void* -> FPSFixPlugin.dll+00066D5	add rsp, 0x40)
	[RSP+54D0] 0xBF582C893F024D6D (size_t) [uint: 13787819227174030701 int: -4658924846535520915]
	[RSP+54D8] 0xBE66ACE83E2AEE58 (size_t) [uint: 13719843428306185816 int: -4726900645403365800]
	[RSP+54E0] 0xBF6BC63ABEA2BC7F (size_t) [uint: 13793336239361014911 int: -4653407834348536705]
	[RSP+54E8] 0x3EDCC33D3F54AD5B (size_t) [4529709993050811739]
	[RSP+54F0] 0x2BDB00228C8      (void*)
	[RSP+54F8] 0xFFFFFFFFFFFFFFFE (size_t) [uint: 18446744073709551614 int: -2]
	[RSP+5500] 0x2C067D8A440      (void*)
	[RSP+5508] 0xBF9B3BD5A3E0     (size_t) [210673444692960]
	[RSP+5510] 0x2BDB00228C8      (void*)
	[RSP+5518] 0x2C26F8ACFD0      (void*)
	[RSP+5520] 0xDD73EFEF10       (void*)
	[RSP+5528] 0x7FF8C9F65CD3     (void* -> FPSFixPlugin.dll+0005CD3	mov rsi, [rsp+0x40])
	[RSP+5530] 0xDD73EFEF68       (void*)
	[RSP+5538] 0x1                (size_t) [1]
	[RSP+5540] 0x3F800000         (size_t) [1065353216]
	[RSP+5548] 0x7FF8C9F6237A     (void* -> FPSFixPlugin.dll+000237A	mov rdi, rax)
	[RSP+5550] 0xDD73EFEEC0       (void*)
	[RSP+5558] 0x7FF6532972DF     (void* -> SkyrimSE.exe+0C072DF	cmp [rdi], eax)
	[RSP+5560] 0xDD73EFEF20       (void*)
	[RSP+5568] 0x430B90C5C3CB7622 (size_t) [4831114204352837154]
	[RSP+5570] 0x100000001B3      (size_t) [1099511628211]
	[RSP+5578] 0x2BFCE5B0180      (TESQuest*)
		Active Quest: false
		Current Stage: 0
		Type: kNone
		File: "Relationship Dialogue Overhaul.esp"
		Flags: 0x00400008 kInitialized
		EditorID: "aaa_RDO_CommentsMaleDarkElf"
		FormID: 0x3F033260
		FormType: Quest (77)
	[RSP+5580] 0x2BDB00228C0      (void*)
	[RSP+5588] 0x7FF8C9F6264E     (void* -> FPSFixPlugin.dll+000264E	mov rbx, [rsp+0x60])
	[RSP+5590] 0x2BDB00228C0      (void*)
	[RSP+5598] 0x7FF6555B8100     (void* -> SkyrimSE.exe+2F28100	add [rax], al)
	[RSP+55A0] 0xDD73EFF070       (void*)
	[RSP+55A8] 0xFFFF3F033260     (size_t) [281471738917472]
	[RSP+55B0] 0x2C067D8A440      (void*)
	[RSP+55B8] 0x1                (size_t) [1]
	[RSP+55C0] 0x3F033260         (size_t) [1057174112]
	[RSP+55C8] 0xBF9B3BD5A320     (size_t) [210673444692768]
	[RSP+55D0] 0xFFFF3F033260     (size_t) [281471738917472]
	[RSP+55D8] 0x7FF652F92697     (void* -> SkyrimSE.exe+0902697	test rax, rax)
	[RSP+55E0] 0xDD73EFF008       (void*)
	[RSP+55E8] 0x3D               (size_t) [61]
	[RSP+55F0] 0x7FF6555B8100     (void* -> SkyrimSE.exe+2F28100	add [rax], al)
	[RSP+55F8] 0xDD73EFF070       (void*)
	[RSP+5600] 0x0                (size_t) [0]
	[RSP+5608] 0x7FF652F93283     (void* -> SkyrimSE.exe+0903283	cmp [rbx], eax)
	[RSP+5610] 0x7FF6555B81B0     (void* -> SkyrimSE.exe+2F281B0	add [rax], al)
	[RSP+5618] 0xFFFF3F033260     (size_t) [281471738917472]
	[RSP+5620] 0xDD73EFF070       (void*)
	[RSP+5628] 0xFFFF3F033260     (size_t) [281471738917472]
	[RSP+5630] 0xDD73EFF098       (void*)
	[RSP+5638] 0x7FF6532B9EB8     (void* -> SkyrimSE.exe+0C29EB8	mov r12, rax)
	[RSP+5640] 0x3F800000         (size_t) [1065353216]
	[RSP+5648] 0x2A6F7B25         (size_t) [711949093]
	[RSP+5650] 0xFFFFFFFFFFFFFFFE (size_t) [uint: 18446744073709551614 int: -2]
	[RSP+5658] 0xBEC7BF7C         (size_t) [3200761724]
	[RSP+5660] 0x1                (size_t) [1]
	[RSP+5668] 0x7FF6532B9EB8     (void* -> SkyrimSE.exe+0C29EB8	mov r12, rax)
	[RSP+5670] 0xDD73EFF408       (void*)
	[RSP+5678] 0x7FF6555B81B0     (void* -> SkyrimSE.exe+2F281B0	add [rax], al)
	[RSP+5680] 0xFFFFFFFFFFFFFFFE (size_t) [uint: 18446744073709551614 int: -2]
	[RSP+5688] 0x7FF8AEC357C3     (void* -> tbbmalloc.dll+00157C3	mov rbp, rax)
	[RSP+5690] 0xFFFFFFFFFFFFFFFE (size_t) [uint: 18446744073709551614 int: -2]
	[RSP+5698] 0x7FF6532B8E7C     (void* -> SkyrimSE.exe+0C28E7C	mov rax, rbx)
	[RSP+56A0] 0xDD73EFF408       (void*)
	[RSP+56A8] 0xDD73EFF1F8       (void*)
	[RSP+56B0] 0xFFFFFFFF         (size_t) [4294967295]
	[RSP+56B8] 0x643C6A280        (size_t) [26906894976]
	[RSP+56C0] 0x0                (size_t) [0]
	[RSP+56C8] 0x7FF6538CF1DF     (void* -> SkyrimSE.exe+123F1DF	movzx eax, byte ptr [rbp-0x29])
	[RSP+56D0] 0x0                (size_t) [0]
	[RSP+56D8] 0x4F               (size_t) [79]
	[RSP+56E0] 0xDD73EFF099       (void*)
	[RSP+56E8] 0xBF582C893F024D6D (size_t) [uint: 13787819227174030701 int: -4658924846535520915]
	[RSP+56F0] 0xBE66ACE83E2AEE58 (size_t) [uint: 13719843428306185816 int: -4726900645403365800]
	[RSP+56F8] 0xBF6BC63ABEA2BC7F (size_t) [uint: 13793336239361014911 int: -4653407834348536705]
	[RSP+5700] 0xDD73EFF0C0       (void*)
	[RSP+5708] 0x0                (size_t) [0]
	[RSP+5710] 0x7FF6555B8218     (SkyrimScript::ObjectBindPolicy*)
	[RSP+5718] 0x50               (size_t) [80]
	[RSP+5720] 0x50               (size_t) [80]
	[RSP+5728] 0x2                (size_t) [2]
	[RSP+5730] 0x7FF8AEC583C0     (void* -> tbbmalloc.dll+00383C0	add [rax], al)
	[RSP+5738] 0x7FF8AEC37A16     (void* -> tbbmalloc.dll+0017A16	mov rsi, rax)
	[RSP+5740] 0xFFFFFFFFFFFFFFFE (size_t) [uint: 18446744073709551614 int: -2]
	[RSP+5748] 0x600000000        (size_t) [25769803776]
	[RSP+5750] 0xFFFFFFFFFFFFFFFE (size_t) [uint: 18446744073709551614 int: -2]
	[RSP+5758] 0x7FF8AEC357C3     (void* -> tbbmalloc.dll+00157C3	mov rbp, rax)
	[RSP+5760] 0x2C0556C9E78      (void*)
	[RSP+5768] 0x2C044C037E0      (void*)
	[RSP+5770] 0x2C044C03808      (void*)
	[RSP+5778] 0xDD73EFF1B0       (void*)
	[RSP+5780] 0xDD73EFF1B9       (void*)
	[RSP+5788] 0x7FF6538C1736     (void* -> SkyrimSE.exe+1231736	nop)
	[RSP+5790] 0x2C044C03810      (void*)
	[RSP+5798] 0x0                (size_t) [0]
	[RSP+57A0] 0x7FF654485AF8     (void* -> SkyrimSE.exe+1DF5AF8	fisubr [rbp-0x52211042])
	[RSP+57A8] 0x2                (size_t) [2]
	[RSP+57B0] 0xFFFFFFFFFFFFFFFE (size_t) [uint: 18446744073709551614 int: -2]
	[RSP+57B8] 0x2C044C03808      (void*)
	[RSP+57C0] 0xDD73EFF1B0       (void*)
	[RSP+57C8] 0xDD73EFF1B9       (void*)
	[RSP+57D0] 0xFFFFFFFFFFFFFFFE (size_t) [uint: 18446744073709551614 int: -2]
	[RSP+57D8] 0x1                (size_t) [1]
	[RSP+57E0] 0x0                (size_t) [0]
	[RSP+57E8] 0x7FF6538CFB32     (void* -> SkyrimSE.exe+123FB32	mov rbx, [rsp+0xD8])
	[RSP+57F0] 0x2C0556C9E98      (void*)
	[RSP+57F8] 0x7FF8AEC39251     (void* -> tbbmalloc.dll+0019251	xor ecx, ecx)
	[RSP+5800] 0xFFFFFFFFFFFFFFFE (size_t) [uint: 18446744073709551614 int: -2]
	[RSP+5808] 0xDD73EFF2C8       (void*)
	[RSP+5810] 0x2C044C03810      (void*)
	[RSP+5818] 0x7FF6532B9EB8     (void* -> SkyrimSE.exe+0C29EB8	mov r12, rax)
	[RSP+5820] 0xFFFFFFFFFFFFFFFE (size_t) [uint: 18446744073709551614 int: -2]
	[RSP+5828] 0xFFFFFFFFFFFFFFFE (size_t) [uint: 18446744073709551614 int: -2]
	[RSP+5830] 0x7FF6555B8218     (SkyrimScript::ObjectBindPolicy*)
	[RSP+5838] 0xDD73EFF378       (void*)
	[RSP+5840] 0xFFFFFFFFFFFFFFFE (size_t) [uint: 18446744073709551614 int: -2]
	[RSP+5848] 0xFFFFFFFFFFFFFFFE (size_t) [uint: 18446744073709551614 int: -2]
	[RSP+5850] 0xDD73EFF408       (void*)
	[RSP+5858] 0xDD73EFF408       (void*)
	[RSP+5860] 0xFFFFFFFF         (size_t) [4294967295]
	[RSP+5868] 0x2C044C03830      (void*)
	[RSP+5870] 0x0                (size_t) [0]
	[RSP+5878] 0x7FF652F99A05     (void* -> SkyrimSE.exe+0909A05	nop)
	[RSP+5880] 0x2C044C03810      (void*)
	[RSP+5888] 0x2C044C03810      (void*)
	[RSP+5890] 0x0                (size_t) [0]
	[RSP+5898] 0xFFFFFFFF         (size_t) [4294967295]
	[RSP+58A0] 0xFFFFFFFFFFFFFFFE (size_t) [uint: 18446744073709551614 int: -2]
	[RSP+58A8] 0x0                (size_t) [0]
	[RSP+58B0] 0x2C044C03830      (void*)
	[RSP+58B8] 0x7FF652F96F02     (void* -> SkyrimSE.exe+0906F02	mov rbx, [rsp+0x20])
	[RSP+58C0] 0x2C044C03830      (void*)
	[RSP+58C8] 0xDD73EFF2E1       (void*)
	[RSP+58D0] 0x0                (size_t) [0]
	[RSP+58D8] 0x2BFCE5E4800      (void*)
	[RSP+58E0] 0x2BFCE5E4800      (void*)
	[RSP+58E8] 0x2BDAE680908      (void*)
	[RSP+58F0] 0x2C044C03830      (void*)
	[RSP+58F8] 0x2C044C03830      (void*)
	[RSP+5900] 0x0                (size_t) [0]
	[RSP+5908] 0xFFFFFFFF         (size_t) [4294967295]
	[RSP+5910] 0x0                (size_t) [0]
	[RSP+5918] 0x7FF654485AFC     (void* -> SkyrimSE.exe+1DF5AFC	fisubr [rbp-0x52211042])
	[RSP+5920] 0x2BDAE680870      (ScrapHeap*)
	[RSP+5928] 0x0                (size_t) [0]
	[RSP+5930] 0xFFFF3F033260     (size_t) [281471738917472]
	[RSP+5938] 0x2BFCE5E4800      (void*)
	[RSP+5940] 0x2BEF01AF040      (void*)
	[RSP+5948] 0x7FF6538CB10F     (void* -> SkyrimSE.exe+123B10F	mov r9d, eax)
	[RSP+5950] 0xDD73EFF348       (void*)
	[RSP+5958] 0x0                (size_t) [0]
	[RSP+5960] 0x2C0556C9E40      (void*)
	[RSP+5968] 0x0                (size_t) [0]
	[RSP+5970] 0x2BEF020FEC0      (void*)
	[RSP+5978] 0x7FF6538C848B     (void* -> SkyrimSE.exe+123848B	mov r11d, eax)
	[RSP+5980] 0x14               (size_t) [20]
	[RSP+5988] 0x2BFCE5E4800      (void*)
	[RSP+5990] 0xFFFFFFFFFFFFFFFE (size_t) [uint: 18446744073709551614 int: -2]
	[RSP+5998] 0x2C044C03830      (void*)
	[RSP+59A0] 0x2C086AE7850      (void*)
	[RSP+59A8] 0x7FF8AEC39251     (void* -> tbbmalloc.dll+0019251	xor ecx, ecx)
	[RSP+59B0] 0xFFFFFFFFFFFFFFFE (size_t) [uint: 18446744073709551614 int: -2]
	[RSP+59B8] 0x0                (size_t) [0]
	[RSP+59C0] 0x2BFD403AFE8      (char*) "8_Quest (D10012C5)"
	[RSP+59C8] 0x7FF6532B9EB8     (void* -> SkyrimSE.exe+0C29EB8	mov r12, rax)
	[RSP+59D0] 0xFFFFFFFFFFFFFFFE (size_t) [uint: 18446744073709551614 int: -2]
	[RSP+59D8] 0x7FF6538C4A0B     (void* -> SkyrimSE.exe+1234A0B	or dword ptr [rsi], 0x01)
	[RSP+59E0] 0x2BFD403AFE8      (char*) "8_Quest (D10012C5)"
	[RSP+59E8] 0x7FF6538C6DDA     (void* -> SkyrimSE.exe+1236DDA	jmp 0x00007FF6538C6E29)
	[RSP+59F0] 0xFFFFFFFFFFFFFFFE (size_t) [uint: 18446744073709551614 int: -2]
	[RSP+59F8] 0xFFFFFFFFFFFFFFFE (size_t) [uint: 18446744073709551614 int: -2]
	[RSP+5A00] 0x0                (size_t) [0]
	[RSP+5A08] 0x0                (size_t) [0]
	[RSP+5A10] 0x0                (size_t) [0]
	[RSP+5A18] 0x2BFD403B000      (void*)
	[RSP+5A20] 0x0                (size_t) [0]
	[RSP+5A28] 0x7FF652F99AC6     (void* -> SkyrimSE.exe+0909AC6	nop)
	[RSP+5A30] 0x14               (size_t) [20]
	[RSP+5A38] 0x2BFD403AFE8      (char*) "8_Quest (D10012C5)"
	[RSP+5A40] 0x0                (size_t) [0]
	[RSP+5A48] 0xDD73EFF538       (void*)
	[RSP+5A50] 0xFFFFFFFFFFFFFFFE (size_t) [uint: 18446744073709551614 int: -2]
	[RSP+5A58] 0x2BFCE5E4800      (void*)
	[RSP+5A60] 0x0                (size_t) [0]
	[RSP+5A68] 0x7FF6538F3D7A     (void* -> SkyrimSE.exe+1263D7A	nop)
	[RSP+5A70] 0x2BDAE680908      (void*)
	[RSP+5A78] 0x7FF65390300F     (void* -> SkyrimSE.exe+127300F	mov al, 0x01)
	[RSP+5A80] 0x2BE759DD700      (void*)
	[RSP+5A88] 0x6FDE8CD769       (size_t) [480475141993]
	[RSP+5A90] 0x2BE759D6100      (BSScript::Internal::VirtualMachine*)
	[RSP+5A98] 0x2BE759DE320      (BSTCommonLLMessageQueue<BSScript::Internal::FunctionMessage>*)
	[RSP+5AA0] 0x1                (size_t) [1]
	[RSP+5AA8] 0x7FF65390729B     (void* -> SkyrimSE.exe+127729B	movzx ecx, al)
	[RSP+5AB0] 0x0                (size_t) [0]
	[RSP+5AB8] 0x2BE759DE320      (BSTCommonLLMessageQueue<BSScript::Internal::FunctionMessage>*)
	[RSP+5AC0] 0x80000002         (size_t) [2147483650]
	[RSP+5AC8] 0x0                (size_t) [0]
	[RSP+5AD0] 0x2BE759D6100      (BSScript::Internal::VirtualMachine*)
	[RSP+5AD8] 0x1                (size_t) [1]
	[RSP+5AE0] 0x436E58161A       (size_t) [289614075418]
	[RSP+5AE8] 0x7FF6538F1CD2     (void* -> SkyrimSE.exe+1261CD2	sub rsp, rax)
	[RSP+5AF0] 0x2BDAE6801A0      (void*)
	[RSP+5AF8] 0xDD73EFF698       (void*)
	[RSP+5B00] 0x0                (size_t) [0]
	[RSP+5B08] 0x1104             (size_t) [4356]
	[RSP+5B10] 0x1                (size_t) [1]
	[RSP+5B18] 0x2BE759D6100      (BSScript::Internal::VirtualMachine*)
	[RSP+5B20] 0x6FDE8CD769       (size_t) [480475141993]
	[RSP+5B28] 0x7FF6538F3073     (void* -> SkyrimSE.exe+1263073	call 0x00007FF653298090)
	[RSP+5B30] 0x2BE759D6300      (void*)
	[RSP+5B38] 0x2BE759D6301      (void*)
	[RSP+5B40] 0x6FDE8CD769       (size_t) [480475141993]
	[RSP+5B48] 0x2BE759D6100      (BSScript::Internal::VirtualMachine*)
	[RSP+5B50] 0xFFFFFFFFFFFFFFFE (size_t) [uint: 18446744073709551614 int: -2]
	[RSP+5B58] 0x2BE00000001      (char*) "&	"
	[RSP+5B60] 0x2C3F569A3E0      (void*)
	[RSP+5B68] 0x2C0448F58F0      (BSScript::Internal::CodeTasklet*)
		Stack Trace: 
[ (A500FCA4)].FormList.GetAt() - "<native>" Line ?
[aaaSUTItemFinderHandler (A500F6F9)].DBM_QF_0SUTItemFinderHandler_0200F6F9.SetFull() - "DBM_QF_0SUTItemFinderHandler_0200F6F9.psc" Line 69
[aaaSUTItemFinderHandler (A500F6F9)].DBM_QF_0SUTItemFinderHandler_0200F6F9.Fragment_2() - "DBM_QF_0SUTItemFinderHandler_0200F6F9.psc" Line 31

			File: "SkyrimsUniqueTreasures.esp"
			Flags: 0x00400008 kInitialized
			EditorID: "aaaSUTItemFinderHandler"
			FormID: 0xA500F6F9
			FormType: Quest (77)
			File: "SkyrimsUniqueTreasures.esp"
			Flags: 0x00000008 kInitialized
			FormID: 0xA500FCA4
			FormType: FormList (91)
	[RSP+5B70] 0x3F77D75D         (size_t) [1064818525]
	[RSP+5B78] 0x0                (size_t) [0]
	[RSP+5B80] 0x2BE759D6100      (BSScript::Internal::VirtualMachine*)
	[RSP+5B88] 0x0                (size_t) [0]
	[RSP+5B90] 0x0                (size_t) [0]
	[RSP+5B98] 0x6FDE8CD54B       (size_t) [480475141451]
	[RSP+5BA0] 0x2A08             (size_t) [10760]
	[RSP+5BA8] 0x7FF6555B7E00     (void* -> SkyrimSE.exe+2F27E00	add [rax], al)
	[RSP+5BB0] 0xDD73EFF620       (void*)
	[RSP+5BB8] 0x7FF6538E7343     (void* -> SkyrimSE.exe+1257343	lea r8, [rbp+0x70])
	[RSP+5BC0] 0x2BE759D6300      (void*)
	[RSP+5BC8] 0x2                (size_t) [2]
	[RSP+5BD0] 0x2BE759D6300      (void*)
	[RSP+5BD8] 0x2BE759DF400      (void*)
	[RSP+5BE0] 0x0                (size_t) [0]
	[RSP+5BE8] 0xDD73EFF690       (void*)
	[RSP+5BF0] 0x2C000000000      (void*)
	[RSP+5BF8] 0x7FF6538F543D     (void* -> SkyrimSE.exe+126543D	jmp 0x00007FF6538F5454)
	[RSP+5C00] 0x2C0A79D9240      (void*)
	[RSP+5C08] 0x2C0A79D9240      (void*)
	[RSP+5C10] 0xDD73EFF5C0       (void*)
	[RSP+5C18] 0x2BE759D6100      (BSScript::Internal::VirtualMachine*)
	[RSP+5C20] 0x2BE759DF484      (void*)
	[RSP+5C28] 0x1                (size_t) [1]
	[RSP+5C30] 0x2C0A79D9270      (void*)
	[RSP+5C38] 0x7FF6538C6E9D     (void* -> SkyrimSE.exe+1236E9D	mov ecx, [rdi])
	[RSP+5C40] 0x14               (size_t) [20]
	[RSP+5C48] 0xFFFFFFFFFFFFFFFE (size_t) [uint: 18446744073709551614 int: -2]
	[RSP+5C50] 0x7FF8452320C0     (void* -> FloatingDamageV2.dll+00620C0	add [rax], al)
	[RSP+5C58] 0x7FF6527C2BEA     (void* -> SkyrimSE.exe+0132BEA	mov ebp, eax)
	[RSP+5C60] 0x7FF8452320B8     (void* -> FloatingDamageV2.dll+00620B8	add [rax], al)
	[RSP+5C68] 0x2BE759D6100      (BSScript::Internal::VirtualMachine*)
	[RSP+5C70] 0x0                (size_t) [0]
	[RSP+5C78] 0x0                (size_t) [0]
	[RSP+5C80] 0x0                (size_t) [0]
	[RSP+5C88] 0x0                (size_t) [0]
	[RSP+5C90] 0x0                (size_t) [0]
	[RSP+5C98] 0x0                (size_t) [0]
	[RSP+5CA0] 0x0                (size_t) [0]
	[RSP+5CA8] 0x0                (size_t) [0]
	[RSP+5CB0] 0x3F666666         (size_t) [1063675494]
	[RSP+5CB8] 0x0                (size_t) [0]
	[RSP+5CC0] 0x3F8A3D71         (size_t) [1066024305]
	[RSP+5CC8] 0x0                (size_t) [0]
	[RSP+5CD0] 0x2BE758ED740      (BSGeometryListCullingProcess*)
	[RSP+5CD8] 0x0                (size_t) [0]
	[RSP+5CE0] 0x0                (size_t) [0]
	[RSP+5CE8] 0x2A30             (size_t) [10800]
	[RSP+5CF0] 0x6FDE8CD54B       (size_t) [480475141451]
	[RSP+5CF8] 0x4E               (size_t) [78]
	[RSP+5D00] 0x7FF6555B7E80     (SkyrimVM*)
	[RSP+5D08] 0x2C0442CFE20      (void*)
	[RSP+5D10] 0xDD73EFF780       (void*)
	[RSP+5D18] 0x7FF652FB2A4A     (void* -> SkyrimSE.exe+0922A4A	test r15b, r15b)
	[RSP+5D20] 0x6F00000341       (size_t) [476741370689]
	[RSP+5D28] 0x2C0442CFE20      (void*)
	[RSP+5D30] 0x7FF600000000     (size_t) [140694538682368]
	[RSP+5D38] 0x2C00000008C      (void*)
	[RSP+5D40] 0xFFFFFFFF         (size_t) [4294967295]
	[RSP+5D48] 0x2C2B470C700      (BSFadeNode*)
		Name: "FXAmbBeamDust00"
		RTTIName: "BSFadeNode"
		ExtraData[0] Name: "BSX"
		Flags: kSelectiveUpdate | kSelectiveUpdateTransforms | kSelectiveUpdateController
		Full Name: ""
		File: "Effects\Ambient\FXAmbBeamDust00.nif"
		Checking User Data: -----
			Object Reference: 
			File: "Skyrim.esm"
			Flags: 0x00010009 kDestructible | kInitialized
			FormID: 0x0006ED53
			FormType: MovableStatic (36)
			ParentCell: ---
				File: "Lux - Skyrim Unbound patch.esp"
				Modified by: Skyrim Unbound.esp -> Lux - Skyrim Unbound patch.esp
				Flags: 0x0004000B 
				Name: "Skyrim Unbound"
				EditorID: "SkyrimUnboundRoom01"
				FormID: 0xE019BAD4
				FormType: Cell (60)
		Checking TESObjectREFR: {}
			Object Reference: 
			File: "Skyrim.esm"
			Flags: 0x00010009 kDestructible | kInitialized
			FormID: 0x0006ED53
			FormType: MovableStatic (36)
			ParentCell: ---
				File: "Lux - Skyrim Unbound patch.esp"
				Modified by: Skyrim Unbound.esp -> Lux - Skyrim Unbound patch.esp
				Flags: 0x0004000B 
				Name: "Skyrim Unbound"
				EditorID: "SkyrimUnboundRoom01"
				FormID: 0xE019BAD4
				FormType: Cell (60)
		Checking Parent: 68
			RTTIName: "NiNode"
			Flags: kSelectiveUpdate | kSelectiveUpdateTransforms | kSelectiveUpdateController
			Checking Parent: 3
				RTTIName: "BSMultiBoundNode"
				Flags: kSelectiveUpdate | kSelectiveUpdateTransforms | kSelectiveUpdateController
				Checking Parent: 2
					Name: "ObjectLODRoot"
					RTTIName: "NiNode"
					Flags: kSelectiveUpdate | kSelectiveUpdateTransforms | kSelectiveUpdateController
					Checking Parent: 3
						Name: "shadow scene node"
						RTTIName: "ShadowSceneNode"
						Flags: kSelectiveUpdate | kSelectiveUpdateTransforms | kSelectiveUpdateController
						Checking Parent: 1
							Name: "WorldRoot Node"
							RTTIName: "SceneGraph"
							Flags: kSelectiveUpdate | kSelectiveUpdateTransforms | kSelectiveUpdateController
		Name: "FXAmbBeamDust00"
	[RSP+5D50] 0x2C0442CFE20      (void*)
	[RSP+5D58] 0x15030006A38C     (size_t) [23102629520268]
	[RSP+5D60] 0x2BE759D6100      (BSScript::Internal::VirtualMachine*)
	[RSP+5D68] 0x385EC0006A36A    (size_t) [991673589343082]
	[RSP+5D70] 0x2                (size_t) [2]
	[RSP+5D78] 0x0                (size_t) [0]
	[RSP+5D80] 0x0                (size_t) [0]
	[RSP+5D88] 0x7FF6555B8594     (void* -> SkyrimSE.exe+2F28594	add [rax], al)
	[RSP+5D90] 0x2BE759D6100      (BSScript::Internal::VirtualMachine*)
	[RSP+5D98] 0x7FF6555B8594     (void* -> SkyrimSE.exe+2F28594	add [rax], al)
	[RSP+5DA0] 0x2C0557A2C90      (void*)
	[RSP+5DA8] 0x1DA              (size_t) [474]
	[RSP+5DB0] 0x3B01000003D84    (size_t) [1038007696113028]
	[RSP+5DB8] 0x6FDE8CD54B       (size_t) [480475141451]
	[RSP+5DC0] 0x2A30             (size_t) [10800]
	[RSP+5DC8] 0x2C0557A2C90      (void*)
	[RSP+5DD0] 0xDD73EFF9C0       (void*)
	[RSP+5DD8] 0x0                (size_t) [0]
	[RSP+5DE0] 0xFFFFFFFF         (size_t) [4294967295]
	[RSP+5DE8] 0xFFFFFFFFFFFFFFFE (size_t) [uint: 18446744073709551614 int: -2]
	[RSP+5DF0] 0x7FF6555B8504     (void* -> SkyrimSE.exe+2F28504	add [rax], al)
	[RSP+5DF8] 0x7FF6555B8570     (void* -> SkyrimSE.exe+2F28570	add [rax], al)
	[RSP+5E00] 0x2BFBE6CCE78      (void*)
	[RSP+5E08] 0x2BE759D6100      (BSScript::Internal::VirtualMachine*)
	[RSP+5E10] 0xDD73EFF899       (void*)
	[RSP+5E18] 0x2BFAF744100      (PlayerCharacter*)
		Flags: 0x00040408 
		Name: "Adventurer"
		FormID: 0x00000014
		FormType: ActorCharacter (62)
		Flags: 0x00040408 
		Name: "Adventurer"
		FormID: 0x00000014
		FormType: ActorCharacter (62)
		Object Reference: 
		File: "Skyrim Unbound.esp"
		Modified by: Skyrim.esm -> ccbgssse018-shadowrend.esl -> AetheriusSpells.esp -> Skyrim Unbound.esp
		Flags: 0x00040009 kDestructible | kInitialized
		Name: "Adventurer"
		FormID: 0x00000007
		FormType: NPC (43)
		ParentCell: ---
			File: "Lux - Skyrim Unbound patch.esp"
			Modified by: Skyrim Unbound.esp -> Lux - Skyrim Unbound patch.esp
			Flags: 0x0004000B 
			Name: "Skyrim Unbound"
			EditorID: "SkyrimUnboundRoom01"
			FormID: 0xE019BAD4
			FormType: Cell (60)
		Flags: 0x00040408 kInitialized
		FormID: 0x00000014
		FormType: ActorCharacter (62)
	[RSP+5E20] 0x0                (size_t) [0]
	[RSP+5E28] 0x0                (size_t) [0]
	[RSP+5E30] 0x2BFB4F9A800      (Character*)
		File: "COTN - Morthal.esp"
		Modified by: Skyrim.esm -> COTN - Morthal.esp
		Flags: 0x00000409 
		Name: "Aslfur"
		FormID: 0x0001AA68
		FormType: ActorCharacter (62)
		Object Reference: 
		File: "Nolvus Awakening Combat Scaling Overhaul - Enemy Level Mult.esp"
		Modified by: Skyrim.esm -> Modpocalypse NPCs (v3) SSE.esp -> Pride of Skyrim - All In One.esp -> TSOSRefined.esp -> Nolvus Awakening TSOS Patch.esp -> Nolvus Awakening Combat Scaling Overhaul - Enemy Level Mult.esp
		Flags: 0x00000009 kDestructible | kInitialized
		Name: "Aslfur"
		FormID: 0x000135E7
		FormType: NPC (43)
		ParentCell: ---
			File: "Occlusion.esp"
			Modified by: Landscape Fixes For Grass Mods.esp -> Morning Fogs SSE.esp -> Sounds of Towns and Cities.esp -> Spaghetti's Cities - AIO.esp -> JKs Skyrim.esp -> Occ_Skyrim_JK-Skyrim_patch.esp -> COTN - Morthal.esp -> Occ_Skyrim_COTN-Morthal_patch.esp -> COTN Morthal - LOTD Patch.esp -> COTN Morthal - Landscape and Water Fixes Patch.esp -> COTN Morthal - JK's Skyrim Patch.esp -> Eli_Sicarius' Refuge.esp -> Drinking Fountains of Skyrim for SSE.esp -> Missives.esp -> FlyingCrowsSSE.esp -> Lux Orbis.esp -> Lux Orbis - JK's Skyrim patch.esp -> Lux Orbis - COTN Morthal patch.esp -> Lux Orbis - JK's COTN Morthal patch.esp -> AI Overhaul.esp -> Water for ENB (Shades of Skyrim).esp -> Northern Roads.esp -> Northern Roads - COTN Morthal Patch.esp -> Northern Roads - COTN Morthal Patch - Nolvus.esp -> Northern Roads - COTN Morthal - JKs Skyrim consistency patch.esp -> Northern Roads - COTN Morthal - JKs Skyrim consistency patch - Nolvus.esp -> Nolvus Awakening Morthal Patch.esp -> Nolvus Awakening Morthal Grass Fix.esp -> Nolvus Awakening Towns Patch.esp -> Nolvus Awakening Creatures Patch.esp -> Nolvus Awakening Water Patch.esp -> Synthesis.esp -> DynDOLOD.esp -> Occlusion.esp
			Flags: 0x00000009 
			EditorID: "MorthalExterior01"
			FormID: 0x000093BE
			FormType: Cell (60)
		File: "COTN - Morthal.esp"
		Modified by: Skyrim.esm -> COTN - Morthal.esp
		Flags: 0x00000409 kDestructible | kInitialized
		FormID: 0x0001AA68
		FormType: ActorCharacter (62)
	[RSP+5E38] 0x7FF652964587     (void* -> SkyrimSE.exe+02D4587	xorps xmm1, xmm1)
	[RSP+5E40] 0xDD73EFF858       (void*)
	[RSP+5E48] 0x7F0100000000     (size_t) [139642271694848]
	[RSP+5E50] 0xDD73EFF9C0       (void*)
	[RSP+5E58] 0xFFFFFFFF         (size_t) [4294967295]
	[RSP+5E60] 0x0                (size_t) [0]
	[RSP+5E68] 0x7FF652AD5B9D     (void* -> SkyrimSE.exe+0445B9D	movzx ebx, al)
	[RSP+5E70] 0x0                (size_t) [0]
	[RSP+5E78] 0x2BFC6DE6E01      (void*)
	[RSP+5E80] 0xDD73EFF899       (void*)
	[RSP+5E88] 0x2BFC6DEB280      (void*)
	[RSP+5E90] 0x2BFB4F9A800      (Character*)
		File: "COTN - Morthal.esp"
		Modified by: Skyrim.esm -> COTN - Morthal.esp
		Flags: 0x00000409 
		Name: "Aslfur"
		FormID: 0x0001AA68
		FormType: ActorCharacter (62)
		Object Reference: 
		File: "Nolvus Awakening Combat Scaling Overhaul - Enemy Level Mult.esp"
		Modified by: Skyrim.esm -> Modpocalypse NPCs (v3) SSE.esp -> Pride of Skyrim - All In One.esp -> TSOSRefined.esp -> Nolvus Awakening TSOS Patch.esp -> Nolvus Awakening Combat Scaling Overhaul - Enemy Level Mult.esp
		Flags: 0x00000009 kDestructible | kInitialized
		Name: "Aslfur"
		FormID: 0x000135E7
		FormType: NPC (43)
		ParentCell: ---
			File: "Occlusion.esp"
			Modified by: Landscape Fixes For Grass Mods.esp -> Morning Fogs SSE.esp -> Sounds of Towns and Cities.esp -> Spaghetti's Cities - AIO.esp -> JKs Skyrim.esp -> Occ_Skyrim_JK-Skyrim_patch.esp -> COTN - Morthal.esp -> Occ_Skyrim_COTN-Morthal_patch.esp -> COTN Morthal - LOTD Patch.esp -> COTN Morthal - Landscape and Water Fixes Patch.esp -> COTN Morthal - JK's Skyrim Patch.esp -> Eli_Sicarius' Refuge.esp -> Drinking Fountains of Skyrim for SSE.esp -> Missives.esp -> FlyingCrowsSSE.esp -> Lux Orbis.esp -> Lux Orbis - JK's Skyrim patch.esp -> Lux Orbis - COTN Morthal patch.esp -> Lux Orbis - JK's COTN Morthal patch.esp -> AI Overhaul.esp -> Water for ENB (Shades of Skyrim).esp -> Northern Roads.esp -> Northern Roads - COTN Morthal Patch.esp -> Northern Roads - COTN Morthal Patch - Nolvus.esp -> Northern Roads - COTN Morthal - JKs Skyrim consistency patch.esp -> Northern Roads - COTN Morthal - JKs Skyrim consistency patch - Nolvus.esp -> Nolvus Awakening Morthal Patch.esp -> Nolvus Awakening Morthal Grass Fix.esp -> Nolvus Awakening Towns Patch.esp -> Nolvus Awakening Creatures Patch.esp -> Nolvus Awakening Water Patch.esp -> Synthesis.esp -> DynDOLOD.esp -> Occlusion.esp
			Flags: 0x00000009 
			EditorID: "MorthalExterior01"
			FormID: 0x000093BE
			FormType: Cell (60)
		File: "COTN - Morthal.esp"
		Modified by: Skyrim.esm -> COTN - Morthal.esp
		Flags: 0x00000409 kDestructible | kInitialized
		FormID: 0x0001AA68
		FormType: ActorCharacter (62)
	[RSP+5E98] 0x7FF6434A8EAB     (size_t) [140695667642027]
	[RSP+5EA0] 0x0                (size_t) [0]
	[RSP+5EA8] 0x7FF652D30622     (void* -> SkyrimSE.exe+06A0622	test al, al)
	[RSP+5EB0] 0x0                (size_t) [0]
	[RSP+5EB8] 0x0                (size_t) [0]
	[RSP+5EC0] 0x0                (size_t) [0]
	[RSP+5EC8] 0x0                (size_t) [0]
	[RSP+5ED0] 0x0                (size_t) [0]
	[RSP+5ED8] 0x7FF652D5FF6E     (void* -> SkyrimSE.exe+06CFF6E	test rax, rax)
	[RSP+5EE0] 0x0                (size_t) [0]
	[RSP+5EE8] 0x7FF9023457D4     (void* -> ucrtbase.dll+00257D4	lea r11, [rsp+0x128])
	[RSP+5EF0] 0x0                (size_t) [0]
	[RSP+5EF8] 0x47EFFFFFE0000000 (size_t) [5183643170566569984]
	[RSP+5F00] 0x0                (size_t) [0]
	[RSP+5F08] 0x0                (size_t) [0]
	[RSP+5F10] 0x0                (size_t) [0]
	[RSP+5F18] 0xBEC3EF153F6C835F (size_t) [uint: 13746093362202313567 int: -4700650711507238049]
	[RSP+5F20] 0x8906B1E0BFE8     (size_t) [150661847105512]
	[RSP+5F28] 0xBEC3EF15BEC3EF15 (size_t) [uint: 13746093364338749205 int: -4700650709370802411]
	[RSP+5F30] 0xFFFFFFFFFFFFFFFE (size_t) [uint: 18446744073709551614 int: -2]
	[RSP+5F38] 0x7FF65346B31F     (void* -> SkyrimSE.exe+0DDB31F	movaps xmm4, [rbx+0x40])
	[RSP+5F40] 0x0                (size_t) [0]
	[RSP+5F48] 0x0                (size_t) [0]
	[RSP+5F50] 0x2BFBE6CCE78      (void*)
	[RSP+5F58] 0x7FF655687700     (void* -> SkyrimSE.exe+2FF7700	add [rax], al)
	[RSP+5F60] 0x0                (size_t) [0]
	[RSP+5F68] 0x3F34A3943F35661E (size_t) [4554444980289365534]
	[RSP+5F70] 0x0                (size_t) [0]
	[RSP+5F78] 0x0                (size_t) [0]
	[RSP+5F80] 0x2BFBC0FE4A0      (bhkRigidBodyT*)
	[RSP+5F88] 0x7FF65346B31F     (void* -> SkyrimSE.exe+0DDB31F	movaps xmm4, [rbx+0x40])
	[RSP+5F90] 0xDD73EFF9A0       (void*)
	[RSP+5F98] 0x7FF652AD4A04     (void* -> SkyrimSE.exe+0444A04	test byte ptr [rsi+0x30], 0x01)
	[RSP+5FA0] 0x2BFC6DEB280      (void*)
	[RSP+5FA8] 0x7FF65279755A     (void* -> SkyrimSE.exe+010755A	mov rsi, rbx)
	[RSP+5FB0] 0x0                (size_t) [0]
	[RSP+5FB8] 0x3F34A3943F35661E (size_t) [4554444980289365534]
	[RSP+5FC0] 0x0                (size_t) [0]
	[RSP+5FC8] 0x0                (size_t) [0]
	[RSP+5FD0] 0x2C3A3DE41C0      (bhkWorld*)
	[RSP+5FD8] 0x7FF65344437C     (void* -> SkyrimSE.exe+0DB437C	movaps xmm4, [rsp+0x70])
	[RSP+5FE0] 0x2BFBC0FE4A0      (bhkRigidBodyT*)
	[RSP+5FE8] 0x2C0548F5D50      (bhkCollisionObject*)
	[RSP+5FF0] 0x7FF655687780     (void* -> SkyrimSE.exe+2FF7780	add [rax], al)
	[RSP+5FF8] 0x7FF655687788     (void* -> SkyrimSE.exe+2FF7788	add [rax], al)
	[RSP+6000] 0x0                (size_t) [0]
	[RSP+6008] 0x3F34A3943F35661E (size_t) [4554444980289365534]
	[RSP+6010] 0xFFFFFFFFFFFFFFFE (size_t) [uint: 18446744073709551614 int: -2]
	[RSP+6018] 0x7FF6532FCBAE     (void* -> SkyrimSE.exe+0C6CBAE	lea r11, [rsp+0xC0])
	[RSP+6020] 0x0                (size_t) [0]
	[RSP+6028] 0x2BDAE6807F0      (void*)
	[RSP+6030] 0x0                (size_t) [0]
	[RSP+6038] 0x7FF6532FCBAE     (void* -> SkyrimSE.exe+0C6CBAE	lea r11, [rsp+0xC0])
	[RSP+6040] 0xC8AD0400456D0D3B (size_t) [uint: 14460218377767816507 int: -3986525695941735109]
	[RSP+6048] 0xBE83AB34C2A9842F (size_t) [uint: 13728004332247942191 int: -4718739741461609425]
	[RSP+6050] 0xC3F7F5DE456ABA80 (size_t) [uint: 14121025491639646848 int: -4325718582069904768]
	[RSP+6058] 0x3F34A394C2AE7875 (size_t) [4554444982495115381]
	[RSP+6060] 0xBF80000238DC4DF0 (size_t) [uint: 13799029267807096304 int: -4647714805902455312]
	[RSP+6068] 0x36EAE6D0         (size_t) [921364176]
	[RSP+6070] 0xB8DC36B7BF7FFFFD (size_t) [uint: 13320581960674836477 int: -5126162113034715139]
	[RSP+6078] 0x3A4752C4         (size_t) [977752772]
	[RSP+6080] 0x36F7F7983A475114 (size_t) [3960906630480482580]
	[RSP+6088] 0x7FF83F7FFFFE     (void* -> hdtSMP64.dll+024FFFE	add [rax], al |  unsigned __int64 volatile (mangled: ?_address@?1??_AddEventSink_Internal_GetPtr@?$EventDispatcher@UMenuOpenCloseEvent@@U1@@@AEAAPEAP82@EAAXPEAV?$BSTEventSink@UMenuOpenCloseEvent@@@@@ZXZ@4_KA)_24FFFE)
	[RSP+6090] 0xBEDA898A3A400086 (size_t) [uint: 13752455638904995974 int: -4694288434804555642]
	[RSP+6098] 0x43FFA84E3F678242 (size_t) [4899819973627052610]
	[RSP+60A0] 0xBEDA898A3A400086 (size_t) [uint: 13752455638904995974 int: -4694288434804555642]
	[RSP+60A8] 0x4307890C3F678242 (size_t) [4829979811074507330]
	[RSP+60B0] 0x0                (size_t) [0]
	[RSP+60B8] 0x0                (size_t) [0]
	[RSP+60C0] 0x0                (size_t) [0]
	[RSP+60C8] 0x0                (size_t) [0]
	[RSP+60D0] 0x0                (size_t) [0]
	[RSP+60D8] 0x0                (size_t) [0]
	[RSP+60E0] 0x2BDFE090540      (BSMultiBoundNode*)
		Name: "Sky"
		RTTIName: "BSMultiBoundNode"
		Flags: kSelectiveUpdate | kSelectiveUpdateTransforms | kSelectiveUpdateController
		Checking Parent: 0
			Name: "shadow scene node"
			RTTIName: "ShadowSceneNode"
			Flags: kSelectiveUpdate | kSelectiveUpdateTransforms | kSelectiveUpdateController
			Checking Parent: 1
				Name: "WorldRoot Node"
				RTTIName: "SceneGraph"
				Flags: kSelectiveUpdate | kSelectiveUpdateTransforms | kSelectiveUpdateController
		Name: "Sky"
	[RSP+60E8] 0x7FF6533092DC     (void* -> SkyrimSE.exe+0C792DC	)
	[RSP+60F0] 0x2BE758ED740      (BSGeometryListCullingProcess*)
	[RSP+60F8] 0x0                (size_t) [0]
	[RSP+6100] 0x2BEF01D0400      (NiNode*)
		RTTIName: "NiNode"
		Flags: kSelectiveUpdate | kSelectiveUpdateTransforms | kSelectiveUpdateController
		Checking Parent: 1
			Name: "ObjectLODRoot"
			RTTIName: "NiNode"
			Flags: kSelectiveUpdate | kSelectiveUpdateTransforms | kSelectiveUpdateController
			Checking Parent: 3
				Name: "shadow scene node"
				RTTIName: "ShadowSceneNode"
				Flags: kSelectiveUpdate | kSelectiveUpdateTransforms | kSelectiveUpdateController
				Checking Parent: 1
					Name: "WorldRoot Node"
					RTTIName: "SceneGraph"
					Flags: kSelectiveUpdate | kSelectiveUpdateTransforms | kSelectiveUpdateController
	[RSP+6108] 0x7FF6533092DC     (void* -> SkyrimSE.exe+0C792DC	)
	[RSP+6110] 0x0                (size_t) [0]
	[RSP+6118] 0x7FF6533E158C     (void* -> SkyrimSE.exe+0D5158C	mov rbx, rax)
	[RSP+6120] 0x2BDFE090540      (BSMultiBoundNode*)
		Name: "Sky"
		RTTIName: "BSMultiBoundNode"
		Flags: kSelectiveUpdate | kSelectiveUpdateTransforms | kSelectiveUpdateController
		Checking Parent: 0
			Name: "shadow scene node"
			RTTIName: "ShadowSceneNode"
			Flags: kSelectiveUpdate | kSelectiveUpdateTransforms | kSelectiveUpdateController
			Checking Parent: 1
				Name: "WorldRoot Node"
				RTTIName: "SceneGraph"
				Flags: kSelectiveUpdate | kSelectiveUpdateTransforms | kSelectiveUpdateController
		Name: "Sky"
	[RSP+6128] 0x0                (size_t) [0]
	[RSP+6130] 0x2BE758ED740      (BSGeometryListCullingProcess*)
	[RSP+6138] 0x0                (size_t) [0]
	[RSP+6140] 0xFFFFFFFFFFFFFFFE (size_t) [uint: 18446744073709551614 int: -2]
	[RSP+6148] 0x7FF6533E171E     (void* -> SkyrimSE.exe+0D5171E	add rbx, 0x08)
	[RSP+6150] 0x0                (size_t) [0]
	[RSP+6158] 0x2BE758ED740      (BSGeometryListCullingProcess*)
	[RSP+6160] 0x1                (size_t) [1]
	[RSP+6168] 0x2BDAE680908      (void*)
	[RSP+6170] 0x2BDAE682BA8      (void*)
	[RSP+6178] 0x2BE758ED740      (BSGeometryListCullingProcess*)
	[RSP+6180] 0xDD73EFFB90       (void*)
	[RSP+6188] 0x7FF653966D43     (void* -> SkyrimSE.exe+12D6D43	cmp qword ptr [rsi], 0x00)
	[RSP+6190] 0x2                (size_t) [2]
	[RSP+6198] 0x2                (size_t) [2]
	[RSP+61A0] 0x1                (size_t) [1]
	[RSP+61A8] 0x2BE758ED740      (BSGeometryListCullingProcess*)
	[RSP+61B0] 0xFFFFFFFFFFFFFF00 (size_t) [uint: 18446744073709551360 int: -256]
	[RSP+61B8] 0x0                (size_t) [0]
	[RSP+61C0] 0xFFFFFFFFFFFFFFFE (size_t) [uint: 18446744073709551614 int: -2]
	[RSP+61C8] 0x2BDAE680908      (void*)
	[RSP+61D0] 0x7FF655687784     (void* -> SkyrimSE.exe+2FF7784	add [rax], al)
	[RSP+61D8] 0xFFFFFFFF         (size_t) [4294967295]
	[RSP+61E0] 0x7FF655687780     (void* -> SkyrimSE.exe+2FF7780	add [rax], al)
	[RSP+61E8] 0x7FF9025E6E8D     (void* -> KERNELBASE.dll+00B6E8D	nop [rax+rax*1], eax)
	[RSP+61F0] 0x2BE891F5980      (void*)
	[RSP+61F8] 0x7FF653972D53     (void* -> SkyrimSE.exe+12E2D53	nop)
	[RSP+6200] 0x0                (size_t) [0]
	[RSP+6208] 0x0                (size_t) [0]
	[RSP+6210] 0x0                (size_t) [0]
	[RSP+6218] 0x0                (size_t) [0]
	[RSP+6220] 0xFFFFFFFFFFFFFFFE (size_t) [uint: 18446744073709551614 int: -2]
	[RSP+6228] 0x7FF655687784     (void* -> SkyrimSE.exe+2FF7784	add [rax], al)
	[RSP+6230] 0x1                (size_t) [1]
	[RSP+6238] 0x7FF655687780     (void* -> SkyrimSE.exe+2FF7780	add [rax], al)
	[RSP+6240] 0x7FF655687788     (void* -> SkyrimSE.exe+2FF7788	add [rax], al)
	[RSP+6248] 0x2BEF0279FA0      (void*)
	[RSP+6250] 0x0                (size_t) [0]
	[RSP+6258] 0x7FF655687820     (void* -> SkyrimSE.exe+2FF7820	)
	[RSP+6260] 0x0                (size_t) [0]
	[RSP+6268] 0x7FF652CD0623     (void* -> SkyrimSE.exe+0640623	xor ebx, ebx)
	[RSP+6270] 0x7FF6555B7E80     (SkyrimVM*)
	[RSP+6278] 0x7FF9025E6E00     (void* -> KERNELBASE.dll+00B6E00	and al, 0x40)
	[RSP+6280] 0x1DA              (size_t) [474]
	[RSP+6288] 0x2BE000001F4      (void*)
	[RSP+6290] 0xFFFFFFFFFFFFFFFE (size_t) [uint: 18446744073709551614 int: -2]
	[RSP+6298] 0x1                (size_t) [1]
	[RSP+62A0] 0x2BEF0279FA0      (void*)
	[RSP+62A8] 0x7FF6532C2A81     (void* -> SkyrimSE.exe+0C32A81	mov ecx, [rbx+0x0C])
	[RSP+62B0] 0x7FF655687820     (void* -> SkyrimSE.exe+2FF7820	)
	[RSP+62B8] 0x0                (size_t) [0]
	[RSP+62C0] 0x0                (size_t) [0]
	[RSP+62C8] 0x0                (size_t) [0]
	[RSP+62D0] 0x1                (size_t) [1]
	[RSP+62D8] 0x7FF6556877D0     (void* -> SkyrimSE.exe+2FF77D0	add [rax], al)
	[RSP+62E0] 0x0                (size_t) [0]
	[RSP+62E8] 0x2BEF0279FA0      (void*)
	[RSP+62F0] 0x7FF6556877B0     (BSJobs::JobThread*)
	[RSP+62F8] 0x7FF6532C4C48     (void* -> SkyrimSE.exe+0C34C48	mov r15d, eax)
	[RSP+6300] 0x1                (size_t) [1]
	[RSP+6308] 0x1                (size_t) [1]
	[RSP+6310] 0x0                (size_t) [0]
	[RSP+6318] 0x414              (size_t) [1044]
	[RSP+6320] 0x0                (size_t) [0]
	[RSP+6328] 0x0                (size_t) [0]
	[RSP+6330] 0x0                (size_t) [0]
	[RSP+6338] 0x0                (size_t) [0]
	[RSP+6340] 0x0                (size_t) [0]
	[RSP+6348] 0x0                (size_t) [0]
	[RSP+6350] 0x7FF6556877B0     (BSJobs::JobThread*)
	[RSP+6358] 0x7FF65329D6BD     (void* -> SkyrimSE.exe+0C0D6BD	mov rcx, [0x00007FF6555FB9D8])
	[RSP+6360] 0x4F3F2            (size_t) [324594]
	[RSP+6368] 0x4F3F1            (size_t) [324593]
	[RSP+6370] 0x0                (size_t) [0]
	[RSP+6378] 0x2BDFE0ECBE8      (void*)
	[RSP+6380] 0x7FF6556877B0     (BSJobs::JobThread*)
	[RSP+6388] 0x0                (size_t) [0]
	[RSP+6390] 0x0                (size_t) [0]
	[RSP+6398] 0x7FF9036DE8D7     (void* -> KERNEL32.DLL+002E8D7	mov ecx, eax)
	[RSP+63A0] 0x0                (size_t) [0]
	[RSP+63A8] 0x0                (size_t) [0]
	[RSP+63B0] 0x0                (size_t) [0]
	[RSP+63B8] 0x0                (size_t) [0]
	[RSP+63C0] 0x0                (size_t) [0]
	[RSP+63C8] 0x7FF904DDC34C     (void* -> ntdll.dll+003C34C	jmp 0x00007FF904DDC376)
	[RSP+63D0] 0x0                (size_t) [0]
	[RSP+63D8] 0x0                (size_t) [0]
	[RSP+63E0] 0x4F0FFFFFB30      (size_t) [5433133628208]
	[RSP+63E8] 0x4D0FFFFFB30      (size_t) [5295694674736]
	[RSP+63F0] 0x21               (size_t) [33]
	[RSP+63F8] 0x7FF902649F40     (void* -> KERNELBASE.dll+0119F40	mov [rsp+0x10], rbx)
	[RSP+6400] 0xDD73EF8440       (void*)
	[RSP+6408] 0xDD73EF8440       (void*)
	[RSP+6410] 0x0                (size_t) [0]
	[RSP+6418] 0x0                (size_t) [0]
	[RSP+6420] 0x0                (size_t) [0]
	[RSP+6428] 0x0                (size_t) [0]
	[RSP+6430] 0x0                (size_t) [0]
	[RSP+6438] 0x0                (size_t) [0]
	[RSP+6440] 0x0                (size_t) [0]
	[RSP+6448] 0x0                (size_t) [0]
	[RSP+6450] 0x0                (size_t) [0]
	[RSP+6458] 0x0                (size_t) [0]
	[RSP+6460] 0x0                (size_t) [0]
	[RSP+6468] 0x0                (size_t) [0]
	[RSP+6470] 0x0                (size_t) [0]
	[RSP+6478] 0x0                (size_t) [0]
	[RSP+6480] 0x0                (size_t) [0]
	[RSP+6488] 0x0                (size_t) [0]
	[RSP+6490] 0x0                (size_t) [0]
	[RSP+6498] 0x0                (size_t) [0]
	[RSP+64A0] 0x0                (size_t) [0]
	[RSP+64A8] 0x0                (size_t) [0]
	[RSP+64B0] 0x0                (size_t) [0]
	[RSP+64B8] 0x0                (size_t) [0]
	[RSP+64C0] 0x0                (size_t) [0]
	[RSP+64C8] 0x0                (size_t) [0]
	[RSP+64D0] 0x0                (size_t) [0]
	[RSP+64D8] 0x0                (size_t) [0]
	[RSP+64E0] 0x0                (size_t) [0]
	[RSP+64E8] 0x0                (size_t) [0]
	[RSP+64F0] 0x0                (size_t) [0]
	[RSP+64F8] 0x0                (size_t) [0]
	[RSP+6500] 0x0                (size_t) [0]
	[RSP+6508] 0x0                (size_t) [0]
	[RSP+6510] 0x0                (size_t) [0]
	[RSP+6518] 0x0                (size_t) [0]
	[RSP+6520] 0x0                (size_t) [0]
	[RSP+6528] 0x0                (size_t) [0]
	[RSP+6530] 0x0                (size_t) [0]
	[RSP+6538] 0x0                (size_t) [0]
	[RSP+6540] 0x0                (size_t) [0]
	[RSP+6548] 0x0                (size_t) [0]
	[RSP+6550] 0x0                (size_t) [0]
	[RSP+6558] 0x0                (size_t) [0]
	[RSP+6560] 0x0                (size_t) [0]
	[RSP+6568] 0x0                (size_t) [0]
	[RSP+6570] 0x0                (size_t) [0]
	[RSP+6578] 0x0                (size_t) [0]
	[RSP+6580] 0x0                (size_t) [0]
	[RSP+6588] 0x0                (size_t) [0]
	[RSP+6590] 0x0                (size_t) [0]
	[RSP+6598] 0x0                (size_t) [0]
	[RSP+65A0] 0x0                (size_t) [0]
	[RSP+65A8] 0x0                (size_t) [0]
	[RSP+65B0] 0x0                (size_t) [0]
	[RSP+65B8] 0x0                (size_t) [0]
	[RSP+65C0] 0x0                (size_t) [0]
	[RSP+65C8] 0x0                (size_t) [0]
	[RSP+65D0] 0x0                (size_t) [0]
	[RSP+65D8] 0x0                (size_t) [0]
	[RSP+65E0] 0x0                (size_t) [0]
	[RSP+65E8] 0x0                (size_t) [0]
	[RSP+65F0] 0x0                (size_t) [0]
	[RSP+65F8] 0x0                (size_t) [0]
	[RSP+6600] 0x0                (size_t) [0]
	[RSP+6608] 0x0                (size_t) [0]
	[RSP+6610] 0x0                (size_t) [0]
	[RSP+6618] 0x0                (size_t) [0]
	[RSP+6620] 0x0                (size_t) [0]
	[RSP+6628] 0x0                (size_t) [0]
	[RSP+6630] 0x0                (size_t) [0]
	[RSP+6638] 0x0                (size_t) [0]
	[RSP+6640] 0x0                (size_t) [0]
	[RSP+6648] 0x0                (size_t) [0]
	[RSP+6650] 0x0                (size_t) [0]
	[RSP+6658] 0x0                (size_t) [0]
	[RSP+6660] 0x0                (size_t) [0]
	[RSP+6668] 0x0                (size_t) [0]
	[RSP+6670] 0x0                (size_t) [0]
	[RSP+6678] 0x0                (size_t) [0]
	[RSP+6680] 0x0                (size_t) [0]
	[RSP+6688] 0x0                (size_t) [0]
	[RSP+6690] 0x0                (size_t) [0]
	[RSP+6698] 0x0                (size_t) [0]

MODULES:
	XINPUT1_3.dll                                    0x000000400000
	steam_api64.dll                                  0x0000500C0000
	X3DAudio1_7.dll                                  0x000050100000
	d3d11.dll                                        0x000180000000
	AnimationMotionRevolution.dll                    0x02BDB26F0000
	Paraglider.dll                                   0x02BDDEB40000
	binkw64_.dll                                     0x02BDF9760000
	wintrust.dll                                     0x02BE235B0000
	RTSSHooks64.dll                                  0x02BE8EDF0000
	SkyrimSE.exe                                     0x7FF652690000
	nvngx_dlss.dll                                   0x7FF82D810000
	XAudio2_7.dll                                    0x7FF830FD0000
	d3dcompiler_46e.dll                              0x7FF832930000
	_nvngx.dll                                       0x7FF832CF0000
	sl.common.dll                                    0x7FF832E70000
	gameoverlayrenderer64.dll                        0x7FF832F20000
	WhoseQuestIsItAnyway.dll                         0x7FF8330D0000
	wheeler.dll                                      0x7FF833180000
	WadeInWater.dll                                  0x7FF833370000
	Vibrant weapons.dll                              0x7FF8333D0000
	valhallaCombat.dll                               0x7FF833430000
	UnequipQuiverNG.dll                              0x7FF8334D0000
	UND.dll                                          0x7FF833570000
	UAPNG.dll                                        0x7FF833600000
	TweenMenuOverhaul.dll                            0x7FF8338A0000
	TrueHUD.dll                                      0x7FF833960000
	TrueDirectionalMovement.dll                      0x7FF833A20000
	TK_Dodge_RE.dll                                  0x7FF833AF0000
	TimeFormatChanger.dll                            0x7FF833B50000
	TheNewGentleman.dll                              0x7FF833BA0000
	STB_Widgets.dll                                  0x7FF833CE0000
	StayAtSystemPageSE.dll                           0x7FF833E80000
	StaggerEffectFix.dll                             0x7FF833F10000
	SSMT_Fix.dll                                     0x7FF833FF0000
	SSEDisplayTweaks.dll                             0x7FF834060000
	SoundRecordDistributor.dll                       0x7FF834100000
	SmoothCam.dll                                    0x7FF8341E0000
	SkyReflectionFix.dll                             0x7FF834350000
	SkyPatcher.dll                                   0x7FF8343E0000
	SkyClimb.dll                                     0x7FF8345D0000
	skee64.dll                                       0x7FF8346B0000
	StormLightning.dll                               0x7FF8348E0000
	skee64-memleak-patch.dll                         0x7FF834930000
	SimpleDualSheath.dll                             0x7FF834980000
	ShowPlayerInMenus.dll                            0x7FF834A10000
	ScrambledBugs.dll                                0x7FF834A80000
	SCAR.dll                                         0x7FF834AE0000
	ScaleformTranslationPP.dll                       0x7FF834CB0000
	SAS SE.dll                                       0x7FF834D20000
	RoguesGallery.dll                                0x7FF834D70000
	RecursionFPSFix.dll                              0x7FF834EE0000
	RandomMainMenuMusic.dll                          0x7FF834FC0000
	QuickLootEE.dll                                  0x7FF835030000
	Precision.dll                                    0x7FF835110000
	po3_WashThatBloodOff.dll                         0x7FF8352F0000
	po3_VampiresCastNoShadow.dll                     0x7FF8353C0000
	po3_Tweaks.dll                                   0x7FF835460000
	po3_SplashesOfStorms.dll                         0x7FF835560000
	po3_SplashesOfSkyrim.dll                         0x7FF835620000
	po3_SpellPerkItemDistributor.dll                 0x7FF8356E0000
	po3_SimpleOffenceSuppression.dll                 0x7FF8358A0000
	po3_SeasonsOfSkyrim.dll                          0x7FF835940000
	po3_PapyrusExtender.dll                          0x7FF835A30000
	po3_LockVariations.dll                           0x7FF835D20000
	po3_KeywordItemDistributor.dll                   0x7FF835E50000
	po3_ENBLightForEffectShaders.dll                 0x7FF835FF0000
	po3_DialogueHistory.dll                          0x7FF8360B0000
	po3_ConsolePlusPlus.dll                          0x7FF836460000
	po3_BaseObjectSwapper.dll                        0x7FF836510000
	po3_AnimObjectSwapper.dll                        0x7FF836630000
	PlayerRotation.dll                               0x7FF836BE0000
	PayloadInterpreter.dll                           0x7FF836C40000
	PapyrusUtil.dll                                  0x7FF836D70000
	ParryingRPG.dll                                  0x7FF838B00000
	PapyrusTweaks.dll                                0x7FF838B70000
	PAPER.dll                                        0x7FF838C70000
	PairedAnimationImprovements.dll                  0x7FF838CF0000
	OpenAnimationReplacer.dll                        0x7FF838D60000
	oxygenMeter2.dll                                 0x7FF8397C0000
	OverlayFix.dll                                   0x7FF8398B0000
	OpenAnimationReplacer-IEDConditionExtensions.dll 0x7FF839970000
	OpenAnimationReplacer-DialoguePlugin.dll         0x7FF839A90000
	OpenAnimationReplacer-DetectionPlugin.dll        0x7FF839B40000
	OneClickPowerAttack.dll                          0x7FF839C30000
	NPCsUsePotions.dll                               0x7FF839CA0000
	NextGenDecapitations.dll                         0x7FF839F30000
	MuImpactFramework.dll                            0x7FF83A120000
	MoreInformativeConsole.dll                       0x7FF83A1F0000
	ModernStaggerLock.dll                            0x7FF83A2D0000
	NoFurnitureCamera.dll                            0x7FF83C070000
	mfgfix.dll                                       0x7FF83C0D0000
	MCMHelper.dll                                    0x7FF83C190000
	MenuMaid2.dll                                    0x7FF83E6B0000
	MaxsuIFrame.dll                                  0x7FF83E770000
	MaxsuDetectionMeter.dll                          0x7FF83E880000
	MainMenuCustomizer.dll                           0x7FF83EA60000
	loki_DynamicAnimationCasting.dll                 0x7FF83ECB0000
	LocalMapUpgrade.dll                              0x7FF83EE50000
	ImmersiveEquipmentDisplays.dll                   0x7FF83F020000
	hdtSMP64.dll                                     0x7FF83F5B0000
	MCO.dll                                          0x7FF841230000
	LocationalEncounterZones.dll                     0x7FF8412C0000
	JContainers64.dll                                0x7FF8413B0000
	MaxsuAIProcessFix.dll                            0x7FF8418F0000
	keyholepeekmenu.dll                              0x7FF841960000
	IWantWidgetsNative.dll                           0x7FF8419D0000
	InventoryInjector.dll                            0x7FF841AA0000
	InstantlySkipDialogueNG.dll                      0x7FF841B50000
	InsertAttackData.dll                             0x7FF841C00000
	InfinityUI.dll                                   0x7FF841C60000
	HotkeysSystem.dll                                0x7FF841D90000
	HorseStaminaHUD.dll                              0x7FF841F10000
	HookDamage.dll                                   0x7FF841FD0000
	HelpExtender.dll                                 0x7FF842030000
	HDLocalMap.dll                                   0x7FF8420D0000
	GrassCacheHelperNG.dll                           0x7FF842170000
	gotobed.dll                                      0x7FF842230000
	FormListManipulator.dll                          0x7FF8422B0000
	FlatMapMarkersSSE.dll                            0x7FF8423D0000
	Experience.dll                                   0x7FF842470000
	EquipmentDurabilitySystemNG.dll                  0x7FF842710000
	ExtendedHotkeySystem.dll                         0x7FF842900000
	Fuz Ro D'oh.dll                                  0x7FF842BA0000
	EquipEnchantmentFix.dll                          0x7FF842C10000
	ENBAntiAliasing.dll                              0x7FF842C90000
	MaxsuCombatEscape.dll                            0x7FF8448A0000
	ENBInputDisabler.dll                             0x7FF8448F0000
	FloatingDamageV2.dll                             0x7FF8451D0000
	ENBHelperSE.dll                                  0x7FF845240000
	sl.interposer.dll                                0x7FF8452D0000
	DynDOLOD.DLL                                     0x7FF845350000
	DynamicCollisionAdjustment.dll                   0x7FF845430000
	DynamicArmorVariants.dll                         0x7FF8454A0000
	DualWieldParryingSKSE.dll                        0x7FF845590000
	DtryKeyUtil.dll                                  0x7FF845600000
	dTryHitStop.dll                                  0x7FF8456A0000
	doticu_skypal.dll                                0x7FF845750000
	DontEatSpellTomes.dll                            0x7FF8457E0000
	dmenu.dll                                        0x7FF8458B0000
	DKAF.dll                                         0x7FF8459C0000
	DismemberingFramework.dll                        0x7FF845A40000
	DisableFollowerCollision.dll                     0x7FF845CB0000
	DescriptionFramework.dll                         0x7FF845D10000
	CustomSkills.dll                                 0x7FF845E10000
	CrashLogger.dll                                  0x7FF845EA0000
	CraftingCategories.dll                           0x7FF846190000
	ContinueSound.dll                                0x7FF846210000
	ContextualCrosshair.dll                          0x7FF8462A0000
	ConsoleUtilSSE.dll                               0x7FF846300000
	ComprehensiveAttackRatePatch.dll                 0x7FF846370000
	CompassNavigationOverhaul.dll                    0x7FF846520000
	CombatPathingRevolution.dll                      0x7FF8466B0000
	CombatMusicFix.dll                               0x7FF8467E0000
	CCExtender.dll                                   0x7FF846880000
	cbp.dll                                          0x7FF846900000
	CastingBar.dll                                   0x7FF846A00000
	BetterThirdPersonSelection.dll                   0x7FF846B80000
	BehaviorDataInjector.dll                         0x7FF846E30000
	BackportedESLSupport.dll                         0x7FF846F80000
	AutoParallax.dll                                 0x7FF847030000
	skse64_1_5_97.dll                                0x7FF847230000
	EngineFixes.dll                                  0x7FF847380000
	D3DCOMPILER_43.dll                               0x7FF847480000
	tier0_s64.dll                                    0x7FF849410000
	steamclient64.dll                                0x7FF8495B0000
	CameraShake.dll                                  0x7FF85A7F0000
	dxgi.dll                                         0x7FF8643D0000
	BugFixesSSE.dll                                  0x7FF8653A0000
	BetterJumpingSE.dll                              0x7FF8655F0000
	AutoInputSwitch.dll                              0x7FF865650000
	AuroraFix.dll                                    0x7FF86A550000
	ArcheryLocationalDamage.dll                      0x7FF86AD20000
	ResampleDmo.DLL                                  0x7FF86AFF0000
	d3d12.dll                                        0x7FF86E410000
	AnimationQueueFix.dll                            0x7FF87B700000
	DSOUND.DLL                                       0x7FF87B770000
	J42_ARR_plugin.dll                               0x7FF8937C0000
	AHZmoreHUDPlugin.dll                             0x7FF893810000
	AHZmoreHUDInventory.dll                          0x7FF896530000
	ActorLimitFix.dll                                0x7FF8A73A0000
	ImWalkinHere.dll                                 0x7FF8A7610000
	ACloserLookSSE.dll                               0x7FF8A7650000
	A0D789patch.dll                                  0x7FF8A7C20000
	HonedMetal.dll                                   0x7FF8A8F10000
	tbbmalloc.dll                                    0x7FF8AEC20000
	tbb.dll                                          0x7FF8B0940000
	UltimateDragons64.dll                            0x7FF8B1120000
	fiss.dll                                         0x7FF8B11A0000
	skse64_steam_loader.dll                          0x7FF8B11E0000
	SkyrimUncapper.dll                               0x7FF8B1620000
	nvcuda64.dll                                     0x7FF8B6E30000
	d3dx11_43.dll                                    0x7FF8B9670000
	binkw64.dll                                      0x7FF8C0170000
	SimplyKnock.dll                                  0x7FF8C0D30000
	PriorityMod.dll                                  0x7FF8C1250000
	VCOMP140.DLL                                     0x7FF8C4F80000
	FixNotesForSkyUI.dll                             0x7FF8C73C0000
	EVLaS.dll                                        0x7FF8C8350000
	diskCacheEnabler.dll                             0x7FF8C9B80000
	FPSFixPlugin.dll                                 0x7FF8C9F60000
	CONCRT140.dll                                    0x7FF8CBDB0000
	usvfs_x64.dll                                    0x7FF8CEBE0000
	nvdxgdmal64.dll                                  0x7FF8CEEF0000
	vstdlib_s64.dll                                  0x7FF8D1410000
	textinputframework.dll                           0x7FF8D27A0000
	nvppex.dll                                       0x7FF8D6E00000
	inputhost.dll                                    0x7FF8D8D40000
	ncryptsslp.dll                                   0x7FF8D97B0000
	Windows.UI.dll                                   0x7FF8DFD60000
	ondemandconnroutehelper.dll                      0x7FF8DFF70000
	MSVCP140_ATOMIC_WAIT.dll                         0x7FF8E0010000
	webio.dll                                        0x7FF8E0360000
	NvTelemetryBridge64.dll                          0x7FF8E0530000
	large_sector_fix.dll                             0x7FF8E0650000
	d3dx9_42.dll                                     0x7FF8E0660000
	DINPUT8.dll                                      0x7FF8E0680000
	dbgcore.DLL                                      0x7FF8E1270000
	iertutil.dll                                     0x7FF8E3370000
	urlmon.dll                                       0x7FF8E36E0000
	srvcli.dll                                       0x7FF8E4210000
	MPR.dll                                          0x7FF8E4B90000
	WININET.dll                                      0x7FF8E5F40000
	MSVCP140.dll                                     0x7FF8E61D0000
	VCRUNTIME140_1.dll                               0x7FF8E6260000
	VCRUNTIME140.dll                                 0x7FF8E6280000
	MpOav.dll                                        0x7FF8E69E0000
	amsi.dll                                         0x7FF8E6A80000
	msdmo.dll                                        0x7FF8E83D0000
	NvTelemetryAPI64.dll                             0x7FF8E85F0000
	wbemsvc.dll                                      0x7FF8E8AD0000
	fastprox.dll                                     0x7FF8E8DD0000
	sl.dlss.dll                                      0x7FF8EA130000
	wbemcomn.dll                                     0x7FF8EA840000
	wbemprox.dll                                     0x7FF8EA8C0000
	AUDIOSES.DLL                                     0x7FF8EA9E0000
	nvspcap64.dll                                    0x7FF8EB7C0000
	xinput1_4.dll                                    0x7FF8EC2F0000
	NvMessageBus.dll                                 0x7FF8EC970000
	nvapi64.dll                                      0x7FF8ED200000
	nvwgf2umx.dll                                    0x7FF8EE470000
	DEVRTL.dll                                       0x7FF8F3C90000
	SPINF.dll                                        0x7FF8F4080000
	WINMM.dll                                        0x7FF8F4100000
	NvMemMapStoragex.dll                             0x7FF8F4360000
	nvgpucomp64.dll                                  0x7FF8F5C10000
	fwpuclnt.dll                                     0x7FF8F9740000
	dhcpcsvc.DLL                                     0x7FF8F99C0000
	WINHTTP.dll                                      0x7FF8F9B70000
	drvstore.dll                                     0x7FF8F9CA0000
	cryptnet.dll                                     0x7FF8F9FC0000
	dhcpcsvc6.DLL                                    0x7FF8FA0F0000
	wevtapi.dll                                      0x7FF8FA210000
	nvldumdx.dll                                     0x7FF8FA270000
	winmmbase.dll                                    0x7FF8FAAD0000
	CoreUIComponents.dll                             0x7FF8FACB0000
	MMDevApi.dll                                     0x7FF8FAFF0000
	rasadhlp.dll                                     0x7FF8FB760000
	dwmapi.dll                                       0x7FF8FB770000
	resourcepolicyclient.dll                         0x7FF8FBB00000
	VERSION.dll                                      0x7FF8FBC80000
	Microsoft.Internal.WarpPal.dll                   0x7FF8FD340000
	WindowsCodecs.dll                                0x7FF8FD360000
	D3DCOMPILER_47.dll                               0x7FF8FD5A0000
	dcomp.dll                                        0x7FF8FDA30000
	CoreMessaging.dll                                0x7FF8FE0C0000
	WSOCK32.dll                                      0x7FF8FE430000
	Secur32.dll                                      0x7FF8FE4A0000
	WINNSI.DLL                                       0x7FF8FE680000
	uxtheme.dll                                      0x7FF8FF110000
	dbghelp.dll                                      0x7FF8FF230000
	dxcore.dll                                       0x7FF8FF4E0000
	directxdatabasehelper.dll                        0x7FF8FF530000
	d3d11.dll                                        0x7FF8FF710000
	avrt.dll                                         0x7FF8FF980000
	dxgi.dll                                         0x7FF8FF9C0000
	windows.storage.dll                              0x7FF8FFB20000
	HID.DLL                                          0x7FF900380000
	netutils.dll                                     0x7FF900630000
	IPHLPAPI.DLL                                     0x7FF9006C0000
	DNSAPI.dll                                       0x7FF900760000
	schannel.DLL                                     0x7FF900AA0000
	rsaenh.dll                                       0x7FF900BF0000
	kernel.appcore.dll                               0x7FF900C90000
	ntmarta.dll                                      0x7FF900DC0000
	SSPICLI.DLL                                      0x7FF900F40000
	MSWSOCK.dll                                      0x7FF901220000
	gpapi.dll                                        0x7FF901290000
	USERENV.dll                                      0x7FF9012C0000
	cryptsp.dll                                      0x7FF9014D0000
	CRYPTBASE.DLL                                    0x7FF9014F0000
	MSASN1.dll                                       0x7FF901540000
	wldp.dll                                         0x7FF9015B0000
	NTASN1.dll                                       0x7FF9016A0000
	ncrypt.dll                                       0x7FF9016F0000
	CFGMGR32.dll                                     0x7FF901AA0000
	devobj.dll                                       0x7FF901B00000
	DPAPI.DLL                                        0x7FF901B50000
	UMPDC.dll                                        0x7FF901B80000
	POWRPROF.dll                                     0x7FF901BA0000
	bcrypt.dll                                       0x7FF901DD0000
	profapi.dll                                      0x7FF901E00000
	msvcp_win.dll                                    0x7FF901F80000
	gdi32full.dll                                    0x7FF902030000
	CRYPT32.dll                                      0x7FF902170000
	win32u.dll                                       0x7FF9022F0000
	ucrtbase.dll                                     0x7FF902320000
	KERNELBASE.dll                                   0x7FF902530000
	wintypes.dll                                     0x7FF902920000
	bcryptPrimitives.dll                             0x7FF902AA0000
	OLEAUT32.dll                                     0x7FF902B40000
	USER32.dll                                       0x7FF902E90000
	SHLWAPI.dll                                      0x7FF9030E0000
	SHCORE.dll                                       0x7FF903230000
	ole32.dll                                        0x7FF903330000
	PSAPI.DLL                                        0x7FF9034E0000
	sechost.dll                                      0x7FF9034F0000
	msvcrt.dll                                       0x7FF9035A0000
	KERNEL32.DLL                                     0x7FF9036B0000
	GDI32.dll                                        0x7FF903780000
	clbcatq.dll                                      0x7FF9037B0000
	ADVAPI32.dll                                     0x7FF903860000
	imagehlp.dll                                     0x7FF903940000
	MSCTF.dll                                        0x7FF903970000
	SETUPAPI.dll                                     0x7FF903BF0000
	IMM32.dll                                        0x7FF904080000
	NSI.dll                                          0x7FF9040C0000
	RPCRT4.dll                                       0x7FF9040D0000
	WS2_32.dll                                       0x7FF9041F0000
	SHELL32.dll                                      0x7FF904280000
	combase.dll                                      0x7FF9049D0000
	ntdll.dll                                        0x7FF904DA0000

SKSE PLUGINS:
	A0D789patch.dll
	ACloserLookSSE.dll v1.3
	ActorLimitFix.dll
	AHZmoreHUDInventory.dll v0.1.0.20
	AHZmoreHUDPlugin.dll v4.1.2
	AnimationMotionRevolution.dll
	AnimationQueueFix.dll v1.0.1
	ArcheryLocationalDamage.dll v2.1
	AuroraFix.dll v1
	AutoInputSwitch.dll v1.1.1
	AutoParallax.dll v1.0.7
	BackportedESLSupport.dll
	BehaviorDataInjector.dll v0.1.3
	BetterJumpingSE.dll
	BetterThirdPersonSelection.dll v1
	BugFixesSSE.dll
	CameraShake.dll v1
	CastingBar.dll v3
	cbp.dll
	CCExtender.dll v1.8
	CombatMusicFix.dll v1
	CombatPathingRevolution.dll v0.3
	CompassNavigationOverhaul.dll
	ComprehensiveAttackRatePatch.dll v1.1.2.8
	ConsoleUtilSSE.dll v1.4
	ContextualCrosshair.dll v1.3
	ContinueSound.dll v1
	CraftingCategories.dll v1.0.1
	CrashLogger.dll v1.15
	CustomSkills.dll v2.0.2
	DescriptionFramework.dll v2.1
	DisableFollowerCollision.dll v1
	diskCacheEnabler.dll
	DismemberingFramework.dll v1.0.6
	DKAF.dll v1
	dmenu.dll v1
	DontEatSpellTomes.dll v1.2
	doticu_skypal.dll
	dTryHitStop.dll v0.4
	DtryKeyUtil.dll v1
	DualWieldParryingSKSE.dll v1.7
	DynamicArmorVariants.dll v1.0.5
	DynamicCollisionAdjustment.dll v1.1
	DynDOLOD.DLL v3.0.33
	ENBAntiAliasing.dll v1.2.3
	ENBHelperSE.dll v1.5
	ENBInputDisabler.dll v1.1.1
	EngineFixes.dll v5.9.1
	EquipEnchantmentFix.dll v1.3.6
	EquipmentDurabilitySystemNG.dll
	EVLaS.dll v1.3.1
	Experience.dll v3.4.5
	ExtendedHotkeySystem.dll v1.1
	fiss.dll
	FixNotesForSkyUI.dll v1.2.1
	FlatMapMarkersSSE.dll v1.3
	FloatingDamageV2.dll v2.0.1
	FormListManipulator.dll v1.7
	Fuz Ro D'oh.dll v1.7.12.1123
	gotobed.dll v2.0.7
	GrassCacheHelperNG.dll v1.0.1
	HDLocalMap.dll v1.0.3
	hdtSMP64.dll
	HelpExtender.dll v1.2.1
	HonedMetal.dll v1.0.0.8
	HookDamage.dll v1
	HorseStaminaHUD.dll v1.0.1
	HotkeysSystem.dll v2.0.1
	ImmersiveEquipmentDisplays.dll v1.7.4
	ImWalkinHere.dll v1.5
	InfinityUI.dll
	InsertAttackData.dll
	InstantlySkipDialogueNG.dll v1.1.1
	InventoryInjector.dll v1.1
	IWantWidgetsNative.dll
	J42_ARR_plugin.dll
	JContainers64.dll v4.1.13
	keyholepeekmenu.dll v1.4
	large_sector_fix.dll
	LocalMapUpgrade.dll v2.1
	LocationalEncounterZones.dll v1.0.2
	loki_DynamicAnimationCasting.dll v3.2.3
	MainMenuCustomizer.dll v0.4.1.1
	MaxsuAIProcessFix.dll v1
	MaxsuCombatEscape.dll v0.8.3
	MaxsuDetectionMeter.dll v1.0.7
	MaxsuIFrame.dll v1.0.3
	MCMHelper.dll v1.4
	MCO.dll v1
	MenuMaid2.dll v2.2.3.2
	mfgfix.dll v1
	ModernStaggerLock.dll v1.0.7
	MoreInformativeConsole.dll v1.1
	MuImpactFramework.dll v0.9
	NextGenDecapitations.dll v1.2
	NoFurnitureCamera.dll v1
	NPCsUsePotions.dll v3.3
	OneClickPowerAttack.dll v1
	OpenAnimationReplacer-DetectionPlugin.dll v2.1.1
	OpenAnimationReplacer-DialoguePlugin.dll v1
	OpenAnimationReplacer-IEDConditionExtensions.dll v1.0.2
	OpenAnimationReplacer.dll v2.3.6
	OverlayFix.dll v0.0.1
	oxygenMeter2.dll v1.0.7
	PairedAnimationImprovements.dll v1.0.2
	PAPER.dll v2.2.4
	PapyrusTweaks.dll v4.1
	PapyrusUtil.dll
	Paraglider.dll v1
	ParryingRPG.dll v2.0.1
	PayloadInterpreter.dll v1
	PlayerRotation.dll v1
	po3_AnimObjectSwapper.dll v1.1
	po3_BaseObjectSwapper.dll v2.6.1
	po3_ConsolePlusPlus.dll v1.4
	po3_DialogueHistory.dll v2.0.1
	po3_ENBLightForEffectShaders.dll v2.1
	po3_KeywordItemDistributor.dll v3.4
	po3_LockVariations.dll v4
	po3_PapyrusExtender.dll v5.10
	po3_SeasonsOfSkyrim.dll v1.7.5
	po3_SimpleOffenceSuppression.dll v2.2.1
	po3_SpellPerkItemDistributor.dll v7.2.0.1597
	po3_SplashesOfSkyrim.dll v1.4
	po3_SplashesOfStorms.dll v1.3
	po3_Tweaks.dll v1.13
	po3_VampiresCastNoShadow.dll v1.2.1
	po3_WashThatBloodOff.dll v2.1.1
	Precision.dll v2.0.4
	PriorityMod.dll
	QuickLootEE.dll v1.1
	RandomMainMenuMusic.dll v1
	RecursionFPSFix.dll v1.1
	RoguesGallery.dll v1.0.0.1
	SAS SE.dll v7.2
	ScaleformTranslationPP.dll v1.6
	SCAR.dll v1.0.6
	ScrambledBugs.dll
	ShowPlayerInMenus.dll v2.0.2
	SimpleDualSheath.dll v1.5.7
	SimplyKnock.dll
	skee64-memleak-patch.dll v1
	skee64.dll
	SkyClimb.dll
	SkyPatcher.dll v1
	SkyReflectionFix.dll v1.0.1
	SkyrimUncapper.dll
	SmoothCam.dll
	SoundRecordDistributor.dll v1.2
	SSEDisplayTweaks.dll v0.5.16
	SSMT_Fix.dll v1.1.1
	StaggerEffectFix.dll v1.0.1
	StayAtSystemPageSE.dll v1.5
	STB_Widgets.dll v1
	StormLightning.dll
	TheNewGentleman.dll v4.2.3
	TimeFormatChanger.dll v1.1
	TK_Dodge_RE.dll
	TrueDirectionalMovement.dll v2.2.5
	TrueHUD.dll v1.1.8
	TweenMenuOverhaul.dll
	UAPNG.dll v2.8
	UltimateDragons64.dll
	UND.dll v1.1
	UnequipQuiverNG.dll v1.2
	valhallaCombat.dll v1
	Vibrant weapons.dll
	WadeInWater.dll v1
	wheeler.dll v1
	WhoseQuestIsItAnyway.dll v1.3

PLUGINS:
	Light: 209	Regular: 231	Total: 440
	[ 0]     Skyrim.esm
	[ 1]     Update.esm
	[ 2]     Dawnguard.esm
	[ 3]     HearthFires.esm
	[ 4]     Dragonborn.esm
	[ 5]     ccasvsse001-almsivi.esm
	[ 6]     ccbgssse001-fish.esm
	[ 7]     cctwbsse001-puzzledungeon.esm
	[ 8]     cceejsse001-hstead.esm
	[ 9]     ccbgssse016-umbra.esm
	[ A]     ccbgssse031-advcyrus.esm
	[ B]     ccbgssse067-daedinv.esm
	[ C]     ccbgssse025-advdsgs.esm
	[ D]     cceejsse005-cave.esm
	[ E]     ccafdsse001-dwesanctuary.esm
	[ F]     Unofficial Skyrim Special Edition Patch.esp
	[10]     FISS.esp
	[11]     arnima.esm
	[12]     LegacyoftheDragonborn.esm
	[13]     BSAssets.esm
	[14]     BSHeartland.esm
	[15]     Alpine Forest of Whiterun Valley.esp
	[16]     Occ_Skyrim_Tamriel.esp
	[17]     GKBWavesReborn.esp
	[18]     Water for ENB.esm
	[19]     BS_DLC_patch.esp
	[1A]     Dwarfsphere.esp
	[1B]     konahrik_accoutrements.esp
	[1C]     DBM_CC_HallOfWonders.esp
	[1D]     Gray Fox Cowl.esm
	[1E]     Vigilant.esm
	[1F]     WheelsOfLull.esp
	[20]     Wyrmstooth.esp
	[21]     evgSIRENROOT.esm
	[22]     Unslaad.esm
	[23]     wraithguardvaultfixer.esp
	[24]     Lux Via.esp
	[25]     3DNPC.esp
	[26]     TravellersOfSkyrim.esm
	[27]     RSkyrimChildren.esm
	[28]     Apachii_DivineEleganceStore.esm
	[29]     Midwood Isle.esp
	[2A]     Falskaar.esm
	[2B]     JSwords.esm
	[2C]     Haem Projects Goblands.esp
	[2D]     Darkend.esp
	[2E]     Clockwork.esp
	[2F]     Crystalwind_Estate.esp
	[30]     moonpath.esp
	[31]     TSR_TeldrynSerious.esp
	[32]     ForgottenCity.esp
	[33]     Identity Crisis.esp
	[34]     Undeath.esp
	[35]     Campfire.esm
	[36]     MoonAndStar_MAS.esp
	[37]     LOTD_HUB.esp
	[38]     Natural Waterfalls.esp
	[39]     DynDOLOD.esm
	[3A]     SkyUI_SE.esp
	[3B]     Audio Overhaul Skyrim.esp
	[3C]     Immersive Sounds - Compendium.esp
	[3D]     Resources - The Great Cities.esp
	[3E]     SMIM-SE-Merged-All.esp
	[3F]     Relationship Dialogue Overhaul.esp
	[40]     Cutting Room Floor.esp
	[41]     Guard Dialogue Overhaul.esp
	[42]     Weapons Armor Clothing & Clutter Fixes.esp
	[43]     UIExtensions.esp
	[44]     Landscape Fixes For Grass Mods.esp
	[45]     NAT-ENB.esp
	[46]     Footprints.esp
	[47]     JRMoonpathtoElsweyrPatch.esp
	[48]     DBM_RelicNotifications.esp
	[49]     RaceMenu.esp
	[4A]     RaceMenuPlugin.esp
	[4B]     UndeathFixes.esp
	[4C]     yumcheese.esp
	[4D]     Tools of Kagrenac.esp
	[4E]     CurseOfTheHoundAmulet.esp
	[4F]     TheChoiceIsYours.esp
	[50]     RAEQuestRequirements.esp
	[51]     Seasonal Weathers Framework.esp
	[52]     WetandCold.esp
	[53]     KS Hairdo's.esp
	[54]     CitizensComplete.esp
	[55]     TravellersOfSkyrim - Light.esp
	[56]     Inigo.esp
	[57]     Lucien.esp
	[58]     Lucien-AnniversaryEdition-Patch.esp
	[59]     Lucien-Moonpath-Patch.esp
	[5A]     018Auri.esp
	[5B]     HLIORemi.esp
	[5C]     Katana.esp
	[5D]     NW_Sons_of_Skyrim.esp
	[5E]     NITHI NPCS - Dawnguard DLC - Fort Dawnguard - Men.esp
	[5F]     XPMSE.esp
	[60]     Dawn of Skyrim.esp
	[61]     JK's Whiterun's Outskirts.esp
	[62]     Kojaks Whiterun Market.esp
	[63]     EpicSolitude.esp
	[64]     Deadly Shadows of  Riften.esp
	[65]     RiftenLaketown.esp
	[66]     JK's Markarth Outskirts.esp
	[67]     Grey_Quarter_Overhaul.esp
	[68]     Windhelm Lighthouse.esp
	[69]     JKs Skyrim.esp
	[6A]     Thuldor's Ivarstead.esp
	[6B]     The Great City of Dawnstar.esp
	[6C]     The Great Town of Shor's Stone.esp
	[6D]     The Great Village of Kynesgrove.esp
	[6E]     The Great Town of Karthwasten.esp
	[6F]     The Great Village of Old Hroldan.esp
	[70]     The Great Village of Mixwater Mill.esp
	[71]     The Great City of Rorikstead.esp
	[72]     The Great City of Winterhold v4.esp
	[73]     ClefJ's Dragon Bridge.esp
	[74]     Lainalten.esp
	[75]     Sunthgat.esp
	[76]     AnotherOakwood.esp
	[77]     Reich Corigate.esp
	[78]     Granite Hill.esp
	[79]     Amber Guard.esp
	[7A]     Dunpar Wall.esp
	[7B]     Vernim Wood.esp
	[7C]     iWill_ARavensBreezeHome.esp
	[7D]     JK's Riverfall Cottage.esp
	[7E]     Eli_Sicarius' Refuge.esp
	[7F]     Eli_Ruska.esp
	[80]     WindPath.esp
	[81]     HearthfireMultiKid.esp
	[82]     This Is Jorrvaskr.esp
	[83]     Missives.esp
	[84]     Sepolcri.esp
	[85]     SkyrimSewers.esp
	[86]     Distinct Interiors.esp
	[87]     EEKs Whiterun Interiors.esp
	[88]     JK's Blue Palace.esp
	[89]     JK's College of Winterhold.esp
	[8A]     GG's Thieves Guild Headquarters.esp
	[8B]     DIS_Armor_Fractions.esp
	[8C]     DIS_Heavy_Legion.esp
	[8D]     ColovianFurClothes.esp
	[8E]     WACCF_Armor and Clothing Extension.esp
	[8F]     Dr_Bandolier.esp
	[90]     Cloaks.esp
	[91]     Cloaks - Dawnguard.esp
	[92]     Faction Crossbows.esp
	[93]     DawnguardArsenal.esp
	[94]     TW3Weaponry.esp
	[95]     icebladeofthemonarch.esp
	[96]     ktWeaponPackSE.esp
	[97]     PrvtIRoyalArmory.esp
	[98]     ZIA_Complete Pack.esp
	[99]     DiverseDragonsCollectionSE.esp
	[9A]     UltimateDragons.esp
	[9B]     KS Dragon Overhaul 2.esp
	[9C]     ACatsLife.esp
	[9D]     mihailashgolemexpansion.esp
	[9E]     mihailbanekins.esp
	[9F]     mihailgiantesses.esp
	[A0]     1Ogres.esp
	[A1]     AttackoDaedra.esp
	[A2]     DwemerSpectresLegendary.esp
	[A3]     LeftHandRings.esp
	[A4]     SL01AmuletsSkyrim.esp
	[A5]     SkyrimsUniqueTreasures.esp
	[A6]     WZOblivionArtifacts.esp
	[A7]     ArtifactsOfBoethiah.esp
	[A8]     Fossilsyum.esp
	[A9]     TreasureHunter.esp
	[AA]     dD - Enhanced Blood Main.esp
	[AB]     QuickLight.esp
	[AC]     QwibNewLanterns.esp
	[AD]     ENB Light.esp
	[AE]     Embers XD.esp
	[AF]     Stances - Dynamic Weapon Movesets SE.esp
	[B0]     ImmersiveInteractions.esp
	[B1]     TaberuAnimation.esp
	[B2]     Apocalypse - Magic of Skyrim.esp
	[B3]     Thunderchild - Epic Shout Package.esp
	[B4]     MysticismMagic.esp
	[B5]     SPERG-SSE.esp
	[B6]     PathOfSorcery.esp
	[B7]     Ordinator - Perks of Skyrim.esp
	[B8]     Apocalypse - Ordinator Compatibility Patch.esp
	[B9]     Thaumaturgy.esp
	[BA]     Triumvirate - Mage Archetypes.esp
	[BB]     Conduit.esp
	[BC]     DEST_ISL.esp
	[BD]     StrangeRunes.esp
	[BE]     GIST soul trap.esp
	[BF]     DragonbornShoutPerks.esp
	[C0]     SunHelmSurvival.esp
	[C1]     SunHelmWyrmstoothPatch.esp
	[C2]     SunHelmCampfireSkill.esp
	[C3]     Complete Crafting Overhaul_Remastered.esp
	[C4]     Apothecary.esp
	[C5]     ValhallaCombat.esp
	[C6]     Valravn - Integrated Combat of Skyrim.esp
	[C7]     SekiroCombat_II.esp
	[C8]     HotKeySkill.esp
	[C9]     J42_ArmorRatingRedux.esp
	[CA]     Fanatical Enemies.esp
	[CB]     The Restless Dead.esp
	[CC]     Better Vampire NPCs.esp
	[CD]     Bandit War.esp
	[CE]     Madmen.esp
	[CF]     VioLens SE.esp
	[D0]     1111VampireKingBoss.esp
	[D1]     TrueArmor.esp
	[D2]     SimplyBalanced.esp
	[D3]     Attack_DXP.esp
	[D4]     Trade & Barter.esp
	[D5]     TradeRoutes.esp
	[D6]     COINMerchantExchange.esp
	[D7]     AI Overhaul.esp
	[D8]     run for your lives.esp
	[D9]     Wintersun - Faiths of Skyrim.esp
	[DA]     nwsFollowerFramework.esp
	[DB]     SkyrimsGotTalent-Bards.esp
	[DC]     Paragliding.esp
	[DD]     Sacrosanct - Vampires of Skyrim.esp
	[DE]     Better Courier.esp
	[DF]     Water for ENB (Shades of Skyrim).esp
	[E0]     Skyrim Unbound.esp
	[E1]     Growl - Werebeasts of Skyrim.esp
	[E2]     Lux.esp
	[E3]     Northern Roads.esp
	[E4]     Atlas Map Markers.esp
	[E5]     DynDOLOD.esp
	[E6]     FWMF for Fantasy Paper Maps.esp
	[FE:  0] ccbgssse002-exoticarrows.esl
	[FE:  1] ccbgssse003-zombies.esl
	[FE:  2] ccbgssse004-ruinsedge.esl
	[FE:  3] ccbgssse005-goldbrand.esl
	[FE:  4] ccbgssse006-stendarshammer.esl
	[FE:  5] ccbgssse007-chrysamere.esl
	[FE:  6] ccbgssse010-petdwarvenarmoredmudcrab.esl
	[FE:  7] ccbgssse011-hrsarmrelvn.esl
	[FE:  8] ccbgssse012-hrsarmrstl.esl
	[FE:  9] ccbgssse014-spellpack01.esl
	[FE:  A] ccbgssse019-staffofsheogorath.esl
	[FE:  B] ccbgssse020-graycowl.esl
	[FE:  C] ccbgssse021-lordsmail.esl
	[FE:  D] ccmtysse001-knightsofthenine.esl
	[FE:  E] ccqdrsse001-survivalmode.esl
	[FE:  F] ccqdrsse002-firewood.esl
	[FE: 10] ccbgssse018-shadowrend.esl
	[FE: 11] ccbgssse035-petnhound.esl
	[FE: 12] ccfsvsse001-backpacks.esl
	[FE: 13] cceejsse002-tower.esl
	[FE: 14] ccedhsse001-norjewel.esl
	[FE: 15] ccvsvsse002-pets.esl
	[FE: 16] ccbgssse037-curios.esl
	[FE: 17] ccbgssse034-mntuni.esl
	[FE: 18] ccbgssse045-hasedoki.esl
	[FE: 19] ccbgssse008-wraithguard.esl
	[FE: 1A] ccbgssse036-petbwolf.esl
	[FE: 1B] ccffbsse001-imperialdragon.esl
	[FE: 1C] ccmtysse002-ve.esl
	[FE: 1D] ccbgssse043-crosselv.esl
	[FE: 1E] ccvsvsse001-winter.esl
	[FE: 1F] cceejsse003-hollow.esl
	[FE: 20] ccbgssse038-bowofshadows.esl
	[FE: 21] ccbgssse040-advobgobs.esl
	[FE: 22] ccbgssse050-ba_daedric.esl
	[FE: 23] ccbgssse052-ba_iron.esl
	[FE: 24] ccbgssse054-ba_orcish.esl
	[FE: 25] ccbgssse058-ba_steel.esl
	[FE: 26] ccbgssse059-ba_dragonplate.esl
	[FE: 27] ccbgssse061-ba_dwarven.esl
	[FE: 28] ccpewsse002-armsofchaos.esl
	[FE: 29] ccbgssse041-netchleather.esl
	[FE: 2A] ccedhsse002-splkntset.esl
	[FE: 2B] ccbgssse064-ba_elven.esl
	[FE: 2C] ccbgssse063-ba_ebony.esl
	[FE: 2D] ccbgssse062-ba_dwarvenmail.esl
	[FE: 2E] ccbgssse060-ba_dragonscale.esl
	[FE: 2F] ccbgssse056-ba_silver.esl
	[FE: 30] ccbgssse055-ba_orcishscaled.esl
	[FE: 31] ccbgssse053-ba_leather.esl
	[FE: 32] ccbgssse051-ba_daedricmail.esl
	[FE: 33] ccbgssse057-ba_stalhrim.esl
	[FE: 34] ccbgssse066-staves.esl
	[FE: 35] ccbgssse068-bloodfall.esl
	[FE: 36] ccbgssse069-contest.esl
	[FE: 37] ccvsvsse003-necroarts.esl
	[FE: 38] ccvsvsse004-beafarmer.esl
	[FE: 39] ccffbsse002-crossbowpack.esl
	[FE: 3A] ccbgssse013-dawnfang.esl
	[FE: 3B] ccrmssse001-necrohouse.esl
	[FE: 3C] ccedhsse003-redguard.esl
	[FE: 3D] cceejsse004-hall.esl
	[FE: 3E] cckrtsse001_altar.esl
	[FE: 3F] cccbhsse001-gaunt.esl
	[FE: 40] Unofficial Skyrim Creation Club Content Patch.esl
	[FE: 41] Vanilla Script MicroOptimizations.esl
	[FE: 42] AHZmoreHUD.esl
	[FE: 43] iWant Widgets.esl
	[FE: 44] Navigator-NavFixes.esl
	[FE: 45] SAS.esl
	[FE: 46] Exhaustion.esp
	[FE: 47] Landscape and Water Fixes.esp
	[FE: 48] OCF.esp
	[FE: 49] Cathedral - 3D Mountain Flowers.esp
	[FE: 4A] Lightened Skyrim - merged.esp
	[FE: 4B] BetterDynamicAsh-DisableRefs.esm
	[FE: 4C] Occ_Skyrim_AnnEdition.esp
	[FE: 4D] Partitioned snow Meshes.esl
	[FE: 4E] ProjectedGlacierSnow.esl
	[FE: 4F] Rainbows.esp
	[FE: 50] RASS - Visual Effects.esl
	[FE: 51] Lux - Resources.esp
	[FE: 52] Expressive Facegen Morphs.esl
	[FE: 53] Beards of Power.esp
	[FE: 54] Unslaad Bodyslide.esl
	[FE: 55] Vigilant Bodyslide.esl
	[FE: 56] LoverBoy_Brows.esl
	[FE: 57] Lux Orbis - Master plugin.esm
	[FE: 58] Heels Sound.esm
	[FE: 59] Seascale.esl
	[FE: 5A] FerrumNibenis.esl
	[FE: 5B] ColovianPrince.esl
	[FE: 5C] KvetchiMercenary.esl
	[FE: 5D] Armors of the Velothi Pt2.esl
	[FE: 5E] mephalasprelate.esl
	[FE: 5F] siltstriderarmor.esl
	[FE: 60] 1Dwemer.esl
	[FE: 61] 1NGarmor.esl
	[FE: 62] 1FalconerArmor.esl
	[FE: 63] 1WR.esl
	[FE: 64] 1DustAdeptArmor.esl
	[FE: 65] 1Markynaz.esl
	[FE: 66] KozakowyMDPOutfit.esl
	[FE: 67] EVGAnimatedTraversal.esl
	[FE: 68] Markarth - City of Stone.esp
	[FE: 69] Wood Chopping Block for Markarth.esp
	[FE: 6A] SmoothCam.esl
	[FE: 6B] Lux - Master plugin.esm
	[FE: 6C] 11Debaser.esl
	[FE: 6D] RTRWolfWarriorAxe.esl
	[FE: 6E] RTRWolfWarriorSeax.esl
	[FE: 6F] RTRWolfWarriorSword.esl
	[FE: 70] 1HSS.esl
	[FE: 71] 1NamelessSaber.esl
	[FE: 72] 11Debaser - LOTD patch by Xtudo.esl
	[FE: 73] MoragTongGrandmaster.esl
	[FE: 74] RegalPaladinArmor.esl
	[FE: 75] 1YsmirArmorSE.esl
	[FE: 76] 1FleshColossus.esl
	[FE: 77] WornUndead.esl
	[FE: 78] CC'sEnhancedOreVeinsSSE-HearthfirePatch.esl
	[FE: 79] Vibrant weapons.esl
	[FE: 7A] DynamicCollisionAdjustment.esl
	[FE: 7B] StandingAmbusherFix.esl
	[FE: 7C] VigilantHiResPackSE.esl
	[FE: 7D] ShootingStars.esp
	[FE: 7E] Shockwave.esl
	[FE: 7F] Astral.esl
	[FE: 80] StormCalling.esl
	[FE: 81] Supernova.esl
	[FE: 82] Lightpower.esl
	[FE: 83] W3S.esl
	[FE: 84] Ghostlight.esl
	[FE: 85] AncientBloodII.esl
	[FE: 86] Dwarfsphere_Weapons.esl
	[FE: 87] LOTD Skill Trees.esp
	[FE: 88] CrownPlate.esl
	[FE: 89] OCPA.esl
	[FE: 8A] blockenchantments.esl
	[FE: 8B] 1Imps.esl
	[FE: 8C] AnimatedShips.esl
	[FE: 8D] TheLastJourney.esp
	[FE: 8E] AegisAnuad.esl
	[FE: 8F] EastholdTotemicSet.esl
	[FE: 90] Natural Waterfalls - Dawnguard.esp
	[FE: 91] Natural Waterfalls - Dragonborn.esp
	[FE: 92] Natural Waterfalls - Blackreach.esp
	[FE: 93] Dismembering Framework.esm
	[FE: 94] Experience.esl
	[FE: 95] ApachiiHair.esm
	[FE: 96] ApachiiHairFemales.esm
	[FE: 97] TES4WaitMenu.esl
	[FE: 98] IceLOD.esl
	[FE: 99] IcyFixesLite.esl
	[FE: 9A] WindhelmIcicles.esl
	[FE: 9B] TheNewGentleman.esp
	[FE: 9C] TrueHUD.esl
	[FE: 9D] draugr armor warrior.esl
	[FE: 9E] Lvx_Curved_Sword.esl
	[FE: 9F] ApachiiHairMales.esm
	[FE: A0] High Poly Head.esm
	[FE: A1] Storm_Calling_Magic_2_USSEP.esp
	[FE: A2] SightlessNavFix.esp
	[FE: A3] Mod Manager Menu Disabled.esp
	[FE: A4] Dynamic Activation Key.esp
	[FE: A5] Dynamic Activation Key - MCM.esp
	[FE: A6] DynamicArmorMenu.esp
	[FE: A7] DAV_HiddenEquipment.esp
	[FE: A8] HD Lods SSE.esp
	[FE: A9] Particle Patch for ENB.esp
	[FE: AA] ISC USSEP Patch.esp
	[FE: AB] AOS_ISC_Integration.esp
	[FE: AC] QuietBetterJumpingCGO.esp
	[FE: AD] Keytrace.esp
	[FE: AE] bleedoutFix.esp
	[FE: AF] FormList-Patch-Collection_ITMs.esp
	[FE: B0] ChillwindDephts.esp
	[FE: B1] Disable Auto Vanity Mode.esp
	[FE: B2] MannequinManagement.esp
	[FE: B3] stuck on screen fix.esp
	[FE: B4] UlfricTulliusGMAB.esp
	[FE: B5] Southfringe Crash Fix.esp
	[FE: B6] StalhrimSourceFix.esp
	[FE: B7] Fast Travel Crash Fix.esp
	[FE: B8] TaarieDialFix.esp
	[FE: B9] ExcuseMe.esp
	[FE: BA] Quest Journal Limit Bug Fixer.esp
	[FE: BB] GDO_MCM.esp
	[FE: BC] CC Misc Patches - Arcane Accessories.esp
	[FE: BD] CC Misc Patches - Arcane Archer Pack.esp
	[FE: BE] CC Misc Patches - Bittercup.esp
	[FE: BF] CC Misc Patches - Bloodchill Manor.esp
	[FE: C0] CC Misc Patches - Bone Wolf Additions.esp
	[FE: C1] CC Misc Patches - Bow of Shadows.esp
	[FE: C2] CC Misc Patches - Chrysamere.esp
	[FE: C3] CC Misc Patches - Civil War Champions.esp
	[FE: C4] CC Misc Patches - Dawnfang and Duskfang.esp
	[FE: C5] CC Misc Patches - Dead Man's Dread.esp
	[FE: C6] CC Misc Patches - Divine Crusader.esp
	[FE: C7] CC Misc Patches - Fearsome Fists.esp
	[FE: C8] CC Misc Patches - Fishing.esp
	[FE: C9] CC Misc Patches - Gallows Hall.esp
	[FE: CA] CC Misc Patches - Ghosts of the Tribunal.esp
	[FE: CB] CC Misc Patches - Goldbrand.esp
	[FE: CC] CC Misc Patches - Headman's Cleaver.esp
	[FE: CD] CC Misc Patches - Lord's Mail.esp
	[FE: CE] CC Misc Patches - Necromantic Grimoire.esp
	[FE: CF] CC Misc Patches - Plague of the Dead.esp
	[FE: D0] CC Misc Patches - Rare Curios Additions.esp
