Skyrim SSE v1.5.97
CrashLoggerSSE v1-15-0-0 Oct 12 2024 11:33:37

Unhandled exception "EXCEPTION_ACCESS_VIOLATION" at 0x000000000002
Exception Flags: 0x00000000
Number of Parameters: 2
Access Violation: Tried to execute memory at 0x000000000002

SYSTEM SPECS:
	OS: Microsoft Windows 11 Home Single Language v10.0.26100
	CPU: AuthenticAMD AMD Ryzen 5 7600X 6-Core Processor             
	GPU #1: Nvidia AD102 [GeForce RTX 4090]
	GPU #2: AMD Raphael
	GPU #3: Nvidia AD102 [GeForce RTX 4090]
	GPU #4: Microsoft Basic Render Driver
	PHYSICAL MEMORY: 25.13 GB/31.16 GB
	GPU MEMORY: 10.32/22.83 GB
	Detected Virtual Machine: Microsoft Hyper-V (100%)

PROBABLE CALL STACK:

REGISTERS:
	RAX 0x213556144E0      (void*)
	RCX 0x213556142E0      (void*)
	RDX 0x212C46F3700      (Character*)
		File: "Ryn's Faendal's House.esp"
		Modified by: Skyrim.esm -> Ryn's Faendal's House.esp
		Flags: 0x00400449 
		Name: "Faendal"
		FormID: 0x0001348C
		FormType: ActorCharacter (62)
		Object Reference: 
		File: "Nolvus Awakening Combat Scaling Overhaul - Enemy Level Mult.esp"
		Modified by: Skyrim.esm -> Unofficial Skyrim Special Edition Patch.esp -> Modpocalypse NPCs (v3) SSE.esp -> Pride of Skyrim - All In One.esp -> NITHI NPCs - Whiterun - Men.esp -> AI Overhaul.esp -> [xPatch] Modpocalypse NPCs (v3) SSE - AI Overhaul.esp -> NITHI NPCs - Whiterun - Complete - AI Overhaul.esp -> Nolvus Awakening Combat Scaling Overhaul - Enemy Level Mult.esp
		Flags: 0x00400009 kDestructible | kInitialized
		Name: "Faendal"
		FormID: 0x00013480
		FormType: NPC (43)
		ParentCell: ---
			File: "Occlusion.esp"
			Modified by: Skyrim.esm -> Update.esm -> ccbgssse001-fish.esm -> Unofficial Skyrim Special Edition Patch.esp -> Landscape and Water Fixes.esp -> Cathedral - 3D Mountain Flowers.esp -> Occ_Skyrim_Tamriel.esp -> Lightened Skyrim - merged.esp -> DynDOLOD.esm -> Landscape Fixes For Grass Mods.esp -> Unique Flowers & Plants.esp -> Landscape and Water Fixes - Patch - LFfGM.esp -> Morning Fogs SSE.esp -> fallentreebridgesSSE.esp -> LOTD_HUB_ST.esp -> JK's Riverwood.esp -> Spaghetti's Towns - Riverwood.esp -> SkyrimsUniqueTreasures.esp -> AI Overhaul.esp -> Water for ENB (Shades of Skyrim).esp -> Northern Roads.esp -> Riverwood Reimagined Thriving Haven.esp -> Nolvus Northern Roads Patch.esp -> Northern Roads - Landscape and Water Fixes patch.esp -> Northern Roads - Landscape and Water Fixes patch - Nolvus.esp -> Northern Roads - Landscape Fixes for Grass Mods patch.esp -> Northern Roads - Landscape Fixes for Grass Mods patch - Nolvus.esp -> Northern Roads - Cathedral 3D Mountain Flowers Patch.esp -> Nolvus Awakening Seasonal Tree Mashup - Pine Forest.esp -> Nolvus Awakening Seasonal Tree Addon - Riverwood.esp -> Nolvus Awakening Riverwood Grass Fix.esp -> Nolvus Awakening Water Patch.esp -> Synthesis.esp -> Occlusion.esp
			Flags: 0x0000000B 
			EditorID: "Riverwood01"
			FormID: 0x00009713
			FormType: Cell (60)
		File: "Ryn's Faendal's House.esp"
		Modified by: Skyrim.esm -> Ryn's Faendal's House.esp
		Flags: 0x00400449 kDestructible | kInitialized | kBorderRegion
		FormID: 0x0001348C
		FormType: ActorCharacter (62)
	RBX 0x212C46F3700      (Character*)
		File: "Ryn's Faendal's House.esp"
		Modified by: Skyrim.esm -> Ryn's Faendal's House.esp
		Flags: 0x00400449 
		Name: "Faendal"
		FormID: 0x0001348C
		FormType: ActorCharacter (62)
		Object Reference: 
		File: "Nolvus Awakening Combat Scaling Overhaul - Enemy Level Mult.esp"
		Modified by: Skyrim.esm -> Unofficial Skyrim Special Edition Patch.esp -> Modpocalypse NPCs (v3) SSE.esp -> Pride of Skyrim - All In One.esp -> NITHI NPCs - Whiterun - Men.esp -> AI Overhaul.esp -> [xPatch] Modpocalypse NPCs (v3) SSE - AI Overhaul.esp -> NITHI NPCs - Whiterun - Complete - AI Overhaul.esp -> Nolvus Awakening Combat Scaling Overhaul - Enemy Level Mult.esp
		Flags: 0x00400009 kDestructible | kInitialized
		Name: "Faendal"
		FormID: 0x00013480
		FormType: NPC (43)
		ParentCell: ---
			File: "Occlusion.esp"
			Modified by: Skyrim.esm -> Update.esm -> ccbgssse001-fish.esm -> Unofficial Skyrim Special Edition Patch.esp -> Landscape and Water Fixes.esp -> Cathedral - 3D Mountain Flowers.esp -> Occ_Skyrim_Tamriel.esp -> Lightened Skyrim - merged.esp -> DynDOLOD.esm -> Landscape Fixes For Grass Mods.esp -> Unique Flowers & Plants.esp -> Landscape and Water Fixes - Patch - LFfGM.esp -> Morning Fogs SSE.esp -> fallentreebridgesSSE.esp -> LOTD_HUB_ST.esp -> JK's Riverwood.esp -> Spaghetti's Towns - Riverwood.esp -> SkyrimsUniqueTreasures.esp -> AI Overhaul.esp -> Water for ENB (Shades of Skyrim).esp -> Northern Roads.esp -> Riverwood Reimagined Thriving Haven.esp -> Nolvus Northern Roads Patch.esp -> Northern Roads - Landscape and Water Fixes patch.esp -> Northern Roads - Landscape and Water Fixes patch - Nolvus.esp -> Northern Roads - Landscape Fixes for Grass Mods patch.esp -> Northern Roads - Landscape Fixes for Grass Mods patch - Nolvus.esp -> Northern Roads - Cathedral 3D Mountain Flowers Patch.esp -> Nolvus Awakening Seasonal Tree Mashup - Pine Forest.esp -> Nolvus Awakening Seasonal Tree Addon - Riverwood.esp -> Nolvus Awakening Riverwood Grass Fix.esp -> Nolvus Awakening Water Patch.esp -> Synthesis.esp -> Occlusion.esp
			Flags: 0x0000000B 
			EditorID: "Riverwood01"
			FormID: 0x00009713
			FormType: Cell (60)
		File: "Ryn's Faendal's House.esp"
		Modified by: Skyrim.esm -> Ryn's Faendal's House.esp
		Flags: 0x00400449 kDestructible | kInitialized | kBorderRegion
		FormID: 0x0001348C
		FormType: ActorCharacter (62)
	RSP 0xDF59BFF218       (void*)
	RBP 0x212C4704B80      (void*)
	RSI 0x212C488C180      (void*)
	RDI 0x21554A45414      (void*)
	R8  0x7FF7ACF70000     (void*)
	R9  0x0                (size_t) [0]
	R10 0x20022            (size_t) [131106]
	R11 0xDF59BFF300       (void*)
	R12 0xDF59BFF330       (void*)
	R13 0x0                (size_t) [0]
	R14 0x212C4889000      (Character*)
		File: "Ryn's Alvor's House.esp"
		Modified by: Skyrim.esm -> HearthFires.esm -> Ryn's Alvor's House.esp
		Flags: 0x00000449 
		Name: "Dorthe"
		FormID: 0x00013484
		FormType: ActorCharacter (62)
		Object Reference: 
		File: "Nolvus Awakening Combat Scaling Overhaul - Enemy Level Mult.esp"
		Modified by: Skyrim.esm -> RSChildren.esp -> Children of the North.esp -> AI Overhaul.esp -> Nolvus Awakening AI Patch.esp -> Nolvus Awakening Combat Scaling Overhaul - Enemy Level Mult.esp
		Flags: 0x00000009 kDestructible | kInitialized
		Name: "Dorthe"
		FormID: 0x00013477
		FormType: NPC (43)
		ParentCell: ---
			File: "Occlusion.esp"
			Modified by: Skyrim.esm -> Update.esm -> ccbgssse034-mntuni.esl -> Unofficial Skyrim Special Edition Patch.esp -> Landscape and Water Fixes.esp -> Occ_Skyrim_Tamriel.esp -> Lightened Skyrim - merged.esp -> Lux Via.esp -> 1Dwemer.esl -> 1Markynaz.esl -> 1FleshColossus.esl -> 1Imps.esl -> DynDOLOD.esm -> Landscape Fixes For Grass Mods.esp -> Unique Flowers & Plants.esp -> Landscape and Water Fixes - Patch - LFfGM.esp -> Morning Fogs SSE.esp -> CitizensComplete.esp -> 018Auri.esp -> JK's Riverwood.esp -> Spaghetti's Towns - Riverwood.esp -> RoadsignsOverhaul.esp -> [Zynx] RogueSorceress.esp -> 1FS.esp -> Ember_Sword.esp -> Lux Via - plugin.esp -> Lux Via - Roadsigns Overhaul.esp -> Lux Orbis.esp -> Triumvirate - Mage Archetypes.esp -> AI Overhaul.esp -> Water for ENB (Shades of Skyrim).esp -> Water for ENB - Patch - Song of the Green (Auri Follower).esp -> Northern Roads.esp -> Riverwood Reimagined Thriving Haven.esp -> Nolvus Northern Roads Patch.esp -> Northern Roads - Landscape and Water Fixes patch.esp -> Northern Roads - Landscape and Water Fixes patch - Nolvus.esp -> Northern Roads - Landscape Fixes for Grass Mods patch.esp -> Northern Roads - Landscape Fixes for Grass Mods patch - Nolvus.esp -> Northern Roads - Rocks Patch.esp -> Northern Roads - Lux Via patch.esp -> Northern Roads - Lux Via patch - Nolvus.esp -> Northern Roads - Lux Via - Water for ENB (Shades of Skyrim) patch.esp -> Northern Roads - Lux Via - Water for ENB (Shades of Skyrim) patch - Nolvus.esp -> Northern Roads - Lux Via Clutter.esp -> Northern Roads - Roadsigns Overhaul patch.esp -> Nolvus Awakening Seasonal Tree Mashup - Pine Forest.esp -> Nolvus Awakening Seasonal Tree Addon - Riverwood.esp -> Nolvus Awakening Riverwood Patch.esp -> Nolvus Awakening Riverwood Grass Fix.esp -> Nolvus Awakening Road Signs Integration Patch.esp -> Nolvus Awakening Armors Patch.esp -> Nolvus Awakening Water Patch.esp -> Synthesis.esp -> Occlusion.esp
			Flags: 0x00000009 
			EditorID: "Riverwood"
			FormID: 0x00009732
			FormType: Cell (60)
		File: "Ryn's Alvor's House.esp"
		Modified by: Skyrim.esm -> HearthFires.esm -> Ryn's Alvor's House.esp
		Flags: 0x00000449 kDestructible | kInitialized | kBorderRegion
		FormID: 0x00013484
		FormType: ActorCharacter (62)
	R15 0x1                (size_t) [1]

STACK:
	[RSP+0  ] 0x7FF7AD5E496C     (void* -> SkyrimSE.exe+067496C	test al, al)
	[RSP+8  ] 0x212C46F3700      (Character*)
		File: "Ryn's Faendal's House.esp"
		Modified by: Skyrim.esm -> Ryn's Faendal's House.esp
		Flags: 0x00400449 
		Name: "Faendal"
		FormID: 0x0001348C
		FormType: ActorCharacter (62)
		Object Reference: 
		File: "Nolvus Awakening Combat Scaling Overhaul - Enemy Level Mult.esp"
		Modified by: Skyrim.esm -> Unofficial Skyrim Special Edition Patch.esp -> Modpocalypse NPCs (v3) SSE.esp -> Pride of Skyrim - All In One.esp -> NITHI NPCs - Whiterun - Men.esp -> AI Overhaul.esp -> [xPatch] Modpocalypse NPCs (v3) SSE - AI Overhaul.esp -> NITHI NPCs - Whiterun - Complete - AI Overhaul.esp -> Nolvus Awakening Combat Scaling Overhaul - Enemy Level Mult.esp
		Flags: 0x00400009 kDestructible | kInitialized
		Name: "Faendal"
		FormID: 0x00013480
		FormType: NPC (43)
		ParentCell: ---
			File: "Occlusion.esp"
			Modified by: Skyrim.esm -> Update.esm -> ccbgssse001-fish.esm -> Unofficial Skyrim Special Edition Patch.esp -> Landscape and Water Fixes.esp -> Cathedral - 3D Mountain Flowers.esp -> Occ_Skyrim_Tamriel.esp -> Lightened Skyrim - merged.esp -> DynDOLOD.esm -> Landscape Fixes For Grass Mods.esp -> Unique Flowers & Plants.esp -> Landscape and Water Fixes - Patch - LFfGM.esp -> Morning Fogs SSE.esp -> fallentreebridgesSSE.esp -> LOTD_HUB_ST.esp -> JK's Riverwood.esp -> Spaghetti's Towns - Riverwood.esp -> SkyrimsUniqueTreasures.esp -> AI Overhaul.esp -> Water for ENB (Shades of Skyrim).esp -> Northern Roads.esp -> Riverwood Reimagined Thriving Haven.esp -> Nolvus Northern Roads Patch.esp -> Northern Roads - Landscape and Water Fixes patch.esp -> Northern Roads - Landscape and Water Fixes patch - Nolvus.esp -> Northern Roads - Landscape Fixes for Grass Mods patch.esp -> Northern Roads - Landscape Fixes for Grass Mods patch - Nolvus.esp -> Northern Roads - Cathedral 3D Mountain Flowers Patch.esp -> Nolvus Awakening Seasonal Tree Mashup - Pine Forest.esp -> Nolvus Awakening Seasonal Tree Addon - Riverwood.esp -> Nolvus Awakening Riverwood Grass Fix.esp -> Nolvus Awakening Water Patch.esp -> Synthesis.esp -> Occlusion.esp
			Flags: 0x0000000B 
			EditorID: "Riverwood01"
			FormID: 0x00009713
			FormType: Cell (60)
		File: "Ryn's Faendal's House.esp"
		Modified by: Skyrim.esm -> Ryn's Faendal's House.esp
		Flags: 0x00400449 kDestructible | kInitialized | kBorderRegion
		FormID: 0x0001348C
		FormType: ActorCharacter (62)
	[RSP+10 ] 0x212C4704B80      (void*)
	[RSP+18 ] 0x212C488C180      (void*)
	[RSP+20 ] 0x212C488C180      (void*)
	[RSP+28 ] 0xFFFFFFF5         (size_t) [4294967285]
	[RSP+30 ] 0x21554A45414      (void*)
	[RSP+38 ] 0x212C46F3700      (Character*)
		File: "Ryn's Faendal's House.esp"
		Modified by: Skyrim.esm -> Ryn's Faendal's House.esp
		Flags: 0x00400449 
		Name: "Faendal"
		FormID: 0x0001348C
		FormType: ActorCharacter (62)
		Object Reference: 
		File: "Nolvus Awakening Combat Scaling Overhaul - Enemy Level Mult.esp"
		Modified by: Skyrim.esm -> Unofficial Skyrim Special Edition Patch.esp -> Modpocalypse NPCs (v3) SSE.esp -> Pride of Skyrim - All In One.esp -> NITHI NPCs - Whiterun - Men.esp -> AI Overhaul.esp -> [xPatch] Modpocalypse NPCs (v3) SSE - AI Overhaul.esp -> NITHI NPCs - Whiterun - Complete - AI Overhaul.esp -> Nolvus Awakening Combat Scaling Overhaul - Enemy Level Mult.esp
		Flags: 0x00400009 kDestructible | kInitialized
		Name: "Faendal"
		FormID: 0x00013480
		FormType: NPC (43)
		ParentCell: ---
			File: "Occlusion.esp"
			Modified by: Skyrim.esm -> Update.esm -> ccbgssse001-fish.esm -> Unofficial Skyrim Special Edition Patch.esp -> Landscape and Water Fixes.esp -> Cathedral - 3D Mountain Flowers.esp -> Occ_Skyrim_Tamriel.esp -> Lightened Skyrim - merged.esp -> DynDOLOD.esm -> Landscape Fixes For Grass Mods.esp -> Unique Flowers & Plants.esp -> Landscape and Water Fixes - Patch - LFfGM.esp -> Morning Fogs SSE.esp -> fallentreebridgesSSE.esp -> LOTD_HUB_ST.esp -> JK's Riverwood.esp -> Spaghetti's Towns - Riverwood.esp -> SkyrimsUniqueTreasures.esp -> AI Overhaul.esp -> Water for ENB (Shades of Skyrim).esp -> Northern Roads.esp -> Riverwood Reimagined Thriving Haven.esp -> Nolvus Northern Roads Patch.esp -> Northern Roads - Landscape and Water Fixes patch.esp -> Northern Roads - Landscape and Water Fixes patch - Nolvus.esp -> Northern Roads - Landscape Fixes for Grass Mods patch.esp -> Northern Roads - Landscape Fixes for Grass Mods patch - Nolvus.esp -> Northern Roads - Cathedral 3D Mountain Flowers Patch.esp -> Nolvus Awakening Seasonal Tree Mashup - Pine Forest.esp -> Nolvus Awakening Seasonal Tree Addon - Riverwood.esp -> Nolvus Awakening Riverwood Grass Fix.esp -> Nolvus Awakening Water Patch.esp -> Synthesis.esp -> Occlusion.esp
			Flags: 0x0000000B 
			EditorID: "Riverwood01"
			FormID: 0x00009713
			FormType: Cell (60)
		File: "Ryn's Faendal's House.esp"
		Modified by: Skyrim.esm -> Ryn's Faendal's House.esp
		Flags: 0x00400449 kDestructible | kInitialized | kBorderRegion
		FormID: 0x0001348C
		FormType: ActorCharacter (62)
	[RSP+40 ] 0x21554A4548C      (void*)
	[RSP+48 ] 0xFFFFFFFFFFFFFFFE (size_t) [uint: 18446744073709551614 int: -2]
	[RSP+50 ] 0x212C488C180      (void*)
	[RSP+58 ] 0x42480000         (size_t) [1112014848]
	[RSP+60 ] 0x0                (size_t) [0]
	[RSP+68 ] 0x0                (size_t) [0]
	[RSP+70 ] 0x0                (size_t) [0]
	[RSP+78 ] 0x4B095440         (size_t) [1258902592]
	[RSP+80 ] 0x0                (size_t) [0]
	[RSP+88 ] 0x212C4889000      (Character*)
		File: "Ryn's Alvor's House.esp"
		Modified by: Skyrim.esm -> HearthFires.esm -> Ryn's Alvor's House.esp
		Flags: 0x00000449 
		Name: "Dorthe"
		FormID: 0x00013484
		FormType: ActorCharacter (62)
		Object Reference: 
		File: "Nolvus Awakening Combat Scaling Overhaul - Enemy Level Mult.esp"
		Modified by: Skyrim.esm -> RSChildren.esp -> Children of the North.esp -> AI Overhaul.esp -> Nolvus Awakening AI Patch.esp -> Nolvus Awakening Combat Scaling Overhaul - Enemy Level Mult.esp
		Flags: 0x00000009 kDestructible | kInitialized
		Name: "Dorthe"
		FormID: 0x00013477
		FormType: NPC (43)
		ParentCell: ---
			File: "Occlusion.esp"
			Modified by: Skyrim.esm -> Update.esm -> ccbgssse034-mntuni.esl -> Unofficial Skyrim Special Edition Patch.esp -> Landscape and Water Fixes.esp -> Occ_Skyrim_Tamriel.esp -> Lightened Skyrim - merged.esp -> Lux Via.esp -> 1Dwemer.esl -> 1Markynaz.esl -> 1FleshColossus.esl -> 1Imps.esl -> DynDOLOD.esm -> Landscape Fixes For Grass Mods.esp -> Unique Flowers & Plants.esp -> Landscape and Water Fixes - Patch - LFfGM.esp -> Morning Fogs SSE.esp -> CitizensComplete.esp -> 018Auri.esp -> JK's Riverwood.esp -> Spaghetti's Towns - Riverwood.esp -> RoadsignsOverhaul.esp -> [Zynx] RogueSorceress.esp -> 1FS.esp -> Ember_Sword.esp -> Lux Via - plugin.esp -> Lux Via - Roadsigns Overhaul.esp -> Lux Orbis.esp -> Triumvirate - Mage Archetypes.esp -> AI Overhaul.esp -> Water for ENB (Shades of Skyrim).esp -> Water for ENB - Patch - Song of the Green (Auri Follower).esp -> Northern Roads.esp -> Riverwood Reimagined Thriving Haven.esp -> Nolvus Northern Roads Patch.esp -> Northern Roads - Landscape and Water Fixes patch.esp -> Northern Roads - Landscape and Water Fixes patch - Nolvus.esp -> Northern Roads - Landscape Fixes for Grass Mods patch.esp -> Northern Roads - Landscape Fixes for Grass Mods patch - Nolvus.esp -> Northern Roads - Rocks Patch.esp -> Northern Roads - Lux Via patch.esp -> Northern Roads - Lux Via patch - Nolvus.esp -> Northern Roads - Lux Via - Water for ENB (Shades of Skyrim) patch.esp -> Northern Roads - Lux Via - Water for ENB (Shades of Skyrim) patch - Nolvus.esp -> Northern Roads - Lux Via Clutter.esp -> Northern Roads - Roadsigns Overhaul patch.esp -> Nolvus Awakening Seasonal Tree Mashup - Pine Forest.esp -> Nolvus Awakening Seasonal Tree Addon - Riverwood.esp -> Nolvus Awakening Riverwood Patch.esp -> Nolvus Awakening Riverwood Grass Fix.esp -> Nolvus Awakening Road Signs Integration Patch.esp -> Nolvus Awakening Armors Patch.esp -> Nolvus Awakening Water Patch.esp -> Synthesis.esp -> Occlusion.esp
			Flags: 0x00000009 
			EditorID: "Riverwood"
			FormID: 0x00009732
			FormType: Cell (60)
		File: "Ryn's Alvor's House.esp"
		Modified by: Skyrim.esm -> HearthFires.esm -> Ryn's Alvor's House.esp
		Flags: 0x00000449 kDestructible | kInitialized | kBorderRegion
		FormID: 0x00013484
		FormType: ActorCharacter (62)
	[RSP+90 ] 0x0                (size_t) [0]
	[RSP+98 ] 0x212C488C180      (void*)
	[RSP+A0 ] 0x212C4889000      (Character*)
		File: "Ryn's Alvor's House.esp"
		Modified by: Skyrim.esm -> HearthFires.esm -> Ryn's Alvor's House.esp
		Flags: 0x00000449 
		Name: "Dorthe"
		FormID: 0x00013484
		FormType: ActorCharacter (62)
		Object Reference: 
		File: "Nolvus Awakening Combat Scaling Overhaul - Enemy Level Mult.esp"
		Modified by: Skyrim.esm -> RSChildren.esp -> Children of the North.esp -> AI Overhaul.esp -> Nolvus Awakening AI Patch.esp -> Nolvus Awakening Combat Scaling Overhaul - Enemy Level Mult.esp
		Flags: 0x00000009 kDestructible | kInitialized
		Name: "Dorthe"
		FormID: 0x00013477
		FormType: NPC (43)
		ParentCell: ---
			File: "Occlusion.esp"
			Modified by: Skyrim.esm -> Update.esm -> ccbgssse034-mntuni.esl -> Unofficial Skyrim Special Edition Patch.esp -> Landscape and Water Fixes.esp -> Occ_Skyrim_Tamriel.esp -> Lightened Skyrim - merged.esp -> Lux Via.esp -> 1Dwemer.esl -> 1Markynaz.esl -> 1FleshColossus.esl -> 1Imps.esl -> DynDOLOD.esm -> Landscape Fixes For Grass Mods.esp -> Unique Flowers & Plants.esp -> Landscape and Water Fixes - Patch - LFfGM.esp -> Morning Fogs SSE.esp -> CitizensComplete.esp -> 018Auri.esp -> JK's Riverwood.esp -> Spaghetti's Towns - Riverwood.esp -> RoadsignsOverhaul.esp -> [Zynx] RogueSorceress.esp -> 1FS.esp -> Ember_Sword.esp -> Lux Via - plugin.esp -> Lux Via - Roadsigns Overhaul.esp -> Lux Orbis.esp -> Triumvirate - Mage Archetypes.esp -> AI Overhaul.esp -> Water for ENB (Shades of Skyrim).esp -> Water for ENB - Patch - Song of the Green (Auri Follower).esp -> Northern Roads.esp -> Riverwood Reimagined Thriving Haven.esp -> Nolvus Northern Roads Patch.esp -> Northern Roads - Landscape and Water Fixes patch.esp -> Northern Roads - Landscape and Water Fixes patch - Nolvus.esp -> Northern Roads - Landscape Fixes for Grass Mods patch.esp -> Northern Roads - Landscape Fixes for Grass Mods patch - Nolvus.esp -> Northern Roads - Rocks Patch.esp -> Northern Roads - Lux Via patch.esp -> Northern Roads - Lux Via patch - Nolvus.esp -> Northern Roads - Lux Via - Water for ENB (Shades of Skyrim) patch.esp -> Northern Roads - Lux Via - Water for ENB (Shades of Skyrim) patch - Nolvus.esp -> Northern Roads - Lux Via Clutter.esp -> Northern Roads - Roadsigns Overhaul patch.esp -> Nolvus Awakening Seasonal Tree Mashup - Pine Forest.esp -> Nolvus Awakening Seasonal Tree Addon - Riverwood.esp -> Nolvus Awakening Riverwood Patch.esp -> Nolvus Awakening Riverwood Grass Fix.esp -> Nolvus Awakening Road Signs Integration Patch.esp -> Nolvus Awakening Armors Patch.esp -> Nolvus Awakening Water Patch.esp -> Synthesis.esp -> Occlusion.esp
			Flags: 0x00000009 
			EditorID: "Riverwood"
			FormID: 0x00009732
			FormType: Cell (60)
		File: "Ryn's Alvor's House.esp"
		Modified by: Skyrim.esm -> HearthFires.esm -> Ryn's Alvor's House.esp
		Flags: 0x00000449 kDestructible | kInitialized | kBorderRegion
		FormID: 0x00013484
		FormType: ActorCharacter (62)
	[RSP+A8 ] 0x212C488C180      (void*)
	[RSP+B0 ] 0x212C9CD2400      (TESPackage*)
		File: "AI Overhaul.esp"
		Modified by: Skyrim.esm -> HearthFires.esm -> AI Overhaul.esp
		Flags: 0x00000009 kDestructible | kInitialized
		FormID: 0x0001E616
		FormType: Package (79)
	[RSP+B8 ] 0xDF59BFF420       (void*)
	[RSP+C0 ] 0x7FF7AD5BE610     (void* -> SkyrimSE.exe+064E610	nop)
	[RSP+C8 ] 0x2120010285C      (void*)
	[RSP+D0 ] 0x212C4889000      (Character*)
		File: "Ryn's Alvor's House.esp"
		Modified by: Skyrim.esm -> HearthFires.esm -> Ryn's Alvor's House.esp
		Flags: 0x00000449 
		Name: "Dorthe"
		FormID: 0x00013484
		FormType: ActorCharacter (62)
		Object Reference: 
		File: "Nolvus Awakening Combat Scaling Overhaul - Enemy Level Mult.esp"
		Modified by: Skyrim.esm -> RSChildren.esp -> Children of the North.esp -> AI Overhaul.esp -> Nolvus Awakening AI Patch.esp -> Nolvus Awakening Combat Scaling Overhaul - Enemy Level Mult.esp
		Flags: 0x00000009 kDestructible | kInitialized
		Name: "Dorthe"
		FormID: 0x00013477
		FormType: NPC (43)
		ParentCell: ---
			File: "Occlusion.esp"
			Modified by: Skyrim.esm -> Update.esm -> ccbgssse034-mntuni.esl -> Unofficial Skyrim Special Edition Patch.esp -> Landscape and Water Fixes.esp -> Occ_Skyrim_Tamriel.esp -> Lightened Skyrim - merged.esp -> Lux Via.esp -> 1Dwemer.esl -> 1Markynaz.esl -> 1FleshColossus.esl -> 1Imps.esl -> DynDOLOD.esm -> Landscape Fixes For Grass Mods.esp -> Unique Flowers & Plants.esp -> Landscape and Water Fixes - Patch - LFfGM.esp -> Morning Fogs SSE.esp -> CitizensComplete.esp -> 018Auri.esp -> JK's Riverwood.esp -> Spaghetti's Towns - Riverwood.esp -> RoadsignsOverhaul.esp -> [Zynx] RogueSorceress.esp -> 1FS.esp -> Ember_Sword.esp -> Lux Via - plugin.esp -> Lux Via - Roadsigns Overhaul.esp -> Lux Orbis.esp -> Triumvirate - Mage Archetypes.esp -> AI Overhaul.esp -> Water for ENB (Shades of Skyrim).esp -> Water for ENB - Patch - Song of the Green (Auri Follower).esp -> Northern Roads.esp -> Riverwood Reimagined Thriving Haven.esp -> Nolvus Northern Roads Patch.esp -> Northern Roads - Landscape and Water Fixes patch.esp -> Northern Roads - Landscape and Water Fixes patch - Nolvus.esp -> Northern Roads - Landscape Fixes for Grass Mods patch.esp -> Northern Roads - Landscape Fixes for Grass Mods patch - Nolvus.esp -> Northern Roads - Rocks Patch.esp -> Northern Roads - Lux Via patch.esp -> Northern Roads - Lux Via patch - Nolvus.esp -> Northern Roads - Lux Via - Water for ENB (Shades of Skyrim) patch.esp -> Northern Roads - Lux Via - Water for ENB (Shades of Skyrim) patch - Nolvus.esp -> Northern Roads - Lux Via Clutter.esp -> Northern Roads - Roadsigns Overhaul patch.esp -> Nolvus Awakening Seasonal Tree Mashup - Pine Forest.esp -> Nolvus Awakening Seasonal Tree Addon - Riverwood.esp -> Nolvus Awakening Riverwood Patch.esp -> Nolvus Awakening Riverwood Grass Fix.esp -> Nolvus Awakening Road Signs Integration Patch.esp -> Nolvus Awakening Armors Patch.esp -> Nolvus Awakening Water Patch.esp -> Synthesis.esp -> Occlusion.esp
			Flags: 0x00000009 
			EditorID: "Riverwood"
			FormID: 0x00009732
			FormType: Cell (60)
		File: "Ryn's Alvor's House.esp"
		Modified by: Skyrim.esm -> HearthFires.esm -> Ryn's Alvor's House.esp
		Flags: 0x00000449 kDestructible | kInitialized | kBorderRegion
		FormID: 0x00013484
		FormType: ActorCharacter (62)
	[RSP+D8 ] 0xDF59BFF420       (void*)
	[RSP+E0 ] 0x212C9CD2400      (TESPackage*)
		File: "AI Overhaul.esp"
		Modified by: Skyrim.esm -> HearthFires.esm -> AI Overhaul.esp
		Flags: 0x00000009 kDestructible | kInitialized
		FormID: 0x0001E616
		FormType: Package (79)
	[RSP+E8 ] 0xFFFFFFFFFFFFFFFE (size_t) [uint: 18446744073709551614 int: -2]
	[RSP+F0 ] 0x0                (size_t) [0]
	[RSP+F8 ] 0x0                (size_t) [0]
	[RSP+100] 0x7FF7AD5CF7D2     (void* -> SkyrimSE.exe+065F7D2	mov rdx, r12)
	[RSP+108] 0x0                (size_t) [0]
	[RSP+110] 0x0                (size_t) [0]
	[RSP+118] 0x212C4889000      (Character*)
		File: "Ryn's Alvor's House.esp"
		Modified by: Skyrim.esm -> HearthFires.esm -> Ryn's Alvor's House.esp
		Flags: 0x00000449 
		Name: "Dorthe"
		FormID: 0x00013484
		FormType: ActorCharacter (62)
		Object Reference: 
		File: "Nolvus Awakening Combat Scaling Overhaul - Enemy Level Mult.esp"
		Modified by: Skyrim.esm -> RSChildren.esp -> Children of the North.esp -> AI Overhaul.esp -> Nolvus Awakening AI Patch.esp -> Nolvus Awakening Combat Scaling Overhaul - Enemy Level Mult.esp
		Flags: 0x00000009 kDestructible | kInitialized
		Name: "Dorthe"
		FormID: 0x00013477
		FormType: NPC (43)
		ParentCell: ---
			File: "Occlusion.esp"
			Modified by: Skyrim.esm -> Update.esm -> ccbgssse034-mntuni.esl -> Unofficial Skyrim Special Edition Patch.esp -> Landscape and Water Fixes.esp -> Occ_Skyrim_Tamriel.esp -> Lightened Skyrim - merged.esp -> Lux Via.esp -> 1Dwemer.esl -> 1Markynaz.esl -> 1FleshColossus.esl -> 1Imps.esl -> DynDOLOD.esm -> Landscape Fixes For Grass Mods.esp -> Unique Flowers & Plants.esp -> Landscape and Water Fixes - Patch - LFfGM.esp -> Morning Fogs SSE.esp -> CitizensComplete.esp -> 018Auri.esp -> JK's Riverwood.esp -> Spaghetti's Towns - Riverwood.esp -> RoadsignsOverhaul.esp -> [Zynx] RogueSorceress.esp -> 1FS.esp -> Ember_Sword.esp -> Lux Via - plugin.esp -> Lux Via - Roadsigns Overhaul.esp -> Lux Orbis.esp -> Triumvirate - Mage Archetypes.esp -> AI Overhaul.esp -> Water for ENB (Shades of Skyrim).esp -> Water for ENB - Patch - Song of the Green (Auri Follower).esp -> Northern Roads.esp -> Riverwood Reimagined Thriving Haven.esp -> Nolvus Northern Roads Patch.esp -> Northern Roads - Landscape and Water Fixes patch.esp -> Northern Roads - Landscape and Water Fixes patch - Nolvus.esp -> Northern Roads - Landscape Fixes for Grass Mods patch.esp -> Northern Roads - Landscape Fixes for Grass Mods patch - Nolvus.esp -> Northern Roads - Rocks Patch.esp -> Northern Roads - Lux Via patch.esp -> Northern Roads - Lux Via patch - Nolvus.esp -> Northern Roads - Lux Via - Water for ENB (Shades of Skyrim) patch.esp -> Northern Roads - Lux Via - Water for ENB (Shades of Skyrim) patch - Nolvus.esp -> Northern Roads - Lux Via Clutter.esp -> Northern Roads - Roadsigns Overhaul patch.esp -> Nolvus Awakening Seasonal Tree Mashup - Pine Forest.esp -> Nolvus Awakening Seasonal Tree Addon - Riverwood.esp -> Nolvus Awakening Riverwood Patch.esp -> Nolvus Awakening Riverwood Grass Fix.esp -> Nolvus Awakening Road Signs Integration Patch.esp -> Nolvus Awakening Armors Patch.esp -> Nolvus Awakening Water Patch.esp -> Synthesis.esp -> Occlusion.esp
			Flags: 0x00000009 
			EditorID: "Riverwood"
			FormID: 0x00009732
			FormType: Cell (60)
		File: "Ryn's Alvor's House.esp"
		Modified by: Skyrim.esm -> HearthFires.esm -> Ryn's Alvor's House.esp
		Flags: 0x00000449 kDestructible | kInitialized | kBorderRegion
		FormID: 0x00013484
		FormType: ActorCharacter (62)
	[RSP+120] 0x212C4889000      (Character*)
		File: "Ryn's Alvor's House.esp"
		Modified by: Skyrim.esm -> HearthFires.esm -> Ryn's Alvor's House.esp
		Flags: 0x00000449 
		Name: "Dorthe"
		FormID: 0x00013484
		FormType: ActorCharacter (62)
		Object Reference: 
		File: "Nolvus Awakening Combat Scaling Overhaul - Enemy Level Mult.esp"
		Modified by: Skyrim.esm -> RSChildren.esp -> Children of the North.esp -> AI Overhaul.esp -> Nolvus Awakening AI Patch.esp -> Nolvus Awakening Combat Scaling Overhaul - Enemy Level Mult.esp
		Flags: 0x00000009 kDestructible | kInitialized
		Name: "Dorthe"
		FormID: 0x00013477
		FormType: NPC (43)
		ParentCell: ---
			File: "Occlusion.esp"
			Modified by: Skyrim.esm -> Update.esm -> ccbgssse034-mntuni.esl -> Unofficial Skyrim Special Edition Patch.esp -> Landscape and Water Fixes.esp -> Occ_Skyrim_Tamriel.esp -> Lightened Skyrim - merged.esp -> Lux Via.esp -> 1Dwemer.esl -> 1Markynaz.esl -> 1FleshColossus.esl -> 1Imps.esl -> DynDOLOD.esm -> Landscape Fixes For Grass Mods.esp -> Unique Flowers & Plants.esp -> Landscape and Water Fixes - Patch - LFfGM.esp -> Morning Fogs SSE.esp -> CitizensComplete.esp -> 018Auri.esp -> JK's Riverwood.esp -> Spaghetti's Towns - Riverwood.esp -> RoadsignsOverhaul.esp -> [Zynx] RogueSorceress.esp -> 1FS.esp -> Ember_Sword.esp -> Lux Via - plugin.esp -> Lux Via - Roadsigns Overhaul.esp -> Lux Orbis.esp -> Triumvirate - Mage Archetypes.esp -> AI Overhaul.esp -> Water for ENB (Shades of Skyrim).esp -> Water for ENB - Patch - Song of the Green (Auri Follower).esp -> Northern Roads.esp -> Riverwood Reimagined Thriving Haven.esp -> Nolvus Northern Roads Patch.esp -> Northern Roads - Landscape and Water Fixes patch.esp -> Northern Roads - Landscape and Water Fixes patch - Nolvus.esp -> Northern Roads - Landscape Fixes for Grass Mods patch.esp -> Northern Roads - Landscape Fixes for Grass Mods patch - Nolvus.esp -> Northern Roads - Rocks Patch.esp -> Northern Roads - Lux Via patch.esp -> Northern Roads - Lux Via patch - Nolvus.esp -> Northern Roads - Lux Via - Water for ENB (Shades of Skyrim) patch.esp -> Northern Roads - Lux Via - Water for ENB (Shades of Skyrim) patch - Nolvus.esp -> Northern Roads - Lux Via Clutter.esp -> Northern Roads - Roadsigns Overhaul patch.esp -> Nolvus Awakening Seasonal Tree Mashup - Pine Forest.esp -> Nolvus Awakening Seasonal Tree Addon - Riverwood.esp -> Nolvus Awakening Riverwood Patch.esp -> Nolvus Awakening Riverwood Grass Fix.esp -> Nolvus Awakening Road Signs Integration Patch.esp -> Nolvus Awakening Armors Patch.esp -> Nolvus Awakening Water Patch.esp -> Synthesis.esp -> Occlusion.esp
			Flags: 0x00000009 
			EditorID: "Riverwood"
			FormID: 0x00009732
			FormType: Cell (60)
		File: "Ryn's Alvor's House.esp"
		Modified by: Skyrim.esm -> HearthFires.esm -> Ryn's Alvor's House.esp
		Flags: 0x00000449 kDestructible | kInitialized | kBorderRegion
		FormID: 0x00013484
		FormType: ActorCharacter (62)
	[RSP+128] 0x0                (size_t) [0]
	[RSP+130] 0x0                (size_t) [0]
	[RSP+138] 0x6100050001       (size_t) [416612155393]
	[RSP+140] 0x0                (size_t) [0]
	[RSP+148] 0x679DFAAA6E14     (size_t) [113928212999700]
	[RSP+150] 0x0                (size_t) [0]
	[RSP+158] 0x210CBA00E00      (NiNode*)
		Name: "WorldRoot CameraNode"
		RTTIName: "NiNode"
		Flags: kSelectiveUpdate | kSelectiveUpdateTransforms | kSelectiveUpdateController
		Checking Parent: 0
			Name: "WorldRoot Node"
			RTTIName: "SceneGraph"
			Flags: kSelectiveUpdate | kSelectiveUpdateTransforms | kSelectiveUpdateController
		Name: "WorldRoot CameraNode"
	[RSP+160] 0x7FF8426C4DDE     (void* -> MaxsuDetectionMeter.dll+0084DDE	mov edx, [rax+0x08])
	[RSP+168] 0x0                (size_t) [0]
	[RSP+170] 0x0                (size_t) [0]
	[RSP+178] 0x212EFC2B700      (Character*)
		File: "JK's Riverwood.esp"
		Flags: 0x00060408 
		Name: "Chicken"
		FormID: 0xFE3F99A0
		FormType: ActorCharacter (62)
		Object Reference: 
		File: "Nolvus Awakening Combat Scaling Overhaul - Enemy Level Mult.esp"
		Modified by: Skyrim.esm -> Nolvus Awakening Combat Scaling Overhaul - Enemy Level Mult.esp
		Flags: 0x00000009 kDestructible | kInitialized
		Name: "Chicken"
		FormID: 0x000A91A0
		FormType: NPC (43)
		ParentCell: ---
			File: "Occlusion.esp"
			Modified by: Skyrim.esm -> Update.esm -> Unofficial Skyrim Special Edition Patch.esp -> Landscape and Water Fixes.esp -> Occ_Skyrim_Tamriel.esp -> Lightened Skyrim - merged.esp -> DynDOLOD.esm -> Landscape Fixes For Grass Mods.esp -> Unique Flowers & Plants.esp -> Landscape and Water Fixes - Patch - LFfGM.esp -> JK's Riverwood.esp -> AI Overhaul.esp -> Northern Roads.esp -> Riverwood Reimagined Thriving Haven.esp -> Nolvus Northern Roads Patch.esp -> Northern Roads - Landscape and Water Fixes patch.esp -> Northern Roads - Landscape and Water Fixes patch - Nolvus.esp -> Northern Roads - Landscape Fixes for Grass Mods patch.esp -> Northern Roads - Landscape Fixes for Grass Mods patch - Nolvus.esp -> Northern Roads - Rocks Patch.esp -> Nolvus Awakening Seasonal Tree Mashup - Pine Forest.esp -> Nolvus Awakening Seasonal Tree Addon - Riverwood.esp -> Nolvus Awakening Riverwood Patch.esp -> Nolvus Awakening Riverwood Grass Fix.esp -> Synthesis.esp -> Occlusion.esp
			Flags: 0x00000009 
			EditorID: "Riverwood03"
			FormID: 0x00009711
			FormType: Cell (60)
		File: "JK's Riverwood.esp"
		Flags: 0x00060408 kInitialized
		FormID: 0xFE3F99A0
		FormType: ActorCharacter (62)
	[RSP+180] 0x212EFC2B7F0      (void*)
	[RSP+188] 0x0                (size_t) [0]
	[RSP+190] 0x7FF842680547     (void* -> MaxsuDetectionMeter.dll+0040547	nop)
	[RSP+198] 0x210CDBAF070      (void*)
	[RSP+1A0] 0xFFFFFFFFFFFFFFFE (size_t) [uint: 18446744073709551614 int: -2]
	[RSP+1A8] 0x21660411640      (hkbCharacter*)
	[RSP+1B0] 0x0                (size_t) [0]
	[RSP+1B8] 0x0                (size_t) [0]
	[RSP+1C0] 0x7FF8653A9251     (void* -> tbbmalloc.dll+0019251	xor ecx, ecx)
	[RSP+1C8] 0x7FF7AFE972D0     (void* -> SkyrimSE.exe+2F272D0	add [rax], al)
	[RSP+1D0] 0x211B472A800      (ThirdPersonState*)
	[RSP+1D8] 0xDF59BFF400       (void*)
	[RSP+1E0] 0x0                (size_t) [0]
	[RSP+1E8] 0x0                (size_t) [0]
	[RSP+1F0] 0x0                (size_t) [0]
	[RSP+1F8] 0x0                (size_t) [0]
	[RSP+200] 0x0                (size_t) [0]
	[RSP+208] 0x0                (size_t) [0]
	[RSP+210] 0x0                (size_t) [0]
	[RSP+218] 0x0                (size_t) [0]
	[RSP+220] 0x0                (size_t) [0]
	[RSP+228] 0x3D1F8435         (size_t) [1025475637]
	[RSP+230] 0x0                (size_t) [0]
	[RSP+238] 0x212C4889080      (void*)
	[RSP+240] 0x212C4889000      (Character*)
		File: "Ryn's Alvor's House.esp"
		Modified by: Skyrim.esm -> HearthFires.esm -> Ryn's Alvor's House.esp
		Flags: 0x00000449 
		Name: "Dorthe"
		FormID: 0x00013484
		FormType: ActorCharacter (62)
		Object Reference: 
		File: "Nolvus Awakening Combat Scaling Overhaul - Enemy Level Mult.esp"
		Modified by: Skyrim.esm -> RSChildren.esp -> Children of the North.esp -> AI Overhaul.esp -> Nolvus Awakening AI Patch.esp -> Nolvus Awakening Combat Scaling Overhaul - Enemy Level Mult.esp
		Flags: 0x00000009 kDestructible | kInitialized
		Name: "Dorthe"
		FormID: 0x00013477
		FormType: NPC (43)
		ParentCell: ---
			File: "Occlusion.esp"
			Modified by: Skyrim.esm -> Update.esm -> ccbgssse034-mntuni.esl -> Unofficial Skyrim Special Edition Patch.esp -> Landscape and Water Fixes.esp -> Occ_Skyrim_Tamriel.esp -> Lightened Skyrim - merged.esp -> Lux Via.esp -> 1Dwemer.esl -> 1Markynaz.esl -> 1FleshColossus.esl -> 1Imps.esl -> DynDOLOD.esm -> Landscape Fixes For Grass Mods.esp -> Unique Flowers & Plants.esp -> Landscape and Water Fixes - Patch - LFfGM.esp -> Morning Fogs SSE.esp -> CitizensComplete.esp -> 018Auri.esp -> JK's Riverwood.esp -> Spaghetti's Towns - Riverwood.esp -> RoadsignsOverhaul.esp -> [Zynx] RogueSorceress.esp -> 1FS.esp -> Ember_Sword.esp -> Lux Via - plugin.esp -> Lux Via - Roadsigns Overhaul.esp -> Lux Orbis.esp -> Triumvirate - Mage Archetypes.esp -> AI Overhaul.esp -> Water for ENB (Shades of Skyrim).esp -> Water for ENB - Patch - Song of the Green (Auri Follower).esp -> Northern Roads.esp -> Riverwood Reimagined Thriving Haven.esp -> Nolvus Northern Roads Patch.esp -> Northern Roads - Landscape and Water Fixes patch.esp -> Northern Roads - Landscape and Water Fixes patch - Nolvus.esp -> Northern Roads - Landscape Fixes for Grass Mods patch.esp -> Northern Roads - Landscape Fixes for Grass Mods patch - Nolvus.esp -> Northern Roads - Rocks Patch.esp -> Northern Roads - Lux Via patch.esp -> Northern Roads - Lux Via patch - Nolvus.esp -> Northern Roads - Lux Via - Water for ENB (Shades of Skyrim) patch.esp -> Northern Roads - Lux Via - Water for ENB (Shades of Skyrim) patch - Nolvus.esp -> Northern Roads - Lux Via Clutter.esp -> Northern Roads - Roadsigns Overhaul patch.esp -> Nolvus Awakening Seasonal Tree Mashup - Pine Forest.esp -> Nolvus Awakening Seasonal Tree Addon - Riverwood.esp -> Nolvus Awakening Riverwood Patch.esp -> Nolvus Awakening Riverwood Grass Fix.esp -> Nolvus Awakening Road Signs Integration Patch.esp -> Nolvus Awakening Armors Patch.esp -> Nolvus Awakening Water Patch.esp -> Synthesis.esp -> Occlusion.esp
			Flags: 0x00000009 
			EditorID: "Riverwood"
			FormID: 0x00009732
			FormType: Cell (60)
		File: "Ryn's Alvor's House.esp"
		Modified by: Skyrim.esm -> HearthFires.esm -> Ryn's Alvor's House.esp
		Flags: 0x00000449 kDestructible | kInitialized | kBorderRegion
		FormID: 0x00013484
		FormType: ActorCharacter (62)
	[RSP+248] 0x1                (size_t) [1]
	[RSP+250] 0x212C488C180      (void*)
	[RSP+258] 0x7FF7AFF67788     (void* -> SkyrimSE.exe+2FF7788	add [rax], al)
	[RSP+260] 0x212C4889000      (Character*)
		File: "Ryn's Alvor's House.esp"
		Modified by: Skyrim.esm -> HearthFires.esm -> Ryn's Alvor's House.esp
		Flags: 0x00000449 
		Name: "Dorthe"
		FormID: 0x00013484
		FormType: ActorCharacter (62)
		Object Reference: 
		File: "Nolvus Awakening Combat Scaling Overhaul - Enemy Level Mult.esp"
		Modified by: Skyrim.esm -> RSChildren.esp -> Children of the North.esp -> AI Overhaul.esp -> Nolvus Awakening AI Patch.esp -> Nolvus Awakening Combat Scaling Overhaul - Enemy Level Mult.esp
		Flags: 0x00000009 kDestructible | kInitialized
		Name: "Dorthe"
		FormID: 0x00013477
		FormType: NPC (43)
		ParentCell: ---
			File: "Occlusion.esp"
			Modified by: Skyrim.esm -> Update.esm -> ccbgssse034-mntuni.esl -> Unofficial Skyrim Special Edition Patch.esp -> Landscape and Water Fixes.esp -> Occ_Skyrim_Tamriel.esp -> Lightened Skyrim - merged.esp -> Lux Via.esp -> 1Dwemer.esl -> 1Markynaz.esl -> 1FleshColossus.esl -> 1Imps.esl -> DynDOLOD.esm -> Landscape Fixes For Grass Mods.esp -> Unique Flowers & Plants.esp -> Landscape and Water Fixes - Patch - LFfGM.esp -> Morning Fogs SSE.esp -> CitizensComplete.esp -> 018Auri.esp -> JK's Riverwood.esp -> Spaghetti's Towns - Riverwood.esp -> RoadsignsOverhaul.esp -> [Zynx] RogueSorceress.esp -> 1FS.esp -> Ember_Sword.esp -> Lux Via - plugin.esp -> Lux Via - Roadsigns Overhaul.esp -> Lux Orbis.esp -> Triumvirate - Mage Archetypes.esp -> AI Overhaul.esp -> Water for ENB (Shades of Skyrim).esp -> Water for ENB - Patch - Song of the Green (Auri Follower).esp -> Northern Roads.esp -> Riverwood Reimagined Thriving Haven.esp -> Nolvus Northern Roads Patch.esp -> Northern Roads - Landscape and Water Fixes patch.esp -> Northern Roads - Landscape and Water Fixes patch - Nolvus.esp -> Northern Roads - Landscape Fixes for Grass Mods patch.esp -> Northern Roads - Landscape Fixes for Grass Mods patch - Nolvus.esp -> Northern Roads - Rocks Patch.esp -> Northern Roads - Lux Via patch.esp -> Northern Roads - Lux Via patch - Nolvus.esp -> Northern Roads - Lux Via - Water for ENB (Shades of Skyrim) patch.esp -> Northern Roads - Lux Via - Water for ENB (Shades of Skyrim) patch - Nolvus.esp -> Northern Roads - Lux Via Clutter.esp -> Northern Roads - Roadsigns Overhaul patch.esp -> Nolvus Awakening Seasonal Tree Mashup - Pine Forest.esp -> Nolvus Awakening Seasonal Tree Addon - Riverwood.esp -> Nolvus Awakening Riverwood Patch.esp -> Nolvus Awakening Riverwood Grass Fix.esp -> Nolvus Awakening Road Signs Integration Patch.esp -> Nolvus Awakening Armors Patch.esp -> Nolvus Awakening Water Patch.esp -> Synthesis.esp -> Occlusion.esp
			Flags: 0x00000009 
			EditorID: "Riverwood"
			FormID: 0x00009732
			FormType: Cell (60)
		File: "Ryn's Alvor's House.esp"
		Modified by: Skyrim.esm -> HearthFires.esm -> Ryn's Alvor's House.esp
		Flags: 0x00000449 kDestructible | kInitialized | kBorderRegion
		FormID: 0x00013484
		FormType: ActorCharacter (62)
	[RSP+268] 0x212C48890F0      (void*)
	[RSP+270] 0x12               (size_t) [18]
	[RSP+278] 0xDF59BFF529       (void*)
	[RSP+280] 0x7FF7AD5B14A8     (void* -> SkyrimSE.exe+06414A8	jmp 0x00007FF7AD5B207F)
	[RSP+288] 0x0                (size_t) [0]
	[RSP+290] 0x7FF7ADB772DF     (void* -> SkyrimSE.exe+0C072DF	cmp [rdi], eax)
	[RSP+298] 0x0                (size_t) [0]
	[RSP+2A0] 0x7FF700000002     (size_t) [140698833649666]
	[RSP+2A8] 0x7FF7AFEA9590     (void* -> SkyrimSE.exe+2F39590	cwde)
	[RSP+2B0] 0xDF59BFF538       (void*)
	[RSP+2B8] 0x213415FD900      (ExtraAliasInstanceArray*)
	[RSP+2C0] 0x7FF7AD0ABDB4     (void* -> SkyrimSE.exe+013BDB4	nop)
	[RSP+2C8] 0x212C4889070      (void*)
	[RSP+2D0] 0x7FF7AD59EC2D     (void* -> SkyrimSE.exe+062EC2D	nop)
	[RSP+2D8] 0x212C4889080      (void*)
	[RSP+2E0] 0x212C4889000      (Character*)
		File: "Ryn's Alvor's House.esp"
		Modified by: Skyrim.esm -> HearthFires.esm -> Ryn's Alvor's House.esp
		Flags: 0x00000449 
		Name: "Dorthe"
		FormID: 0x00013484
		FormType: ActorCharacter (62)
		Object Reference: 
		File: "Nolvus Awakening Combat Scaling Overhaul - Enemy Level Mult.esp"
		Modified by: Skyrim.esm -> RSChildren.esp -> Children of the North.esp -> AI Overhaul.esp -> Nolvus Awakening AI Patch.esp -> Nolvus Awakening Combat Scaling Overhaul - Enemy Level Mult.esp
		Flags: 0x00000009 kDestructible | kInitialized
		Name: "Dorthe"
		FormID: 0x00013477
		FormType: NPC (43)
		ParentCell: ---
			File: "Occlusion.esp"
			Modified by: Skyrim.esm -> Update.esm -> ccbgssse034-mntuni.esl -> Unofficial Skyrim Special Edition Patch.esp -> Landscape and Water Fixes.esp -> Occ_Skyrim_Tamriel.esp -> Lightened Skyrim - merged.esp -> Lux Via.esp -> 1Dwemer.esl -> 1Markynaz.esl -> 1FleshColossus.esl -> 1Imps.esl -> DynDOLOD.esm -> Landscape Fixes For Grass Mods.esp -> Unique Flowers & Plants.esp -> Landscape and Water Fixes - Patch - LFfGM.esp -> Morning Fogs SSE.esp -> CitizensComplete.esp -> 018Auri.esp -> JK's Riverwood.esp -> Spaghetti's Towns - Riverwood.esp -> RoadsignsOverhaul.esp -> [Zynx] RogueSorceress.esp -> 1FS.esp -> Ember_Sword.esp -> Lux Via - plugin.esp -> Lux Via - Roadsigns Overhaul.esp -> Lux Orbis.esp -> Triumvirate - Mage Archetypes.esp -> AI Overhaul.esp -> Water for ENB (Shades of Skyrim).esp -> Water for ENB - Patch - Song of the Green (Auri Follower).esp -> Northern Roads.esp -> Riverwood Reimagined Thriving Haven.esp -> Nolvus Northern Roads Patch.esp -> Northern Roads - Landscape and Water Fixes patch.esp -> Northern Roads - Landscape and Water Fixes patch - Nolvus.esp -> Northern Roads - Landscape Fixes for Grass Mods patch.esp -> Northern Roads - Landscape Fixes for Grass Mods patch - Nolvus.esp -> Northern Roads - Rocks Patch.esp -> Northern Roads - Lux Via patch.esp -> Northern Roads - Lux Via patch - Nolvus.esp -> Northern Roads - Lux Via - Water for ENB (Shades of Skyrim) patch.esp -> Northern Roads - Lux Via - Water for ENB (Shades of Skyrim) patch - Nolvus.esp -> Northern Roads - Lux Via Clutter.esp -> Northern Roads - Roadsigns Overhaul patch.esp -> Nolvus Awakening Seasonal Tree Mashup - Pine Forest.esp -> Nolvus Awakening Seasonal Tree Addon - Riverwood.esp -> Nolvus Awakening Riverwood Patch.esp -> Nolvus Awakening Riverwood Grass Fix.esp -> Nolvus Awakening Road Signs Integration Patch.esp -> Nolvus Awakening Armors Patch.esp -> Nolvus Awakening Water Patch.esp -> Synthesis.esp -> Occlusion.esp
			Flags: 0x00000009 
			EditorID: "Riverwood"
			FormID: 0x00009732
			FormType: Cell (60)
		File: "Ryn's Alvor's House.esp"
		Modified by: Skyrim.esm -> HearthFires.esm -> Ryn's Alvor's House.esp
		Flags: 0x00000449 kDestructible | kInitialized | kBorderRegion
		FormID: 0x00013484
		FormType: ActorCharacter (62)
	[RSP+2E8] 0xFFFFFFFFFFFFFFFE (size_t) [uint: 18446744073709551614 int: -2]
	[RSP+2F0] 0x212C4889000      (Character*)
		File: "Ryn's Alvor's House.esp"
		Modified by: Skyrim.esm -> HearthFires.esm -> Ryn's Alvor's House.esp
		Flags: 0x00000449 
		Name: "Dorthe"
		FormID: 0x00013484
		FormType: ActorCharacter (62)
		Object Reference: 
		File: "Nolvus Awakening Combat Scaling Overhaul - Enemy Level Mult.esp"
		Modified by: Skyrim.esm -> RSChildren.esp -> Children of the North.esp -> AI Overhaul.esp -> Nolvus Awakening AI Patch.esp -> Nolvus Awakening Combat Scaling Overhaul - Enemy Level Mult.esp
		Flags: 0x00000009 kDestructible | kInitialized
		Name: "Dorthe"
		FormID: 0x00013477
		FormType: NPC (43)
		ParentCell: ---
			File: "Occlusion.esp"
			Modified by: Skyrim.esm -> Update.esm -> ccbgssse034-mntuni.esl -> Unofficial Skyrim Special Edition Patch.esp -> Landscape and Water Fixes.esp -> Occ_Skyrim_Tamriel.esp -> Lightened Skyrim - merged.esp -> Lux Via.esp -> 1Dwemer.esl -> 1Markynaz.esl -> 1FleshColossus.esl -> 1Imps.esl -> DynDOLOD.esm -> Landscape Fixes For Grass Mods.esp -> Unique Flowers & Plants.esp -> Landscape and Water Fixes - Patch - LFfGM.esp -> Morning Fogs SSE.esp -> CitizensComplete.esp -> 018Auri.esp -> JK's Riverwood.esp -> Spaghetti's Towns - Riverwood.esp -> RoadsignsOverhaul.esp -> [Zynx] RogueSorceress.esp -> 1FS.esp -> Ember_Sword.esp -> Lux Via - plugin.esp -> Lux Via - Roadsigns Overhaul.esp -> Lux Orbis.esp -> Triumvirate - Mage Archetypes.esp -> AI Overhaul.esp -> Water for ENB (Shades of Skyrim).esp -> Water for ENB - Patch - Song of the Green (Auri Follower).esp -> Northern Roads.esp -> Riverwood Reimagined Thriving Haven.esp -> Nolvus Northern Roads Patch.esp -> Northern Roads - Landscape and Water Fixes patch.esp -> Northern Roads - Landscape and Water Fixes patch - Nolvus.esp -> Northern Roads - Landscape Fixes for Grass Mods patch.esp -> Northern Roads - Landscape Fixes for Grass Mods patch - Nolvus.esp -> Northern Roads - Rocks Patch.esp -> Northern Roads - Lux Via patch.esp -> Northern Roads - Lux Via patch - Nolvus.esp -> Northern Roads - Lux Via - Water for ENB (Shades of Skyrim) patch.esp -> Northern Roads - Lux Via - Water for ENB (Shades of Skyrim) patch - Nolvus.esp -> Northern Roads - Lux Via Clutter.esp -> Northern Roads - Roadsigns Overhaul patch.esp -> Nolvus Awakening Seasonal Tree Mashup - Pine Forest.esp -> Nolvus Awakening Seasonal Tree Addon - Riverwood.esp -> Nolvus Awakening Riverwood Patch.esp -> Nolvus Awakening Riverwood Grass Fix.esp -> Nolvus Awakening Road Signs Integration Patch.esp -> Nolvus Awakening Armors Patch.esp -> Nolvus Awakening Water Patch.esp -> Synthesis.esp -> Occlusion.esp
			Flags: 0x00000009 
			EditorID: "Riverwood"
			FormID: 0x00009732
			FormType: Cell (60)
		File: "Ryn's Alvor's House.esp"
		Modified by: Skyrim.esm -> HearthFires.esm -> Ryn's Alvor's House.esp
		Flags: 0x00000449 kDestructible | kInitialized | kBorderRegion
		FormID: 0x00013484
		FormType: ActorCharacter (62)
	[RSP+2F8] 0xFFFFFFFFFFFFFFFE (size_t) [uint: 18446744073709551614 int: -2]
	[RSP+300] 0x7FF7AD096964     (void* -> SkyrimSE.exe+0126964	jmp 0x00007FF7AD096968)
	[RSP+308] 0xFFFFFFFF         (size_t) [4294967295]
	[RSP+310] 0x1                (size_t) [1]
	[RSP+318] 0x0                (size_t) [0]
	[RSP+320] 0x0                (size_t) [0]
	[RSP+328] 0x3D1F8435         (size_t) [1025475637]
	[RSP+330] 0x0                (size_t) [0]
	[RSP+338] 0xFFFFFFFF         (size_t) [4294967295]
	[RSP+340] 0x1                (size_t) [1]
	[RSP+348] 0x0                (size_t) [0]
	[RSP+350] 0x7FF7AFF67788     (void* -> SkyrimSE.exe+2FF7788	add [rax], al)
	[RSP+358] 0x212C4889000      (Character*)
		File: "Ryn's Alvor's House.esp"
		Modified by: Skyrim.esm -> HearthFires.esm -> Ryn's Alvor's House.esp
		Flags: 0x00000449 
		Name: "Dorthe"
		FormID: 0x00013484
		FormType: ActorCharacter (62)
		Object Reference: 
		File: "Nolvus Awakening Combat Scaling Overhaul - Enemy Level Mult.esp"
		Modified by: Skyrim.esm -> RSChildren.esp -> Children of the North.esp -> AI Overhaul.esp -> Nolvus Awakening AI Patch.esp -> Nolvus Awakening Combat Scaling Overhaul - Enemy Level Mult.esp
		Flags: 0x00000009 kDestructible | kInitialized
		Name: "Dorthe"
		FormID: 0x00013477
		FormType: NPC (43)
		ParentCell: ---
			File: "Occlusion.esp"
			Modified by: Skyrim.esm -> Update.esm -> ccbgssse034-mntuni.esl -> Unofficial Skyrim Special Edition Patch.esp -> Landscape and Water Fixes.esp -> Occ_Skyrim_Tamriel.esp -> Lightened Skyrim - merged.esp -> Lux Via.esp -> 1Dwemer.esl -> 1Markynaz.esl -> 1FleshColossus.esl -> 1Imps.esl -> DynDOLOD.esm -> Landscape Fixes For Grass Mods.esp -> Unique Flowers & Plants.esp -> Landscape and Water Fixes - Patch - LFfGM.esp -> Morning Fogs SSE.esp -> CitizensComplete.esp -> 018Auri.esp -> JK's Riverwood.esp -> Spaghetti's Towns - Riverwood.esp -> RoadsignsOverhaul.esp -> [Zynx] RogueSorceress.esp -> 1FS.esp -> Ember_Sword.esp -> Lux Via - plugin.esp -> Lux Via - Roadsigns Overhaul.esp -> Lux Orbis.esp -> Triumvirate - Mage Archetypes.esp -> AI Overhaul.esp -> Water for ENB (Shades of Skyrim).esp -> Water for ENB - Patch - Song of the Green (Auri Follower).esp -> Northern Roads.esp -> Riverwood Reimagined Thriving Haven.esp -> Nolvus Northern Roads Patch.esp -> Northern Roads - Landscape and Water Fixes patch.esp -> Northern Roads - Landscape and Water Fixes patch - Nolvus.esp -> Northern Roads - Landscape Fixes for Grass Mods patch.esp -> Northern Roads - Landscape Fixes for Grass Mods patch - Nolvus.esp -> Northern Roads - Rocks Patch.esp -> Northern Roads - Lux Via patch.esp -> Northern Roads - Lux Via patch - Nolvus.esp -> Northern Roads - Lux Via - Water for ENB (Shades of Skyrim) patch.esp -> Northern Roads - Lux Via - Water for ENB (Shades of Skyrim) patch - Nolvus.esp -> Northern Roads - Lux Via Clutter.esp -> Northern Roads - Roadsigns Overhaul patch.esp -> Nolvus Awakening Seasonal Tree Mashup - Pine Forest.esp -> Nolvus Awakening Seasonal Tree Addon - Riverwood.esp -> Nolvus Awakening Riverwood Patch.esp -> Nolvus Awakening Riverwood Grass Fix.esp -> Nolvus Awakening Road Signs Integration Patch.esp -> Nolvus Awakening Armors Patch.esp -> Nolvus Awakening Water Patch.esp -> Synthesis.esp -> Occlusion.esp
			Flags: 0x00000009 
			EditorID: "Riverwood"
			FormID: 0x00009732
			FormType: Cell (60)
		File: "Ryn's Alvor's House.esp"
		Modified by: Skyrim.esm -> HearthFires.esm -> Ryn's Alvor's House.esp
		Flags: 0x00000449 kDestructible | kInitialized | kBorderRegion
		FormID: 0x00013484
		FormType: ActorCharacter (62)
	[RSP+360] 0x212C48890F0      (void*)
	[RSP+368] 0x0                (size_t) [0]
	[RSP+370] 0x7FF7AD546D8F     (void* -> SkyrimSE.exe+05D6D8F	mov rcx, [0x00007FF7AEE30A80])
	[RSP+378] 0x12               (size_t) [18]
	[RSP+380] 0x12               (size_t) [18]
	[RSP+388] 0x212C4889000      (Character*)
		File: "Ryn's Alvor's House.esp"
		Modified by: Skyrim.esm -> HearthFires.esm -> Ryn's Alvor's House.esp
		Flags: 0x00000449 
		Name: "Dorthe"
		FormID: 0x00013484
		FormType: ActorCharacter (62)
		Object Reference: 
		File: "Nolvus Awakening Combat Scaling Overhaul - Enemy Level Mult.esp"
		Modified by: Skyrim.esm -> RSChildren.esp -> Children of the North.esp -> AI Overhaul.esp -> Nolvus Awakening AI Patch.esp -> Nolvus Awakening Combat Scaling Overhaul - Enemy Level Mult.esp
		Flags: 0x00000009 kDestructible | kInitialized
		Name: "Dorthe"
		FormID: 0x00013477
		FormType: NPC (43)
		ParentCell: ---
			File: "Occlusion.esp"
			Modified by: Skyrim.esm -> Update.esm -> ccbgssse034-mntuni.esl -> Unofficial Skyrim Special Edition Patch.esp -> Landscape and Water Fixes.esp -> Occ_Skyrim_Tamriel.esp -> Lightened Skyrim - merged.esp -> Lux Via.esp -> 1Dwemer.esl -> 1Markynaz.esl -> 1FleshColossus.esl -> 1Imps.esl -> DynDOLOD.esm -> Landscape Fixes For Grass Mods.esp -> Unique Flowers & Plants.esp -> Landscape and Water Fixes - Patch - LFfGM.esp -> Morning Fogs SSE.esp -> CitizensComplete.esp -> 018Auri.esp -> JK's Riverwood.esp -> Spaghetti's Towns - Riverwood.esp -> RoadsignsOverhaul.esp -> [Zynx] RogueSorceress.esp -> 1FS.esp -> Ember_Sword.esp -> Lux Via - plugin.esp -> Lux Via - Roadsigns Overhaul.esp -> Lux Orbis.esp -> Triumvirate - Mage Archetypes.esp -> AI Overhaul.esp -> Water for ENB (Shades of Skyrim).esp -> Water for ENB - Patch - Song of the Green (Auri Follower).esp -> Northern Roads.esp -> Riverwood Reimagined Thriving Haven.esp -> Nolvus Northern Roads Patch.esp -> Northern Roads - Landscape and Water Fixes patch.esp -> Northern Roads - Landscape and Water Fixes patch - Nolvus.esp -> Northern Roads - Landscape Fixes for Grass Mods patch.esp -> Northern Roads - Landscape Fixes for Grass Mods patch - Nolvus.esp -> Northern Roads - Rocks Patch.esp -> Northern Roads - Lux Via patch.esp -> Northern Roads - Lux Via patch - Nolvus.esp -> Northern Roads - Lux Via - Water for ENB (Shades of Skyrim) patch.esp -> Northern Roads - Lux Via - Water for ENB (Shades of Skyrim) patch - Nolvus.esp -> Northern Roads - Lux Via Clutter.esp -> Northern Roads - Roadsigns Overhaul patch.esp -> Nolvus Awakening Seasonal Tree Mashup - Pine Forest.esp -> Nolvus Awakening Seasonal Tree Addon - Riverwood.esp -> Nolvus Awakening Riverwood Patch.esp -> Nolvus Awakening Riverwood Grass Fix.esp -> Nolvus Awakening Road Signs Integration Patch.esp -> Nolvus Awakening Armors Patch.esp -> Nolvus Awakening Water Patch.esp -> Synthesis.esp -> Occlusion.esp
			Flags: 0x00000009 
			EditorID: "Riverwood"
			FormID: 0x00009732
			FormType: Cell (60)
		File: "Ryn's Alvor's House.esp"
		Modified by: Skyrim.esm -> HearthFires.esm -> Ryn's Alvor's House.esp
		Flags: 0x00000449 kDestructible | kInitialized | kBorderRegion
		FormID: 0x00013484
		FormType: ActorCharacter (62)
	[RSP+390] 0x212EFC2B700      (Character*)
		File: "JK's Riverwood.esp"
		Flags: 0x00060408 
		Name: "Chicken"
		FormID: 0xFE3F99A0
		FormType: ActorCharacter (62)
		Object Reference: 
		File: "Nolvus Awakening Combat Scaling Overhaul - Enemy Level Mult.esp"
		Modified by: Skyrim.esm -> Nolvus Awakening Combat Scaling Overhaul - Enemy Level Mult.esp
		Flags: 0x00000009 kDestructible | kInitialized
		Name: "Chicken"
		FormID: 0x000A91A0
		FormType: NPC (43)
		ParentCell: ---
			File: "Occlusion.esp"
			Modified by: Skyrim.esm -> Update.esm -> Unofficial Skyrim Special Edition Patch.esp -> Landscape and Water Fixes.esp -> Occ_Skyrim_Tamriel.esp -> Lightened Skyrim - merged.esp -> DynDOLOD.esm -> Landscape Fixes For Grass Mods.esp -> Unique Flowers & Plants.esp -> Landscape and Water Fixes - Patch - LFfGM.esp -> JK's Riverwood.esp -> AI Overhaul.esp -> Northern Roads.esp -> Riverwood Reimagined Thriving Haven.esp -> Nolvus Northern Roads Patch.esp -> Northern Roads - Landscape and Water Fixes patch.esp -> Northern Roads - Landscape and Water Fixes patch - Nolvus.esp -> Northern Roads - Landscape Fixes for Grass Mods patch.esp -> Northern Roads - Landscape Fixes for Grass Mods patch - Nolvus.esp -> Northern Roads - Rocks Patch.esp -> Nolvus Awakening Seasonal Tree Mashup - Pine Forest.esp -> Nolvus Awakening Seasonal Tree Addon - Riverwood.esp -> Nolvus Awakening Riverwood Patch.esp -> Nolvus Awakening Riverwood Grass Fix.esp -> Synthesis.esp -> Occlusion.esp
			Flags: 0x00000009 
			EditorID: "Riverwood03"
			FormID: 0x00009711
			FormType: Cell (60)
		File: "JK's Riverwood.esp"
		Flags: 0x00060408 kInitialized
		FormID: 0xFE3F99A0
		FormType: ActorCharacter (62)
	[RSP+398] 0xDF59BFF601       (void*)
	[RSP+3A0] 0x212C48890F0      (void*)
	[RSP+3A8] 0x0                (size_t) [0]
	[RSP+3B0] 0x0                (size_t) [0]
	[RSP+3B8] 0x0                (size_t) [0]
	[RSP+3C0] 0x0                (size_t) [0]
	[RSP+3C8] 0x0                (size_t) [0]
	[RSP+3D0] 0x0                (size_t) [0]
	[RSP+3D8] 0xDF59BFF601       (void*)
	[RSP+3E0] 0x7FF7AD64BBF2     (void* -> SkyrimSE.exe+06DBBF2	mov rcx, rbx)
	[RSP+3E8] 0xDF59BFF601       (void*)
	[RSP+3F0] 0x212C4889000      (Character*)
		File: "Ryn's Alvor's House.esp"
		Modified by: Skyrim.esm -> HearthFires.esm -> Ryn's Alvor's House.esp
		Flags: 0x00000449 
		Name: "Dorthe"
		FormID: 0x00013484
		FormType: ActorCharacter (62)
		Object Reference: 
		File: "Nolvus Awakening Combat Scaling Overhaul - Enemy Level Mult.esp"
		Modified by: Skyrim.esm -> RSChildren.esp -> Children of the North.esp -> AI Overhaul.esp -> Nolvus Awakening AI Patch.esp -> Nolvus Awakening Combat Scaling Overhaul - Enemy Level Mult.esp
		Flags: 0x00000009 kDestructible | kInitialized
		Name: "Dorthe"
		FormID: 0x00013477
		FormType: NPC (43)
		ParentCell: ---
			File: "Occlusion.esp"
			Modified by: Skyrim.esm -> Update.esm -> ccbgssse034-mntuni.esl -> Unofficial Skyrim Special Edition Patch.esp -> Landscape and Water Fixes.esp -> Occ_Skyrim_Tamriel.esp -> Lightened Skyrim - merged.esp -> Lux Via.esp -> 1Dwemer.esl -> 1Markynaz.esl -> 1FleshColossus.esl -> 1Imps.esl -> DynDOLOD.esm -> Landscape Fixes For Grass Mods.esp -> Unique Flowers & Plants.esp -> Landscape and Water Fixes - Patch - LFfGM.esp -> Morning Fogs SSE.esp -> CitizensComplete.esp -> 018Auri.esp -> JK's Riverwood.esp -> Spaghetti's Towns - Riverwood.esp -> RoadsignsOverhaul.esp -> [Zynx] RogueSorceress.esp -> 1FS.esp -> Ember_Sword.esp -> Lux Via - plugin.esp -> Lux Via - Roadsigns Overhaul.esp -> Lux Orbis.esp -> Triumvirate - Mage Archetypes.esp -> AI Overhaul.esp -> Water for ENB (Shades of Skyrim).esp -> Water for ENB - Patch - Song of the Green (Auri Follower).esp -> Northern Roads.esp -> Riverwood Reimagined Thriving Haven.esp -> Nolvus Northern Roads Patch.esp -> Northern Roads - Landscape and Water Fixes patch.esp -> Northern Roads - Landscape and Water Fixes patch - Nolvus.esp -> Northern Roads - Landscape Fixes for Grass Mods patch.esp -> Northern Roads - Landscape Fixes for Grass Mods patch - Nolvus.esp -> Northern Roads - Rocks Patch.esp -> Northern Roads - Lux Via patch.esp -> Northern Roads - Lux Via patch - Nolvus.esp -> Northern Roads - Lux Via - Water for ENB (Shades of Skyrim) patch.esp -> Northern Roads - Lux Via - Water for ENB (Shades of Skyrim) patch - Nolvus.esp -> Northern Roads - Lux Via Clutter.esp -> Northern Roads - Roadsigns Overhaul patch.esp -> Nolvus Awakening Seasonal Tree Mashup - Pine Forest.esp -> Nolvus Awakening Seasonal Tree Addon - Riverwood.esp -> Nolvus Awakening Riverwood Patch.esp -> Nolvus Awakening Riverwood Grass Fix.esp -> Nolvus Awakening Road Signs Integration Patch.esp -> Nolvus Awakening Armors Patch.esp -> Nolvus Awakening Water Patch.esp -> Synthesis.esp -> Occlusion.esp
			Flags: 0x00000009 
			EditorID: "Riverwood"
			FormID: 0x00009732
			FormType: Cell (60)
		File: "Ryn's Alvor's House.esp"
		Modified by: Skyrim.esm -> HearthFires.esm -> Ryn's Alvor's House.esp
		Flags: 0x00000449 kDestructible | kInitialized | kBorderRegion
		FormID: 0x00013484
		FormType: ActorCharacter (62)
	[RSP+3F8] 0x0                (size_t) [0]
	[RSP+400] 0x4DE              (size_t) [1246]
	[RSP+408] 0x212C4889000      (Character*)
		File: "Ryn's Alvor's House.esp"
		Modified by: Skyrim.esm -> HearthFires.esm -> Ryn's Alvor's House.esp
		Flags: 0x00000449 
		Name: "Dorthe"
		FormID: 0x00013484
		FormType: ActorCharacter (62)
		Object Reference: 
		File: "Nolvus Awakening Combat Scaling Overhaul - Enemy Level Mult.esp"
		Modified by: Skyrim.esm -> RSChildren.esp -> Children of the North.esp -> AI Overhaul.esp -> Nolvus Awakening AI Patch.esp -> Nolvus Awakening Combat Scaling Overhaul - Enemy Level Mult.esp
		Flags: 0x00000009 kDestructible | kInitialized
		Name: "Dorthe"
		FormID: 0x00013477
		FormType: NPC (43)
		ParentCell: ---
			File: "Occlusion.esp"
			Modified by: Skyrim.esm -> Update.esm -> ccbgssse034-mntuni.esl -> Unofficial Skyrim Special Edition Patch.esp -> Landscape and Water Fixes.esp -> Occ_Skyrim_Tamriel.esp -> Lightened Skyrim - merged.esp -> Lux Via.esp -> 1Dwemer.esl -> 1Markynaz.esl -> 1FleshColossus.esl -> 1Imps.esl -> DynDOLOD.esm -> Landscape Fixes For Grass Mods.esp -> Unique Flowers & Plants.esp -> Landscape and Water Fixes - Patch - LFfGM.esp -> Morning Fogs SSE.esp -> CitizensComplete.esp -> 018Auri.esp -> JK's Riverwood.esp -> Spaghetti's Towns - Riverwood.esp -> RoadsignsOverhaul.esp -> [Zynx] RogueSorceress.esp -> 1FS.esp -> Ember_Sword.esp -> Lux Via - plugin.esp -> Lux Via - Roadsigns Overhaul.esp -> Lux Orbis.esp -> Triumvirate - Mage Archetypes.esp -> AI Overhaul.esp -> Water for ENB (Shades of Skyrim).esp -> Water for ENB - Patch - Song of the Green (Auri Follower).esp -> Northern Roads.esp -> Riverwood Reimagined Thriving Haven.esp -> Nolvus Northern Roads Patch.esp -> Northern Roads - Landscape and Water Fixes patch.esp -> Northern Roads - Landscape and Water Fixes patch - Nolvus.esp -> Northern Roads - Landscape Fixes for Grass Mods patch.esp -> Northern Roads - Landscape Fixes for Grass Mods patch - Nolvus.esp -> Northern Roads - Rocks Patch.esp -> Northern Roads - Lux Via patch.esp -> Northern Roads - Lux Via patch - Nolvus.esp -> Northern Roads - Lux Via - Water for ENB (Shades of Skyrim) patch.esp -> Northern Roads - Lux Via - Water for ENB (Shades of Skyrim) patch - Nolvus.esp -> Northern Roads - Lux Via Clutter.esp -> Northern Roads - Roadsigns Overhaul patch.esp -> Nolvus Awakening Seasonal Tree Mashup - Pine Forest.esp -> Nolvus Awakening Seasonal Tree Addon - Riverwood.esp -> Nolvus Awakening Riverwood Patch.esp -> Nolvus Awakening Riverwood Grass Fix.esp -> Nolvus Awakening Road Signs Integration Patch.esp -> Nolvus Awakening Armors Patch.esp -> Nolvus Awakening Water Patch.esp -> Synthesis.esp -> Occlusion.esp
			Flags: 0x00000009 
			EditorID: "Riverwood"
			FormID: 0x00009732
			FormType: Cell (60)
		File: "Ryn's Alvor's House.esp"
		Modified by: Skyrim.esm -> HearthFires.esm -> Ryn's Alvor's House.esp
		Flags: 0x00000449 kDestructible | kInitialized | kBorderRegion
		FormID: 0x00013484
		FormType: ActorCharacter (62)
	[RSP+410] 0x7FF7AD213E4F     (void* -> SkyrimSE.exe+02A3E4F	movaps xmm6, [rsp+0x20])
	[RSP+418] 0x212EFC2B780      (void*)
	[RSP+420] 0xFFFFFFFFFFFFFFFE (size_t) [uint: 18446744073709551614 int: -2]
	[RSP+428] 0x0                (size_t) [0]
	[RSP+430] 0x0                (size_t) [0]
	[RSP+438] 0x7FF7AFF67784     (void* -> SkyrimSE.exe+2FF7784	add [rax], al)
	[RSP+440] 0x1                (size_t) [1]
	[RSP+448] 0x7FF7AFF67780     (void* -> SkyrimSE.exe+2FF7780	add [rax], al)
	[RSP+450] 0x7FF7AFF67788     (void* -> SkyrimSE.exe+2FF7788	add [rax], al)
	[RSP+458] 0x211F695D980      (void*)
	[RSP+460] 0x7FF7AD6516DE     (void* -> SkyrimSE.exe+06E16DE	add rsp, 0x28)
	[RSP+468] 0x7FF7AFF697E8     (void* -> SkyrimSE.exe+2FF97E8	sbb cl, 0x95)
	[RSP+470] 0x0                (size_t) [0]
	[RSP+478] 0x0                (size_t) [0]
	[RSP+480] 0x1015C2           (size_t) [1054146]
	[RSP+488] 0x0                (size_t) [0]
	[RSP+490] 0x7FF7ADBA2A81     (void* -> SkyrimSE.exe+0C32A81	mov ecx, [rbx+0x0C])
	[RSP+498] 0x1015C2           (size_t) [1054146]
	[RSP+4A0] 0x0                (size_t) [0]
	[RSP+4A8] 0x0                (size_t) [0]
	[RSP+4B0] 0x0                (size_t) [0]
	[RSP+4B8] 0x1                (size_t) [1]
	[RSP+4C0] 0x7FF7AFF69798     (void* -> SkyrimSE.exe+2FF9798	add al, 0x00)
	[RSP+4C8] 0x0                (size_t) [0]
	[RSP+4D0] 0x211F695D980      (void*)
	[RSP+4D8] 0x7FF7AFF69718     (BSJobs::JobThread*)
	[RSP+4E0] 0x7FF7ADBA4C48     (void* -> SkyrimSE.exe+0C34C48	mov r15d, eax)
	[RSP+4E8] 0x4                (size_t) [4]
	[RSP+4F0] 0x4                (size_t) [4]
	[RSP+4F8] 0x0                (size_t) [0]
	[RSP+500] 0x3E0              (size_t) [992]
	[RSP+508] 0x0                (size_t) [0]
	[RSP+510] 0x0                (size_t) [0]
	[RSP+518] 0x0                (size_t) [0]
	[RSP+520] 0x0                (size_t) [0]
	[RSP+528] 0x0                (size_t) [0]
	[RSP+530] 0x0                (size_t) [0]
	[RSP+538] 0x7FF7AFF69718     (BSJobs::JobThread*)
	[RSP+540] 0x7FF7ADB7D6BD     (void* -> SkyrimSE.exe+0C0D6BD	mov rcx, [0x00007FF7AFEDB9D8])
	[RSP+548] 0x149DF6           (size_t) [1351158]
	[RSP+550] 0x149DF5           (size_t) [1351157]
	[RSP+558] 0x0                (size_t) [0]
	[RSP+560] 0x210CBA5CBE8      (void*)
	[RSP+568] 0x7FF7AFF69718     (BSJobs::JobThread*)
	[RSP+570] 0x0                (size_t) [0]
	[RSP+578] 0x0                (size_t) [0]
	[RSP+580] 0x7FF9036DE8D7     (void* -> KERNEL32.DLL+002E8D7	mov ecx, eax)
	[RSP+588] 0x0                (size_t) [0]
	[RSP+590] 0x0                (size_t) [0]
	[RSP+598] 0x0                (size_t) [0]
	[RSP+5A0] 0x0                (size_t) [0]
	[RSP+5A8] 0x0                (size_t) [0]
	[RSP+5B0] 0x7FF904DDC34C     (void* -> ntdll.dll+003C34C	jmp 0x00007FF904DDC376)
	[RSP+5B8] 0x0                (size_t) [0]
	[RSP+5C0] 0x0                (size_t) [0]
	[RSP+5C8] 0x4F0FFFFFB30      (size_t) [5433133628208]
	[RSP+5D0] 0x4D0FFFFFB30      (size_t) [5295694674736]
	[RSP+5D8] 0x21               (size_t) [33]
	[RSP+5E0] 0x7FF902649F40     (void* -> KERNELBASE.dll+0119F40	mov [rsp+0x10], rbx)
	[RSP+5E8] 0xDF59BFDD00       (void*)
	[RSP+5F0] 0xDF59BFDD00       (void*)
	[RSP+5F8] 0x0                (size_t) [0]
	[RSP+600] 0x0                (size_t) [0]
	[RSP+608] 0x0                (size_t) [0]
	[RSP+610] 0x0                (size_t) [0]
	[RSP+618] 0x0                (size_t) [0]
	[RSP+620] 0x0                (size_t) [0]
	[RSP+628] 0x0                (size_t) [0]
	[RSP+630] 0x0                (size_t) [0]
	[RSP+638] 0x0                (size_t) [0]
	[RSP+640] 0x0                (size_t) [0]
	[RSP+648] 0x0                (size_t) [0]
	[RSP+650] 0x0                (size_t) [0]
	[RSP+658] 0x0                (size_t) [0]
	[RSP+660] 0x0                (size_t) [0]
	[RSP+668] 0x0                (size_t) [0]
	[RSP+670] 0x0                (size_t) [0]
	[RSP+678] 0x0                (size_t) [0]
	[RSP+680] 0x0                (size_t) [0]
	[RSP+688] 0x0                (size_t) [0]
	[RSP+690] 0x0                (size_t) [0]
	[RSP+698] 0x0                (size_t) [0]
	[RSP+6A0] 0x0                (size_t) [0]
	[RSP+6A8] 0x0                (size_t) [0]
	[RSP+6B0] 0x0                (size_t) [0]
	[RSP+6B8] 0x0                (size_t) [0]
	[RSP+6C0] 0x0                (size_t) [0]
	[RSP+6C8] 0x0                (size_t) [0]
	[RSP+6D0] 0x0                (size_t) [0]
	[RSP+6D8] 0x0                (size_t) [0]
	[RSP+6E0] 0x0                (size_t) [0]
	[RSP+6E8] 0x0                (size_t) [0]
	[RSP+6F0] 0x0                (size_t) [0]
	[RSP+6F8] 0x0                (size_t) [0]
	[RSP+700] 0x0                (size_t) [0]
	[RSP+708] 0x0                (size_t) [0]
	[RSP+710] 0x0                (size_t) [0]
	[RSP+718] 0x0                (size_t) [0]
	[RSP+720] 0x0                (size_t) [0]
	[RSP+728] 0x0                (size_t) [0]
	[RSP+730] 0x0                (size_t) [0]
	[RSP+738] 0x0                (size_t) [0]
	[RSP+740] 0x0                (size_t) [0]
	[RSP+748] 0x0                (size_t) [0]
	[RSP+750] 0x0                (size_t) [0]
	[RSP+758] 0x0                (size_t) [0]
	[RSP+760] 0x0                (size_t) [0]
	[RSP+768] 0x0                (size_t) [0]
	[RSP+770] 0x0                (size_t) [0]
	[RSP+778] 0x0                (size_t) [0]
	[RSP+780] 0x0                (size_t) [0]
	[RSP+788] 0x0                (size_t) [0]
	[RSP+790] 0x0                (size_t) [0]
	[RSP+798] 0x0                (size_t) [0]
	[RSP+7A0] 0x0                (size_t) [0]
	[RSP+7A8] 0x0                (size_t) [0]
	[RSP+7B0] 0x0                (size_t) [0]
	[RSP+7B8] 0x0                (size_t) [0]
	[RSP+7C0] 0x0                (size_t) [0]
	[RSP+7C8] 0x0                (size_t) [0]
	[RSP+7D0] 0x0                (size_t) [0]
	[RSP+7D8] 0x0                (size_t) [0]
	[RSP+7E0] 0x0                (size_t) [0]
	[RSP+7E8] 0x0                (size_t) [0]
	[RSP+7F0] 0x0                (size_t) [0]
	[RSP+7F8] 0x0                (size_t) [0]
	[RSP+800] 0x0                (size_t) [0]
	[RSP+808] 0x0                (size_t) [0]
	[RSP+810] 0x0                (size_t) [0]
	[RSP+818] 0x0                (size_t) [0]
	[RSP+820] 0x0                (size_t) [0]
	[RSP+828] 0x0                (size_t) [0]
	[RSP+830] 0x0                (size_t) [0]
	[RSP+838] 0x0                (size_t) [0]
	[RSP+840] 0x0                (size_t) [0]
	[RSP+848] 0x0                (size_t) [0]
	[RSP+850] 0x0                (size_t) [0]
	[RSP+858] 0x0                (size_t) [0]
	[RSP+860] 0x0                (size_t) [0]
	[RSP+868] 0x0                (size_t) [0]
	[RSP+870] 0x0                (size_t) [0]
	[RSP+878] 0x0                (size_t) [0]
	[RSP+880] 0x0                (size_t) [0]
	[RSP+888] 0x0                (size_t) [0]
	[RSP+890] 0x0                (size_t) [0]
	[RSP+898] 0x0                (size_t) [0]
	[RSP+8A0] 0x0                (size_t) [0]
	[RSP+8A8] 0x0                (size_t) [0]
	[RSP+8B0] 0x0                (size_t) [0]
	[RSP+8B8] 0x0                (size_t) [0]
	[RSP+8C0] 0x0                (size_t) [0]
	[RSP+8C8] 0x0                (size_t) [0]
	[RSP+8D0] 0x0                (size_t) [0]
	[RSP+8D8] 0x0                (size_t) [0]
	[RSP+8E0] 0x0                (size_t) [0]
	[RSP+8E8] 0x0                (size_t) [0]
	[RSP+8F0] 0x0                (size_t) [0]
	[RSP+8F8] 0x0                (size_t) [0]
	[RSP+900] 0x0                (size_t) [0]
	[RSP+908] 0x0                (size_t) [0]
	[RSP+910] 0x0                (size_t) [0]
	[RSP+918] 0x0                (size_t) [0]
	[RSP+920] 0x0                (size_t) [0]
	[RSP+928] 0x0                (size_t) [0]
	[RSP+930] 0x0                (size_t) [0]
	[RSP+938] 0x0                (size_t) [0]
	[RSP+940] 0x0                (size_t) [0]
	[RSP+948] 0x0                (size_t) [0]
	[RSP+950] 0x0                (size_t) [0]
	[RSP+958] 0x0                (size_t) [0]
	[RSP+960] 0x0                (size_t) [0]
	[RSP+968] 0x0                (size_t) [0]
	[RSP+970] 0x0                (size_t) [0]
	[RSP+978] 0x0                (size_t) [0]
	[RSP+980] 0x0                (size_t) [0]
	[RSP+988] 0x0                (size_t) [0]
	[RSP+990] 0x0                (size_t) [0]
	[RSP+998] 0x0                (size_t) [0]
	[RSP+9A0] 0x0                (size_t) [0]
	[RSP+9A8] 0x0                (size_t) [0]
	[RSP+9B0] 0x0                (size_t) [0]
	[RSP+9B8] 0x0                (size_t) [0]
	[RSP+9C0] 0x0                (size_t) [0]
	[RSP+9C8] 0x0                (size_t) [0]
	[RSP+9D0] 0x0                (size_t) [0]
	[RSP+9D8] 0x0                (size_t) [0]
	[RSP+9E0] 0x0                (size_t) [0]
	[RSP+9E8] 0x0                (size_t) [0]
	[RSP+9F0] 0x0                (size_t) [0]
	[RSP+9F8] 0x0                (size_t) [0]
	[RSP+A00] 0x0                (size_t) [0]
	[RSP+A08] 0x0                (size_t) [0]
	[RSP+A10] 0x0                (size_t) [0]
	[RSP+A18] 0x0                (size_t) [0]
	[RSP+A20] 0x0                (size_t) [0]
	[RSP+A28] 0x0                (size_t) [0]
	[RSP+A30] 0x0                (size_t) [0]
	[RSP+A38] 0x0                (size_t) [0]
	[RSP+A40] 0x0                (size_t) [0]
	[RSP+A48] 0x0                (size_t) [0]
	[RSP+A50] 0x0                (size_t) [0]
	[RSP+A58] 0x0                (size_t) [0]
	[RSP+A60] 0x0                (size_t) [0]
	[RSP+A68] 0x0                (size_t) [0]
	[RSP+A70] 0x0                (size_t) [0]
	[RSP+A78] 0x0                (size_t) [0]
	[RSP+A80] 0x0                (size_t) [0]
	[RSP+A88] 0x0                (size_t) [0]
	[RSP+A90] 0x0                (size_t) [0]
	[RSP+A98] 0x0                (size_t) [0]
	[RSP+AA0] 0x0                (size_t) [0]
	[RSP+AA8] 0x0                (size_t) [0]
	[RSP+AB0] 0x0                (size_t) [0]
	[RSP+AB8] 0x0                (size_t) [0]
	[RSP+AC0] 0x0                (size_t) [0]
	[RSP+AC8] 0x0                (size_t) [0]
	[RSP+AD0] 0x0                (size_t) [0]
	[RSP+AD8] 0x0                (size_t) [0]
	[RSP+AE0] 0x0                (size_t) [0]
	[RSP+AE8] 0x0                (size_t) [0]
	[RSP+AF0] 0x0                (size_t) [0]
	[RSP+AF8] 0x0                (size_t) [0]
	[RSP+B00] 0x0                (size_t) [0]
	[RSP+B08] 0x0                (size_t) [0]
	[RSP+B10] 0x0                (size_t) [0]
	[RSP+B18] 0x0                (size_t) [0]
	[RSP+B20] 0x0                (size_t) [0]
	[RSP+B28] 0x0                (size_t) [0]
	[RSP+B30] 0x0                (size_t) [0]
	[RSP+B38] 0x0                (size_t) [0]
	[RSP+B40] 0x0                (size_t) [0]
	[RSP+B48] 0x0                (size_t) [0]
	[RSP+B50] 0x0                (size_t) [0]
	[RSP+B58] 0x0                (size_t) [0]
	[RSP+B60] 0x0                (size_t) [0]
	[RSP+B68] 0x0                (size_t) [0]
	[RSP+B70] 0x0                (size_t) [0]
	[RSP+B78] 0x0                (size_t) [0]
	[RSP+B80] 0x0                (size_t) [0]
	[RSP+B88] 0x0                (size_t) [0]
	[RSP+B90] 0x0                (size_t) [0]
	[RSP+B98] 0x0                (size_t) [0]
	[RSP+BA0] 0x0                (size_t) [0]
	[RSP+BA8] 0x0                (size_t) [0]
	[RSP+BB0] 0x0                (size_t) [0]
	[RSP+BB8] 0x0                (size_t) [0]
	[RSP+BC0] 0x0                (size_t) [0]
	[RSP+BC8] 0x0                (size_t) [0]
	[RSP+BD0] 0x0                (size_t) [0]
	[RSP+BD8] 0x0                (size_t) [0]
	[RSP+BE0] 0x0                (size_t) [0]
	[RSP+BE8] 0x0                (size_t) [0]
	[RSP+BF0] 0x0                (size_t) [0]
	[RSP+BF8] 0x0                (size_t) [0]
	[RSP+C00] 0x0                (size_t) [0]
	[RSP+C08] 0x0                (size_t) [0]
	[RSP+C10] 0x0                (size_t) [0]
	[RSP+C18] 0x0                (size_t) [0]
	[RSP+C20] 0x0                (size_t) [0]
	[RSP+C28] 0x0                (size_t) [0]
	[RSP+C30] 0x0                (size_t) [0]
	[RSP+C38] 0x0                (size_t) [0]
	[RSP+C40] 0x0                (size_t) [0]
	[RSP+C48] 0x0                (size_t) [0]
	[RSP+C50] 0x0                (size_t) [0]
	[RSP+C58] 0x0                (size_t) [0]
	[RSP+C60] 0x0                (size_t) [0]
	[RSP+C68] 0x0                (size_t) [0]
	[RSP+C70] 0x0                (size_t) [0]
	[RSP+C78] 0x0                (size_t) [0]
	[RSP+C80] 0x0                (size_t) [0]
	[RSP+C88] 0x0                (size_t) [0]
	[RSP+C90] 0x0                (size_t) [0]
	[RSP+C98] 0x0                (size_t) [0]
	[RSP+CA0] 0x0                (size_t) [0]
	[RSP+CA8] 0x0                (size_t) [0]
	[RSP+CB0] 0x0                (size_t) [0]
	[RSP+CB8] 0x0                (size_t) [0]
	[RSP+CC0] 0x0                (size_t) [0]
	[RSP+CC8] 0x0                (size_t) [0]
	[RSP+CD0] 0x0                (size_t) [0]
	[RSP+CD8] 0x0                (size_t) [0]
	[RSP+CE0] 0x0                (size_t) [0]
	[RSP+CE8] 0x0                (size_t) [0]
	[RSP+CF0] 0x0                (size_t) [0]
	[RSP+CF8] 0x0                (size_t) [0]
	[RSP+D00] 0x0                (size_t) [0]
	[RSP+D08] 0x0                (size_t) [0]
	[RSP+D10] 0x0                (size_t) [0]
	[RSP+D18] 0x0                (size_t) [0]
	[RSP+D20] 0x0                (size_t) [0]
	[RSP+D28] 0x0                (size_t) [0]
	[RSP+D30] 0x0                (size_t) [0]
	[RSP+D38] 0x0                (size_t) [0]
	[RSP+D40] 0x0                (size_t) [0]
	[RSP+D48] 0x0                (size_t) [0]
	[RSP+D50] 0x0                (size_t) [0]
	[RSP+D58] 0x0                (size_t) [0]
	[RSP+D60] 0x0                (size_t) [0]
	[RSP+D68] 0x0                (size_t) [0]
	[RSP+D70] 0x0                (size_t) [0]
	[RSP+D78] 0x0                (size_t) [0]
	[RSP+D80] 0x0                (size_t) [0]
	[RSP+D88] 0x0                (size_t) [0]
	[RSP+D90] 0x0                (size_t) [0]
	[RSP+D98] 0x0                (size_t) [0]
	[RSP+DA0] 0x0                (size_t) [0]
	[RSP+DA8] 0x0                (size_t) [0]
	[RSP+DB0] 0x0                (size_t) [0]
	[RSP+DB8] 0x0                (size_t) [0]
	[RSP+DC0] 0x0                (size_t) [0]
	[RSP+DC8] 0x0                (size_t) [0]
	[RSP+DD0] 0x0                (size_t) [0]
	[RSP+DD8] 0x0                (size_t) [0]
	[RSP+DE0] 0x0                (size_t) [0]

MODULES:
	XINPUT1_3.dll                                    0x000000400000
	steam_api64.dll                                  0x000051ED0000
	X3DAudio1_7.dll                                  0x000051F10000
	d3d11.dll                                        0x000180000000
	Paraglider.dll                                   0x02108CD80000
	binkw64_.dll                                     0x02109C1D0000
	A0D789patch.dll                                  0x0210A7E80000
	wintrust.dll                                     0x02118DD20000
	RTSSHooks64.dll                                  0x02118EE30000
	SkyrimSE.exe                                     0x7FF7ACF70000
	XAudio2_7.dll                                    0x7FF836420000
	nvdxgdmal64.dll                                  0x7FF8364B0000
	nvcuda64.dll                                     0x7FF836550000
	d3dcompiler_46e.dll                              0x7FF839E10000
	nvngx_dlss.dll                                   0x7FF83A1D0000
	_nvngx.dll                                       0x7FF83D2E0000
	gameoverlayrenderer64.dll                        0x7FF83D460000
	WhoseQuestIsItAnyway.dll                         0x7FF83D610000
	wheeler.dll                                      0x7FF83D6C0000
	WadeInWater.dll                                  0x7FF83D8B0000
	Vibrant weapons.dll                              0x7FF83D910000
	valhallaCombat.dll                               0x7FF83D970000
	UnequipQuiverNG.dll                              0x7FF83DA10000
	UND.dll                                          0x7FF83DAB0000
	UltimateDragons64.dll                            0x7FF83DB40000
	UAPNG.dll                                        0x7FF83DB70000
	TweenMenuOverhaul.dll                            0x7FF83DE10000
	TrueHUD.dll                                      0x7FF83DED0000
	TrueDirectionalMovement.dll                      0x7FF83DF90000
	TK_Dodge_RE.dll                                  0x7FF83E060000
	TimeFormatChanger.dll                            0x7FF83E0C0000
	TheNewGentleman.dll                              0x7FF83E110000
	StormLightning.dll                               0x7FF83E250000
	STB_Widgets.dll                                  0x7FF83E2A0000
	StayAtSystemPageSE.dll                           0x7FF83E440000
	StaggerEffectFix.dll                             0x7FF83E4D0000
	SSMT_Fix.dll                                     0x7FF83E5B0000
	SSEDisplayTweaks.dll                             0x7FF83E620000
	SoundRecordDistributor.dll                       0x7FF83E6C0000
	SmoothCam.dll                                    0x7FF83E7A0000
	SkyrimUncapper.dll                               0x7FF83E910000
	SkyReflectionFix.dll                             0x7FF83E940000
	SkyPatcher.dll                                   0x7FF83E9D0000
	SkyClimb.dll                                     0x7FF83EBC0000
	skee64.dll                                       0x7FF83ECA0000
	skee64-memleak-patch.dll                         0x7FF83EE90000
	SimpleDualSheath.dll                             0x7FF83EEE0000
	ShowPlayerInMenus.dll                            0x7FF83EF70000
	ScrambledBugs.dll                                0x7FF83EFE0000
	SCAR.dll                                         0x7FF83F040000
	ScaleformTranslationPP.dll                       0x7FF83F210000
	RoguesGallery.dll                                0x7FF83F280000
	RecursionFPSFix.dll                              0x7FF83F3F0000
	RandomMainMenuMusic.dll                          0x7FF83F4D0000
	QuickLootEE.dll                                  0x7FF83F540000
	Precision.dll                                    0x7FF83F620000
	po3_WashThatBloodOff.dll                         0x7FF83F800000
	po3_VampiresCastNoShadow.dll                     0x7FF83F8D0000
	po3_Tweaks.dll                                   0x7FF83F970000
	po3_SplashesOfStorms.dll                         0x7FF83FA70000
	po3_SplashesOfSkyrim.dll                         0x7FF83FB30000
	po3_SpellPerkItemDistributor.dll                 0x7FF83FBF0000
	po3_SimpleOffenceSuppression.dll                 0x7FF83FDB0000
	po3_SeasonsOfSkyrim.dll                          0x7FF83FE50000
	po3_PapyrusExtender.dll                          0x7FF83FF40000
	po3_LockVariations.dll                           0x7FF840230000
	po3_KeywordItemDistributor.dll                   0x7FF840360000
	po3_ENBLightForEffectShaders.dll                 0x7FF840500000
	po3_DialogueHistory.dll                          0x7FF8405C0000
	po3_ConsolePlusPlus.dll                          0x7FF8408D0000
	po3_BaseObjectSwapper.dll                        0x7FF840980000
	po3_AnimObjectSwapper.dll                        0x7FF840AA0000
	PlayerRotation.dll                               0x7FF840B50000
	PayloadInterpreter.dll                           0x7FF840BB0000
	ParryingRPG.dll                                  0x7FF840C20000
	PapyrusUtil.dll                                  0x7FF840D50000
	PapyrusTweaks.dll                                0x7FF840ED0000
	PAPER.dll                                        0x7FF840FD0000
	PairedAnimationImprovements.dll                  0x7FF841050000
	oxygenMeter2.dll                                 0x7FF8410C0000
	OverlayFix.dll                                   0x7FF8411B0000
	OpenAnimationReplacer.dll                        0x7FF841270000
	OpenAnimationReplacer-IEDConditionExtensions.dll 0x7FF8415D0000
	SimplyKnock.dll                                  0x7FF841710000
	OpenAnimationReplacer-DialoguePlugin.dll         0x7FF841740000
	SAS SE.dll                                       0x7FF8418C0000
	OpenAnimationReplacer-DetectionPlugin.dll        0x7FF841910000
	OneClickPowerAttack.dll                          0x7FF841A00000
	NPCsUsePotions.dll                               0x7FF841A70000
	NoFurnitureCamera.dll                            0x7FF841D00000
	NextGenDecapitations.dll                         0x7FF841D60000
	MuImpactFramework.dll                            0x7FF841F50000
	MoreInformativeConsole.dll                       0x7FF842020000
	ModernStaggerLock.dll                            0x7FF842100000
	mfgfix.dll                                       0x7FF842240000
	MenuMaid2.dll                                    0x7FF842300000
	MCO.dll                                          0x7FF8423C0000
	MCMHelper.dll                                    0x7FF842450000
	MaxsuIFrame.dll                                  0x7FF842530000
	MaxsuDetectionMeter.dll                          0x7FF842640000
	MaxsuCombatEscape.dll                            0x7FF842820000
	MaxsuAIProcessFix.dll                            0x7FF842870000
	MainMenuCustomizer.dll                           0x7FF8428E0000
	loki_DynamicAnimationCasting.dll                 0x7FF842B30000
	LocationalEncounterZones.dll                     0x7FF842CD0000
	LocalMapUpgrade.dll                              0x7FF842DC0000
	keyholepeekmenu.dll                              0x7FF842F90000
	JContainers64.dll                                0x7FF843000000
	J42_ARR_plugin.dll                               0x7FF843340000
	IWantWidgetsNative.dll                           0x7FF843390000
	InventoryInjector.dll                            0x7FF843460000
	InstantlySkipDialogueNG.dll                      0x7FF843510000
	InsertAttackData.dll                             0x7FF8435C0000
	InfinityUI.dll                                   0x7FF843620000
	PriorityMod.dll                                  0x7FF8448A0000
	ImmersiveEquipmentDisplays.dll                   0x7FF8448D0000
	HotkeysSystem.dll                                0x7FF844E60000
	HorseStaminaHUD.dll                              0x7FF844FE0000
	HookDamage.dll                                   0x7FF8450A0000
	HelpExtender.dll                                 0x7FF845100000
	hdtSMP64.dll                                     0x7FF8451A0000
	HDLocalMap.dll                                   0x7FF8459F0000
	GrassCacheHelperNG.dll                           0x7FF845A90000
	gotobed.dll                                      0x7FF845B50000
	Fuz Ro D'oh.dll                                  0x7FF845BD0000
	FormListManipulator.dll                          0x7FF845C40000
	FloatingDamageV2.dll                             0x7FF845D60000
	ImWalkinHere.dll                                 0x7FF8471D0000
	FlatMapMarkersSSE.dll                            0x7FF847210000
	ExtendedHotkeySystem.dll                         0x7FF8472B0000
	ENBAntiAliasing.dll                              0x7FF847350000
	Experience.dll                                   0x7FF84C2D0000
	EquipmentDurabilitySystemNG.dll                  0x7FF84C570000
	EquipEnchantmentFix.dll                          0x7FF84C630000
	ENBInputDisabler.dll                             0x7FF84C6B0000
	ENBHelperSE.dll                                  0x7FF84C740000
	sl.interposer.dll                                0x7FF84C7D0000
	DynDOLOD.DLL                                     0x7FF84C850000
	DynamicCollisionAdjustment.dll                   0x7FF84C930000
	steamclient64.dll                                0x7FF84CE00000
	VCOMP140.DLL                                     0x7FF85B950000
	DynamicArmorVariants.dll                         0x7FF85B980000
	DualWieldParryingSKSE.dll                        0x7FF85BA70000
	DtryKeyUtil.dll                                  0x7FF85BAE0000
	dTryHitStop.dll                                  0x7FF85BB80000
	doticu_skypal.dll                                0x7FF85BC30000
	DontEatSpellTomes.dll                            0x7FF85BCC0000
	dmenu.dll                                        0x7FF85BD90000
	DKAF.dll                                         0x7FF85BEA0000
	DismemberingFramework.dll                        0x7FF85BF20000
	DisableFollowerCollision.dll                     0x7FF85C190000
	DescriptionFramework.dll                         0x7FF85C1F0000
	CustomSkills.dll                                 0x7FF85C2F0000
	CrashLogger.dll                                  0x7FF85C380000
	CraftingCategories.dll                           0x7FF85C670000
	ContinueSound.dll                                0x7FF85C6F0000
	ContextualCrosshair.dll                          0x7FF85C780000
	ConsoleUtilSSE.dll                               0x7FF85C7E0000
	ComprehensiveAttackRatePatch.dll                 0x7FF85C850000
	CompassNavigationOverhaul.dll                    0x7FF85CA00000
	CombatPathingRevolution.dll                      0x7FF85CB90000
	CombatMusicFix.dll                               0x7FF85CCC0000
	CCExtender.dll                                   0x7FF85CD60000
	cbp.dll                                          0x7FF85CDE0000
	CastingBar.dll                                   0x7FF85CEE0000
	CameraShake.dll                                  0x7FF85D060000
	BugFixesSSE.dll                                  0x7FF85D0D0000
	BetterThirdPersonSelection.dll                   0x7FF85D130000
	BetterJumpingSE.dll                              0x7FF85D3E0000
	BehaviorDataInjector.dll                         0x7FF85D440000
	BackportedESLSupport.dll                         0x7FF85D590000
	AutoParallax.dll                                 0x7FF85D640000
	AutoInputSwitch.dll                              0x7FF85D6D0000
	AuroraFix.dll                                    0x7FF85D760000
	ArcheryLocationalDamage.dll                      0x7FF85D7C0000
	AnimationQueueFix.dll                            0x7FF85D840000
	AnimationMotionRevolution.dll                    0x7FF85D8B0000
	AHZmoreHUDPlugin.dll                             0x7FF85DA20000
	AHZmoreHUDInventory.dll                          0x7FF85DAB0000
	ActorLimitFix.dll                                0x7FF85DB20000
	ACloserLookSSE.dll                               0x7FF85DB80000
	D3DCOMPILER_43.dll                               0x7FF85DC20000
	dxgi.dll                                         0x7FF85DE90000
	skse64_1_5_97.dll                                0x7FF85E6E0000
	tbbmalloc.dll                                    0x7FF865390000
	HonedMetal.dll                                   0x7FF866CF0000
	vstdlib_s64.dll                                  0x7FF866DE0000
	tier0_s64.dll                                    0x7FF866EB0000
	FixNotesForSkyUI.dll                             0x7FF867050000
	fiss.dll                                         0x7FF86ADF0000
	tbb.dll                                          0x7FF86AFD0000
	EngineFixes.dll                                  0x7FF86CCE0000
	ResampleDmo.DLL                                  0x7FF86E0B0000
	DSOUND.DLL                                       0x7FF87D0B0000
	skse64_steam_loader.dll                          0x7FF87E980000
	EVLaS.dll                                        0x7FF884C90000
	diskCacheEnabler.dll                             0x7FF884D70000
	sl.dlss.dll                                      0x7FF8850C0000
	sl.common.dll                                    0x7FF885100000
	d3dx11_43.dll                                    0x7FF88EC00000
	DINPUT8.dll                                      0x7FF8934D0000
	xinput1_4.dll                                    0x7FF8A8320000
	FPSFixPlugin.dll                                 0x7FF8A8DF0000
	binkw64.dll                                      0x7FF8B0FF0000
	d3d12.dll                                        0x7FF8B1060000
	large_sector_fix.dll                             0x7FF8B60D0000
	usvfs_x64.dll                                    0x7FF8B6930000
	CONCRT140.dll                                    0x7FF8CBDB0000
	d3dx9_42.dll                                     0x7FF8D05D0000
	nvppex.dll                                       0x7FF8D0FA0000
	nvspcap64.dll                                    0x7FF8D2C80000
	textinputframework.dll                           0x7FF8D4670000
	winmmbase.dll                                    0x7FF8D8BC0000
	ncryptsslp.dll                                   0x7FF8D97B0000
	Windows.UI.dll                                   0x7FF8DFD60000
	ondemandconnroutehelper.dll                      0x7FF8DFF70000
	webio.dll                                        0x7FF8E0360000
	NvTelemetryBridge64.dll                          0x7FF8E0530000
	dbgcore.DLL                                      0x7FF8E1270000
	iertutil.dll                                     0x7FF8E3370000
	urlmon.dll                                       0x7FF8E36E0000
	srvcli.dll                                       0x7FF8E4210000
	MPR.dll                                          0x7FF8E4B90000
	WININET.dll                                      0x7FF8E5F40000
	MSVCP140.dll                                     0x7FF8E61D0000
	VCRUNTIME140_1.dll                               0x7FF8E6260000
	VCRUNTIME140.dll                                 0x7FF8E6280000
	MpOav.dll                                        0x7FF8E69E0000
	amsi.dll                                         0x7FF8E6A80000
	msdmo.dll                                        0x7FF8E83D0000
	MSVCP140_ATOMIC_WAIT.dll                         0x7FF8E85A0000
	NvTelemetryAPI64.dll                             0x7FF8E85F0000
	wbemsvc.dll                                      0x7FF8E8AD0000
	fastprox.dll                                     0x7FF8E8DD0000
	wbemcomn.dll                                     0x7FF8EA840000
	wbemprox.dll                                     0x7FF8EA8C0000
	AUDIOSES.DLL                                     0x7FF8EA9E0000
	inputhost.dll                                    0x7FF8EB8F0000
	NvMessageBus.dll                                 0x7FF8EC970000
	WSOCK32.dll                                      0x7FF8ECDE0000
	nvapi64.dll                                      0x7FF8ED200000
	nvwgf2umx.dll                                    0x7FF8EE470000
	DEVRTL.dll                                       0x7FF8F3C90000
	SPINF.dll                                        0x7FF8F4080000
	WINMM.dll                                        0x7FF8F4100000
	NvMemMapStoragex.dll                             0x7FF8F4360000
	nvgpucomp64.dll                                  0x7FF8F5C10000
	fwpuclnt.dll                                     0x7FF8F9740000
	dhcpcsvc.DLL                                     0x7FF8F99C0000
	WINHTTP.dll                                      0x7FF8F9B70000
	drvstore.dll                                     0x7FF8F9CA0000
	cryptnet.dll                                     0x7FF8F9FC0000
	dhcpcsvc6.DLL                                    0x7FF8FA0F0000
	wevtapi.dll                                      0x7FF8FA210000
	nvldumdx.dll                                     0x7FF8FA270000
	CoreUIComponents.dll                             0x7FF8FACB0000
	MMDevApi.dll                                     0x7FF8FAFF0000
	rasadhlp.dll                                     0x7FF8FB760000
	dwmapi.dll                                       0x7FF8FB770000
	resourcepolicyclient.dll                         0x7FF8FBB00000
	VERSION.dll                                      0x7FF8FBC80000
	Microsoft.Internal.WarpPal.dll                   0x7FF8FD340000
	WindowsCodecs.dll                                0x7FF8FD360000
	D3DCOMPILER_47.dll                               0x7FF8FD5A0000
	dcomp.dll                                        0x7FF8FDA30000
	CoreMessaging.dll                                0x7FF8FE0C0000
	Secur32.dll                                      0x7FF8FE4A0000
	WINNSI.DLL                                       0x7FF8FE680000
	uxtheme.dll                                      0x7FF8FF110000
	dbghelp.dll                                      0x7FF8FF230000
	dxcore.dll                                       0x7FF8FF4E0000
	directxdatabasehelper.dll                        0x7FF8FF530000
	d3d11.dll                                        0x7FF8FF710000
	avrt.dll                                         0x7FF8FF980000
	dxgi.dll                                         0x7FF8FF9C0000
	windows.storage.dll                              0x7FF8FFB20000
	HID.DLL                                          0x7FF900380000
	netutils.dll                                     0x7FF900630000
	IPHLPAPI.DLL                                     0x7FF9006C0000
	DNSAPI.dll                                       0x7FF900760000
	schannel.DLL                                     0x7FF900AA0000
	rsaenh.dll                                       0x7FF900BF0000
	kernel.appcore.dll                               0x7FF900C90000
	ntmarta.dll                                      0x7FF900DC0000
	SSPICLI.DLL                                      0x7FF900F40000
	MSWSOCK.dll                                      0x7FF901220000
	gpapi.dll                                        0x7FF901290000
	USERENV.dll                                      0x7FF9012C0000
	cryptsp.dll                                      0x7FF9014D0000
	CRYPTBASE.DLL                                    0x7FF9014F0000
	MSASN1.dll                                       0x7FF901540000
	wldp.dll                                         0x7FF9015B0000
	NTASN1.dll                                       0x7FF9016A0000
	ncrypt.dll                                       0x7FF9016F0000
	CFGMGR32.dll                                     0x7FF901AA0000
	devobj.dll                                       0x7FF901B00000
	DPAPI.DLL                                        0x7FF901B50000
	UMPDC.dll                                        0x7FF901B80000
	POWRPROF.dll                                     0x7FF901BA0000
	bcrypt.dll                                       0x7FF901DD0000
	profapi.dll                                      0x7FF901E00000
	msvcp_win.dll                                    0x7FF901F80000
	gdi32full.dll                                    0x7FF902030000
	CRYPT32.dll                                      0x7FF902170000
	win32u.dll                                       0x7FF9022F0000
	ucrtbase.dll                                     0x7FF902320000
	KERNELBASE.dll                                   0x7FF902530000
	wintypes.dll                                     0x7FF902920000
	bcryptPrimitives.dll                             0x7FF902AA0000
	OLEAUT32.dll                                     0x7FF902B40000
	USER32.dll                                       0x7FF902E90000
	SHLWAPI.dll                                      0x7FF9030E0000
	SHCORE.dll                                       0x7FF903230000
	ole32.dll                                        0x7FF903330000
	PSAPI.DLL                                        0x7FF9034E0000
	sechost.dll                                      0x7FF9034F0000
	msvcrt.dll                                       0x7FF9035A0000
	KERNEL32.DLL                                     0x7FF9036B0000
	GDI32.dll                                        0x7FF903780000
	clbcatq.dll                                      0x7FF9037B0000
	ADVAPI32.dll                                     0x7FF903860000
	imagehlp.dll                                     0x7FF903940000
	MSCTF.dll                                        0x7FF903970000
	SETUPAPI.dll                                     0x7FF903BF0000
	IMM32.dll                                        0x7FF904080000
	NSI.dll                                          0x7FF9040C0000
	RPCRT4.dll                                       0x7FF9040D0000
	WS2_32.dll                                       0x7FF9041F0000
	SHELL32.dll                                      0x7FF904280000
	combase.dll                                      0x7FF9049D0000
	ntdll.dll                                        0x7FF904DA0000

SKSE PLUGINS:
	A0D789patch.dll
	ACloserLookSSE.dll v1.3
	ActorLimitFix.dll
	AHZmoreHUDInventory.dll v0.1.0.20
	AHZmoreHUDPlugin.dll v4.1.2
	AnimationMotionRevolution.dll
	AnimationQueueFix.dll v1.0.1
	ArcheryLocationalDamage.dll v2.1
	AuroraFix.dll v1
	AutoInputSwitch.dll v1.1.1
	AutoParallax.dll v1.0.7
	BackportedESLSupport.dll
	BehaviorDataInjector.dll v0.1.3
	BetterJumpingSE.dll
	BetterThirdPersonSelection.dll v1
	BugFixesSSE.dll
	CameraShake.dll v1
	CastingBar.dll v3
	cbp.dll
	CCExtender.dll v1.8
	CombatMusicFix.dll v1
	CombatPathingRevolution.dll v0.3
	CompassNavigationOverhaul.dll
	ComprehensiveAttackRatePatch.dll v1.1.2.8
	ConsoleUtilSSE.dll v1.4
	ContextualCrosshair.dll v1.3
	ContinueSound.dll v1
	CraftingCategories.dll v1.0.1
	CrashLogger.dll v1.15
	CustomSkills.dll v2.0.2
	DescriptionFramework.dll v2.1
	DisableFollowerCollision.dll v1
	diskCacheEnabler.dll
	DismemberingFramework.dll v1.0.6
	DKAF.dll v1
	dmenu.dll v1
	DontEatSpellTomes.dll v1.2
	doticu_skypal.dll
	dTryHitStop.dll v0.4
	DtryKeyUtil.dll v1
	DualWieldParryingSKSE.dll v1.7
	DynamicArmorVariants.dll v1.0.5
	DynamicCollisionAdjustment.dll v1.1
	DynDOLOD.DLL v3.0.33
	ENBAntiAliasing.dll v1.2.3
	ENBHelperSE.dll v1.5
	ENBInputDisabler.dll v1.1.1
	EngineFixes.dll v5.9.1
	EquipEnchantmentFix.dll v1.3.6
	EquipmentDurabilitySystemNG.dll
	EVLaS.dll v1.3.1
	Experience.dll v3.4.5
	ExtendedHotkeySystem.dll v1.1
	fiss.dll
	FixNotesForSkyUI.dll v1.2.1
	FlatMapMarkersSSE.dll v1.3
	FloatingDamageV2.dll v2.0.1
	FormListManipulator.dll v1.7
	Fuz Ro D'oh.dll v1.7.12.1123
	gotobed.dll v2.0.7
	GrassCacheHelperNG.dll v1.0.1
	HDLocalMap.dll v1.0.3
	hdtSMP64.dll
	HelpExtender.dll v1.2.1
	HonedMetal.dll v1.0.0.8
	HookDamage.dll v1
	HorseStaminaHUD.dll v1.0.1
	HotkeysSystem.dll v2.0.1
	ImmersiveEquipmentDisplays.dll v1.7.4
	ImWalkinHere.dll v1.5
	InfinityUI.dll
	InsertAttackData.dll
	InstantlySkipDialogueNG.dll v1.1.1
	InventoryInjector.dll v1.1
	IWantWidgetsNative.dll
	J42_ARR_plugin.dll
	JContainers64.dll v4.1.13
	keyholepeekmenu.dll v1.4
	large_sector_fix.dll
	LocalMapUpgrade.dll v2.1
	LocationalEncounterZones.dll v1.0.2
	loki_DynamicAnimationCasting.dll v3.2.3
	MainMenuCustomizer.dll v0.4.1.1
	MaxsuAIProcessFix.dll v1
	MaxsuCombatEscape.dll v0.8.3
	MaxsuDetectionMeter.dll v1.0.7
	MaxsuIFrame.dll v1.0.3
	MCMHelper.dll v1.4
	MCO.dll v1
	MenuMaid2.dll v2.2.3.2
	mfgfix.dll v1
	ModernStaggerLock.dll v1.0.7
	MoreInformativeConsole.dll v1.1
	MuImpactFramework.dll v0.9
	NextGenDecapitations.dll v1.2
	NoFurnitureCamera.dll v1
	NPCsUsePotions.dll v3.3
	OneClickPowerAttack.dll v1
	OpenAnimationReplacer-DetectionPlugin.dll v2.1.1
	OpenAnimationReplacer-DialoguePlugin.dll v1
	OpenAnimationReplacer-IEDConditionExtensions.dll v1.0.2
	OpenAnimationReplacer.dll v2.3.6
	OverlayFix.dll v0.0.1
	oxygenMeter2.dll v1.0.7
	PairedAnimationImprovements.dll v1.0.2
	PAPER.dll v2.2.4
	PapyrusTweaks.dll v4.1
	PapyrusUtil.dll
	Paraglider.dll v1
	ParryingRPG.dll v2.0.1
	PayloadInterpreter.dll v1
	PlayerRotation.dll v1
	po3_AnimObjectSwapper.dll v1.1
	po3_BaseObjectSwapper.dll v2.6.1
	po3_ConsolePlusPlus.dll v1.4
	po3_DialogueHistory.dll v2.0.1
	po3_ENBLightForEffectShaders.dll v2.1
	po3_KeywordItemDistributor.dll v3.4
	po3_LockVariations.dll v4
	po3_PapyrusExtender.dll v5.10
	po3_SeasonsOfSkyrim.dll v1.7.5
	po3_SimpleOffenceSuppression.dll v2.2.1
	po3_SpellPerkItemDistributor.dll v7.2.0.1597
	po3_SplashesOfSkyrim.dll v1.4
	po3_SplashesOfStorms.dll v1.3
	po3_Tweaks.dll v1.13
	po3_VampiresCastNoShadow.dll v1.2.1
	po3_WashThatBloodOff.dll v2.1.1
	Precision.dll v2.0.4
	PriorityMod.dll
	QuickLootEE.dll v1.1
	RandomMainMenuMusic.dll v1
	RecursionFPSFix.dll v1.1
	RoguesGallery.dll v1.0.0.1
	SAS SE.dll v7.2
	ScaleformTranslationPP.dll v1.6
	SCAR.dll v1.0.6
	ScrambledBugs.dll
	ShowPlayerInMenus.dll v2.0.2
	SimpleDualSheath.dll v1.5.7
	SimplyKnock.dll
	skee64-memleak-patch.dll v1
	skee64.dll
	SkyClimb.dll
	SkyPatcher.dll v1
	SkyReflectionFix.dll v1.0.1
	SkyrimUncapper.dll
	SmoothCam.dll
	SoundRecordDistributor.dll v1.2
	SSEDisplayTweaks.dll v0.5.16
	SSMT_Fix.dll v1.1.1
	StaggerEffectFix.dll v1.0.1
	StayAtSystemPageSE.dll v1.5
	STB_Widgets.dll v1
	StormLightning.dll
	TheNewGentleman.dll v4.2.3
	TimeFormatChanger.dll v1.1
	TK_Dodge_RE.dll
	TrueDirectionalMovement.dll v2.2.5
	TrueHUD.dll v1.1.8
	TweenMenuOverhaul.dll
	UAPNG.dll v2.8
	UltimateDragons64.dll
	UND.dll v1.1
	UnequipQuiverNG.dll v1.2
	valhallaCombat.dll v1
	Vibrant weapons.dll
	WadeInWater.dll v1
	wheeler.dll v1
	WhoseQuestIsItAnyway.dll v1.3

PLUGINS:
	Light: 201	Regular: 229	Total: 430
	[ 0]     Skyrim.esm
	[ 1]     Update.esm
	[ 2]     Dawnguard.esm
	[ 3]     HearthFires.esm
	[ 4]     Dragonborn.esm
	[ 5]     ccasvsse001-almsivi.esm
	[ 6]     ccbgssse001-fish.esm
	[ 7]     cctwbsse001-puzzledungeon.esm
	[ 8]     cceejsse001-hstead.esm
	[ 9]     ccbgssse016-umbra.esm
	[ A]     ccbgssse031-advcyrus.esm
	[ B]     ccbgssse067-daedinv.esm
	[ C]     ccbgssse025-advdsgs.esm
	[ D]     cceejsse005-cave.esm
	[ E]     ccafdsse001-dwesanctuary.esm
	[ F]     Unofficial Skyrim Special Edition Patch.esp
	[10]     FISS.esp
	[11]     arnima.esm
	[12]     LegacyoftheDragonborn.esm
	[13]     BSAssets.esm
	[14]     BSHeartland.esm
	[15]     Alpine Forest of Whiterun Valley.esp
	[16]     Occ_Skyrim_Tamriel.esp
	[17]     GKBWavesReborn.esp
	[18]     Water for ENB.esm
	[19]     BS_DLC_patch.esp
	[1A]     Dwarfsphere.esp
	[1B]     konahrik_accoutrements.esp
	[1C]     DBM_CC_HallOfWonders.esp
	[1D]     Gray Fox Cowl.esm
	[1E]     Vigilant.esm
	[1F]     WheelsOfLull.esp
	[20]     Wyrmstooth.esp
	[21]     evgSIRENROOT.esm
	[22]     Unslaad.esm
	[23]     wraithguardvaultfixer.esp
	[24]     Lux Via.esp
	[25]     3DNPC.esp
	[26]     TravellersOfSkyrim.esm
	[27]     RSkyrimChildren.esm
	[28]     Apachii_DivineEleganceStore.esm
	[29]     Midwood Isle.esp
	[2A]     Falskaar.esm
	[2B]     JSwords.esm
	[2C]     Haem Projects Goblands.esp
	[2D]     Darkend.esp
	[2E]     Clockwork.esp
	[2F]     Crystalwind_Estate.esp
	[30]     moonpath.esp
	[31]     TSR_TeldrynSerious.esp
	[32]     ForgottenCity.esp
	[33]     Identity Crisis.esp
	[34]     Undeath.esp
	[35]     Campfire.esm
	[36]     MoonAndStar_MAS.esp
	[37]     LOTD_HUB.esp
	[38]     Natural Waterfalls.esp
	[39]     DynDOLOD.esm
	[3A]     SkyUI_SE.esp
	[3B]     Audio Overhaul Skyrim.esp
	[3C]     Immersive Sounds - Compendium.esp
	[3D]     Resources - The Great Cities.esp
	[3E]     SMIM-SE-Merged-All.esp
	[3F]     Relationship Dialogue Overhaul.esp
	[40]     Cutting Room Floor.esp
	[41]     Guard Dialogue Overhaul.esp
	[42]     Weapons Armor Clothing & Clutter Fixes.esp
	[43]     UIExtensions.esp
	[44]     Landscape Fixes For Grass Mods.esp
	[45]     NAT-ENB.esp
	[46]     Footprints.esp
	[47]     JRMoonpathtoElsweyrPatch.esp
	[48]     DBM_RelicNotifications.esp
	[49]     RaceMenu.esp
	[4A]     RaceMenuPlugin.esp
	[4B]     UndeathFixes.esp
	[4C]     yumcheese.esp
	[4D]     Tools of Kagrenac.esp
	[4E]     CurseOfTheHoundAmulet.esp
	[4F]     TheChoiceIsYours.esp
	[50]     RAEQuestRequirements.esp
	[51]     Seasonal Weathers Framework.esp
	[52]     WetandCold.esp
	[53]     KS Hairdo's.esp
	[54]     CitizensComplete.esp
	[55]     TravellersOfSkyrim - Light.esp
	[56]     Inigo.esp
	[57]     Lucien.esp
	[58]     Lucien-AnniversaryEdition-Patch.esp
	[59]     Lucien-Moonpath-Patch.esp
	[5A]     018Auri.esp
	[5B]     HLIORemi.esp
	[5C]     Katana.esp
	[5D]     NW_Sons_of_Skyrim.esp
	[5E]     NITHI NPCS - Dawnguard DLC - Fort Dawnguard - Men.esp
	[5F]     XPMSE.esp
	[60]     Dawn of Skyrim.esp
	[61]     JK's Whiterun's Outskirts.esp
	[62]     Kojaks Whiterun Market.esp
	[63]     EpicSolitude.esp
	[64]     Deadly Shadows of  Riften.esp
	[65]     RiftenLaketown.esp
	[66]     JK's Markarth Outskirts.esp
	[67]     Grey_Quarter_Overhaul.esp
	[68]     Windhelm Lighthouse.esp
	[69]     JKs Skyrim.esp
	[6A]     Thuldor's Ivarstead.esp
	[6B]     The Great City of Dawnstar.esp
	[6C]     The Great Town of Shor's Stone.esp
	[6D]     The Great Village of Kynesgrove.esp
	[6E]     The Great Town of Karthwasten.esp
	[6F]     The Great Village of Old Hroldan.esp
	[70]     The Great Village of Mixwater Mill.esp
	[71]     The Great City of Rorikstead.esp
	[72]     The Great City of Winterhold v4.esp
	[73]     ClefJ's Dragon Bridge.esp
	[74]     Lainalten.esp
	[75]     Sunthgat.esp
	[76]     AnotherOakwood.esp
	[77]     Reich Corigate.esp
	[78]     Granite Hill.esp
	[79]     Amber Guard.esp
	[7A]     Dunpar Wall.esp
	[7B]     Vernim Wood.esp
	[7C]     iWill_ARavensBreezeHome.esp
	[7D]     JK's Riverfall Cottage.esp
	[7E]     Eli_Sicarius' Refuge.esp
	[7F]     Eli_Ruska.esp
	[80]     WindPath.esp
	[81]     HearthfireMultiKid.esp
	[82]     This Is Jorrvaskr.esp
	[83]     Missives.esp
	[84]     Sepolcri.esp
	[85]     SkyrimSewers.esp
	[86]     Distinct Interiors.esp
	[87]     EEKs Whiterun Interiors.esp
	[88]     JK's Blue Palace.esp
	[89]     JK's College of Winterhold.esp
	[8A]     GG's Thieves Guild Headquarters.esp
	[8B]     DIS_Armor_Fractions.esp
	[8C]     DIS_Heavy_Legion.esp
	[8D]     ColovianFurClothes.esp
	[8E]     WACCF_Armor and Clothing Extension.esp
	[8F]     Dr_Bandolier.esp
	[90]     Cloaks.esp
	[91]     Cloaks - Dawnguard.esp
	[92]     Faction Crossbows.esp
	[93]     DawnguardArsenal.esp
	[94]     TW3Weaponry.esp
	[95]     icebladeofthemonarch.esp
	[96]     ktWeaponPackSE.esp
	[97]     PrvtIRoyalArmory.esp
	[98]     ZIA_Complete Pack.esp
	[99]     DiverseDragonsCollectionSE.esp
	[9A]     UltimateDragons.esp
	[9B]     KS Dragon Overhaul 2.esp
	[9C]     ACatsLife.esp
	[9D]     mihailashgolemexpansion.esp
	[9E]     mihailbanekins.esp
	[9F]     mihailgiantesses.esp
	[A0]     1Ogres.esp
	[A1]     DwemerSpectresLegendary.esp
	[A2]     LeftHandRings.esp
	[A3]     SL01AmuletsSkyrim.esp
	[A4]     SkyrimsUniqueTreasures.esp
	[A5]     WZOblivionArtifacts.esp
	[A6]     ArtifactsOfBoethiah.esp
	[A7]     Fossilsyum.esp
	[A8]     TreasureHunter.esp
	[A9]     dD - Enhanced Blood Main.esp
	[AA]     QuickLight.esp
	[AB]     QwibNewLanterns.esp
	[AC]     ENB Light.esp
	[AD]     Embers XD.esp
	[AE]     Stances - Dynamic Weapon Movesets SE.esp
	[AF]     ImmersiveInteractions.esp
	[B0]     TaberuAnimation.esp
	[B1]     Apocalypse - Magic of Skyrim.esp
	[B2]     Thunderchild - Epic Shout Package.esp
	[B3]     MysticismMagic.esp
	[B4]     SPERG-SSE.esp
	[B5]     PathOfSorcery.esp
	[B6]     Ordinator - Perks of Skyrim.esp
	[B7]     Apocalypse - Ordinator Compatibility Patch.esp
	[B8]     Thaumaturgy.esp
	[B9]     Triumvirate - Mage Archetypes.esp
	[BA]     Conduit.esp
	[BB]     DEST_ISL.esp
	[BC]     StrangeRunes.esp
	[BD]     GIST soul trap.esp
	[BE]     DragonbornShoutPerks.esp
	[BF]     SunHelmSurvival.esp
	[C0]     SunHelmWyrmstoothPatch.esp
	[C1]     SunHelmCampfireSkill.esp
	[C2]     Complete Crafting Overhaul_Remastered.esp
	[C3]     Apothecary.esp
	[C4]     ValhallaCombat.esp
	[C5]     Valravn - Integrated Combat of Skyrim.esp
	[C6]     SekiroCombat_II.esp
	[C7]     HotKeySkill.esp
	[C8]     J42_ArmorRatingRedux.esp
	[C9]     Fanatical Enemies.esp
	[CA]     The Restless Dead.esp
	[CB]     Better Vampire NPCs.esp
	[CC]     Bandit War.esp
	[CD]     Madmen.esp
	[CE]     VioLens SE.esp
	[CF]     TrueArmor.esp
	[D0]     SimplyBalanced.esp
	[D1]     Attack_DXP.esp
	[D2]     Trade & Barter.esp
	[D3]     TradeRoutes.esp
	[D4]     COINMerchantExchange.esp
	[D5]     AI Overhaul.esp
	[D6]     run for your lives.esp
	[D7]     Wintersun - Faiths of Skyrim.esp
	[D8]     nwsFollowerFramework.esp
	[D9]     SkyrimsGotTalent-Bards.esp
	[DA]     Paragliding.esp
	[DB]     Sacrosanct - Vampires of Skyrim.esp
	[DC]     Better Courier.esp
	[DD]     Water for ENB (Shades of Skyrim).esp
	[DE]     Skyrim Unbound.esp
	[DF]     Growl - Werebeasts of Skyrim.esp
	[E0]     Lux.esp
	[E1]     Northern Roads.esp
	[E2]     Atlas Map Markers.esp
	[E3]     DynDOLOD.esp
	[E4]     FWMF for Fantasy Paper Maps.esp
	[FE:  0] ccbgssse002-exoticarrows.esl
	[FE:  1] ccbgssse003-zombies.esl
	[FE:  2] ccbgssse004-ruinsedge.esl
	[FE:  3] ccbgssse005-goldbrand.esl
	[FE:  4] ccbgssse006-stendarshammer.esl
	[FE:  5] ccbgssse007-chrysamere.esl
	[FE:  6] ccbgssse010-petdwarvenarmoredmudcrab.esl
	[FE:  7] ccbgssse011-hrsarmrelvn.esl
	[FE:  8] ccbgssse012-hrsarmrstl.esl
	[FE:  9] ccbgssse014-spellpack01.esl
	[FE:  A] ccbgssse019-staffofsheogorath.esl
	[FE:  B] ccbgssse020-graycowl.esl
	[FE:  C] ccbgssse021-lordsmail.esl
	[FE:  D] ccmtysse001-knightsofthenine.esl
	[FE:  E] ccqdrsse001-survivalmode.esl
	[FE:  F] ccqdrsse002-firewood.esl
	[FE: 10] ccbgssse018-shadowrend.esl
	[FE: 11] ccbgssse035-petnhound.esl
	[FE: 12] ccfsvsse001-backpacks.esl
	[FE: 13] cceejsse002-tower.esl
	[FE: 14] ccedhsse001-norjewel.esl
	[FE: 15] ccvsvsse002-pets.esl
	[FE: 16] ccbgssse037-curios.esl
	[FE: 17] ccbgssse034-mntuni.esl
	[FE: 18] ccbgssse045-hasedoki.esl
	[FE: 19] ccbgssse008-wraithguard.esl
	[FE: 1A] ccbgssse036-petbwolf.esl
	[FE: 1B] ccffbsse001-imperialdragon.esl
	[FE: 1C] ccmtysse002-ve.esl
	[FE: 1D] ccbgssse043-crosselv.esl
	[FE: 1E] ccvsvsse001-winter.esl
	[FE: 1F] cceejsse003-hollow.esl
	[FE: 20] ccbgssse038-bowofshadows.esl
	[FE: 21] ccbgssse040-advobgobs.esl
	[FE: 22] ccbgssse050-ba_daedric.esl
	[FE: 23] ccbgssse052-ba_iron.esl
	[FE: 24] ccbgssse054-ba_orcish.esl
	[FE: 25] ccbgssse058-ba_steel.esl
	[FE: 26] ccbgssse059-ba_dragonplate.esl
	[FE: 27] ccbgssse061-ba_dwarven.esl
	[FE: 28] ccpewsse002-armsofchaos.esl
	[FE: 29] ccbgssse041-netchleather.esl
	[FE: 2A] ccedhsse002-splkntset.esl
	[FE: 2B] ccbgssse064-ba_elven.esl
	[FE: 2C] ccbgssse063-ba_ebony.esl
	[FE: 2D] ccbgssse062-ba_dwarvenmail.esl
	[FE: 2E] ccbgssse060-ba_dragonscale.esl
	[FE: 2F] ccbgssse056-ba_silver.esl
	[FE: 30] ccbgssse055-ba_orcishscaled.esl
	[FE: 31] ccbgssse053-ba_leather.esl
	[FE: 32] ccbgssse051-ba_daedricmail.esl
	[FE: 33] ccbgssse057-ba_stalhrim.esl
	[FE: 34] ccbgssse066-staves.esl
	[FE: 35] ccbgssse068-bloodfall.esl
	[FE: 36] ccbgssse069-contest.esl
	[FE: 37] ccvsvsse003-necroarts.esl
	[FE: 38] ccvsvsse004-beafarmer.esl
	[FE: 39] ccffbsse002-crossbowpack.esl
	[FE: 3A] ccbgssse013-dawnfang.esl
	[FE: 3B] ccrmssse001-necrohouse.esl
	[FE: 3C] ccedhsse003-redguard.esl
	[FE: 3D] cceejsse004-hall.esl
	[FE: 3E] cckrtsse001_altar.esl
	[FE: 3F] cccbhsse001-gaunt.esl
	[FE: 40] Unofficial Skyrim Creation Club Content Patch.esl
	[FE: 41] Vanilla Script MicroOptimizations.esl
	[FE: 42] AHZmoreHUD.esl
	[FE: 43] iWant Widgets.esl
	[FE: 44] Navigator-NavFixes.esl
	[FE: 45] SAS.esl
	[FE: 46] Exhaustion.esp
	[FE: 47] Landscape and Water Fixes.esp
	[FE: 48] OCF.esp
	[FE: 49] Cathedral - 3D Mountain Flowers.esp
	[FE: 4A] Lightened Skyrim - merged.esp
	[FE: 4B] BetterDynamicAsh-DisableRefs.esm
	[FE: 4C] Occ_Skyrim_AnnEdition.esp
	[FE: 4D] Partitioned snow Meshes.esl
	[FE: 4E] ProjectedGlacierSnow.esl
	[FE: 4F] Rainbows.esp
	[FE: 50] RASS - Visual Effects.esl
	[FE: 51] Lux - Resources.esp
	[FE: 52] Expressive Facegen Morphs.esl
	[FE: 53] Beards of Power.esp
	[FE: 54] Unslaad Bodyslide.esl
	[FE: 55] Vigilant Bodyslide.esl
	[FE: 56] LoverBoy_Brows.esl
	[FE: 57] Lux Orbis - Master plugin.esm
	[FE: 58] Heels Sound.esm
	[FE: 59] Seascale.esl
	[FE: 5A] FerrumNibenis.esl
	[FE: 5B] ColovianPrince.esl
	[FE: 5C] KvetchiMercenary.esl
	[FE: 5D] Armors of the Velothi Pt2.esl
	[FE: 5E] mephalasprelate.esl
	[FE: 5F] siltstriderarmor.esl
	[FE: 60] 1Dwemer.esl
	[FE: 61] 1NGarmor.esl
	[FE: 62] 1FalconerArmor.esl
	[FE: 63] 1WR.esl
	[FE: 64] 1DustAdeptArmor.esl
	[FE: 65] 1Markynaz.esl
	[FE: 66] KozakowyMDPOutfit.esl
	[FE: 67] EVGAnimatedTraversal.esl
	[FE: 68] Markarth - City of Stone.esp
	[FE: 69] Wood Chopping Block for Markarth.esp
	[FE: 6A] SmoothCam.esl
	[FE: 6B] Lux - Master plugin.esm
	[FE: 6C] 11Debaser.esl
	[FE: 6D] RTRWolfWarriorAxe.esl
	[FE: 6E] RTRWolfWarriorSeax.esl
	[FE: 6F] RTRWolfWarriorSword.esl
	[FE: 70] 1HSS.esl
	[FE: 71] 1NamelessSaber.esl
	[FE: 72] 11Debaser - LOTD patch by Xtudo.esl
	[FE: 73] MoragTongGrandmaster.esl
	[FE: 74] RegalPaladinArmor.esl
	[FE: 75] 1YsmirArmorSE.esl
	[FE: 76] 1FleshColossus.esl
	[FE: 77] WornUndead.esl
	[FE: 78] CC'sEnhancedOreVeinsSSE-HearthfirePatch.esl
	[FE: 79] Vibrant weapons.esl
	[FE: 7A] DynamicCollisionAdjustment.esl
	[FE: 7B] StandingAmbusherFix.esl
	[FE: 7C] VigilantHiResPackSE.esl
	[FE: 7D] ShootingStars.esp
	[FE: 7E] Shockwave.esl
	[FE: 7F] Astral.esl
	[FE: 80] StormCalling.esl
	[FE: 81] Supernova.esl
	[FE: 82] Lightpower.esl
	[FE: 83] W3S.esl
	[FE: 84] Ghostlight.esl
	[FE: 85] AncientBloodII.esl
	[FE: 86] Dwarfsphere_Weapons.esl
	[FE: 87] LOTD Skill Trees.esp
	[FE: 88] CrownPlate.esl
	[FE: 89] OCPA.esl
	[FE: 8A] blockenchantments.esl
	[FE: 8B] 1Imps.esl
	[FE: 8C] AnimatedShips.esl
	[FE: 8D] TheLastJourney.esp
	[FE: 8E] AegisAnuad.esl
	[FE: 8F] EastholdTotemicSet.esl
	[FE: 90] Natural Waterfalls - Dawnguard.esp
	[FE: 91] Natural Waterfalls - Dragonborn.esp
	[FE: 92] Natural Waterfalls - Blackreach.esp
	[FE: 93] Dismembering Framework.esm
	[FE: 94] Experience.esl
	[FE: 95] ApachiiHair.esm
	[FE: 96] ApachiiHairFemales.esm
	[FE: 97] TES4WaitMenu.esl
	[FE: 98] IceLOD.esl
	[FE: 99] IcyFixesLite.esl
	[FE: 9A] WindhelmIcicles.esl
	[FE: 9B] TheNewGentleman.esp
	[FE: 9C] TrueHUD.esl
	[FE: 9D] draugr armor warrior.esl
	[FE: 9E] Lvx_Curved_Sword.esl
	[FE: 9F] ApachiiHairMales.esm
	[FE: A0] High Poly Head.esm
	[FE: A1] Storm_Calling_Magic_2_USSEP.esp
	[FE: A2] SightlessNavFix.esp
	[FE: A3] Mod Manager Menu Disabled.esp
	[FE: A4] Dynamic Activation Key.esp
	[FE: A5] Dynamic Activation Key - MCM.esp
	[FE: A6] DynamicArmorMenu.esp
	[FE: A7] DAV_HiddenEquipment.esp
	[FE: A8] HD Lods SSE.esp
	[FE: A9] Particle Patch for ENB.esp
	[FE: AA] ISC USSEP Patch.esp
	[FE: AB] AOS_ISC_Integration.esp
	[FE: AC] QuietBetterJumpingCGO.esp
	[FE: AD] Keytrace.esp
	[FE: AE] bleedoutFix.esp
	[FE: AF] FormList-Patch-Collection_ITMs.esp
	[FE: B0] ChillwindDephts.esp
	[FE: B1] Disable Auto Vanity Mode.esp
	[FE: B2] MannequinManagement.esp
	[FE: B3] stuck on screen fix.esp
	[FE: B4] UlfricTulliusGMAB.esp
	[FE: B5] Southfringe Crash Fix.esp
	[FE: B6] StalhrimSourceFix.esp
	[FE: B7] Fast Travel Crash Fix.esp
	[FE: B8] TaarieDialFix.esp
	[FE: B9] ExcuseMe.esp
	[FE: BA] Quest Journal Limit Bug Fixer.esp
	[FE: BB] GDO_MCM.esp
	[FE: BC] CC Misc Patches - Arcane Accessories.esp
	[FE: BD] CC Misc Patches - Arcane Archer Pack.esp
	[FE: BE] CC Misc Patches - Bittercup.esp
	[FE: BF] CC Misc Patches - Bloodchill Manor.esp
	[FE: C0] CC Misc Patches - Bone Wolf Additions.esp
	[FE: C1] CC Misc Patches - Bow of Shadows.esp
	[FE: C2] CC Misc Patches - Chrysamere.esp
	[FE: C3] CC Misc Patches - Civil War Champions.esp
	[FE: C4] CC Misc Patches - Dawnfang and Duskfang.esp
	[FE: C5] CC Misc Patches - Dead Man's Dread.esp
	[FE: C6] CC Misc Patches - Divine Crusader.esp
	[FE: C7] CC Misc Patches - Fearsome Fists.esp
	[FE: C8] CC Misc Patches - Fishing.esp
