InsertAttackData64 Plugin
Hooking TESRace::LoadForm
Patched
Reading attack data json
found file Data\Meshes\AttackData\Dragon.json
Done
successfully loaded race with formid 00109C7C and name Fox
successfully loaded race with formid 00108272 and name Breton
successfully loaded race with formid 0010760A and name Nord
successfully loaded race with formid 00106C10 and name Wolf
successfully loaded race with formid 001052A3 and name Dragon Race
(NEW) UndeadDragonRace::ParryAttack
    attackangle = 0
    attackchance = 1
    bashattack = false
    damagemult = 1.5
    ignoreweapon = false
    knockdown = 0
    leftattack = false
    powerattack = false
    recoverytime = 0
    rotatingattack = false
    stagger = 1.5
    staminamult = 1
    strikeangle = 40
(NEW) UndeadDragonRace::attackStartBiteEnrage
    attackangle = 0
    attackchance = 1
    bashattack = false
    damagemult = 1.5
    ignoreweapon = false
    knockdown = 0
    leftattack = false
    powerattack = false
    recoverytime = 0
    rotatingattack = false
    stagger = 1.5
    staminamult = 1
    strikeangle = 65
(NEW) UndeadDragonRace::attackStartBiteOverhead
    attackangle = 0
    attackchance = 1
    bashattack = false
    damagemult = 1.5
    ignoreweapon = false
    knockdown = 0
    leftattack = false
    powerattack = false
    recoverytime = 0
    rotatingattack = false
    stagger = 1.5
    staminamult = 1
    strikeangle = 40
(NEW) UndeadDragonRace::attackStartBiteRunForward
    attackangle = 0
    attackchance = 1
    bashattack = false
    damagemult = 1.8
    ignoreweapon = false
    knockdown = 0
    leftattack = false
    powerattack = false
    recoverytime = 0
    rotatingattack = false
    stagger = 1.5
    staminamult = 1
    strikeangle = 35
(NEW) UndeadDragonRace::attackStartBiteTurnLeft
    attackangle = -45
    attackchance = 1
    bashattack = false
    damagemult = 1.5
    ignoreweapon = false
    knockdown = 0
    leftattack = false
    powerattack = false
    recoverytime = 0
    rotatingattack = false
    stagger = 1.5
    staminamult = 1
    strikeangle = 40
(NEW) UndeadDragonRace::attackStartBiteTurnRight
    attackangle = 45
    attackchance = 1
    bashattack = false
    damagemult = 1.5
    ignoreweapon = false
    knockdown = 0
    leftattack = false
    powerattack = false
    recoverytime = 0
    rotatingattack = false
    stagger = 1.5
    staminamult = 1
    strikeangle = 40
(NEW) UndeadDragonRace::attackStartStampLeft
    attackangle = -80
    attackchance = 1
    bashattack = false
    damagemult = 1
    ignoreweapon = false
    knockdown = 0
    leftattack = false
    powerattack = false
    recoverytime = 0
    rotatingattack = false
    stagger = 1.5
    staminamult = 1
    strikeangle = 45
(NEW) UndeadDragonRace::attackStartStampRight
    attackangle = 80
    attackchance = 1
    bashattack = false
    damagemult = 1
    ignoreweapon = false
    knockdown = 0
    leftattack = false
    powerattack = false
    recoverytime = 0
    rotatingattack = false
    stagger = 1.5
    staminamult = 1
    strikeangle = 45
(NEW) UndeadDragonRace::attackStartTailTurnLeft
    attackangle = 170
    attackchance = 1
    bashattack = false
    damagemult = 3
    ignoreweapon = false
    knockdown = 0
    leftattack = false
    powerattack = false
    recoverytime = 0
    rotatingattack = false
    stagger = 1.5
    staminamult = 1
    strikeangle = 90
(NEW) UndeadDragonRace::attackStartTailTurnRight
    attackangle = 90
    attackchance = 1
    bashattack = false
    damagemult = 2
    ignoreweapon = false
    knockdown = 0
    leftattack = false
    powerattack = false
    recoverytime = 0
    rotatingattack = false
    stagger = 1.5
    staminamult = 1
    strikeangle = 45
(NEW) UndeadDragonRace::attackStartTailWhip
    attackangle = 180
    attackchance = 1
    bashattack = false
    damagemult = 1.5
    ignoreweapon = false
    knockdown = 0
    leftattack = false
    powerattack = false
    recoverytime = 0
    rotatingattack = false
    stagger = 1.5
    staminamult = 1
    strikeangle = 42
successfully loaded race with formid 00104F45 and name Deer
successfully loaded race with formid 000F905F and name Dog
successfully loaded race with formid 000F71DC and name Draugr
successfully loaded race with formid 000F3903 and name Spriggan
successfully loaded race with formid 000EBE18 and name Dragon Priest
race has no attack data, returning
successfully loaded race with formid 000EB872 and name Skeleton
successfully loaded race with formid 000F1AC4 and name Dog
successfully loaded race with formid 000F1182 and name Wisp
successfully loaded race with formid 000DE505 and name Horse
successfully loaded race with formid 000CD657 and name Dog
successfully loaded race with formid 000B6F95 and name Essence of Magicka
successfully loaded race with formid 000A919D and name Rabbit
race has no attack data, returning
successfully loaded race with formid 00097A3D and name Breton
successfully loaded race with formid 0007EAF3 and name Nord
successfully loaded race with formid 0006DC99 and name Rabbit
race has no attack data, returning
successfully loaded race with formid 000E7713 and name Dragon Race
(NEW) AlduinRace::ParryAttack
    attackangle = 0
    attackchance = 1
    bashattack = false
    damagemult = 1.5
    ignoreweapon = false
    knockdown = 0
    leftattack = false
    powerattack = false
    recoverytime = 0
    rotatingattack = false
    stagger = 1.5
    staminamult = 1
    strikeangle = 40
(NEW) AlduinRace::attackStartBiteEnrage
    attackangle = 0
    attackchance = 1
    bashattack = false
    damagemult = 1.5
    ignoreweapon = false
    knockdown = 0
    leftattack = false
    powerattack = false
    recoverytime = 0
    rotatingattack = false
    stagger = 1.5
    staminamult = 1
    strikeangle = 65
(NEW) AlduinRace::attackStartBiteOverhead
    attackangle = 0
    attackchance = 1
    bashattack = false
    damagemult = 1.5
    ignoreweapon = false
    knockdown = 0
    leftattack = false
    powerattack = false
    recoverytime = 0
    rotatingattack = false
    stagger = 1.5
    staminamult = 1
    strikeangle = 40
(NEW) AlduinRace::attackStartBiteRunForward
    attackangle = 0
    attackchance = 1
    bashattack = false
    damagemult = 1.8
    ignoreweapon = false
    knockdown = 0
    leftattack = false
    powerattack = false
    recoverytime = 0
    rotatingattack = false
    stagger = 1.5
    staminamult = 1
    strikeangle = 35
(NEW) AlduinRace::attackStartBiteTurnLeft
    attackangle = -45
    attackchance = 1
    bashattack = false
    damagemult = 1.5
    ignoreweapon = false
    knockdown = 0
    leftattack = false
    powerattack = false
    recoverytime = 0
    rotatingattack = false
    stagger = 1.5
    staminamult = 1
    strikeangle = 40
(NEW) AlduinRace::attackStartBiteTurnRight
    attackangle = 45
    attackchance = 1
    bashattack = false
    damagemult = 1.5
    ignoreweapon = false
    knockdown = 0
    leftattack = false
    powerattack = false
    recoverytime = 0
    rotatingattack = false
    stagger = 1.5
    staminamult = 1
    strikeangle = 40
(NEW) AlduinRace::attackStartStampLeft
    attackangle = -80
    attackchance = 1
    bashattack = false
    damagemult = 1
    ignoreweapon = false
    knockdown = 0
    leftattack = false
    powerattack = false
    recoverytime = 0
    rotatingattack = false
    stagger = 1.5
    staminamult = 1
    strikeangle = 45
(NEW) AlduinRace::attackStartStampRight
    attackangle = 80
    attackchance = 1
    bashattack = false
    damagemult = 1
    ignoreweapon = false
    knockdown = 0
    leftattack = false
    powerattack = false
    recoverytime = 0
    rotatingattack = false
    stagger = 1.5
    staminamult = 1
    strikeangle = 45
(NEW) AlduinRace::attackStartTailTurnLeft
    attackangle = 170
    attackchance = 1
    bashattack = false
    damagemult = 3
    ignoreweapon = false
    knockdown = 0
    leftattack = false
    powerattack = false
    recoverytime = 0
    rotatingattack = false
    stagger = 1.5
    staminamult = 1
    strikeangle = 90
(NEW) AlduinRace::attackStartTailTurnRight
    attackangle = 90
    attackchance = 1
    bashattack = false
    damagemult = 2
    ignoreweapon = false
    knockdown = 0
    leftattack = false
    powerattack = false
    recoverytime = 0
    rotatingattack = false
    stagger = 1.5
    staminamult = 1
    strikeangle = 45
(NEW) AlduinRace::attackStartTailWhip
    attackangle = 180
    attackchance = 1
    bashattack = false
    damagemult = 1.5
    ignoreweapon = false
    knockdown = 0
    leftattack = false
    powerattack = false
    recoverytime = 0
    rotatingattack = false
    stagger = 1.5
    staminamult = 1
    strikeangle = 42
successfully loaded race with formid 000CF89B and name Deer
successfully loaded race with formid 000CDD84 and name Werewolf
successfully loaded race with formid 000CAE13 and name Giant
successfully loaded race with formid 000C3EDF and name Skeever
successfully loaded race with formid 000B9FD7 and name Skeleton
successfully loaded race with formid 000A82BA and name Old People Race
successfully loaded race with formid 000A82B9 and name Orc
successfully loaded race with formid 00088884 and name Wood Elf
successfully loaded race with formid 00088846 and name Redguard
successfully loaded race with formid 00088845 and name Khajiit
successfully loaded race with formid 00088844 and name Imperial
successfully loaded race with formid 00088840 and name High Elf
successfully loaded race with formid 0008883D and name Dark Elf
successfully loaded race with formid 0008883C and name Breton
successfully loaded race with formid 0008883A and name Argonian
successfully loaded race with formid 00088794 and name Nord
successfully loaded race with formid 000BA545 and name MudCrab
successfully loaded race with formid 000B7998 and name Skeleton
successfully loaded race with formid 000B214B and name 
successfully loaded race with formid 000A5601 and name Chaurus
successfully loaded race with formid 0009AA44 and name Witchlight
successfully loaded race with formid 0009AA3C and name Witchlight
successfully loaded race with formid 00071E6A and name Invisible Race
successfully loaded race with formid 0006FC4A and name Goat
successfully loaded race with formid 00067CD8 and name Old People Race
successfully loaded race with formid 00053477 and name Frostbite Spider
successfully loaded race with formid 0004E785 and name HighlandCow
successfully loaded race with formid 0004E507 and name Frostbite Spider
successfully loaded race with formid 0002C65C and name Breton
successfully loaded race with formid 0002C65B and name Nord
successfully loaded race with formid 0002C65A and name Redguard
successfully loaded race with formid 0002C659 and name Imperial
successfully loaded race with formid 00013749 and name Wood Elf
successfully loaded race with formid 00013748 and name Redguard
successfully loaded race with formid 00013747 and name Orc
successfully loaded race with formid 00013746 and name Nord
successfully loaded race with formid 00013745 and name Khajiit
successfully loaded race with formid 00013744 and name Imperial
successfully loaded race with formid 00013743 and name High Elf
successfully loaded race with formid 00013742 and name Dark Elf
successfully loaded race with formid 00013741 and name Breton
successfully loaded race with formid 00013740 and name Argonian
successfully loaded race with formid 0001320A and name Wolf
successfully loaded race with formid 00013209 and name Witchlight
successfully loaded race with formid 00013208 and name Wisp
successfully loaded race with formid 00013206 and name Snow Troll
successfully loaded race with formid 00013205 and name Troll
successfully loaded race with formid 00013204 and name Spriggan
successfully loaded race with formid 00013203 and name Slaughterfish
successfully loaded race with formid 00013202 and name Snowy Sabre Cat
successfully loaded race with formid 00013201 and name Skeever
successfully loaded race with formid 00013200 and name Sabre Cat
successfully loaded race with formid 000131FF and name Mammoth
successfully loaded race with formid 000131FE and name Ice Wraith
successfully loaded race with formid 000131FD and name Horse
successfully loaded race with formid 000131FC and name Horker
successfully loaded race with formid 000131FB and name Hagraven
successfully loaded race with formid 000131FA and name Goat
successfully loaded race with formid 000131F9 and name Giant
successfully loaded race with formid 000131F8 and name Frostbite Spider
successfully loaded race with formid 000131F7 and name Storm Atronach
successfully loaded race with formid 000131F6 and name Frost Atronach
successfully loaded race with formid 000131F5 and name Flame Atronach
successfully loaded race with formid 000131F4 and name Falmer
successfully loaded race with formid 000131F3 and name Dwarven Spider
successfully loaded race with formid 000131F2 and name Dwarven Sphere
successfully loaded race with formid 000131F1 and name Dwarven Centurion
successfully loaded race with formid 000131F0 and name Dremora
successfully loaded race with formid 000131EF and name Dragon Priest
race has no attack data, returning
successfully loaded race with formid 000131EE and name Dog
successfully loaded race with formid 000131ED and name Deer
successfully loaded race with formid 000131EB and name Chaurus
successfully loaded race with formid 000131E9 and name Snow Bear
successfully loaded race with formid 000131E8 and name Cave Bear
successfully loaded race with formid 000131E7 and name Bear
successfully loaded race with formid 00012E82 and name Dragon Race
(NEW) DragonRace::ParryAttack
    attackangle = 0
    attackchance = 1
    bashattack = false
    damagemult = 1.5
    ignoreweapon = false
    knockdown = 0
    leftattack = false
    powerattack = false
    recoverytime = 0
    rotatingattack = false
    stagger = 1.5
    staminamult = 1
    strikeangle = 40
(NEW) DragonRace::attackStartBiteEnrage
    attackangle = 0
    attackchance = 1
    bashattack = false
    damagemult = 1.5
    ignoreweapon = false
    knockdown = 0
    leftattack = false
    powerattack = false
    recoverytime = 0
    rotatingattack = false
    stagger = 1.5
    staminamult = 1
    strikeangle = 65
(NEW) DragonRace::attackStartBiteOverhead
    attackangle = 0
    attackchance = 1
    bashattack = false
    damagemult = 1.5
    ignoreweapon = false
    knockdown = 0
    leftattack = false
    powerattack = false
    recoverytime = 0
    rotatingattack = false
    stagger = 1.5
    staminamult = 1
    strikeangle = 40
(NEW) DragonRace::attackStartBiteRunForward
    attackangle = 0
    attackchance = 1
    bashattack = false
    damagemult = 1.8
    ignoreweapon = false
    knockdown = 0
    leftattack = false
    powerattack = false
    recoverytime = 0
    rotatingattack = false
    stagger = 1.5
    staminamult = 1
    strikeangle = 35
(NEW) DragonRace::attackStartBiteTurnLeft
    attackangle = -45
    attackchance = 1
    bashattack = false
    damagemult = 1.5
    ignoreweapon = false
    knockdown = 0
    leftattack = false
    powerattack = false
    recoverytime = 0
    rotatingattack = false
    stagger = 1.5
    staminamult = 1
    strikeangle = 40
(NEW) DragonRace::attackStartBiteTurnRight
    attackangle = 45
    attackchance = 1
    bashattack = false
    damagemult = 1.5
    ignoreweapon = false
    knockdown = 0
    leftattack = false
    powerattack = false
    recoverytime = 0
    rotatingattack = false
    stagger = 1.5
    staminamult = 1
    strikeangle = 40
(NEW) DragonRace::attackStartStampLeft
    attackangle = -80
    attackchance = 1
    bashattack = false
    damagemult = 1
    ignoreweapon = false
    knockdown = 0
    leftattack = false
    powerattack = false
    recoverytime = 0
    rotatingattack = false
    stagger = 1.5
    staminamult = 1
    strikeangle = 45
(NEW) DragonRace::attackStartStampRight
    attackangle = 80
    attackchance = 1
    bashattack = false
    damagemult = 1
    ignoreweapon = false
    knockdown = 0
    leftattack = false
    powerattack = false
    recoverytime = 0
    rotatingattack = false
    stagger = 1.5
    staminamult = 1
    strikeangle = 45
(NEW) DragonRace::attackStartTailTurnLeft
    attackangle = 170
    attackchance = 1
    bashattack = false
    damagemult = 3
    ignoreweapon = false
    knockdown = 0
    leftattack = false
    powerattack = false
    recoverytime = 0
    rotatingattack = false
    stagger = 1.5
    staminamult = 1
    strikeangle = 90
(NEW) DragonRace::attackStartTailTurnRight
    attackangle = 90
    attackchance = 1
    bashattack = false
    damagemult = 2
    ignoreweapon = false
    knockdown = 0
    leftattack = false
    powerattack = false
    recoverytime = 0
    rotatingattack = false
    stagger = 1.5
    staminamult = 1
    strikeangle = 45
(NEW) DragonRace::attackStartTailWhip
    attackangle = 180
    attackchance = 1
    bashattack = false
    damagemult = 1.5
    ignoreweapon = false
    knockdown = 0
    leftattack = false
    powerattack = false
    recoverytime = 0
    rotatingattack = false
    stagger = 1.5
    staminamult = 1
    strikeangle = 42
successfully loaded race with formid 00000D53 and name Draugr
successfully loaded race with formid 00000019 and name Default Race
successfully loaded race with formid 0010760A and name Nord
successfully loaded race with formid 000DE505 and name Horse
successfully loaded race with formid 000131FD and name Horse
successfully loaded race with formid 01002F93 and name Dog
successfully loaded race with formid 01002F74 and name Dog
successfully loaded race with formid 001052A3 and name Dragon Race
(NEW) UndeadDragonRace::ParryAttack
    attackangle = 0
    attackchance = 1
    bashattack = false
    damagemult = 1.5
    ignoreweapon = false
    knockdown = 0
    leftattack = false
    powerattack = false
    recoverytime = 0
    rotatingattack = false
    stagger = 1.5
    staminamult = 1
    strikeangle = 40
(NEW) UndeadDragonRace::attackStartBiteEnrage
    attackangle = 0
    attackchance = 1
    bashattack = false
    damagemult = 1.5
    ignoreweapon = false
    knockdown = 0
    leftattack = false
    powerattack = false
    recoverytime = 0
    rotatingattack = false
    stagger = 1.5
    staminamult = 1
    strikeangle = 65
(NEW) UndeadDragonRace::attackStartBiteOverhead
    attackangle = 0
    attackchance = 1
    bashattack = false
    damagemult = 1.5
    ignoreweapon = false
    knockdown = 0
    leftattack = false
    powerattack = false
    recoverytime = 0
    rotatingattack = false
    stagger = 1.5
    staminamult = 1
    strikeangle = 40
(NEW) UndeadDragonRace::attackStartBiteRunForward
    attackangle = 0
    attackchance = 1
    bashattack = false
    damagemult = 1.8
    ignoreweapon = false
    knockdown = 0
    leftattack = false
    powerattack = false
    recoverytime = 0
    rotatingattack = false
    stagger = 1.5
    staminamult = 1
    strikeangle = 35
(NEW) UndeadDragonRace::attackStartBiteTurnLeft
    attackangle = -45
    attackchance = 1
    bashattack = false
    damagemult = 1.5
    ignoreweapon = false
    knockdown = 0
    leftattack = false
    powerattack = false
    recoverytime = 0
    rotatingattack = false
    stagger = 1.5
    staminamult = 1
    strikeangle = 40
(NEW) UndeadDragonRace::attackStartBiteTurnRight
    attackangle = 45
    attackchance = 1
    bashattack = false
    damagemult = 1.5
    ignoreweapon = false
    knockdown = 0
    leftattack = false
    powerattack = false
    recoverytime = 0
    rotatingattack = false
    stagger = 1.5
    staminamult = 1
    strikeangle = 40
(NEW) UndeadDragonRace::attackStartStampLeft
    attackangle = -80
    attackchance = 1
    bashattack = false
    damagemult = 1
    ignoreweapon = false
    knockdown = 0
    leftattack = false
    powerattack = false
    recoverytime = 0
    rotatingattack = false
    stagger = 1.5
    staminamult = 1
    strikeangle = 45
(NEW) UndeadDragonRace::attackStartStampRight
    attackangle = 80
    attackchance = 1
    bashattack = false
    damagemult = 1
    ignoreweapon = false
    knockdown = 0
    leftattack = false
    powerattack = false
    recoverytime = 0
    rotatingattack = false
    stagger = 1.5
    staminamult = 1
    strikeangle = 45
(NEW) UndeadDragonRace::attackStartTailTurnLeft
    attackangle = 170
    attackchance = 1
    bashattack = false
    damagemult = 3
    ignoreweapon = false
    knockdown = 0
    leftattack = false
    powerattack = false
    recoverytime = 0
    rotatingattack = false
    stagger = 1.5
    staminamult = 1
    strikeangle = 90
(NEW) UndeadDragonRace::attackStartTailTurnRight
    attackangle = 90
    attackchance = 1
    bashattack = false
    damagemult = 2
    ignoreweapon = false
    knockdown = 0
    leftattack = false
    powerattack = false
    recoverytime = 0
    rotatingattack = false
    stagger = 1.5
    staminamult = 1
    strikeangle = 45
(NEW) UndeadDragonRace::attackStartTailWhip
    attackangle = 180
    attackchance = 1
    bashattack = false
    damagemult = 1.5
    ignoreweapon = false
    knockdown = 0
    leftattack = false
    powerattack = false
    recoverytime = 0
    rotatingattack = false
    stagger = 1.5
    staminamult = 1
    strikeangle = 42
successfully loaded race with formid 00012E82 and name Dragon Race
(NEW) DragonRace::ParryAttack
    attackangle = 0
    attackchance = 1
    bashattack = false
    damagemult = 1.5
    ignoreweapon = false
    knockdown = 0
    leftattack = false
    powerattack = false
    recoverytime = 0
    rotatingattack = false
    stagger = 1.5
    staminamult = 1
    strikeangle = 40
(NEW) DragonRace::attackStartBiteEnrage
    attackangle = 0
    attackchance = 1
    bashattack = false
    damagemult = 1.5
    ignoreweapon = false
    knockdown = 0
    leftattack = false
    powerattack = false
    recoverytime = 0
    rotatingattack = false
    stagger = 1.5
    staminamult = 1
    strikeangle = 65
(NEW) DragonRace::attackStartBiteOverhead
    attackangle = 0
    attackchance = 1
    bashattack = false
    damagemult = 1.5
    ignoreweapon = false
    knockdown = 0
    leftattack = false
    powerattack = false
    recoverytime = 0
    rotatingattack = false
    stagger = 1.5
    staminamult = 1
    strikeangle = 40
(NEW) DragonRace::attackStartBiteRunForward
    attackangle = 0
    attackchance = 1
    bashattack = false
    damagemult = 1.8
    ignoreweapon = false
    knockdown = 0
    leftattack = false
    powerattack = false
    recoverytime = 0
    rotatingattack = false
    stagger = 1.5
    staminamult = 1
    strikeangle = 35
(NEW) DragonRace::attackStartBiteTurnLeft
    attackangle = -45
    attackchance = 1
    bashattack = false
    damagemult = 1.5
    ignoreweapon = false
    knockdown = 0
    leftattack = false
    powerattack = false
    recoverytime = 0
    rotatingattack = false
    stagger = 1.5
    staminamult = 1
    strikeangle = 40
(NEW) DragonRace::attackStartBiteTurnRight
    attackangle = 45
    attackchance = 1
    bashattack = false
    damagemult = 1.5
    ignoreweapon = false
    knockdown = 0
    leftattack = false
    powerattack = false
    recoverytime = 0
    rotatingattack = false
    stagger = 1.5
    staminamult = 1
    strikeangle = 40
(NEW) DragonRace::attackStartStampLeft
    attackangle = -80
    attackchance = 1
    bashattack = false
    damagemult = 1
    ignoreweapon = false
    knockdown = 0
    leftattack = false
    powerattack = false
    recoverytime = 0
    rotatingattack = false
    stagger = 1.5
    staminamult = 1
    strikeangle = 45
(NEW) DragonRace::attackStartStampRight
    attackangle = 80
    attackchance = 1
    bashattack = false
    damagemult = 1
    ignoreweapon = false
    knockdown = 0
    leftattack = false
    powerattack = false
    recoverytime = 0
    rotatingattack = false
    stagger = 1.5
    staminamult = 1
    strikeangle = 45
(NEW) DragonRace::attackStartTailTurnLeft
    attackangle = 170
    attackchance = 1
    bashattack = false
    damagemult = 3
    ignoreweapon = false
    knockdown = 0
    leftattack = false
    powerattack = false
    recoverytime = 0
    rotatingattack = false
    stagger = 1.5
    staminamult = 1
    strikeangle = 90
(NEW) DragonRace::attackStartTailTurnRight
    attackangle = 90
    attackchance = 1
    bashattack = false
    damagemult = 2
    ignoreweapon = false
    knockdown = 0
    leftattack = false
    powerattack = false
    recoverytime = 0
    rotatingattack = false
    stagger = 1.5
    staminamult = 1
    strikeangle = 45
(NEW) DragonRace::attackStartTailWhip
    attackangle = 180
    attackchance = 1
    bashattack = false
    damagemult = 1.5
    ignoreweapon = false
    knockdown = 0
    leftattack = false
    powerattack = false
    recoverytime = 0
    rotatingattack = false
    stagger = 1.5
    staminamult = 1
    strikeangle = 42
successfully loaded race with formid 00013740 and name Argonian
successfully loaded race with formid 0008883A and name Argonian
successfully loaded race with formid 00013741 and name Breton
successfully loaded race with formid 0008883C and name Breton
successfully loaded race with formid 00013742 and name Dark Elf
successfully loaded race with formid 0008883D and name Dark Elf
successfully loaded race with formid 00013743 and name High Elf
successfully loaded race with formid 00088840 and name High Elf
successfully loaded race with formid 00013744 and name Imperial
successfully loaded race with formid 00088844 and name Imperial
successfully loaded race with formid 00013745 and name Khajiit
successfully loaded race with formid 00088845 and name Khajiit
successfully loaded race with formid 00013746 and name Nord
successfully loaded race with formid 00088794 and name Nord
successfully loaded race with formid 00013747 and name Orc
successfully loaded race with formid 000A82B9 and name Orc
successfully loaded race with formid 00013748 and name Redguard
successfully loaded race with formid 00088846 and name Redguard
successfully loaded race with formid 00013749 and name Wood Elf
successfully loaded race with formid 00088884 and name Wood Elf
successfully loaded race with formid 020122B7 and name Dog
successfully loaded race with formid 000EB872 and name Skeleton
successfully loaded race with formid 00088845 and name Khajiit
successfully loaded race with formid 02010D00 and name Gargoyle
successfully loaded race with formid 0200E88A and name Nord
successfully loaded race with formid 02003D02 and name Deathhound
successfully loaded race with formid 02003D01 and name Dog
successfully loaded race with formid 02002AE0 and name Witchlight
successfully loaded race with formid 0201AACC and name Falmer
successfully loaded race with formid 02019FD3 and name Skeleton
successfully loaded race with formid 02019D86 and name Gargoyle
successfully loaded race with formid 000CDD84 and name Werewolf
successfully loaded race with formid 02018B36 and name Dog
successfully loaded race with formid 02018B33 and name Dog
successfully loaded race with formid 000F3903 and name Spriggan
successfully loaded race with formid 0009AA44 and name Witchlight
successfully loaded race with formid 00013204 and name Spriggan
successfully loaded race with formid 02015C34 and name The Forgemaster
successfully loaded race with formid 02015136 and name Chaurus
successfully loaded race with formid 02013B77 and name Spriggan
successfully loaded race with formid 020117F5 and name Troll
successfully loaded race with formid 020117F4 and name Snow Troll
successfully loaded race with formid 020117DE and name Dragon Race
(NEW) DLC1UndeadDragonRace::ParryAttack
    attackangle = 0
    attackchance = 1
    bashattack = false
    damagemult = 1.5
    ignoreweapon = false
    knockdown = 0
    leftattack = false
    powerattack = false
    recoverytime = 0
    rotatingattack = false
    stagger = 1.5
    staminamult = 1
    strikeangle = 40
(NEW) DLC1UndeadDragonRace::attackStartBiteEnrage
    attackangle = 0
    attackchance = 1
    bashattack = false
    damagemult = 1.5
    ignoreweapon = false
    knockdown = 0
    leftattack = false
    powerattack = false
    recoverytime = 0
    rotatingattack = false
    stagger = 1.5
    staminamult = 1
    strikeangle = 65
(NEW) DLC1UndeadDragonRace::attackStartBiteOverhead
    attackangle = 0
    attackchance = 1
    bashattack = false
    damagemult = 1.5
    ignoreweapon = false
    knockdown = 0
    leftattack = false
    powerattack = false
    recoverytime = 0
    rotatingattack = false
    stagger = 1.5
    staminamult = 1
    strikeangle = 40
(NEW) DLC1UndeadDragonRace::attackStartBiteRunForward
    attackangle = 0
    attackchance = 1
    bashattack = false
    damagemult = 1.8
    ignoreweapon = false
    knockdown = 0
    leftattack = false
    powerattack = false
    recoverytime = 0
    rotatingattack = false
    stagger = 1.5
    staminamult = 1
    strikeangle = 35
(NEW) DLC1UndeadDragonRace::attackStartBiteTurnLeft
    attackangle = -45
    attackchance = 1
    bashattack = false
    damagemult = 1.5
    ignoreweapon = false
    knockdown = 0
    leftattack = false
    powerattack = false
    recoverytime = 0
    rotatingattack = false
    stagger = 1.5
    staminamult = 1
    strikeangle = 40
(NEW) DLC1UndeadDragonRace::attackStartBiteTurnRight
    attackangle = 45
    attackchance = 1
    bashattack = false
    damagemult = 1.5
    ignoreweapon = false
    knockdown = 0
    leftattack = false
    powerattack = false
    recoverytime = 0
    rotatingattack = false
    stagger = 1.5
    staminamult = 1
    strikeangle = 40
(NEW) DLC1UndeadDragonRace::attackStartStampLeft
    attackangle = -80
    attackchance = 1
    bashattack = false
    damagemult = 1
    ignoreweapon = false
    knockdown = 0
    leftattack = false
    powerattack = false
    recoverytime = 0
    rotatingattack = false
    stagger = 1.5
    staminamult = 1
    strikeangle = 45
(NEW) DLC1UndeadDragonRace::attackStartStampRight
    attackangle = 80
    attackchance = 1
    bashattack = false
    damagemult = 1
    ignoreweapon = false
    knockdown = 0
    leftattack = false
    powerattack = false
    recoverytime = 0
    rotatingattack = false
    stagger = 1.5
    staminamult = 1
    strikeangle = 45
(NEW) DLC1UndeadDragonRace::attackStartTailTurnLeft
    attackangle = 170
    attackchance = 1
    bashattack = false
    damagemult = 3
    ignoreweapon = false
    knockdown = 0
    leftattack = false
    powerattack = false
    recoverytime = 0
    rotatingattack = false
    stagger = 1.5
    staminamult = 1
    strikeangle = 90
(NEW) DLC1UndeadDragonRace::attackStartTailTurnRight
    attackangle = 90
    attackchance = 1
    bashattack = false
    damagemult = 2
    ignoreweapon = false
    knockdown = 0
    leftattack = false
    powerattack = false
    recoverytime = 0
    rotatingattack = false
    stagger = 1.5
    staminamult = 1
    strikeangle = 45
(NEW) DLC1UndeadDragonRace::attackStartTailWhip
    attackangle = 180
    attackchance = 1
    bashattack = false
    damagemult = 1.5
    ignoreweapon = false
    knockdown = 0
    leftattack = false
    powerattack = false
    recoverytime = 0
    rotatingattack = false
    stagger = 1.5
    staminamult = 1
    strikeangle = 42
successfully loaded race with formid 0200D0B6 and name Sabre Cat
successfully loaded race with formid 0200D0B2 and name Deer
successfully loaded race with formid 0200C5F0 and name Dog
successfully loaded race with formid 0200A94B and name Skeleton
successfully loaded race with formid 0200A2C6 and name Gargoyle
successfully loaded race with formid 0200894D and name Draugr
successfully loaded race with formid 02007AF3 and name Draugr
successfully loaded race with formid 000A82B9 and name Orc
successfully loaded race with formid 00088884 and name Wood Elf
successfully loaded race with formid 00088846 and name Redguard
successfully loaded race with formid 00088844 and name Imperial
successfully loaded race with formid 00088840 and name High Elf
successfully loaded race with formid 0008883D and name Dark Elf
successfully loaded race with formid 0008883C and name Breton
successfully loaded race with formid 00088794 and name Nord
successfully loaded race with formid 02006AFA and name Skeleton
successfully loaded race with formid 020051FB and name Chaurusflyer
successfully loaded race with formid 02004D31 and name Nord
successfully loaded race with formid 0200483B and name Draugr
successfully loaded race with formid 0200377D and name High Elf
successfully loaded race with formid 000131F4 and name Falmer
successfully loaded race with formid 0200283A and name Vampire Lord
successfully loaded race with formid 020023E2 and name Draugr
successfully loaded race with formid 0403CECB and name Skeleton
successfully loaded race with formid 0403CA97 and name Nord
successfully loaded race with formid 0403C35F and name 
successfully loaded race with formid 0403911A and name Dragon Priest
race has no attack data, returning
successfully loaded race with formid 04035538 and name Dremora
successfully loaded race with formid 0402C88C and name Dragon Race
(NEW) DLC2DragonBlackRace::ParryAttack
    attackangle = 0
    attackchance = 1
    bashattack = false
    damagemult = 1.5
    ignoreweapon = false
    knockdown = 0
    leftattack = false
    powerattack = false
    recoverytime = 0
    rotatingattack = false
    stagger = 1.5
    staminamult = 1
    strikeangle = 40
(NEW) DLC2DragonBlackRace::attackStartBiteEnrage
    attackangle = 0
    attackchance = 1
    bashattack = false
    damagemult = 1.5
    ignoreweapon = false
    knockdown = 0
    leftattack = false
    powerattack = false
    recoverytime = 0
    rotatingattack = false
    stagger = 1.5
    staminamult = 1
    strikeangle = 65
(NEW) DLC2DragonBlackRace::attackStartBiteOverhead
    attackangle = 0
    attackchance = 1
    bashattack = false
    damagemult = 1.5
    ignoreweapon = false
    knockdown = 0
    leftattack = false
    powerattack = false
    recoverytime = 0
    rotatingattack = false
    stagger = 1.5
    staminamult = 1
    strikeangle = 40
(NEW) DLC2DragonBlackRace::attackStartBiteRunForward
    attackangle = 0
    attackchance = 1
    bashattack = false
    damagemult = 1.8
    ignoreweapon = false
    knockdown = 0
    leftattack = false
    powerattack = false
    recoverytime = 0
    rotatingattack = false
    stagger = 1.5
    staminamult = 1
    strikeangle = 35
(NEW) DLC2DragonBlackRace::attackStartBiteTurnLeft
    attackangle = -45
    attackchance = 1
    bashattack = false
    damagemult = 1.5
    ignoreweapon = false
    knockdown = 0
    leftattack = false
    powerattack = false
    recoverytime = 0
    rotatingattack = false
    stagger = 1.5
    staminamult = 1
    strikeangle = 40
(NEW) DLC2DragonBlackRace::attackStartBiteTurnRight
    attackangle = 45
    attackchance = 1
    bashattack = false
    damagemult = 1.5
    ignoreweapon = false
    knockdown = 0
    leftattack = false
    powerattack = false
    recoverytime = 0
    rotatingattack = false
    stagger = 1.5
    staminamult = 1
    strikeangle = 40
(NEW) DLC2DragonBlackRace::attackStartStampLeft
    attackangle = -80
    attackchance = 1
    bashattack = false
    damagemult = 1
    ignoreweapon = false
    knockdown = 0
    leftattack = false
    powerattack = false
    recoverytime = 0
    rotatingattack = false
    stagger = 1.5
    staminamult = 1
    strikeangle = 45
(NEW) DLC2DragonBlackRace::attackStartStampRight
    attackangle = 80
    attackchance = 1
    bashattack = false
    damagemult = 1
    ignoreweapon = false
    knockdown = 0
    leftattack = false
    powerattack = false
    recoverytime = 0
    rotatingattack = false
    stagger = 1.5
    staminamult = 1
    strikeangle = 45
(NEW) DLC2DragonBlackRace::attackStartTailTurnLeft
    attackangle = 170
    attackchance = 1
    bashattack = false
    damagemult = 3
    ignoreweapon = false
    knockdown = 0
    leftattack = false
    powerattack = false
    recoverytime = 0
    rotatingattack = false
    stagger = 1.5
    staminamult = 1
    strikeangle = 90
(NEW) DLC2DragonBlackRace::attackStartTailTurnRight
    attackangle = 90
    attackchance = 1
    bashattack = false
    damagemult = 2
    ignoreweapon = false
    knockdown = 0
    leftattack = false
    powerattack = false
    recoverytime = 0
    rotatingattack = false
    stagger = 1.5
    staminamult = 1
    strikeangle = 45
(NEW) DLC2DragonBlackRace::attackStartTailWhip
    attackangle = 180
    attackchance = 1
    bashattack = false
    damagemult = 1.5
    ignoreweapon = false
    knockdown = 0
    leftattack = false
    powerattack = false
    recoverytime = 0
    rotatingattack = false
    stagger = 1.5
    staminamult = 1
    strikeangle = 42
successfully loaded race with formid 0402C88B and name Dragon Race
(NEW) DragonBlackRace::ParryAttack
    attackangle = 0
    attackchance = 1
    bashattack = false
    damagemult = 1.5
    ignoreweapon = false
    knockdown = 0
    leftattack = false
    powerattack = false
    recoverytime = 0
    rotatingattack = false
    stagger = 1.5
    staminamult = 1
    strikeangle = 40
(NEW) DragonBlackRace::attackStartBiteEnrage
    attackangle = 0
    attackchance = 1
    bashattack = false
    damagemult = 1.5
    ignoreweapon = false
    knockdown = 0
    leftattack = false
    powerattack = false
    recoverytime = 0
    rotatingattack = false
    stagger = 1.5
    staminamult = 1
    strikeangle = 65
(NEW) DragonBlackRace::attackStartBiteOverhead
    attackangle = 0
    attackchance = 1
    bashattack = false
    damagemult = 1.5
    ignoreweapon = false
    knockdown = 0
    leftattack = false
    powerattack = false
    recoverytime = 0
    rotatingattack = false
    stagger = 1.5
    staminamult = 1
    strikeangle = 40
(NEW) DragonBlackRace::attackStartBiteRunForward
    attackangle = 0
    attackchance = 1
    bashattack = false
    damagemult = 1.8
    ignoreweapon = false
    knockdown = 0
    leftattack = false
    powerattack = false
    recoverytime = 0
    rotatingattack = false
    stagger = 1.5
    staminamult = 1
    strikeangle = 35
(NEW) DragonBlackRace::attackStartBiteTurnLeft
    attackangle = -45
    attackchance = 1
    bashattack = false
    damagemult = 1.5
    ignoreweapon = false
    knockdown = 0
    leftattack = false
    powerattack = false
    recoverytime = 0
    rotatingattack = false
    stagger = 1.5
    staminamult = 1
    strikeangle = 40
(NEW) DragonBlackRace::attackStartBiteTurnRight
    attackangle = 45
    attackchance = 1
    bashattack = false
    damagemult = 1.5
    ignoreweapon = false
    knockdown = 0
    leftattack = false
    powerattack = false
    recoverytime = 0
    rotatingattack = false
    stagger = 1.5
    staminamult = 1
    strikeangle = 40
(NEW) DragonBlackRace::attackStartStampLeft
    attackangle = -80
    attackchance = 1
    bashattack = false
    damagemult = 1
    ignoreweapon = false
    knockdown = 0
    leftattack = false
    powerattack = false
    recoverytime = 0
    rotatingattack = false
    stagger = 1.5
    staminamult = 1
    strikeangle = 45
(NEW) DragonBlackRace::attackStartStampRight
    attackangle = 80
    attackchance = 1
    bashattack = false
    damagemult = 1
    ignoreweapon = false
    knockdown = 0
    leftattack = false
    powerattack = false
    recoverytime = 0
    rotatingattack = false
    stagger = 1.5
    staminamult = 1
    strikeangle = 45
(NEW) DragonBlackRace::attackStartTailTurnLeft
    attackangle = 170
    attackchance = 1
    bashattack = false
    damagemult = 3
    ignoreweapon = false
    knockdown = 0
    leftattack = false
    powerattack = false
    recoverytime = 0
    rotatingattack = false
    stagger = 1.5
    staminamult = 1
    strikeangle = 90
(NEW) DragonBlackRace::attackStartTailTurnRight
    attackangle = 90
    attackchance = 1
    bashattack = false
    damagemult = 2
    ignoreweapon = false
    knockdown = 0
    leftattack = false
    powerattack = false
    recoverytime = 0
    rotatingattack = false
    stagger = 1.5
    staminamult = 1
    strikeangle = 45
(NEW) DragonBlackRace::attackStartTailWhip
    attackangle = 180
    attackchance = 1
    bashattack = false
    damagemult = 1.5
    ignoreweapon = false
    knockdown = 0
    leftattack = false
    powerattack = false
    recoverytime = 0
    rotatingattack = false
    stagger = 1.5
    staminamult = 1
    strikeangle = 42
successfully loaded race with formid 0402B014 and name Dwarven Sphere
successfully loaded race with formid 0402A6FD and name Draugr
successfully loaded race with formid 04029EFC and name Witchlight
successfully loaded race with formid 04029EE7 and name Ice Wraith
successfully loaded race with formid 04028580 and name Netch
successfully loaded race with formid 04027BFC and name Storm Atronach
successfully loaded race with formid 04027483 and name Frostbite Spider
successfully loaded race with formid 04024038 and name 
successfully loaded race with formid 0401FEB8 and name Netch
successfully loaded race with formid 0401F98F and name Spectral Dragon
successfully loaded race with formid 0401E17B and name Werewolf
successfully loaded race with formid 0401DCB9 and name HMDaedra
race has no attack data, returning
successfully loaded race with formid 0401CAD8 and name Ghost Giant
successfully loaded race with formid 001052A3 and name Dragon Race
(NEW) UndeadDragonRace::ParryAttack
    attackangle = 0
    attackchance = 1
    bashattack = false
    damagemult = 1.5
    ignoreweapon = false
    knockdown = 0
    leftattack = false
    powerattack = false
    recoverytime = 0
    rotatingattack = false
    stagger = 1.5
    staminamult = 1
    strikeangle = 40
(NEW) UndeadDragonRace::attackStartBiteEnrage
    attackangle = 0
    attackchance = 1
    bashattack = false
    damagemult = 1.5
    ignoreweapon = false
    knockdown = 0
    leftattack = false
    powerattack = false
    recoverytime = 0
    rotatingattack = false
    stagger = 1.5
    staminamult = 1
    strikeangle = 65
(NEW) UndeadDragonRace::attackStartBiteOverhead
    attackangle = 0
    attackchance = 1
    bashattack = false
    damagemult = 1.5
    ignoreweapon = false
    knockdown = 0
    leftattack = false
    powerattack = false
    recoverytime = 0
    rotatingattack = false
    stagger = 1.5
    staminamult = 1
    strikeangle = 40
(NEW) UndeadDragonRace::attackStartBiteRunForward
    attackangle = 0
    attackchance = 1
    bashattack = false
    damagemult = 1.8
    ignoreweapon = false
    knockdown = 0
    leftattack = false
    powerattack = false
    recoverytime = 0
    rotatingattack = false
    stagger = 1.5
    staminamult = 1
    strikeangle = 35
(NEW) UndeadDragonRace::attackStartBiteTurnLeft
    attackangle = -45
    attackchance = 1
    bashattack = false
    damagemult = 1.5
    ignoreweapon = false
    knockdown = 0
    leftattack = false
    powerattack = false
    recoverytime = 0
    rotatingattack = false
    stagger = 1.5
    staminamult = 1
    strikeangle = 40
(NEW) UndeadDragonRace::attackStartBiteTurnRight
    attackangle = 45
    attackchance = 1
    bashattack = false
    damagemult = 1.5
    ignoreweapon = false
    knockdown = 0
    leftattack = false
    powerattack = false
    recoverytime = 0
    rotatingattack = false
    stagger = 1.5
    staminamult = 1
    strikeangle = 40
(NEW) UndeadDragonRace::attackStartStampLeft
    attackangle = -80
    attackchance = 1
    bashattack = false
    damagemult = 1
    ignoreweapon = false
    knockdown = 0
    leftattack = false
    powerattack = false
    recoverytime = 0
    rotatingattack = false
    stagger = 1.5
    staminamult = 1
    strikeangle = 45
(NEW) UndeadDragonRace::attackStartStampRight
    attackangle = 80
    attackchance = 1
    bashattack = false
    damagemult = 1
    ignoreweapon = false
    knockdown = 0
    leftattack = false
    powerattack = false
    recoverytime = 0
    rotatingattack = false
    stagger = 1.5
    staminamult = 1
    strikeangle = 45
(NEW) UndeadDragonRace::attackStartTailTurnLeft
    attackangle = 170
    attackchance = 1
    bashattack = false
    damagemult = 3
    ignoreweapon = false
    knockdown = 0
    leftattack = false
    powerattack = false
    recoverytime = 0
    rotatingattack = false
    stagger = 1.5
    staminamult = 1
    strikeangle = 90
(NEW) UndeadDragonRace::attackStartTailTurnRight
    attackangle = 90
    attackchance = 1
    bashattack = false
    damagemult = 2
    ignoreweapon = false
    knockdown = 0
    leftattack = false
    powerattack = false
    recoverytime = 0
    rotatingattack = false
    stagger = 1.5
    staminamult = 1
    strikeangle = 45
(NEW) UndeadDragonRace::attackStartTailWhip
    attackangle = 180
    attackchance = 1
    bashattack = false
    damagemult = 1.5
    ignoreweapon = false
    knockdown = 0
    leftattack = false
    powerattack = false
    recoverytime = 0
    rotatingattack = false
    stagger = 1.5
    staminamult = 1
    strikeangle = 42
successfully loaded race with formid 000E7713 and name Dragon Race
(NEW) AlduinRace::ParryAttack
    attackangle = 0
    attackchance = 1
    bashattack = false
    damagemult = 1.5
    ignoreweapon = false
    knockdown = 0
    leftattack = false
    powerattack = false
    recoverytime = 0
    rotatingattack = false
    stagger = 1.5
    staminamult = 1
    strikeangle = 40
(NEW) AlduinRace::attackStartBiteEnrage
    attackangle = 0
    attackchance = 1
    bashattack = false
    damagemult = 1.5
    ignoreweapon = false
    knockdown = 0
    leftattack = false
    powerattack = false
    recoverytime = 0
    rotatingattack = false
    stagger = 1.5
    staminamult = 1
    strikeangle = 65
(NEW) AlduinRace::attackStartBiteOverhead
    attackangle = 0
    attackchance = 1
    bashattack = false
    damagemult = 1.5
    ignoreweapon = false
    knockdown = 0
    leftattack = false
    powerattack = false
    recoverytime = 0
    rotatingattack = false
    stagger = 1.5
    staminamult = 1
    strikeangle = 40
(NEW) AlduinRace::attackStartBiteRunForward
    attackangle = 0
    attackchance = 1
    bashattack = false
    damagemult = 1.8
    ignoreweapon = false
    knockdown = 0
    leftattack = false
    powerattack = false
    recoverytime = 0
    rotatingattack = false
    stagger = 1.5
    staminamult = 1
    strikeangle = 35
(NEW) AlduinRace::attackStartBiteTurnLeft
    attackangle = -45
    attackchance = 1
    bashattack = false
    damagemult = 1.5
    ignoreweapon = false
    knockdown = 0
    leftattack = false
    powerattack = false
    recoverytime = 0
    rotatingattack = false
    stagger = 1.5
    staminamult = 1
    strikeangle = 40
(NEW) AlduinRace::attackStartBiteTurnRight
    attackangle = 45
    attackchance = 1
    bashattack = false
    damagemult = 1.5
    ignoreweapon = false
    knockdown = 0
    leftattack = false
    powerattack = false
    recoverytime = 0
    rotatingattack = false
    stagger = 1.5
    staminamult = 1
    strikeangle = 40
(NEW) AlduinRace::attackStartStampLeft
    attackangle = -80
    attackchance = 1
    bashattack = false
    damagemult = 1
    ignoreweapon = false
    knockdown = 0
    leftattack = false
    powerattack = false
    recoverytime = 0
    rotatingattack = false
    stagger = 1.5
    staminamult = 1
    strikeangle = 45
(NEW) AlduinRace::attackStartStampRight
    attackangle = 80
    attackchance = 1
    bashattack = false
    damagemult = 1
    ignoreweapon = false
    knockdown = 0
    leftattack = false
    powerattack = false
    recoverytime = 0
    rotatingattack = false
    stagger = 1.5
    staminamult = 1
    strikeangle = 45
(NEW) AlduinRace::attackStartTailTurnLeft
    attackangle = 170
    attackchance = 1
    bashattack = false
    damagemult = 3
    ignoreweapon = false
    knockdown = 0
    leftattack = false
    powerattack = false
    recoverytime = 0
    rotatingattack = false
    stagger = 1.5
    staminamult = 1
    strikeangle = 90
(NEW) AlduinRace::attackStartTailTurnRight
    attackangle = 90
    attackchance = 1
    bashattack = false
    damagemult = 2
    ignoreweapon = false
    knockdown = 0
    leftattack = false
    powerattack = false
    recoverytime = 0
    rotatingattack = false
    stagger = 1.5
    staminamult = 1
    strikeangle = 45
(NEW) AlduinRace::attackStartTailWhip
    attackangle = 180
    attackchance = 1
    bashattack = false
    damagemult = 1.5
    ignoreweapon = false
    knockdown = 0
    leftattack = false
    powerattack = false
    recoverytime = 0
    rotatingattack = false
    stagger = 1.5
    staminamult = 1
    strikeangle = 42
successfully loaded race with formid 0401B658 and name Scrib
successfully loaded race with formid 0401B647 and name MudCrab
successfully loaded race with formid 0401B644 and name Spriggan
successfully loaded race with formid 0401B637 and name Draugr
successfully loaded race with formid 00012E82 and name Dragon Race
(NEW) DragonRace::ParryAttack
    attackangle = 0
    attackchance = 1
    bashattack = false
    damagemult = 1.5
    ignoreweapon = false
    knockdown = 0
    leftattack = false
    powerattack = false
    recoverytime = 0
    rotatingattack = false
    stagger = 1.5
    staminamult = 1
    strikeangle = 40
(NEW) DragonRace::attackStartBiteEnrage
    attackangle = 0
    attackchance = 1
    bashattack = false
    damagemult = 1.5
    ignoreweapon = false
    knockdown = 0
    leftattack = false
    powerattack = false
    recoverytime = 0
    rotatingattack = false
    stagger = 1.5
    staminamult = 1
    strikeangle = 65
(NEW) DragonRace::attackStartBiteOverhead
    attackangle = 0
    attackchance = 1
    bashattack = false
    damagemult = 1.5
    ignoreweapon = false
    knockdown = 0
    leftattack = false
    powerattack = false
    recoverytime = 0
    rotatingattack = false
    stagger = 1.5
    staminamult = 1
    strikeangle = 40
(NEW) DragonRace::attackStartBiteRunForward
    attackangle = 0
    attackchance = 1
    bashattack = false
    damagemult = 1.8
    ignoreweapon = false
    knockdown = 0
    leftattack = false
    powerattack = false
    recoverytime = 0
    rotatingattack = false
    stagger = 1.5
    staminamult = 1
    strikeangle = 35
(NEW) DragonRace::attackStartBiteTurnLeft
    attackangle = -45
    attackchance = 1
    bashattack = false
    damagemult = 1.5
    ignoreweapon = false
    knockdown = 0
    leftattack = false
    powerattack = false
    recoverytime = 0
    rotatingattack = false
    stagger = 1.5
    staminamult = 1
    strikeangle = 40
(NEW) DragonRace::attackStartBiteTurnRight
    attackangle = 45
    attackchance = 1
    bashattack = false
    damagemult = 1.5
    ignoreweapon = false
    knockdown = 0
    leftattack = false
    powerattack = false
    recoverytime = 0
    rotatingattack = false
    stagger = 1.5
    staminamult = 1
    strikeangle = 40
(NEW) DragonRace::attackStartStampLeft
    attackangle = -80
    attackchance = 1
    bashattack = false
    damagemult = 1
    ignoreweapon = false
    knockdown = 0
    leftattack = false
    powerattack = false
    recoverytime = 0
    rotatingattack = false
    stagger = 1.5
    staminamult = 1
    strikeangle = 45
(NEW) DragonRace::attackStartStampRight
    attackangle = 80
    attackchance = 1
    bashattack = false
    damagemult = 1
    ignoreweapon = false
    knockdown = 0
    leftattack = false
    powerattack = false
    recoverytime = 0
    rotatingattack = false
    stagger = 1.5
    staminamult = 1
    strikeangle = 45
(NEW) DragonRace::attackStartTailTurnLeft
    attackangle = 170
    attackchance = 1
    bashattack = false
    damagemult = 3
    ignoreweapon = false
    knockdown = 0
    leftattack = false
    powerattack = false
    recoverytime = 0
    rotatingattack = false
    stagger = 1.5
    staminamult = 1
    strikeangle = 90
(NEW) DragonRace::attackStartTailTurnRight
    attackangle = 90
    attackchance = 1
    bashattack = false
    damagemult = 2
    ignoreweapon = false
    knockdown = 0
    leftattack = false
    powerattack = false
    recoverytime = 0
    rotatingattack = false
    stagger = 1.5
    staminamult = 1
    strikeangle = 45
(NEW) DragonRace::attackStartTailWhip
    attackangle = 180
    attackchance = 1
    bashattack = false
    damagemult = 1.5
    ignoreweapon = false
    knockdown = 0
    leftattack = false
    powerattack = false
    recoverytime = 0
    rotatingattack = false
    stagger = 1.5
    staminamult = 1
    strikeangle = 42
successfully loaded race with formid 0401A50A and name 
successfully loaded race with formid 04017F44 and name 
successfully loaded race with formid 040179CF and name 
successfully loaded race with formid 04014495 and name Giant
successfully loaded race with formid 04014449 and name Frostbite Spider
successfully loaded race with formid 06000BFC and name Horker
successfully loaded race with formid 060FEC48 and name MudCrab
successfully loaded race with formid 06033A4F and name MudCrab
successfully loaded race with formid 0600081B and name MudCrab
successfully loaded race with formid FE001D6B and name Zombie
successfully loaded race with formid FE006800 and name Dwarven Mudcrab Pet
successfully loaded race with formid FE010828 and name Khajiit
successfully loaded race with formid FE010829 and name Nord
successfully loaded race with formid FE01082A and name Orc
successfully loaded race with formid FE01082B and name Wood Elf
successfully loaded race with formid FE010824 and name Argonian
successfully loaded race with formid 01002F74 and name Nix Hound
successfully loaded race with formid FE011861 and name Nix Hound
successfully loaded race with formid FE01580E and name Fox
successfully loaded race with formid FE01580F and name Rabbit
race has no attack data, returning
successfully loaded race with formid FE015810 and name Skeever
successfully loaded race with formid FE015811 and name Frostbite Spider
successfully loaded race with formid FE015812 and name Goat
successfully loaded race with formid 01002F93 and name Dog
successfully loaded race with formid FE01ED61 and name Horse
successfully loaded race with formid FE021800 and name 
successfully loaded race with formid FE021807 and name 
successfully loaded race with formid 0B1DB955 and name Wight
successfully loaded race with formid FE036829 and name Web Mother
successfully loaded race with formid FE03780F and name Wisp
successfully loaded race with formid FE03780C and name Dragon Priest
race has no attack data, returning
successfully loaded race with formid FE03780D and name Skeleton
successfully loaded race with formid FE03780E and name Giant
successfully loaded race with formid 0C000817 and name Dark Seducer
successfully loaded race with formid 0C1B691F and name Corrupted Spriggan
successfully loaded race with formid 0C1B6918 and name Corrupted Spriggan
successfully loaded race with formid 0C000816 and name Golden Saint
successfully loaded race with formid 0C000A76 and name Elytra Nymph
successfully loaded race with formid 0C000A52 and name Elytra Nymph
successfully loaded race with formid 0E000802 and name Dwarven Spider
successfully loaded race with formid 0E000800 and name Dwarven Sphere
successfully loaded race with formid 000131EF and name Dragon Priest
race has no attack data, returning
successfully loaded race with formid 000131F0 and name Dremora
successfully loaded race with formid 000131F8 and name Frostbite Spider
successfully loaded race with formid 000131FC and name Horker
successfully loaded race with formid 00013740 and name Argonian
successfully loaded race with formid 00013742 and name Dark Elf
successfully loaded race with formid 00013743 and name High Elf
successfully loaded race with formid 00013744 and name Imperial
successfully loaded race with formid 00013746 and name Nord
successfully loaded race with formid 00013748 and name Redguard
successfully loaded race with formid 00013749 and name Wood Elf
successfully loaded race with formid 00088794 and name Nord
successfully loaded race with formid 0008883A and name Argonian
successfully loaded race with formid 0008883C and name Breton
successfully loaded race with formid 0008883D and name Dark Elf
successfully loaded race with formid 00088840 and name High Elf
successfully loaded race with formid 00088844 and name Imperial
successfully loaded race with formid 00088845 and name Khajiit
successfully loaded race with formid 00088846 and name Redguard
successfully loaded race with formid 00088884 and name Wood Elf
successfully loaded race with formid 000A82B9 and name Orc
successfully loaded race with formid 000A82BA and name Old People Race
successfully loaded race with formid 020117DE and name Dragon Race
(NEW) DLC1UndeadDragonRace::ParryAttack
    attackangle = 0
    attackchance = 1
    bashattack = false
    damagemult = 1.5
    ignoreweapon = false
    knockdown = 0
    leftattack = false
    powerattack = false
    recoverytime = 0
    rotatingattack = false
    stagger = 1.5
    staminamult = 1
    strikeangle = 40
(NEW) DLC1UndeadDragonRace::attackStartBiteEnrage
    attackangle = 0
    attackchance = 1
    bashattack = false
    damagemult = 1.5
    ignoreweapon = false
    knockdown = 0
    leftattack = false
    powerattack = false
    recoverytime = 0
    rotatingattack = false
    stagger = 1.5
    staminamult = 1
    strikeangle = 65
(NEW) DLC1UndeadDragonRace::attackStartBiteOverhead
    attackangle = 0
    attackchance = 1
    bashattack = false
    damagemult = 1.5
    ignoreweapon = false
    knockdown = 0
    leftattack = false
    powerattack = false
    recoverytime = 0
    rotatingattack = false
    stagger = 1.5
    staminamult = 1
    strikeangle = 40
(NEW) DLC1UndeadDragonRace::attackStartBiteRunForward
    attackangle = 0
    attackchance = 1
    bashattack = false
    damagemult = 1.8
    ignoreweapon = false
    knockdown = 0
    leftattack = false
    powerattack = false
    recoverytime = 0
    rotatingattack = false
    stagger = 1.5
    staminamult = 1
    strikeangle = 35
(NEW) DLC1UndeadDragonRace::attackStartBiteTurnLeft
    attackangle = -45
    attackchance = 1
    bashattack = false
    damagemult = 1.5
    ignoreweapon = false
    knockdown = 0
    leftattack = false
    powerattack = false
    recoverytime = 0
    rotatingattack = false
    stagger = 1.5
    staminamult = 1
    strikeangle = 40
(NEW) DLC1UndeadDragonRace::attackStartBiteTurnRight
    attackangle = 45
    attackchance = 1
    bashattack = false
    damagemult = 1.5
    ignoreweapon = false
    knockdown = 0
    leftattack = false
    powerattack = false
    recoverytime = 0
    rotatingattack = false
    stagger = 1.5
    staminamult = 1
    strikeangle = 40
(NEW) DLC1UndeadDragonRace::attackStartStampLeft
    attackangle = -80
    attackchance = 1
    bashattack = false
    damagemult = 1
    ignoreweapon = false
    knockdown = 0
    leftattack = false
    powerattack = false
    recoverytime = 0
    rotatingattack = false
    stagger = 1.5
    staminamult = 1
    strikeangle = 45
(NEW) DLC1UndeadDragonRace::attackStartStampRight
    attackangle = 80
    attackchance = 1
    bashattack = false
    damagemult = 1
    ignoreweapon = false
    knockdown = 0
    leftattack = false
    powerattack = false
    recoverytime = 0
    rotatingattack = false
    stagger = 1.5
    staminamult = 1
    strikeangle = 45
(NEW) DLC1UndeadDragonRace::attackStartTailTurnLeft
    attackangle = 170
    attackchance = 1
    bashattack = false
    damagemult = 3
    ignoreweapon = false
    knockdown = 0
    leftattack = false
    powerattack = false
    recoverytime = 0
    rotatingattack = false
    stagger = 1.5
    staminamult = 1
    strikeangle = 90
(NEW) DLC1UndeadDragonRace::attackStartTailTurnRight
    attackangle = 90
    attackchance = 1
    bashattack = false
    damagemult = 2
    ignoreweapon = false
    knockdown = 0
    leftattack = false
    powerattack = false
    recoverytime = 0
    rotatingattack = false
    stagger = 1.5
    staminamult = 1
    strikeangle = 45
(NEW) DLC1UndeadDragonRace::attackStartTailWhip
    attackangle = 180
    attackchance = 1
    bashattack = false
    damagemult = 1.5
    ignoreweapon = false
    knockdown = 0
    leftattack = false
    powerattack = false
    recoverytime = 0
    rotatingattack = false
    stagger = 1.5
    staminamult = 1
    strikeangle = 42
successfully loaded race with formid 04014495 and name Lurker
successfully loaded race with formid 0401B644 and name Spriggan
successfully loaded race with formid 04024038 and name 
successfully loaded race with formid 04028580 and name Netch
successfully loaded race with formid 04035538 and name Dremora
successfully loaded race with formid 0403911A and name Dragon Priest
race has no attack data, returning
successfully loaded race with formid FE010824 and name Argonian
successfully loaded race with formid FE010828 and name Khajiit
successfully loaded race with formid FE010829 and name Nord
successfully loaded race with formid FE01082A and name Orc
successfully loaded race with formid FE01082B and name Wood Elf
successfully loaded race with formid 11502BAA and name Draugr
successfully loaded race with formid 11056813 and name Goblin
successfully loaded race with formid 1151AA61 and name Hagraven
successfully loaded race with formid 1166FA88 and name Dremora
successfully loaded race with formid 1176A71E and name Storm Atronach
successfully loaded race with formid 1101D3B0 and name Dragon Race
(NEW) GriffonRaceArnima::ParryAttack
    attackangle = 0
    attackchance = 1
    bashattack = false
    damagemult = 1.5
    ignoreweapon = false
    knockdown = 0
    leftattack = false
    powerattack = false
    recoverytime = 0
    rotatingattack = false
    stagger = 1.5
    staminamult = 1
    strikeangle = 40
(NEW) GriffonRaceArnima::attackStartBiteEnrage
    attackangle = 0
    attackchance = 1
    bashattack = false
    damagemult = 1.5
    ignoreweapon = false
    knockdown = 0
    leftattack = false
    powerattack = false
    recoverytime = 0
    rotatingattack = false
    stagger = 1.5
    staminamult = 1
    strikeangle = 65
(NEW) GriffonRaceArnima::attackStartBiteOverhead
    attackangle = 0
    attackchance = 1
    bashattack = false
    damagemult = 1.5
    ignoreweapon = false
    knockdown = 0
    leftattack = false
    powerattack = false
    recoverytime = 0
    rotatingattack = false
    stagger = 1.5
    staminamult = 1
    strikeangle = 40
(NEW) GriffonRaceArnima::attackStartBiteRunForward
    attackangle = 0
    attackchance = 1
    bashattack = false
    damagemult = 1.8
    ignoreweapon = false
    knockdown = 0
    leftattack = false
    powerattack = false
    recoverytime = 0
    rotatingattack = false
    stagger = 1.5
    staminamult = 1
    strikeangle = 35
(NEW) GriffonRaceArnima::attackStartBiteTurnLeft
    attackangle = -45
    attackchance = 1
    bashattack = false
    damagemult = 1.5
    ignoreweapon = false
    knockdown = 0
    leftattack = false
    powerattack = false
    recoverytime = 0
    rotatingattack = false
    stagger = 1.5
    staminamult = 1
    strikeangle = 40
(NEW) GriffonRaceArnima::attackStartBiteTurnRight
    attackangle = 45
    attackchance = 1
    bashattack = false
    damagemult = 1.5
    ignoreweapon = false
    knockdown = 0
    leftattack = false
    powerattack = false
    recoverytime = 0
    rotatingattack = false
    stagger = 1.5
    staminamult = 1
    strikeangle = 40
(NEW) GriffonRaceArnima::attackStartStampLeft
    attackangle = -80
    attackchance = 1
    bashattack = false
    damagemult = 1
    ignoreweapon = false
    knockdown = 0
    leftattack = false
    powerattack = false
    recoverytime = 0
    rotatingattack = false
    stagger = 1.5
    staminamult = 1
    strikeangle = 45
(NEW) GriffonRaceArnima::attackStartStampRight
    attackangle = 80
    attackchance = 1
    bashattack = false
    damagemult = 1
    ignoreweapon = false
    knockdown = 0
    leftattack = false
    powerattack = false
    recoverytime = 0
    rotatingattack = false
    stagger = 1.5
    staminamult = 1
    strikeangle = 45
(NEW) GriffonRaceArnima::attackStartTailTurnLeft
    attackangle = 170
    attackchance = 1
    bashattack = false
    damagemult = 3
    ignoreweapon = false
    knockdown = 0
    leftattack = false
    powerattack = false
    recoverytime = 0
    rotatingattack = false
    stagger = 1.5
    staminamult = 1
    strikeangle = 90
(NEW) GriffonRaceArnima::attackStartTailTurnRight
    attackangle = 90
    attackchance = 1
    bashattack = false
    damagemult = 2
    ignoreweapon = false
    knockdown = 0
    leftattack = false
    powerattack = false
    recoverytime = 0
    rotatingattack = false
    stagger = 1.5
    staminamult = 1
    strikeangle = 45
(NEW) GriffonRaceArnima::attackStartTailWhip
    attackangle = 180
    attackchance = 1
    bashattack = false
    damagemult = 1.5
    ignoreweapon = false
    knockdown = 0
    leftattack = false
    powerattack = false
    recoverytime = 0
    rotatingattack = false
    stagger = 1.5
    staminamult = 1
    strikeangle = 42
successfully loaded race with formid 110280B9 and name Breton
successfully loaded race with formid 110449CA and name Wayward Ego
successfully loaded race with formid 11052502 and name Frostbite Spider
successfully loaded race with formid 114E2C1E and name Dragon Priest
race has no attack data, returning
successfully loaded race with formid 1106BC75 and name Ice Wraith
successfully loaded race with formid 1108297A and name Frost Atronach
successfully loaded race with formid 1148A14D and name Dragon Race
(NEW) ArnimaWyrmDragonRace::ParryAttack
    attackangle = 0
    attackchance = 1
    bashattack = false
    damagemult = 1.5
    ignoreweapon = false
    knockdown = 0
    leftattack = false
    powerattack = false
    recoverytime = 0
    rotatingattack = false
    stagger = 1.5
    staminamult = 1
    strikeangle = 40
(NEW) ArnimaWyrmDragonRace::attackStartBiteEnrage
    attackangle = 0
    attackchance = 1
    bashattack = false
    damagemult = 1.5
    ignoreweapon = false
    knockdown = 0
    leftattack = false
    powerattack = false
    recoverytime = 0
    rotatingattack = false
    stagger = 1.5
    staminamult = 1
    strikeangle = 65
(NEW) ArnimaWyrmDragonRace::attackStartBiteOverhead
    attackangle = 0
    attackchance = 1
    bashattack = false
    damagemult = 1.5
    ignoreweapon = false
    knockdown = 0
    leftattack = false
    powerattack = false
    recoverytime = 0
    rotatingattack = false
    stagger = 1.5
    staminamult = 1
    strikeangle = 40
(NEW) ArnimaWyrmDragonRace::attackStartBiteRunForward
    attackangle = 0
    attackchance = 1
    bashattack = false
    damagemult = 1.8
    ignoreweapon = false
    knockdown = 0
    leftattack = false
    powerattack = false
    recoverytime = 0
    rotatingattack = false
    stagger = 1.5
    staminamult = 1
    strikeangle = 35
(NEW) ArnimaWyrmDragonRace::attackStartBiteTurnLeft
    attackangle = -45
    attackchance = 1
    bashattack = false
    damagemult = 1.5
    ignoreweapon = false
    knockdown = 0
    leftattack = false
    powerattack = false
    recoverytime = 0
    rotatingattack = false
    stagger = 1.5
    staminamult = 1
    strikeangle = 40
(NEW) ArnimaWyrmDragonRace::attackStartBiteTurnRight
    attackangle = 45
    attackchance = 1
    bashattack = false
    damagemult = 1.5
    ignoreweapon = false
    knockdown = 0
    leftattack = false
    powerattack = false
    recoverytime = 0
    rotatingattack = false
    stagger = 1.5
    staminamult = 1
    strikeangle = 40
(NEW) ArnimaWyrmDragonRace::attackStartStampLeft
    attackangle = -80
    attackchance = 1
    bashattack = false
    damagemult = 1
    ignoreweapon = false
    knockdown = 0
    leftattack = false
    powerattack = false
    recoverytime = 0
    rotatingattack = false
    stagger = 1.5
    staminamult = 1
    strikeangle = 45
(NEW) ArnimaWyrmDragonRace::attackStartStampRight
    attackangle = 80
    attackchance = 1
    bashattack = false
    damagemult = 1
    ignoreweapon = false
    knockdown = 0
    leftattack = false
    powerattack = false
    recoverytime = 0
    rotatingattack = false
    stagger = 1.5
    staminamult = 1
    strikeangle = 45
(NEW) ArnimaWyrmDragonRace::attackStartTailTurnLeft
    attackangle = 170
    attackchance = 1
    bashattack = false
    damagemult = 3
    ignoreweapon = false
    knockdown = 0
    leftattack = false
    powerattack = false
    recoverytime = 0
    rotatingattack = false
    stagger = 1.5
    staminamult = 1
    strikeangle = 90
(NEW) ArnimaWyrmDragonRace::attackStartTailTurnRight
    attackangle = 90
    attackchance = 1
    bashattack = false
    damagemult = 2
    ignoreweapon = false
    knockdown = 0
    leftattack = false
    powerattack = false
    recoverytime = 0
    rotatingattack = false
    stagger = 1.5
    staminamult = 1
    strikeangle = 45
(NEW) ArnimaWyrmDragonRace::attackStartTailWhip
    attackangle = 180
    attackchance = 1
    bashattack = false
    damagemult = 1.5
    ignoreweapon = false
    knockdown = 0
    leftattack = false
    powerattack = false
    recoverytime = 0
    rotatingattack = false
    stagger = 1.5
    staminamult = 1
    strikeangle = 42
successfully loaded race with formid 11092191 and name Default Race
successfully loaded race with formid 110E3954 and name Dog
successfully loaded race with formid 11106B39 and name Dragon Race
(NEW) GorgonRace::ParryAttack
    attackangle = 0
    attackchance = 1
    bashattack = false
    damagemult = 1.5
    ignoreweapon = false
    knockdown = 0
    leftattack = false
    powerattack = false
    recoverytime = 0
    rotatingattack = false
    stagger = 1.5
    staminamult = 1
    strikeangle = 40
(NEW) GorgonRace::attackStartBiteEnrage
    attackangle = 0
    attackchance = 1
    bashattack = false
    damagemult = 1.5
    ignoreweapon = false
    knockdown = 0
    leftattack = false
    powerattack = false
    recoverytime = 0
    rotatingattack = false
    stagger = 1.5
    staminamult = 1
    strikeangle = 65
(NEW) GorgonRace::attackStartBiteOverhead
    attackangle = 0
    attackchance = 1
    bashattack = false
    damagemult = 1.5
    ignoreweapon = false
    knockdown = 0
    leftattack = false
    powerattack = false
    recoverytime = 0
    rotatingattack = false
    stagger = 1.5
    staminamult = 1
    strikeangle = 40
(NEW) GorgonRace::attackStartBiteRunForward
    attackangle = 0
    attackchance = 1
    bashattack = false
    damagemult = 1.8
    ignoreweapon = false
    knockdown = 0
    leftattack = false
    powerattack = false
    recoverytime = 0
    rotatingattack = false
    stagger = 1.5
    staminamult = 1
    strikeangle = 35
(NEW) GorgonRace::attackStartBiteTurnLeft
    attackangle = -45
    attackchance = 1
    bashattack = false
    damagemult = 1.5
    ignoreweapon = false
    knockdown = 0
    leftattack = false
    powerattack = false
    recoverytime = 0
    rotatingattack = false
    stagger = 1.5
    staminamult = 1
    strikeangle = 40
(NEW) GorgonRace::attackStartBiteTurnRight
    attackangle = 45
    attackchance = 1
    bashattack = false
    damagemult = 1.5
    ignoreweapon = false
    knockdown = 0
    leftattack = false
    powerattack = false
    recoverytime = 0
    rotatingattack = false
    stagger = 1.5
    staminamult = 1
    strikeangle = 40
(NEW) GorgonRace::attackStartStampLeft
    attackangle = -80
    attackchance = 1
    bashattack = false
    damagemult = 1
    ignoreweapon = false
    knockdown = 0
    leftattack = false
    powerattack = false
    recoverytime = 0
    rotatingattack = false
    stagger = 1.5
    staminamult = 1
    strikeangle = 45
(NEW) GorgonRace::attackStartStampRight
    attackangle = 80
    attackchance = 1
    bashattack = false
    damagemult = 1
    ignoreweapon = false
    knockdown = 0
    leftattack = false
    powerattack = false
    recoverytime = 0
    rotatingattack = false
    stagger = 1.5
    staminamult = 1
    strikeangle = 45
(NEW) GorgonRace::attackStartTailTurnLeft
    attackangle = 170
    attackchance = 1
    bashattack = false
    damagemult = 3
    ignoreweapon = false
    knockdown = 0
    leftattack = false
    powerattack = false
    recoverytime = 0
    rotatingattack = false
    stagger = 1.5
    staminamult = 1
    strikeangle = 90
(NEW) GorgonRace::attackStartTailTurnRight
    attackangle = 90
    attackchance = 1
    bashattack = false
    damagemult = 2
    ignoreweapon = false
    knockdown = 0
    leftattack = false
    powerattack = false
    recoverytime = 0
    rotatingattack = false
    stagger = 1.5
    staminamult = 1
    strikeangle = 45
(NEW) GorgonRace::attackStartTailWhip
    attackangle = 180
    attackchance = 1
    bashattack = false
    damagemult = 1.5
    ignoreweapon = false
    knockdown = 0
    leftattack = false
    powerattack = false
    recoverytime = 0
    rotatingattack = false
    stagger = 1.5
    staminamult = 1
    strikeangle = 42
successfully loaded race with formid 11163271 and name Dragon Priest
race has no attack data, returning
successfully loaded race with formid 1117BB9B and name Frostbite Spider
successfully loaded race with formid 112E97B2 and name Draugr
successfully loaded race with formid 112E97B4 and name Giant
successfully loaded race with formid 113128A7 and name Werewolf
successfully loaded race with formid 0010760A and name Nord
successfully loaded race with formid 129211FE and name Elven Lich
race has no attack data, returning
successfully loaded race with formid 1200E5AA and name Pahmar
successfully loaded race with formid 1202BED1 and name Wraith Knight
successfully loaded race with formid 121226C2 and name Dragon Priest
race has no attack data, returning
successfully loaded race with formid 1214333B and name Snow Bear
successfully loaded race with formid 124F05E1 and name Rabbit
race has no attack data, returning
successfully loaded race with formid 1250FE43 and name Dwarven Droid
successfully loaded race with formid 122702BE and name Elven Lich
race has no attack data, returning
successfully loaded race with formid 122A8838 and name Falmer
successfully loaded race with formid 1233D944 and name Draugr
successfully loaded race with formid 1233D945 and name Raptor
successfully loaded race with formid 124DBF66 and name Raccoon
successfully loaded race with formid 13601B07 and name WoollyRhino
successfully loaded race with formid 13601C08 and name Skeleton
successfully loaded race with formid 13601C09 and name Skeleton
successfully loaded race with formid 13601C0A and name Skeleton
successfully loaded race with formid 13601C0B and name Skeleton
successfully loaded race with formid 13601FA8 and name Scamp
successfully loaded race with formid 13601FBD and name Ogre
successfully loaded race with formid 13601FC3 and name Sload
successfully loaded race with formid 13601FCD and name High Elf
successfully loaded race with formid 1360201B and name High Elf
successfully loaded race with formid 13602091 and name Snow Elf
successfully loaded race with formid 13602430 and name Rat
successfully loaded race with formid 13602431 and name Zombie
successfully loaded race with formid 13602432 and name 
successfully loaded race with formid 13602681 and name Goblin
successfully loaded race with formid 13602687 and name Cold-Flame Atronach
successfully loaded race with formid 136026BE and name Ogre
successfully loaded race with formid 136026DB and name Minotaur
successfully loaded race with formid 136026EA and name Minotaur
successfully loaded race with formid 13602707 and name Old People Race
successfully loaded race with formid 13602708 and name Dragon Priest
race has no attack data, returning
successfully loaded race with formid 1360270E and name Old People Race
successfully loaded race with formid 1360270F and name Old People Race
successfully loaded race with formid 13602710 and name Old People Race
successfully loaded race with formid 13602731 and name Draugr
successfully loaded race with formid 1360273B and name Werewolf
successfully loaded race with formid 1360299D and name Imp
successfully loaded race with formid 13602BEE and name Blue Spriggan
successfully loaded race with formid 13602BEF and name Red Spriggan
successfully loaded race with formid 13602BF0 and name Frozen Spriggan
successfully loaded race with formid 140AEB32 and name Ram
successfully loaded race with formid 1405BC32 and name Skeleton
successfully loaded race with formid 1405BC65 and name Skeleton
successfully loaded race with formid 140AEB2F and name Ram
successfully loaded race with formid 140AEB2B and name Dog
successfully loaded race with formid 140AEB27 and name Dog
successfully loaded race with formid 140AEB24 and name Dog
successfully loaded race with formid 140AEB1E and name Sheep
successfully loaded race with formid 140AEB19 and name Sheep
successfully loaded race with formid 140AE5AF and name Horse
successfully loaded race with formid 140ADFB0 and name Werewolf
successfully loaded race with formid 140AD6B0 and name Dog
successfully loaded race with formid 14003C82 and name Wolf
successfully loaded race with formid 1407822E and name Will-o-the-Wisp
successfully loaded race with formid 1408BB67 and name Troll
successfully loaded race with formid 1408BB68 and name Troll
successfully loaded race with formid 1409478D and name Zombie
successfully loaded race with formid 140CC0CA and name Dragon Priest
race has no attack data, returning
successfully loaded race with formid 140D51B7 and name Mountain Lion
successfully loaded race with formid 140D5663 and name Masked Bear
successfully loaded race with formid 140D5665 and name Bear
successfully loaded race with formid 140D6C70 and name MudCrab
successfully loaded race with formid 140DF0DE and name Mizreg
successfully loaded race with formid 1A0D82E3 and name Snippy
successfully loaded race with formid 1A3811A2 and name Mudcrab
successfully loaded race with formid 1A3811A3 and name Mudcrab
successfully loaded race with formid 1A3811AE and name Mudcrab
successfully loaded race with formid 1A3811AF and name Mudcrab
successfully loaded race with formid 1A38B40C and name Netch
successfully loaded race with formid 1A38B40D and name Netch Calf
successfully loaded race with formid 1A4F2177 and name Dwarven Spider Librarian
successfully loaded race with formid 1A4F2178 and name Dwarven Spider Librarian
successfully loaded race with formid 1A4F2179 and name Dwarven Spider Librarian
successfully loaded race with formid 1A4F217A and name Dwarven Spider Librarian
successfully loaded race with formid 1A4F217B and name Dwarven Spider Librarian
successfully loaded race with formid 1A4F217C and name Dwarven Spider Librarian
successfully loaded race with formid 1A4F217D and name Dwarven Spider Librarian
successfully loaded race with formid 1A515F9D and name Dark Elf
successfully loaded race with formid 1A5201C8 and name Dark Elf
successfully loaded race with formid 1A6C2B0D and name Prowler
successfully loaded race with formid 1A8F61E9 and name Mudcrab
successfully loaded race with formid 1A94C530 and name Spriggan
successfully loaded race with formid 1AA12639 and name Dwarven Jumper
successfully loaded race with formid 1AB06E40 and name Magic Anomaly
successfully loaded race with formid 1AB72007 and name Dwarven Sentinel
successfully loaded race with formid 1AB72018 and name Dwarven Sentinel
successfully loaded race with formid 1AB72020 and name Dwarven Sentinel
successfully loaded race with formid 1AD40982 and name Vespar
successfully loaded race with formid 1AE2F732 and name Prowler
successfully loaded race with formid 1AE34839 and name Prowler
successfully loaded race with formid 1E080D5F and name Metalic Giant Race
successfully loaded race with formid 1E446854 and name Wisp
successfully loaded race with formid 1E036C10 and name Troll Vampire Race
successfully loaded race with formid 1E036C11 and name Lich Vampire Race
race has no attack data, returning
successfully loaded race with formid 1E04052E and name Flesh Spirit Race
successfully loaded race with formid 1E041575 and name Flesh Guardian Race
successfully loaded race with formid 1E041AE0 and name Arpen Buro Race
successfully loaded race with formid 1E04204C and name Vabria Buro Race
successfully loaded race with formid 1E04362B and name Red Witch Race
(NEW) zzzCORedWitchRace::ParryAttack
    attackangle = 0
    attackchance = 1
    bashattack = false
    damagemult = 1.5
    ignoreweapon = false
    knockdown = 0
    leftattack = false
    powerattack = false
    recoverytime = 0
    rotatingattack = false
    stagger = 1.5
    staminamult = 1
    strikeangle = 40
(NEW) zzzCORedWitchRace::attackStartBiteEnrage
    attackangle = 0
    attackchance = 1
    bashattack = false
    damagemult = 1.5
    ignoreweapon = false
    knockdown = 0
    leftattack = false
    powerattack = false
    recoverytime = 0
    rotatingattack = false
    stagger = 1.5
    staminamult = 1
    strikeangle = 65
(NEW) zzzCORedWitchRace::attackStartBiteOverhead
    attackangle = 0
    attackchance = 1
    bashattack = false
    damagemult = 1.5
    ignoreweapon = false
    knockdown = 0
    leftattack = false
    powerattack = false
    recoverytime = 0
    rotatingattack = false
    stagger = 1.5
    staminamult = 1
    strikeangle = 40
(NEW) zzzCORedWitchRace::attackStartBiteRunForward
    attackangle = 0
    attackchance = 1
    bashattack = false
    damagemult = 1.8
    ignoreweapon = false
    knockdown = 0
    leftattack = false
    powerattack = false
    recoverytime = 0
    rotatingattack = false
    stagger = 1.5
    staminamult = 1
    strikeangle = 35
(NEW) zzzCORedWitchRace::attackStartBiteTurnLeft
    attackangle = -45
    attackchance = 1
    bashattack = false
    damagemult = 1.5
    ignoreweapon = false
    knockdown = 0
    leftattack = false
    powerattack = false
    recoverytime = 0
    rotatingattack = false
    stagger = 1.5
    staminamult = 1
    strikeangle = 40
(NEW) zzzCORedWitchRace::attackStartBiteTurnRight
    attackangle = 45
    attackchance = 1
    bashattack = false
    damagemult = 1.5
    ignoreweapon = false
    knockdown = 0
    leftattack = false
    powerattack = false
    recoverytime = 0
    rotatingattack = false
    stagger = 1.5
    staminamult = 1
    strikeangle = 40
(NEW) zzzCORedWitchRace::attackStartStampLeft
    attackangle = -80
    attackchance = 1
    bashattack = false
    damagemult = 1
    ignoreweapon = false
    knockdown = 0
    leftattack = false
    powerattack = false
    recoverytime = 0
    rotatingattack = false
    stagger = 1.5
    staminamult = 1
    strikeangle = 45
(NEW) zzzCORedWitchRace::attackStartStampRight
    attackangle = 80
    attackchance = 1
    bashattack = false
    damagemult = 1
    ignoreweapon = false
    knockdown = 0
    leftattack = false
    powerattack = false
    recoverytime = 0
    rotatingattack = false
    stagger = 1.5
    staminamult = 1
    strikeangle = 45
(NEW) zzzCORedWitchRace::attackStartTailTurnLeft
    attackangle = 170
    attackchance = 1
    bashattack = false
    damagemult = 3
    ignoreweapon = false
    knockdown = 0
    leftattack = false
    powerattack = false
    recoverytime = 0
    rotatingattack = false
    stagger = 1.5
    staminamult = 1
    strikeangle = 90
(NEW) zzzCORedWitchRace::attackStartTailTurnRight
    attackangle = 90
    attackchance = 1
    bashattack = false
    damagemult = 2
    ignoreweapon = false
    knockdown = 0
    leftattack = false
    powerattack = false
    recoverytime = 0
    rotatingattack = false
    stagger = 1.5
    staminamult = 1
    strikeangle = 45
(NEW) zzzCORedWitchRace::attackStartTailWhip
    attackangle = 180
    attackchance = 1
    bashattack = false
    damagemult = 1.5
    ignoreweapon = false
    knockdown = 0
    leftattack = false
    powerattack = false
    recoverytime = 0
    rotatingattack = false
    stagger = 1.5
    staminamult = 1
    strikeangle = 42
successfully loaded race with formid 1E0461D9 and name Child of Oblivion Race
race has no attack data, returning
successfully loaded race with formid 1E04778B and name Empusa Race
race has no attack data, returning
successfully loaded race with formid 1E053E71 and name Malaburo Race
successfully loaded race with formid 1E06592B and name Killable Child Race
successfully loaded race with formid 1E080D50 and name Alessian Lawmage Race
race has no attack data, returning
successfully loaded race with formid 1E080D51 and name Soul Shriven Race
successfully loaded race with formid 1E080D52 and name Bone Horse Race
successfully loaded race with formid 1E080D53 and name Varla Hound Race
successfully loaded race with formid 1E080D54 and name Bone Looper Race
successfully loaded race with formid 1E080D56 and name Bone Wheel Race
successfully loaded race with formid 1E080D58 and name Shambles Race
successfully loaded race with formid 1E080D59 and name Shambles Lord Race
successfully loaded race with formid 1E080D5A and name Young Race
successfully loaded race with formid 1E080D5B and name Shoggoth Little Race
successfully loaded race with formid 1E080D5C and name Shoggoth Fly Race
successfully loaded race with formid 1E4C6182 and name Molag Inner Race
successfully loaded race with formid 1E080D5D and name Shoggoth Race
successfully loaded race with formid 1E080D5E and name Shoggoth Mother Race
successfully loaded race with formid 1E2F337D and name Clawler Race
successfully loaded race with formid 1E080D60 and name Metalic Priest Race
race has no attack data, returning
successfully loaded race with formid 1E080D61 and name Sand Runner Race
race has no attack data, returning
successfully loaded race with formid 1E4EC7F5 and name Maggotman Race
successfully loaded race with formid 1E4F57BC and name Daedroth Race
successfully loaded race with formid 1E4F57BE and name Metalic Giant Race
successfully loaded race with formid 1E4F57BF and name Metalic Giant Race
successfully loaded race with formid 1E4F57BB and name Cave Worm Race
successfully loaded race with formid 1E080D62 and name Daedroth Race
successfully loaded race with formid 1E4F7BBC and name Troll Vampire Race
successfully loaded race with formid 1E4F7BBE and name Were Vampire Race
successfully loaded race with formid 1E4F7BB8 and name Giant Alessian Race
successfully loaded race with formid 1E080D63 and name Scamp Race
successfully loaded race with formid 1E080D64 and name Mentana Race
(NEW) zzzCHMentanaRace::ParryAttack
    attackangle = 0
    attackchance = 1
    bashattack = false
    damagemult = 1.5
    ignoreweapon = false
    knockdown = 0
    leftattack = false
    powerattack = false
    recoverytime = 0
    rotatingattack = false
    stagger = 1.5
    staminamult = 1
    strikeangle = 40
(NEW) zzzCHMentanaRace::attackStartBiteEnrage
    attackangle = 0
    attackchance = 1
    bashattack = false
    damagemult = 1.5
    ignoreweapon = false
    knockdown = 0
    leftattack = false
    powerattack = false
    recoverytime = 0
    rotatingattack = false
    stagger = 1.5
    staminamult = 1
    strikeangle = 65
(NEW) zzzCHMentanaRace::attackStartBiteOverhead
    attackangle = 0
    attackchance = 1
    bashattack = false
    damagemult = 1.5
    ignoreweapon = false
    knockdown = 0
    leftattack = false
    powerattack = false
    recoverytime = 0
    rotatingattack = false
    stagger = 1.5
    staminamult = 1
    strikeangle = 40
(NEW) zzzCHMentanaRace::attackStartBiteRunForward
    attackangle = 0
    attackchance = 1
    bashattack = false
    damagemult = 1.8
    ignoreweapon = false
    knockdown = 0
    leftattack = false
    powerattack = false
    recoverytime = 0
    rotatingattack = false
    stagger = 1.5
    staminamult = 1
    strikeangle = 35
(NEW) zzzCHMentanaRace::attackStartBiteTurnLeft
    attackangle = -45
    attackchance = 1
    bashattack = false
    damagemult = 1.5
    ignoreweapon = false
    knockdown = 0
    leftattack = false
    powerattack = false
    recoverytime = 0
    rotatingattack = false
    stagger = 1.5
    staminamult = 1
    strikeangle = 40
(NEW) zzzCHMentanaRace::attackStartBiteTurnRight
    attackangle = 45
    attackchance = 1
    bashattack = false
    damagemult = 1.5
    ignoreweapon = false
    knockdown = 0
    leftattack = false
    powerattack = false
    recoverytime = 0
    rotatingattack = false
    stagger = 1.5
    staminamult = 1
    strikeangle = 40
(NEW) zzzCHMentanaRace::attackStartStampLeft
    attackangle = -80
    attackchance = 1
    bashattack = false
    damagemult = 1
    ignoreweapon = false
    knockdown = 0
    leftattack = false
    powerattack = false
    recoverytime = 0
    rotatingattack = false
    stagger = 1.5
    staminamult = 1
    strikeangle = 45
(NEW) zzzCHMentanaRace::attackStartStampRight
    attackangle = 80
    attackchance = 1
    bashattack = false
    damagemult = 1
    ignoreweapon = false
    knockdown = 0
    leftattack = false
    powerattack = false
    recoverytime = 0
    rotatingattack = false
    stagger = 1.5
    staminamult = 1
    strikeangle = 45
(NEW) zzzCHMentanaRace::attackStartTailTurnLeft
    attackangle = 170
    attackchance = 1
    bashattack = false
    damagemult = 3
    ignoreweapon = false
    knockdown = 0
    leftattack = false
    powerattack = false
    recoverytime = 0
    rotatingattack = false
    stagger = 1.5
    staminamult = 1
    strikeangle = 90
(NEW) zzzCHMentanaRace::attackStartTailTurnRight
    attackangle = 90
    attackchance = 1
    bashattack = false
    damagemult = 2
    ignoreweapon = false
    knockdown = 0
    leftattack = false
    powerattack = false
    recoverytime = 0
    rotatingattack = false
    stagger = 1.5
    staminamult = 1
    strikeangle = 45
(NEW) zzzCHMentanaRace::attackStartTailWhip
    attackangle = 180
    attackchance = 1
    bashattack = false
    damagemult = 1.5
    ignoreweapon = false
    knockdown = 0
    leftattack = false
    powerattack = false
    recoverytime = 0
    rotatingattack = false
    stagger = 1.5
    staminamult = 1
    strikeangle = 42
successfully loaded race with formid 1E080D65 and name Prism Storm Race
successfully loaded race with formid 1E080D66 and name Prism Lurker Race
successfully loaded race with formid 1E080D67 and name Prism Spirit Race
successfully loaded race with formid 1E080D68 and name Prism Lord Race
successfully loaded race with formid 1E080D69 and name Bone Storm Race
successfully loaded race with formid 1E0818A6 and name Alessian Sleeper Race
successfully loaded race with formid 1E0818A7 and name Order Knight Race
successfully loaded race with formid 1E4FE93E and name Bone Human Race
successfully loaded race with formid 1E0B07E1 and name Bone Human Race
successfully loaded race with formid 1E4FE93F and name Bone Human Race
successfully loaded race with formid 1E0B0D85 and name bloodfish race
successfully loaded race with formid 1E0B0E92 and name Giant Bloodsucker Race
successfully loaded race with formid 1E0B5A9C and name Bone Strider Race
successfully loaded race with formid 1E0B5AA3 and name Flame Queen Race
successfully loaded race with formid 1E500DDE and name Ogrim Race
successfully loaded race with formid 1E500DBA and name Imga Race
successfully loaded race with formid 1E0B5AA4 and name Flame Lurker Race
successfully loaded race with formid 1E0B5AA5 and name Flame Spirit Race
successfully loaded race with formid 1E0B5AA6 and name Flame Storm Race
successfully loaded race with formid 1E0B5AAB and name Arachne Giant Race
successfully loaded race with formid 1E0B5AAC and name Arachne Giant Race
successfully loaded race with formid 1E0B5AAD and name Arachne Giant Race
successfully loaded race with formid 1E0B7212 and name Metalic Giant Race
successfully loaded race with formid 1E0B7213 and name Metalic Priest Race
race has no attack data, returning
successfully loaded race with formid 1E0B8AD8 and name Bloodsucker Race
successfully loaded race with formid 1E0D881E and name Feral Vampire Race
successfully loaded race with formid 1E50F8B8 and name Minotaur Race
successfully loaded race with formid 1E50F8C8 and name Minotaur Race
successfully loaded race with formid 1E0D9D5F and name Were Vampire Race
successfully loaded race with formid 1E0D9D68 and name Were Vampire Race
successfully loaded race with formid 1E0D9D69 and name Were Vampire Race
successfully loaded race with formid 1E510AE2 and name Minotaur Race
successfully loaded race with formid 1E510AE1 and name Minotaur Race
successfully loaded race with formid 1E0E04DF and name Broom race
race has no attack data, returning
successfully loaded race with formid 1E0FEE49 and name Iron Spider Race
successfully loaded race with formid 1E0FEE4A and name Iron Spider Race
successfully loaded race with formid 1E0FEE4B and name Iron Spider Race
successfully loaded race with formid 1E0FEE63 and name Arachne Giant Race
successfully loaded race with formid 1E108328 and name Flame Lord Race
successfully loaded race with formid 1E13C628 and name Stalker Race
successfully loaded race with formid 1E14408A and name Cave Worm Race
successfully loaded race with formid 1E51C38B and name Ogrim Race
successfully loaded race with formid 1E145099 and name Giant Alessian Race
successfully loaded race with formid 1E16416D and name Dragon Molag Bal Race
(NEW) zzzAoMMolagBalRace::ParryAttack
    attackangle = 0
    attackchance = 1
    bashattack = false
    damagemult = 1.5
    ignoreweapon = false
    knockdown = 0
    leftattack = false
    powerattack = false
    recoverytime = 0
    rotatingattack = false
    stagger = 1.5
    staminamult = 1
    strikeangle = 40
(NEW) zzzAoMMolagBalRace::attackStartBiteEnrage
    attackangle = 0
    attackchance = 1
    bashattack = false
    damagemult = 1.5
    ignoreweapon = false
    knockdown = 0
    leftattack = false
    powerattack = false
    recoverytime = 0
    rotatingattack = false
    stagger = 1.5
    staminamult = 1
    strikeangle = 65
(NEW) zzzAoMMolagBalRace::attackStartBiteOverhead
    attackangle = 0
    attackchance = 1
    bashattack = false
    damagemult = 1.5
    ignoreweapon = false
    knockdown = 0
    leftattack = false
    powerattack = false
    recoverytime = 0
    rotatingattack = false
    stagger = 1.5
    staminamult = 1
    strikeangle = 40
(NEW) zzzAoMMolagBalRace::attackStartBiteRunForward
    attackangle = 0
    attackchance = 1
    bashattack = false
    damagemult = 1.8
    ignoreweapon = false
    knockdown = 0
    leftattack = false
    powerattack = false
    recoverytime = 0
    rotatingattack = false
    stagger = 1.5
    staminamult = 1
    strikeangle = 35
(NEW) zzzAoMMolagBalRace::attackStartBiteTurnLeft
    attackangle = -45
    attackchance = 1
    bashattack = false
    damagemult = 1.5
    ignoreweapon = false
    knockdown = 0
    leftattack = false
    powerattack = false
    recoverytime = 0
    rotatingattack = false
    stagger = 1.5
    staminamult = 1
    strikeangle = 40
(NEW) zzzAoMMolagBalRace::attackStartBiteTurnRight
    attackangle = 45
    attackchance = 1
    bashattack = false
    damagemult = 1.5
    ignoreweapon = false
    knockdown = 0
    leftattack = false
    powerattack = false
    recoverytime = 0
    rotatingattack = false
    stagger = 1.5
    staminamult = 1
    strikeangle = 40
(NEW) zzzAoMMolagBalRace::attackStartStampLeft
    attackangle = -80
    attackchance = 1
    bashattack = false
    damagemult = 1
    ignoreweapon = false
    knockdown = 0
    leftattack = false
    powerattack = false
    recoverytime = 0
    rotatingattack = false
    stagger = 1.5
    staminamult = 1
    strikeangle = 45
(NEW) zzzAoMMolagBalRace::attackStartStampRight
    attackangle = 80
    attackchance = 1
    bashattack = false
    damagemult = 1
    ignoreweapon = false
    knockdown = 0
    leftattack = false
    powerattack = false
    recoverytime = 0
    rotatingattack = false
    stagger = 1.5
    staminamult = 1
    strikeangle = 45
(NEW) zzzAoMMolagBalRace::attackStartTailTurnLeft
    attackangle = 170
    attackchance = 1
    bashattack = false
    damagemult = 3
    ignoreweapon = false
    knockdown = 0
    leftattack = false
    powerattack = false
    recoverytime = 0
    rotatingattack = false
    stagger = 1.5
    staminamult = 1
    strikeangle = 90
(NEW) zzzAoMMolagBalRace::attackStartTailTurnRight
    attackangle = 90
    attackchance = 1
    bashattack = false
    damagemult = 2
    ignoreweapon = false
    knockdown = 0
    leftattack = false
    powerattack = false
    recoverytime = 0
    rotatingattack = false
    stagger = 1.5
    staminamult = 1
    strikeangle = 45
(NEW) zzzAoMMolagBalRace::attackStartTailWhip
    attackangle = 180
    attackchance = 1
    bashattack = false
    damagemult = 1.5
    ignoreweapon = false
    knockdown = 0
    leftattack = false
    powerattack = false
    recoverytime = 0
    rotatingattack = false
    stagger = 1.5
    staminamult = 1
    strikeangle = 42
successfully loaded race with formid 1E179144 and name Grummite Race
successfully loaded race with formid 1E179146 and name Baliwog Race
successfully loaded race with formid 1E1E5405 and name Black Hand Race
successfully loaded race with formid 1E22650F and name Pope Wreck Race
(NEW) zzzCHPopeWreckRace::ParryAttack
    attackangle = 0
    attackchance = 1
    bashattack = false
    damagemult = 1.5
    ignoreweapon = false
    knockdown = 0
    leftattack = false
    powerattack = false
    recoverytime = 0
    rotatingattack = false
    stagger = 1.5
    staminamult = 1
    strikeangle = 40
(NEW) zzzCHPopeWreckRace::attackStartBiteEnrage
    attackangle = 0
    attackchance = 1
    bashattack = false
    damagemult = 1.5
    ignoreweapon = false
    knockdown = 0
    leftattack = false
    powerattack = false
    recoverytime = 0
    rotatingattack = false
    stagger = 1.5
    staminamult = 1
    strikeangle = 65
(NEW) zzzCHPopeWreckRace::attackStartBiteOverhead
    attackangle = 0
    attackchance = 1
    bashattack = false
    damagemult = 1.5
    ignoreweapon = false
    knockdown = 0
    leftattack = false
    powerattack = false
    recoverytime = 0
    rotatingattack = false
    stagger = 1.5
    staminamult = 1
    strikeangle = 40
(NEW) zzzCHPopeWreckRace::attackStartBiteRunForward
    attackangle = 0
    attackchance = 1
    bashattack = false
    damagemult = 1.8
    ignoreweapon = false
    knockdown = 0
    leftattack = false
    powerattack = false
    recoverytime = 0
    rotatingattack = false
    stagger = 1.5
    staminamult = 1
    strikeangle = 35
(NEW) zzzCHPopeWreckRace::attackStartBiteTurnLeft
    attackangle = -45
    attackchance = 1
    bashattack = false
    damagemult = 1.5
    ignoreweapon = false
    knockdown = 0
    leftattack = false
    powerattack = false
    recoverytime = 0
    rotatingattack = false
    stagger = 1.5
    staminamult = 1
    strikeangle = 40
(NEW) zzzCHPopeWreckRace::attackStartBiteTurnRight
    attackangle = 45
    attackchance = 1
    bashattack = false
    damagemult = 1.5
    ignoreweapon = false
    knockdown = 0
    leftattack = false
    powerattack = false
    recoverytime = 0
    rotatingattack = false
    stagger = 1.5
    staminamult = 1
    strikeangle = 40
(NEW) zzzCHPopeWreckRace::attackStartStampLeft
    attackangle = -80
    attackchance = 1
    bashattack = false
    damagemult = 1
    ignoreweapon = false
    knockdown = 0
    leftattack = false
    powerattack = false
    recoverytime = 0
    rotatingattack = false
    stagger = 1.5
    staminamult = 1
    strikeangle = 45
(NEW) zzzCHPopeWreckRace::attackStartStampRight
    attackangle = 80
    attackchance = 1
    bashattack = false
    damagemult = 1
    ignoreweapon = false
    knockdown = 0
    leftattack = false
    powerattack = false
    recoverytime = 0
    rotatingattack = false
    stagger = 1.5
    staminamult = 1
    strikeangle = 45
(NEW) zzzCHPopeWreckRace::attackStartTailTurnLeft
    attackangle = 170
    attackchance = 1
    bashattack = false
    damagemult = 3
    ignoreweapon = false
    knockdown = 0
    leftattack = false
    powerattack = false
    recoverytime = 0
    rotatingattack = false
    stagger = 1.5
    staminamult = 1
    strikeangle = 90
(NEW) zzzCHPopeWreckRace::attackStartTailTurnRight
    attackangle = 90
    attackchance = 1
    bashattack = false
    damagemult = 2
    ignoreweapon = false
    knockdown = 0
    leftattack = false
    powerattack = false
    recoverytime = 0
    rotatingattack = false
    stagger = 1.5
    staminamult = 1
    strikeangle = 45
(NEW) zzzCHPopeWreckRace::attackStartTailWhip
    attackangle = 180
    attackchance = 1
    bashattack = false
    damagemult = 1.5
    ignoreweapon = false
    knockdown = 0
    leftattack = false
    powerattack = false
    recoverytime = 0
    rotatingattack = false
    stagger = 1.5
    staminamult = 1
    strikeangle = 42
successfully loaded race with formid 1E270D6A and name Auroran Race
successfully loaded race with formid 1E520F8B and name Kanra Race
race has no attack data, returning
successfully loaded race with formid 1E2B00F5 and name Auroran Race
successfully loaded race with formid 1E2B8859 and name Bone Human Race
successfully loaded race with formid 1E2B885A and name Order Knight Race
successfully loaded race with formid 1E2D35BC and name Alfiq Race
successfully loaded race with formid 1E2DE6EB and name Draugr Human Race
successfully loaded race with formid 1E2E81EE and name Red Hag Race
successfully loaded race with formid 1F422CB5 and name Golem
successfully loaded race with formid 1F00080F and name Wood Elf
successfully loaded race with formid 1F000810 and name Chronographer
successfully loaded race with formid 1F000837 and name High Elf
successfully loaded race with formid 1F000D62 and name Memory
successfully loaded race with formid 1F005AF5 and name Dullimer
race has no attack data, returning
successfully loaded race with formid 1F005B18 and name High Elf
successfully loaded race with formid 1F005B1A and name High Elf
successfully loaded race with formid 1F01F387 and name Flame Atronach
successfully loaded race with formid 1F03881D and name Wood Elf
successfully loaded race with formid 1F03881E and name Wood Elf
successfully loaded race with formid 1F03881F and name Wood Elf
successfully loaded race with formid 1F039185 and name Familyman
successfully loaded race with formid 1F06779A and name Dark Elf
successfully loaded race with formid 1F06C8A0 and name Dwemer
successfully loaded race with formid 1F06CB4E and name Frost Atronach
successfully loaded race with formid 1F06CB4F and name Familyman
successfully loaded race with formid 1F06CB55 and name Bonestrider
successfully loaded race with formid 1F06CB56 and name Machinary
successfully loaded race with formid 1F0719A1 and name Dwemer
successfully loaded race with formid 1F124402 and name High Elf
successfully loaded race with formid 1F129505 and name High Elf
successfully loaded race with formid 1F129507 and name High Elf
successfully loaded race with formid 1F18FD34 and name The Whistling King
(NEW) _Lull_WhistlingKing::ParryAttack
    attackangle = 0
    attackchance = 1
    bashattack = false
    damagemult = 1.5
    ignoreweapon = false
    knockdown = 0
    leftattack = false
    powerattack = false
    recoverytime = 0
    rotatingattack = false
    stagger = 1.5
    staminamult = 1
    strikeangle = 40
(NEW) _Lull_WhistlingKing::attackStartBiteEnrage
    attackangle = 0
    attackchance = 1
    bashattack = false
    damagemult = 1.5
    ignoreweapon = false
    knockdown = 0
    leftattack = false
    powerattack = false
    recoverytime = 0
    rotatingattack = false
    stagger = 1.5
    staminamult = 1
    strikeangle = 65
(NEW) _Lull_WhistlingKing::attackStartBiteOverhead
    attackangle = 0
    attackchance = 1
    bashattack = false
    damagemult = 1.5
    ignoreweapon = false
    knockdown = 0
    leftattack = false
    powerattack = false
    recoverytime = 0
    rotatingattack = false
    stagger = 1.5
    staminamult = 1
    strikeangle = 40
(NEW) _Lull_WhistlingKing::attackStartBiteRunForward
    attackangle = 0
    attackchance = 1
    bashattack = false
    damagemult = 1.8
    ignoreweapon = false
    knockdown = 0
    leftattack = false
    powerattack = false
    recoverytime = 0
    rotatingattack = false
    stagger = 1.5
    staminamult = 1
    strikeangle = 35
(NEW) _Lull_WhistlingKing::attackStartBiteTurnLeft
    attackangle = -45
    attackchance = 1
    bashattack = false
    damagemult = 1.5
    ignoreweapon = false
    knockdown = 0
    leftattack = false
    powerattack = false
    recoverytime = 0
    rotatingattack = false
    stagger = 1.5
    staminamult = 1
    strikeangle = 40
(NEW) _Lull_WhistlingKing::attackStartBiteTurnRight
    attackangle = 45
    attackchance = 1
    bashattack = false
    damagemult = 1.5
    ignoreweapon = false
    knockdown = 0
    leftattack = false
    powerattack = false
    recoverytime = 0
    rotatingattack = false
    stagger = 1.5
    staminamult = 1
    strikeangle = 40
(NEW) _Lull_WhistlingKing::attackStartStampLeft
    attackangle = -80
    attackchance = 1
    bashattack = false
    damagemult = 1
    ignoreweapon = false
    knockdown = 0
    leftattack = false
    powerattack = false
    recoverytime = 0
    rotatingattack = false
    stagger = 1.5
    staminamult = 1
    strikeangle = 45
(NEW) _Lull_WhistlingKing::attackStartStampRight
    attackangle = 80
    attackchance = 1
    bashattack = false
    damagemult = 1
    ignoreweapon = false
    knockdown = 0
    leftattack = false
    powerattack = false
    recoverytime = 0
    rotatingattack = false
    stagger = 1.5
    staminamult = 1
    strikeangle = 45
(NEW) _Lull_WhistlingKing::attackStartTailTurnLeft
    attackangle = 170
    attackchance = 1
    bashattack = false
    damagemult = 3
    ignoreweapon = false
    knockdown = 0
    leftattack = false
    powerattack = false
    recoverytime = 0
    rotatingattack = false
    stagger = 1.5
    staminamult = 1
    strikeangle = 90
(NEW) _Lull_WhistlingKing::attackStartTailTurnRight
    attackangle = 90
    attackchance = 1
    bashattack = false
    damagemult = 2
    ignoreweapon = false
    knockdown = 0
    leftattack = false
    powerattack = false
    recoverytime = 0
    rotatingattack = false
    stagger = 1.5
    staminamult = 1
    strikeangle = 45
(NEW) _Lull_WhistlingKing::attackStartTailWhip
    attackangle = 180
    attackchance = 1
    bashattack = false
    damagemult = 1.5
    ignoreweapon = false
    knockdown = 0
    leftattack = false
    powerattack = false
    recoverytime = 0
    rotatingattack = false
    stagger = 1.5
    staminamult = 1
    strikeangle = 42
successfully loaded race with formid 1F2C3700 and name FRF
race has no attack data, returning
successfully loaded race with formid 1F39947E and name Old Tho Mahalis
successfully loaded race with formid 20C2F9A1 and name Dragon Priest
race has no attack data, returning
successfully loaded race with formid 20506C41 and name Wolf
successfully loaded race with formid 2249DBBB and name Mushroom Race
race has no attack data, returning
successfully loaded race with formid 22100DE7 and name Pus Spider Race
successfully loaded race with formid 22103657 and name Pinwheel Race
successfully loaded race with formid 22105EA3 and name Pus man Race
successfully loaded race with formid 22016005 and name Frost Lurker Race
successfully loaded race with formid 2236F058 and name Pot Boy Race
successfully loaded race with formid 22016006 and name Frost Storm Race
successfully loaded race with formid 22004904 and name Kedama Race
race has no attack data, returning
successfully loaded race with formid 220022F5 and name Half-Dragon
successfully loaded race with formid 22315F5F and name Rabbit
race has no attack data, returning
successfully loaded race with formid 2231B016 and name Bone Smith Race
successfully loaded race with formid 22016003 and name Frost Lord Race
successfully loaded race with formid 2201889F and name Frost Atronach
successfully loaded race with formid 220F4410 and name Pus Dragon Race
(NEW) zzzCrbPusDragonRace::ParryAttack
    attackangle = 0
    attackchance = 1
    bashattack = false
    damagemult = 1.5
    ignoreweapon = false
    knockdown = 0
    leftattack = false
    powerattack = false
    recoverytime = 0
    rotatingattack = false
    stagger = 1.5
    staminamult = 1
    strikeangle = 40
(NEW) zzzCrbPusDragonRace::attackStartBiteEnrage
    attackangle = 0
    attackchance = 1
    bashattack = false
    damagemult = 1.5
    ignoreweapon = false
    knockdown = 0
    leftattack = false
    powerattack = false
    recoverytime = 0
    rotatingattack = false
    stagger = 1.5
    staminamult = 1
    strikeangle = 65
(NEW) zzzCrbPusDragonRace::attackStartBiteOverhead
    attackangle = 0
    attackchance = 1
    bashattack = false
    damagemult = 1.5
    ignoreweapon = false
    knockdown = 0
    leftattack = false
    powerattack = false
    recoverytime = 0
    rotatingattack = false
    stagger = 1.5
    staminamult = 1
    strikeangle = 40
(NEW) zzzCrbPusDragonRace::attackStartBiteRunForward
    attackangle = 0
    attackchance = 1
    bashattack = false
    damagemult = 1.8
    ignoreweapon = false
    knockdown = 0
    leftattack = false
    powerattack = false
    recoverytime = 0
    rotatingattack = false
    stagger = 1.5
    staminamult = 1
    strikeangle = 35
(NEW) zzzCrbPusDragonRace::attackStartBiteTurnLeft
    attackangle = -45
    attackchance = 1
    bashattack = false
    damagemult = 1.5
    ignoreweapon = false
    knockdown = 0
    leftattack = false
    powerattack = false
    recoverytime = 0
    rotatingattack = false
    stagger = 1.5
    staminamult = 1
    strikeangle = 40
(NEW) zzzCrbPusDragonRace::attackStartBiteTurnRight
    attackangle = 45
    attackchance = 1
    bashattack = false
    damagemult = 1.5
    ignoreweapon = false
    knockdown = 0
    leftattack = false
    powerattack = false
    recoverytime = 0
    rotatingattack = false
    stagger = 1.5
    staminamult = 1
    strikeangle = 40
(NEW) zzzCrbPusDragonRace::attackStartStampLeft
    attackangle = -80
    attackchance = 1
    bashattack = false
    damagemult = 1
    ignoreweapon = false
    knockdown = 0
    leftattack = false
    powerattack = false
    recoverytime = 0
    rotatingattack = false
    stagger = 1.5
    staminamult = 1
    strikeangle = 45
(NEW) zzzCrbPusDragonRace::attackStartStampRight
    attackangle = 80
    attackchance = 1
    bashattack = false
    damagemult = 1
    ignoreweapon = false
    knockdown = 0
    leftattack = false
    powerattack = false
    recoverytime = 0
    rotatingattack = false
    stagger = 1.5
    staminamult = 1
    strikeangle = 45
(NEW) zzzCrbPusDragonRace::attackStartTailTurnLeft
    attackangle = 170
    attackchance = 1
    bashattack = false
    damagemult = 3
    ignoreweapon = false
    knockdown = 0
    leftattack = false
    powerattack = false
    recoverytime = 0
    rotatingattack = false
    stagger = 1.5
    staminamult = 1
    strikeangle = 90
(NEW) zzzCrbPusDragonRace::attackStartTailTurnRight
    attackangle = 90
    attackchance = 1
    bashattack = false
    damagemult = 2
    ignoreweapon = false
    knockdown = 0
    leftattack = false
    powerattack = false
    recoverytime = 0
    rotatingattack = false
    stagger = 1.5
    staminamult = 1
    strikeangle = 45
(NEW) zzzCrbPusDragonRace::attackStartTailWhip
    attackangle = 180
    attackchance = 1
    bashattack = false
    damagemult = 1.5
    ignoreweapon = false
    knockdown = 0
    leftattack = false
    powerattack = false
    recoverytime = 0
    rotatingattack = false
    stagger = 1.5
    staminamult = 1
    strikeangle = 42
successfully loaded race with formid 22016004 and name Frost Knight Race
successfully loaded race with formid 223CDD53 and name Dreugh Druid Race
successfully loaded race with formid 220CE5EF and name Half-Dragon
successfully loaded race with formid 223CDD38 and name Dreughman Race
successfully loaded race with formid 223CDD29 and name Birdman Race
successfully loaded race with formid 223CDD5F and name Werecrab Race
successfully loaded race with formid 223136F2 and name Horse
successfully loaded race with formid 221D341C and name Spectral Dragon Race
successfully loaded race with formid 223D05AB and name Dragonord Gargoyle Race
successfully loaded race with formid 223D05C9 and name Cat Race
successfully loaded race with formid 220FE59C and name Pus Spider Race
successfully loaded race with formid 220FBD2B and name Pus Beast Race
successfully loaded race with formid 221DD5B1 and name Gray Owl Race
successfully loaded race with formid 2231D91C and name Ent Race
successfully loaded race with formid 220F4401 and name Pus Berserk Race
successfully loaded race with formid 22095AA6 and name Alduin Worm Race
successfully loaded race with formid 223EADD2 and name HH Dragon Race
(NEW) zzzCrbHHDragonRace::ParryAttack
    attackangle = 0
    attackchance = 1
    bashattack = false
    damagemult = 1.5
    ignoreweapon = false
    knockdown = 0
    leftattack = false
    powerattack = false
    recoverytime = 0
    rotatingattack = false
    stagger = 1.5
    staminamult = 1
    strikeangle = 40
(NEW) zzzCrbHHDragonRace::attackStartBiteEnrage
    attackangle = 0
    attackchance = 1
    bashattack = false
    damagemult = 1.5
    ignoreweapon = false
    knockdown = 0
    leftattack = false
    powerattack = false
    recoverytime = 0
    rotatingattack = false
    stagger = 1.5
    staminamult = 1
    strikeangle = 65
(NEW) zzzCrbHHDragonRace::attackStartBiteOverhead
    attackangle = 0
    attackchance = 1
    bashattack = false
    damagemult = 1.5
    ignoreweapon = false
    knockdown = 0
    leftattack = false
    powerattack = false
    recoverytime = 0
    rotatingattack = false
    stagger = 1.5
    staminamult = 1
    strikeangle = 40
(NEW) zzzCrbHHDragonRace::attackStartBiteRunForward
    attackangle = 0
    attackchance = 1
    bashattack = false
    damagemult = 1.8
    ignoreweapon = false
    knockdown = 0
    leftattack = false
    powerattack = false
    recoverytime = 0
    rotatingattack = false
    stagger = 1.5
    staminamult = 1
    strikeangle = 35
(NEW) zzzCrbHHDragonRace::attackStartBiteTurnLeft
    attackangle = -45
    attackchance = 1
    bashattack = false
    damagemult = 1.5
    ignoreweapon = false
    knockdown = 0
    leftattack = false
    powerattack = false
    recoverytime = 0
    rotatingattack = false
    stagger = 1.5
    staminamult = 1
    strikeangle = 40
(NEW) zzzCrbHHDragonRace::attackStartBiteTurnRight
    attackangle = 45
    attackchance = 1
    bashattack = false
    damagemult = 1.5
    ignoreweapon = false
    knockdown = 0
    leftattack = false
    powerattack = false
    recoverytime = 0
    rotatingattack = false
    stagger = 1.5
    staminamult = 1
    strikeangle = 40
(NEW) zzzCrbHHDragonRace::attackStartStampLeft
    attackangle = -80
    attackchance = 1
    bashattack = false
    damagemult = 1
    ignoreweapon = false
    knockdown = 0
    leftattack = false
    powerattack = false
    recoverytime = 0
    rotatingattack = false
    stagger = 1.5
    staminamult = 1
    strikeangle = 45
(NEW) zzzCrbHHDragonRace::attackStartStampRight
    attackangle = 80
    attackchance = 1
    bashattack = false
    damagemult = 1
    ignoreweapon = false
    knockdown = 0
    leftattack = false
    powerattack = false
    recoverytime = 0
    rotatingattack = false
    stagger = 1.5
    staminamult = 1
    strikeangle = 45
(NEW) zzzCrbHHDragonRace::attackStartTailTurnLeft
    attackangle = 170
    attackchance = 1
    bashattack = false
    damagemult = 3
    ignoreweapon = false
    knockdown = 0
    leftattack = false
    powerattack = false
    recoverytime = 0
    rotatingattack = false
    stagger = 1.5
    staminamult = 1
    strikeangle = 90
(NEW) zzzCrbHHDragonRace::attackStartTailTurnRight
    attackangle = 90
    attackchance = 1
    bashattack = false
    damagemult = 2
    ignoreweapon = false
    knockdown = 0
    leftattack = false
    powerattack = false
    recoverytime = 0
    rotatingattack = false
    stagger = 1.5
    staminamult = 1
    strikeangle = 45
(NEW) zzzCrbHHDragonRace::attackStartTailWhip
    attackangle = 180
    attackchance = 1
    bashattack = false
    damagemult = 1.5
    ignoreweapon = false
    knockdown = 0
    leftattack = false
    powerattack = false
    recoverytime = 0
    rotatingattack = false
    stagger = 1.5
    staminamult = 1
    strikeangle = 42
successfully loaded race with formid 220982DE and name Dragon Priest
race has no attack data, returning
successfully loaded race with formid 223F2788 and name Ysgramor Race
successfully loaded race with formid 223F2795 and name HM Rat Race
successfully loaded race with formid 223F2799 and name HM Cat Race
successfully loaded race with formid 223F279D and name HM Spider Race
successfully loaded race with formid 223F27A0 and name HM Wisp Race
successfully loaded race with formid 223F2771 and name Watcher Race
successfully loaded race with formid 223F500F and name Hoholaugh Race
successfully loaded race with formid 223F5013 and name Storm Atronach Bear Race
successfully loaded race with formid 22409D08 and name Snake Race
successfully loaded race with formid 220FBD3E and name Pus Wraith Race
successfully loaded race with formid 2243E3E7 and name Hushed Falmer Race
successfully loaded race with formid 2243E3F8 and name Hushed Giant Race
successfully loaded race with formid 2243E3B7 and name Hushed Race
successfully loaded race with formid 221DFE13 and name Black Owl Race
race has no attack data, returning
successfully loaded race with formid 220FE589 and name Pus Giant Race
successfully loaded race with formid 22486E0E and name Snake Race
successfully loaded race with formid 22100DE8 and name Pus Spider Race
successfully loaded race with formid 22350B98 and name Manakin Race
successfully loaded race with formid 2249DB8C and name Snow Whale Race
successfully loaded race with formid 25237FB9 and name Skeleton
successfully loaded race with formid 25237FAA and name Wisp
successfully loaded race with formid 25237FAD and name Draugr
successfully loaded race with formid 25237FB0 and name Wolf
successfully loaded race with formid 25237FB3 and name Dwarven Spider
successfully loaded race with formid 25237FB6 and name Hagraven
successfully loaded race with formid 255010BF and name Wisp
successfully loaded race with formid 0002C659 and name Imperial Child
successfully loaded race with formid 0002C65A and name Redguard Child
successfully loaded race with formid 0002C65B and name Nord Child
successfully loaded race with formid 0002C65C and name Breton Child
successfully loaded race with formid 00108272 and name Breton Child Vampire
successfully loaded race with formid 2701262D and name Imperial Child Vampire
successfully loaded race with formid 2701262E and name Redguard Child Vampire
successfully loaded race with formid 2701262F and name Nord Child Vampire
successfully loaded race with formid 2908EF81 and name Rabbit
race has no attack data, returning
successfully loaded race with formid 29016BC7 and name Giant Dwarven Spider
successfully loaded race with formid 2962884C and name Storm Atronach
successfully loaded race with formid 29000D71 and name Sun Elf
successfully loaded race with formid 2963608A and name 
successfully loaded race with formid 29000D64 and name Sun Elf
successfully loaded race with formid 2920A252 and name Sun Elf
successfully loaded race with formid 2913A043 and name Sabre Cat
successfully loaded race with formid 290FBE72 and name Deer
successfully loaded race with formid 290FBE6F and name Deer
successfully loaded race with formid 2908EF87 and name Rabbit
race has no attack data, returning
successfully loaded race with formid 29403102 and name Dragon Race
(NEW) UndeadDragonRaceMidwoodIsle::ParryAttack
    attackangle = 0
    attackchance = 1
    bashattack = false
    damagemult = 1.5
    ignoreweapon = false
    knockdown = 0
    leftattack = false
    powerattack = false
    recoverytime = 0
    rotatingattack = false
    stagger = 1.5
    staminamult = 1
    strikeangle = 40
(NEW) UndeadDragonRaceMidwoodIsle::attackStartBiteEnrage
    attackangle = 0
    attackchance = 1
    bashattack = false
    damagemult = 1.5
    ignoreweapon = false
    knockdown = 0
    leftattack = false
    powerattack = false
    recoverytime = 0
    rotatingattack = false
    stagger = 1.5
    staminamult = 1
    strikeangle = 65
(NEW) UndeadDragonRaceMidwoodIsle::attackStartBiteOverhead
    attackangle = 0
    attackchance = 1
    bashattack = false
    damagemult = 1.5
    ignoreweapon = false
    knockdown = 0
    leftattack = false
    powerattack = false
    recoverytime = 0
    rotatingattack = false
    stagger = 1.5
    staminamult = 1
    strikeangle = 40
(NEW) UndeadDragonRaceMidwoodIsle::attackStartBiteRunForward
    attackangle = 0
    attackchance = 1
    bashattack = false
    damagemult = 1.8
    ignoreweapon = false
    knockdown = 0
    leftattack = false
    powerattack = false
    recoverytime = 0
    rotatingattack = false
    stagger = 1.5
    staminamult = 1
    strikeangle = 35
(NEW) UndeadDragonRaceMidwoodIsle::attackStartBiteTurnLeft
    attackangle = -45
    attackchance = 1
    bashattack = false
    damagemult = 1.5
    ignoreweapon = false
    knockdown = 0
    leftattack = false
    powerattack = false
    recoverytime = 0
    rotatingattack = false
    stagger = 1.5
    staminamult = 1
    strikeangle = 40
(NEW) UndeadDragonRaceMidwoodIsle::attackStartBiteTurnRight
    attackangle = 45
    attackchance = 1
    bashattack = false
    damagemult = 1.5
    ignoreweapon = false
    knockdown = 0
    leftattack = false
    powerattack = false
    recoverytime = 0
    rotatingattack = false
    stagger = 1.5
    staminamult = 1
    strikeangle = 40
(NEW) UndeadDragonRaceMidwoodIsle::attackStartStampLeft
    attackangle = -80
    attackchance = 1
    bashattack = false
    damagemult = 1
    ignoreweapon = false
    knockdown = 0
    leftattack = false
    powerattack = false
    recoverytime = 0
    rotatingattack = false
    stagger = 1.5
    staminamult = 1
    strikeangle = 45
(NEW) UndeadDragonRaceMidwoodIsle::attackStartStampRight
    attackangle = 80
    attackchance = 1
    bashattack = false
    damagemult = 1
    ignoreweapon = false
    knockdown = 0
    leftattack = false
    powerattack = false
    recoverytime = 0
    rotatingattack = false
    stagger = 1.5
    staminamult = 1
    strikeangle = 45
(NEW) UndeadDragonRaceMidwoodIsle::attackStartTailTurnLeft
    attackangle = 170
    attackchance = 1
    bashattack = false
    damagemult = 3
    ignoreweapon = false
    knockdown = 0
    leftattack = false
    powerattack = false
    recoverytime = 0
    rotatingattack = false
    stagger = 1.5
    staminamult = 1
    strikeangle = 90
(NEW) UndeadDragonRaceMidwoodIsle::attackStartTailTurnRight
    attackangle = 90
    attackchance = 1
    bashattack = false
    damagemult = 2
    ignoreweapon = false
    knockdown = 0
    leftattack = false
    powerattack = false
    recoverytime = 0
    rotatingattack = false
    stagger = 1.5
    staminamult = 1
    strikeangle = 45
(NEW) UndeadDragonRaceMidwoodIsle::attackStartTailWhip
    attackangle = 180
    attackchance = 1
    bashattack = false
    damagemult = 1.5
    ignoreweapon = false
    knockdown = 0
    leftattack = false
    powerattack = false
    recoverytime = 0
    rotatingattack = false
    stagger = 1.5
    staminamult = 1
    strikeangle = 42
successfully loaded race with formid 2920C315 and name Dremora
successfully loaded race with formid 290FBE6C and name Fox
successfully loaded race with formid 2914A721 and name Wolf
successfully loaded race with formid 29628845 and name Dog
successfully loaded race with formid 29628853 and name Gargoyle
successfully loaded race with formid 296510FA and name Gargoyle
successfully loaded race with formid 2908EF84 and name Rabbit
race has no attack data, returning
successfully loaded race with formid 29636093 and name Giant
successfully loaded race with formid 29636094 and name Giant
successfully loaded race with formid 296360B1 and name Hagraven
successfully loaded race with formid FE076800 and name Flesh Colossus
successfully loaded race with formid 2C2EB4F8 and name Undead
successfully loaded race with formid 2C2FAA83 and name Shadow Seeker
race has no attack data, returning
successfully loaded race with formid 2C13B1EB and name Root Warden
successfully loaded race with formid 2C1855F9 and name Overseer
successfully loaded race with formid 2C1D98AF and name Skeleton
successfully loaded race with formid 2C18A814 and name Overseer
successfully loaded race with formid 2C360316 and name Imp
successfully loaded race with formid 2C18A813 and name Overseer
successfully loaded race with formid 2C18A812 and name Overseer
successfully loaded race with formid 2C18A815 and name Overseer
successfully loaded race with formid 2C4DC1D2 and name Devourer
successfully loaded race with formid 2C215775 and name Dark Hopper
successfully loaded race with formid 2C3589A9 and name Mother of Shadows
successfully loaded race with formid 2C564F3C and name 
successfully loaded race with formid 2C0ED6AC and name Goblin
successfully loaded race with formid 2C3A8A63 and name Geleada
successfully loaded race with formid 2D4B9D7C and name Dog
successfully loaded race with formid 2D1D29B0 and name Werewolf
successfully loaded race with formid 2D20560E and name Nord
successfully loaded race with formid 2D2C9387 and name Nord
successfully loaded race with formid 2D2C4321 and name Frost Atronach
successfully loaded race with formid 2D1D29AF and name Giant
successfully loaded race with formid 2D2C938D and name 
race has no attack data, returning
successfully loaded race with formid 2D5FFD45 and name Wisp
successfully loaded race with formid 2D5FFD46 and name Wisp
successfully loaded race with formid 2D5FFD47 and name Wisp
successfully loaded race with formid 2D5FFD44 and name Wisp
successfully loaded race with formid 2D1F892E and name Giant
successfully loaded race with formid 2D461744 and name Nord
successfully loaded race with formid 2D2C6B5A and name Werewolf
successfully loaded race with formid 2D1FD9FB and name Gargoyle
successfully loaded race with formid 2E0659D4 and name Shadow
successfully loaded race with formid 2E220EC9 and name Gilded
successfully loaded race with formid 3000E5AA and name Pahmar
successfully loaded race with formid 3002F668 and name Hyena
successfully loaded race with formid 30047C96 and name Zahilisk
successfully loaded race with formid 30054D12 and name the Sload
successfully loaded race with formid 3002FBE9 and name Siligonder
successfully loaded race with formid 3007847D and name Imga Brute
successfully loaded race with formid 30063698 and name Therium
successfully loaded race with formid 3001F352 and name Pahmar Guardian
successfully loaded race with formid 318FC674 and name Dwarven Centurion
successfully loaded race with formid 320A7AD9 and name High Elf
successfully loaded race with formid 32084640 and name Zombie
successfully loaded race with formid 320A7ADA and name Nord
successfully loaded race with formid 33087056 and name Skeleton
successfully loaded race with formid 330A0A3E and name Dragon Priest
race has no attack data, returning
successfully loaded race with formid 330A5BEB and name Old People Race
successfully loaded race with formid 3401772A and name Lich
race has no attack data, returning
successfully loaded race with formid 000B7998 and name Skeleton
successfully loaded race with formid 000131EF and name Dragon Priest
race has no attack data, returning
successfully loaded race with formid FE07E838 and name Giant
successfully loaded race with formid FE08084F and name Storm Atronach
successfully loaded race with formid FE080C05 and name Teslasphere
successfully loaded race with formid FE085800 and name Blood Matriarch
successfully loaded race with formid FE08585A and name Umbral Hunter
successfully loaded race with formid FE08585B and name Skeleton Overlord
race has no attack data, returning
successfully loaded race with formid FE08585C and name Eternal Legion
successfully loaded race with formid FE085910 and name Stone Gargoyle
successfully loaded race with formid FE08B801 and name Chaurusflyer
successfully loaded race with formid FE08B802 and name Chaurusflyer
successfully loaded race with formid FE08B800 and name Chaurusflyer
successfully loaded race with formid 3601AB49 and name Dark Elf
successfully loaded race with formid 000131FD and name Horse
successfully loaded race with formid 0401B637 and name Draugr
successfully loaded race with formid 42002800 and name Skeleton
successfully loaded race with formid FE0F5898 and name Chaurus Fisherman
successfully loaded race with formid FE0F5CE1 and name Dwarven Minisub
successfully loaded race with formid FE117800 and name Zahilisk
successfully loaded race with formid FE135813 and name Nord
successfully loaded race with formid 2E0659D4 and name Shadow
successfully loaded race with formid 2E220EC9 and name Gilded
successfully loaded race with formid 3007847D and name Imga Brute
successfully loaded race with formid FE1C7800 and name House Cat
successfully loaded race with formid 000131EF and name Dragon Priest
race has no attack data, returning
successfully loaded race with formid 3401772A and name Lich
race has no attack data, returning
successfully loaded race with formid 3401772A and name Lich
race has no attack data, returning
successfully loaded race with formid 4D438A25 and name Wood Elf
successfully loaded race with formid 4D0988F6 and name Ayleid Skeleton
successfully loaded race with formid 4D0988F7 and name Ayleid Skeleton
successfully loaded race with formid 4D0B1E82 and name Imperfect Centurion Sentinel
successfully loaded race with formid 4D40B092 and name Ayleid Lich
race has no attack data, returning
successfully loaded race with formid 4D433920 and name Khajiit
successfully loaded race with formid 4D438A22 and name Orc
successfully loaded race with formid 4DAB537B and name Redguard
successfully loaded race with formid 4D438A26 and name Nord
successfully loaded race with formid 4D438A28 and name Breton
successfully loaded race with formid 4DAB5377 and name Argonian
successfully loaded race with formid 4DAB5378 and name Dark Elf
successfully loaded race with formid 4DAB5379 and name High Elf
successfully loaded race with formid 4DAB537A and name Imperial
successfully loaded race with formid 4E032276 and name Inga Hound-Keeper
successfully loaded race with formid 4E02AB99 and name Cursed Hound
successfully loaded race with formid 00013746 and name Nord
successfully loaded race with formid FE288D67 and name Chaurus
successfully loaded race with formid FE28A808 and name Goat
successfully loaded race with formid FE28A884 and name Camel
successfully loaded race with formid FE28A88B and name Bat
successfully loaded race with formid FE28A8B9 and name Scorpion
successfully loaded race with formid FE28A8C4 and name Sand Snake
successfully loaded race with formid FE28A8C8 and name Desert Snake
successfully loaded race with formid FE28A8F3 and name Hyena
successfully loaded race with formid FE28A943 and name Dromedary
successfully loaded race with formid FE28A952 and name Young Camel
successfully loaded race with formid FE28A9FB and name Alik'r  Snake
successfully loaded race with formid FE28AA58 and name Addax
successfully loaded race with formid FE28AA75 and name Scorpion
successfully loaded race with formid FE28AABE and name Bat
successfully loaded race with formid FE28AB90 and name Horse
successfully loaded race with formid FE28ABF7 and name Elephant
successfully loaded race with formid FE28AC81 and name Roadrunner
race has no attack data, returning
successfully loaded race with formid FE28AC87 and name Hammerfell Fowl
race has no attack data, returning
successfully loaded race with formid FE2C0800 and name Giant
successfully loaded race with formid FE2C0801 and name Giant
successfully loaded race with formid 00088794 and name Nord
successfully loaded race with formid 0008883A and name Argonian
successfully loaded race with formid 0008883C and name Breton
successfully loaded race with formid 0008883D and name Dark Elf
successfully loaded race with formid 00088840 and name High Elf
successfully loaded race with formid 00088844 and name Imperial
successfully loaded race with formid 00088845 and name Khajiit
successfully loaded race with formid 00088846 and name Redguard
successfully loaded race with formid 00088884 and name Wood Elf
successfully loaded race with formid 000A82B9 and name Orc
successfully loaded race with formid 000A82BA and name Old People Race
successfully loaded race with formid 0200283A and name Vampire Lord
successfully loaded race with formid 54003328 and name Dremora
successfully loaded race with formid 560FF210 and name Giant
successfully loaded race with formid 57277BB8 and name 
successfully loaded race with formid 572E4478 and name Hunger
successfully loaded race with formid 57277BB7 and name 
successfully loaded race with formid 571F84F0 and name Ice Wraith
successfully loaded race with formid 571B0A46 and name Gargoyle
successfully loaded race with formid 57277BB6 and name 
successfully loaded race with formid 571B0A5B and name Chaurus
successfully loaded race with formid 57277BBA and name 
successfully loaded race with formid 57297423 and name Grievous Twilight
successfully loaded race with formid 572A1C71 and name Harvester
successfully loaded race with formid 571F33DF and name Nord
successfully loaded race with formid 571B0A56 and name Werewolf
successfully loaded race with formid 57277BB9 and name 
successfully loaded race with formid 5A0CEF65 and name Deer
successfully loaded race with formid 5B77D951 and name Dwarven Sphere
successfully loaded race with formid 5B32B452 and name Dwarven Spider
successfully loaded race with formid 5C12624D and name Katana Race
successfully loaded race with formid 5C12624E and name Sabre Cat
successfully loaded race with formid FE371D71 and name Nord
successfully loaded race with formid FE378805 and name Khajiit, Ohmes
successfully loaded race with formid FE378806 and name Khajiit, Pahmar-Raht
successfully loaded race with formid FE378807 and name Khajiit, Cathay-Raht
successfully loaded race with formid FE378808 and name Khajiit, Tojay
successfully loaded race with formid FE378809 and name Khajiit, Dagi-Raht
successfully loaded race with formid FE37880A and name Khajiit, Suthay-Raht
successfully loaded race with formid FE378815 and name Khajiit, Suthay-Raht
successfully loaded race with formid FE3788C4 and name Khajiit, Ohmes-Raht
successfully loaded race with formid FE378938 and name Khajiit, Cat
successfully loaded race with formid FE378942 and name Khajiit, Cathay-Raht
successfully loaded race with formid FE37B800 and name Alfiq
successfully loaded race with formid 3001F352 and name Pahmar Guardian
successfully loaded race with formid 0002C659 and name Imperial Child
successfully loaded race with formid 0002C65A and name Redguard Child
successfully loaded race with formid 0002C65B and name Nord Child
successfully loaded race with formid 0002C65C and name Breton Child
successfully loaded race with formid 00108272 and name Breton Child Vampire
successfully loaded race with formid 2701262D and name Imperial Child Vampire
successfully loaded race with formid 2701262E and name Redguard Child Vampire
successfully loaded race with formid 2701262F and name Nord Child Vampire
successfully loaded race with formid 110280B9 and name Breton
successfully loaded race with formid 000131F0 and name Dremora
successfully loaded race with formid 04035538 and name Dremora
successfully loaded race with formid 6004FC14 and name Wolf
successfully loaded race with formid 600F22F0 and name Skeever
successfully loaded race with formid 00013744 and name Imperial
successfully loaded race with formid 7E16CB88 and name Deathhound
successfully loaded race with formid 80015EB6 and name Rabbit
race has no attack data, returning
successfully loaded race with formid FE4A1C13 and name Fox
successfully loaded race with formid FE4ACD41 and name MudCrab
successfully loaded race with formid 000131F0 and name Dremora
successfully loaded race with formid 04035538 and name Dremora
successfully loaded race with formid 000131F0 and name Dremora
successfully loaded race with formid 04035538 and name Dremora
successfully loaded race with formid FE68BA90 and name Angel Race
successfully loaded race with formid FE68B813 and name Giant
successfully loaded race with formid FE68E83E and name Locust
successfully loaded race with formid 00000019 and name Default Race
successfully loaded race with formid 00013740 and name Argonian
successfully loaded race with formid 00013741 and name Breton
successfully loaded race with formid 00013742 and name Dark Elf
successfully loaded race with formid 00013743 and name High Elf
successfully loaded race with formid 00013744 and name Imperial
successfully loaded race with formid 00013745 and name Khajiit
successfully loaded race with formid 00013746 and name Nord
successfully loaded race with formid 00013747 and name Orc
successfully loaded race with formid 00013748 and name Redguard
successfully loaded race with formid 00013749 and name Wood Elf
successfully loaded race with formid 00088794 and name Nord
successfully loaded race with formid 0008883A and name Argonian
successfully loaded race with formid 0008883C and name Breton
successfully loaded race with formid 0008883D and name Dark Elf
successfully loaded race with formid 00088840 and name High Elf
successfully loaded race with formid 00088844 and name Imperial
successfully loaded race with formid 00088845 and name Khajiit
successfully loaded race with formid 00088846 and name Redguard
successfully loaded race with formid 00088884 and name Wood Elf
successfully loaded race with formid 000A82B9 and name Orc
successfully loaded race with formid 00000019 and name Default Race
successfully loaded race with formid 00013740 and name Argonian
successfully loaded race with formid 00013741 and name Breton
successfully loaded race with formid 00013742 and name Dark Elf
successfully loaded race with formid 00013743 and name High Elf
successfully loaded race with formid 00013744 and name Imperial
successfully loaded race with formid 00013745 and name Khajiit
successfully loaded race with formid 00013746 and name Nord
successfully loaded race with formid 00013747 and name Orc
successfully loaded race with formid 00013748 and name Redguard
successfully loaded race with formid 00013749 and name Wood Elf
successfully loaded race with formid 00088794 and name Nord
successfully loaded race with formid 0008883A and name Argonian
successfully loaded race with formid 0008883C and name Breton
successfully loaded race with formid 0008883D and name Dark Elf
successfully loaded race with formid 00088840 and name High Elf
successfully loaded race with formid 00088844 and name Imperial
successfully loaded race with formid 00088845 and name Khajiit
successfully loaded race with formid 00088846 and name Redguard
successfully loaded race with formid 00088884 and name Wood Elf
successfully loaded race with formid 000A82B9 and name Orc
successfully loaded race with formid 9500AAA5 and name Frost Atronach
successfully loaded race with formid 98169215 and name MudCrab
successfully loaded race with formid 9A01872E and name Spectral Dragon
successfully loaded race with formid 020117DE and name Dragon Race
(NEW) DLC1UndeadDragonRace::ParryAttack
    attackangle = 0
    attackchance = 1
    bashattack = false
    damagemult = 1.5
    ignoreweapon = false
    knockdown = 0
    leftattack = false
    powerattack = false
    recoverytime = 0
    rotatingattack = false
    stagger = 1.5
    staminamult = 1
    strikeangle = 40
DLC1UndeadDragonRace::attackStartBiteEnrage
    attackangle = 0
    attackchance = 1
    bashattack = false
    damagemult = 1.5
    ignoreweapon = false
    knockdown = 0
    leftattack = false
    powerattack = false
    recoverytime = 0
    rotatingattack = false
    stagger = 1.5
    staminamult = 1
    strikeangle = 65
DLC1UndeadDragonRace::attackStartBiteOverhead
    attackangle = 0
    attackchance = 1
    bashattack = false
    damagemult = 1.5
    ignoreweapon = false
    knockdown = 0
    leftattack = false
    powerattack = false
    recoverytime = 0
    rotatingattack = false
    stagger = 1.5
    staminamult = 1
    strikeangle = 40
DLC1UndeadDragonRace::attackStartBiteRunForward
    attackangle = 0
    attackchance = 1
    bashattack = false
    damagemult = 1.8
    ignoreweapon = false
    knockdown = 0
    leftattack = false
    powerattack = false
    recoverytime = 0
    rotatingattack = false
    stagger = 1.5
    staminamult = 1
    strikeangle = 35
DLC1UndeadDragonRace::attackStartBiteTurnLeft
    attackangle = -45
    attackchance = 1
    bashattack = false
    damagemult = 1.5
    ignoreweapon = false
    knockdown = 0
    leftattack = false
    powerattack = false
    recoverytime = 0
    rotatingattack = false
    stagger = 1.5
    staminamult = 1
    strikeangle = 40
DLC1UndeadDragonRace::attackStartBiteTurnRight
    attackangle = 45
    attackchance = 1
    bashattack = false
    damagemult = 1.5
    ignoreweapon = false
    knockdown = 0
    leftattack = false
    powerattack = false
    recoverytime = 0
    rotatingattack = false
    stagger = 1.5
    staminamult = 1
    strikeangle = 40
DLC1UndeadDragonRace::attackStartStampLeft
    attackangle = -80
    attackchance = 1
    bashattack = false
    damagemult = 1
    ignoreweapon = false
    knockdown = 0
    leftattack = false
    powerattack = false
    recoverytime = 0
    rotatingattack = false
    stagger = 1.5
    staminamult = 1
    strikeangle = 45
DLC1UndeadDragonRace::attackStartStampRight
    attackangle = 80
    attackchance = 1
    bashattack = false
    damagemult = 1
    ignoreweapon = false
    knockdown = 0
    leftattack = false
    powerattack = false
    recoverytime = 0
    rotatingattack = false
    stagger = 1.5
    staminamult = 1
    strikeangle = 45
DLC1UndeadDragonRace::attackStartTailTurnLeft
    attackangle = 170
    attackchance = 1
    bashattack = false
    damagemult = 3
    ignoreweapon = false
    knockdown = 0
    leftattack = false
    powerattack = false
    recoverytime = 0
    rotatingattack = false
    stagger = 1.5
    staminamult = 1
    strikeangle = 90
DLC1UndeadDragonRace::attackStartTailTurnRight
    attackangle = 90
    attackchance = 1
    bashattack = false
    damagemult = 2
    ignoreweapon = false
    knockdown = 0
    leftattack = false
    powerattack = false
    recoverytime = 0
    rotatingattack = false
    stagger = 1.5
    staminamult = 1
    strikeangle = 45
DLC1UndeadDragonRace::attackStartTailWhip
    attackangle = 180
    attackchance = 1
    bashattack = false
    damagemult = 1.5
    ignoreweapon = false
    knockdown = 0
    leftattack = false
    powerattack = false
    recoverytime = 0
    rotatingattack = false
    stagger = 1.5
    staminamult = 1
    strikeangle = 42
successfully loaded race with formid 0402C88B and name Dragon Race
(NEW) DragonBlackRace::ParryAttack
    attackangle = 0
    attackchance = 1
    bashattack = false
    damagemult = 1.5
    ignoreweapon = false
    knockdown = 0
    leftattack = false
    powerattack = false
    recoverytime = 0
    rotatingattack = false
    stagger = 1.5
    staminamult = 1
    strikeangle = 40
DragonBlackRace::attackStartBiteEnrage
    attackangle = 0
    attackchance = 1
    bashattack = false
    damagemult = 1.5
    ignoreweapon = false
    knockdown = 0
    leftattack = false
    powerattack = false
    recoverytime = 0
    rotatingattack = false
    stagger = 1.5
    staminamult = 1
    strikeangle = 65
DragonBlackRace::attackStartBiteOverhead
    attackangle = 0
    attackchance = 1
    bashattack = false
    damagemult = 1.5
    ignoreweapon = false
    knockdown = 0
    leftattack = false
    powerattack = false
    recoverytime = 0
    rotatingattack = false
    stagger = 1.5
    staminamult = 1
    strikeangle = 40
DragonBlackRace::attackStartBiteRunForward
    attackangle = 0
    attackchance = 1
    bashattack = false
    damagemult = 1.8
    ignoreweapon = false
    knockdown = 0
    leftattack = false
    powerattack = false
    recoverytime = 0
    rotatingattack = false
    stagger = 1.5
    staminamult = 1
    strikeangle = 35
DragonBlackRace::attackStartBiteTurnLeft
    attackangle = -45
    attackchance = 1
    bashattack = false
    damagemult = 1.5
    ignoreweapon = false
    knockdown = 0
    leftattack = false
    powerattack = false
    recoverytime = 0
    rotatingattack = false
    stagger = 1.5
    staminamult = 1
    strikeangle = 40
DragonBlackRace::attackStartBiteTurnRight
    attackangle = 45
    attackchance = 1
    bashattack = false
    damagemult = 1.5
    ignoreweapon = false
    knockdown = 0
    leftattack = false
    powerattack = false
    recoverytime = 0
    rotatingattack = false
    stagger = 1.5
    staminamult = 1
    strikeangle = 40
DragonBlackRace::attackStartStampLeft
    attackangle = -80
    attackchance = 1
    bashattack = false
    damagemult = 1
    ignoreweapon = false
    knockdown = 0
    leftattack = false
    powerattack = false
    recoverytime = 0
    rotatingattack = false
    stagger = 1.5
    staminamult = 1
    strikeangle = 45
DragonBlackRace::attackStartStampRight
    attackangle = 80
    attackchance = 1
    bashattack = false
    damagemult = 1
    ignoreweapon = false
    knockdown = 0
    leftattack = false
    powerattack = false
    recoverytime = 0
    rotatingattack = false
    stagger = 1.5
    staminamult = 1
    strikeangle = 45
DragonBlackRace::attackStartTailTurnLeft
    attackangle = 170
    attackchance = 1
    bashattack = false
    damagemult = 3
    ignoreweapon = false
    knockdown = 0
    leftattack = false
    powerattack = false
    recoverytime = 0
    rotatingattack = false
    stagger = 1.5
    staminamult = 1
    strikeangle = 90
DragonBlackRace::attackStartTailTurnRight
    attackangle = 90
    attackchance = 1
    bashattack = false
    damagemult = 2
    ignoreweapon = false
    knockdown = 0
    leftattack = false
    powerattack = false
    recoverytime = 0
    rotatingattack = false
    stagger = 1.5
    staminamult = 1
    strikeangle = 45
DragonBlackRace::attackStartTailWhip
    attackangle = 180
    attackchance = 1
    bashattack = false
    damagemult = 1.5
    ignoreweapon = false
    knockdown = 0
    leftattack = false
    powerattack = false
    recoverytime = 0
    rotatingattack = false
    stagger = 1.5
    staminamult = 1
    strikeangle = 42
successfully loaded race with formid 0402C88C and name Dragon Race
(NEW) DLC2DragonBlackRace::ParryAttack
    attackangle = 0
    attackchance = 1
    bashattack = false
    damagemult = 1.5
    ignoreweapon = false
    knockdown = 0
    leftattack = false
    powerattack = false
    recoverytime = 0
    rotatingattack = false
    stagger = 1.5
    staminamult = 1
    strikeangle = 40
DLC2DragonBlackRace::attackStartBiteEnrage
    attackangle = 0
    attackchance = 1
    bashattack = false
    damagemult = 1.5
    ignoreweapon = false
    knockdown = 0
    leftattack = false
    powerattack = false
    recoverytime = 0
    rotatingattack = false
    stagger = 1.5
    staminamult = 1
    strikeangle = 65
DLC2DragonBlackRace::attackStartBiteOverhead
    attackangle = 0
    attackchance = 1
    bashattack = false
    damagemult = 1.5
    ignoreweapon = false
    knockdown = 0
    leftattack = false
    powerattack = false
    recoverytime = 0
    rotatingattack = false
    stagger = 1.5
    staminamult = 1
    strikeangle = 40
DLC2DragonBlackRace::attackStartBiteRunForward
    attackangle = 0
    attackchance = 1
    bashattack = false
    damagemult = 1.8
    ignoreweapon = false
    knockdown = 0
    leftattack = false
    powerattack = false
    recoverytime = 0
    rotatingattack = false
    stagger = 1.5
    staminamult = 1
    strikeangle = 35
DLC2DragonBlackRace::attackStartBiteTurnLeft
    attackangle = -45
    attackchance = 1
    bashattack = false
    damagemult = 1.5
    ignoreweapon = false
    knockdown = 0
    leftattack = false
    powerattack = false
    recoverytime = 0
    rotatingattack = false
    stagger = 1.5
    staminamult = 1
    strikeangle = 40
DLC2DragonBlackRace::attackStartBiteTurnRight
    attackangle = 45
    attackchance = 1
    bashattack = false
    damagemult = 1.5
    ignoreweapon = false
    knockdown = 0
    leftattack = false
    powerattack = false
    recoverytime = 0
    rotatingattack = false
    stagger = 1.5
    staminamult = 1
    strikeangle = 40
DLC2DragonBlackRace::attackStartStampLeft
    attackangle = -80
    attackchance = 1
    bashattack = false
    damagemult = 1
    ignoreweapon = false
    knockdown = 0
    leftattack = false
    powerattack = false
    recoverytime = 0
    rotatingattack = false
    stagger = 1.5
    staminamult = 1
    strikeangle = 45
DLC2DragonBlackRace::attackStartStampRight
    attackangle = 80
    attackchance = 1
    bashattack = false
    damagemult = 1
    ignoreweapon = false
    knockdown = 0
    leftattack = false
    powerattack = false
    recoverytime = 0
    rotatingattack = false
    stagger = 1.5
    staminamult = 1
    strikeangle = 45
DLC2DragonBlackRace::attackStartTailTurnLeft
    attackangle = 170
    attackchance = 1
    bashattack = false
    damagemult = 3
    ignoreweapon = false
    knockdown = 0
    leftattack = false
    powerattack = false
    recoverytime = 0
    rotatingattack = false
    stagger = 1.5
    staminamult = 1
    strikeangle = 90
DLC2DragonBlackRace::attackStartTailTurnRight
    attackangle = 90
    attackchance = 1
    bashattack = false
    damagemult = 2
    ignoreweapon = false
    knockdown = 0
    leftattack = false
    powerattack = false
    recoverytime = 0
    rotatingattack = false
    stagger = 1.5
    staminamult = 1
    strikeangle = 45
DLC2DragonBlackRace::attackStartTailWhip
    attackangle = 180
    attackchance = 1
    bashattack = false
    damagemult = 1.5
    ignoreweapon = false
    knockdown = 0
    leftattack = false
    powerattack = false
    recoverytime = 0
    rotatingattack = false
    stagger = 1.5
    staminamult = 1
    strikeangle = 42
successfully loaded race with formid 9B0AA687 and name Dragon Race
(NEW) AspectOfAlduinRace::ParryAttack
    attackangle = 0
    attackchance = 1
    bashattack = false
    damagemult = 1.5
    ignoreweapon = false
    knockdown = 0
    leftattack = false
    powerattack = false
    recoverytime = 0
    rotatingattack = false
    stagger = 1.5
    staminamult = 1
    strikeangle = 40
AspectOfAlduinRace::attackStartBiteEnrage
    attackangle = 0
    attackchance = 1
    bashattack = false
    damagemult = 1.5
    ignoreweapon = false
    knockdown = 0
    leftattack = false
    powerattack = false
    recoverytime = 0
    rotatingattack = false
    stagger = 1.5
    staminamult = 1
    strikeangle = 65
AspectOfAlduinRace::attackStartBiteOverhead
    attackangle = 0
    attackchance = 1
    bashattack = false
    damagemult = 1.5
    ignoreweapon = false
    knockdown = 0
    leftattack = false
    powerattack = false
    recoverytime = 0
    rotatingattack = false
    stagger = 1.5
    staminamult = 1
    strikeangle = 40
AspectOfAlduinRace::attackStartBiteRunForward
    attackangle = 0
    attackchance = 1
    bashattack = false
    damagemult = 1.8
    ignoreweapon = false
    knockdown = 0
    leftattack = false
    powerattack = false
    recoverytime = 0
    rotatingattack = false
    stagger = 1.5
    staminamult = 1
    strikeangle = 35
AspectOfAlduinRace::attackStartBiteTurnLeft
    attackangle = -45
    attackchance = 1
    bashattack = false
    damagemult = 1.5
    ignoreweapon = false
    knockdown = 0
    leftattack = false
    powerattack = false
    recoverytime = 0
    rotatingattack = false
    stagger = 1.5
    staminamult = 1
    strikeangle = 40
AspectOfAlduinRace::attackStartBiteTurnRight
    attackangle = 45
    attackchance = 1
    bashattack = false
    damagemult = 1.5
    ignoreweapon = false
    knockdown = 0
    leftattack = false
    powerattack = false
    recoverytime = 0
    rotatingattack = false
    stagger = 1.5
    staminamult = 1
    strikeangle = 40
AspectOfAlduinRace::attackStartStampLeft
    attackangle = -80
    attackchance = 1
    bashattack = false
    damagemult = 1
    ignoreweapon = false
    knockdown = 0
    leftattack = false
    powerattack = false
    recoverytime = 0
    rotatingattack = false
    stagger = 1.5
    staminamult = 1
    strikeangle = 45
AspectOfAlduinRace::attackStartStampRight
    attackangle = 80
    attackchance = 1
    bashattack = false
    damagemult = 1
    ignoreweapon = false
    knockdown = 0
    leftattack = false
    powerattack = false
    recoverytime = 0
    rotatingattack = false
    stagger = 1.5
    staminamult = 1
    strikeangle = 45
AspectOfAlduinRace::attackStartTailTurnLeft
    attackangle = 170
    attackchance = 1
    bashattack = false
    damagemult = 3
    ignoreweapon = false
    knockdown = 0
    leftattack = false
    powerattack = false
    recoverytime = 0
    rotatingattack = false
    stagger = 1.5
    staminamult = 1
    strikeangle = 90
AspectOfAlduinRace::attackStartTailTurnRight
    attackangle = 90
    attackchance = 1
    bashattack = false
    damagemult = 2
    ignoreweapon = false
    knockdown = 0
    leftattack = false
    powerattack = false
    recoverytime = 0
    rotatingattack = false
    stagger = 1.5
    staminamult = 1
    strikeangle = 45
AspectOfAlduinRace::attackStartTailWhip
    attackangle = 180
    attackchance = 1
    bashattack = false
    damagemult = 1.5
    ignoreweapon = false
    knockdown = 0
    leftattack = false
    powerattack = false
    recoverytime = 0
    rotatingattack = false
    stagger = 1.5
    staminamult = 1
    strikeangle = 42
successfully loaded race with formid 9B0C3BFF and name Dragon Race
(NEW) DragonRaceSmall::ParryAttack
    attackangle = 0
    attackchance = 1
    bashattack = false
    damagemult = 1.5
    ignoreweapon = false
    knockdown = 0
    leftattack = false
    powerattack = false
    recoverytime = 0
    rotatingattack = false
    stagger = 1.5
    staminamult = 1
    strikeangle = 40
DragonRaceSmall::attackStartBiteEnrage
    attackangle = 0
    attackchance = 1
    bashattack = false
    damagemult = 1.5
    ignoreweapon = false
    knockdown = 0
    leftattack = false
    powerattack = false
    recoverytime = 0
    rotatingattack = false
    stagger = 1.5
    staminamult = 1
    strikeangle = 65
DragonRaceSmall::attackStartBiteOverhead
    attackangle = 0
    attackchance = 1
    bashattack = false
    damagemult = 1.5
    ignoreweapon = false
    knockdown = 0
    leftattack = false
    powerattack = false
    recoverytime = 0
    rotatingattack = false
    stagger = 1.5
    staminamult = 1
    strikeangle = 40
DragonRaceSmall::attackStartBiteRunForward
    attackangle = 0
    attackchance = 1
    bashattack = false
    damagemult = 1.8
    ignoreweapon = false
    knockdown = 0
    leftattack = false
    powerattack = false
    recoverytime = 0
    rotatingattack = false
    stagger = 1.5
    staminamult = 1
    strikeangle = 35
DragonRaceSmall::attackStartBiteTurnLeft
    attackangle = -45
    attackchance = 1
    bashattack = false
    damagemult = 1.5
    ignoreweapon = false
    knockdown = 0
    leftattack = false
    powerattack = false
    recoverytime = 0
    rotatingattack = false
    stagger = 1.5
    staminamult = 1
    strikeangle = 40
DragonRaceSmall::attackStartBiteTurnRight
    attackangle = 45
    attackchance = 1
    bashattack = false
    damagemult = 1.5
    ignoreweapon = false
    knockdown = 0
    leftattack = false
    powerattack = false
    recoverytime = 0
    rotatingattack = false
    stagger = 1.5
    staminamult = 1
    strikeangle = 40
DragonRaceSmall::attackStartStampLeft
    attackangle = -80
    attackchance = 1
    bashattack = false
    damagemult = 1
    ignoreweapon = false
    knockdown = 0
    leftattack = false
    powerattack = false
    recoverytime = 0
    rotatingattack = false
    stagger = 1.5
    staminamult = 1
    strikeangle = 45
DragonRaceSmall::attackStartStampRight
    attackangle = 80
    attackchance = 1
    bashattack = false
    damagemult = 1
    ignoreweapon = false
    knockdown = 0
    leftattack = false
    powerattack = false
    recoverytime = 0
    rotatingattack = false
    stagger = 1.5
    staminamult = 1
    strikeangle = 45
DragonRaceSmall::attackStartTailTurnLeft
    attackangle = 170
    attackchance = 1
    bashattack = false
    damagemult = 3
    ignoreweapon = false
    knockdown = 0
    leftattack = false
    powerattack = false
    recoverytime = 0
    rotatingattack = false
    stagger = 1.5
    staminamult = 1
    strikeangle = 90
DragonRaceSmall::attackStartTailTurnRight
    attackangle = 90
    attackchance = 1
    bashattack = false
    damagemult = 2
    ignoreweapon = false
    knockdown = 0
    leftattack = false
    powerattack = false
    recoverytime = 0
    rotatingattack = false
    stagger = 1.5
    staminamult = 1
    strikeangle = 45
DragonRaceSmall::attackStartTailWhip
    attackangle = 180
    attackchance = 1
    bashattack = false
    damagemult = 1.5
    ignoreweapon = false
    knockdown = 0
    leftattack = false
    powerattack = false
    recoverytime = 0
    rotatingattack = false
    stagger = 1.5
    staminamult = 1
    strikeangle = 42
successfully loaded race with formid 9B4BD6F6 and name Spectral Dragon
successfully loaded race with formid 00012E82 and name Dragon Race
(NEW) DragonRace::ParryAttack
    attackangle = 0
    attackchance = 1
    bashattack = false
    damagemult = 1.5
    ignoreweapon = false
    knockdown = 0
    leftattack = false
    powerattack = false
    recoverytime = 0
    rotatingattack = false
    stagger = 1.5
    staminamult = 1
    strikeangle = 40
DragonRace::attackStartBiteEnrage
    attackangle = 0
    attackchance = 1
    bashattack = false
    damagemult = 1.5
    ignoreweapon = false
    knockdown = 0
    leftattack = false
    powerattack = false
    recoverytime = 0
    rotatingattack = false
    stagger = 1.5
    staminamult = 1
    strikeangle = 65
DragonRace::attackStartBiteOverhead
    attackangle = 0
    attackchance = 1
    bashattack = false
    damagemult = 1.5
    ignoreweapon = false
    knockdown = 0
    leftattack = false
    powerattack = false
    recoverytime = 0
    rotatingattack = false
    stagger = 1.5
    staminamult = 1
    strikeangle = 40
DragonRace::attackStartBiteRunForward
    attackangle = 0
    attackchance = 1
    bashattack = false
    damagemult = 1.8
    ignoreweapon = false
    knockdown = 0
    leftattack = false
    powerattack = false
    recoverytime = 0
    rotatingattack = false
    stagger = 1.5
    staminamult = 1
    strikeangle = 35
DragonRace::attackStartBiteTurnLeft
    attackangle = -45
    attackchance = 1
    bashattack = false
    damagemult = 1.5
    ignoreweapon = false
    knockdown = 0
    leftattack = false
    powerattack = false
    recoverytime = 0
    rotatingattack = false
    stagger = 1.5
    staminamult = 1
    strikeangle = 40
DragonRace::attackStartBiteTurnRight
    attackangle = 45
    attackchance = 1
    bashattack = false
    damagemult = 1.5
    ignoreweapon = false
    knockdown = 0
    leftattack = false
    powerattack = false
    recoverytime = 0
    rotatingattack = false
    stagger = 1.5
    staminamult = 1
    strikeangle = 40
DragonRace::attackStartStampLeft
    attackangle = -80
    attackchance = 1
    bashattack = false
    damagemult = 1
    ignoreweapon = false
    knockdown = 0
    leftattack = false
    powerattack = false
    recoverytime = 0
    rotatingattack = false
    stagger = 1.5
    staminamult = 1
    strikeangle = 45
DragonRace::attackStartStampRight
    attackangle = 80
    attackchance = 1
    bashattack = false
    damagemult = 1
    ignoreweapon = false
    knockdown = 0
    leftattack = false
    powerattack = false
    recoverytime = 0
    rotatingattack = false
    stagger = 1.5
    staminamult = 1
    strikeangle = 45
DragonRace::attackStartTailTurnLeft
    attackangle = 170
    attackchance = 1
    bashattack = false
    damagemult = 3
    ignoreweapon = false
    knockdown = 0
    leftattack = false
    powerattack = false
    recoverytime = 0
    rotatingattack = false
    stagger = 1.5
    staminamult = 1
    strikeangle = 90
DragonRace::attackStartTailTurnRight
    attackangle = 90
    attackchance = 1
    bashattack = false
    damagemult = 2
    ignoreweapon = false
    knockdown = 0
    leftattack = false
    powerattack = false
    recoverytime = 0
    rotatingattack = false
    stagger = 1.5
    staminamult = 1
    strikeangle = 45
DragonRace::attackStartTailWhip
    attackangle = 180
    attackchance = 1
    bashattack = false
    damagemult = 1.5
    ignoreweapon = false
    knockdown = 0
    leftattack = false
    powerattack = false
    recoverytime = 0
    rotatingattack = false
    stagger = 1.5
    staminamult = 1
    strikeangle = 42
successfully loaded race with formid 000E7713 and name Dragon Race
(NEW) AlduinRace::ParryAttack
    attackangle = 0
    attackchance = 1
    bashattack = false
    damagemult = 1.5
    ignoreweapon = false
    knockdown = 0
    leftattack = false
    powerattack = false
    recoverytime = 0
    rotatingattack = false
    stagger = 1.5
    staminamult = 1
    strikeangle = 40
AlduinRace::attackStartBiteEnrage
    attackangle = 0
    attackchance = 1
    bashattack = false
    damagemult = 1.5
    ignoreweapon = false
    knockdown = 0
    leftattack = false
    powerattack = false
    recoverytime = 0
    rotatingattack = false
    stagger = 1.5
    staminamult = 1
    strikeangle = 65
AlduinRace::attackStartBiteOverhead
    attackangle = 0
    attackchance = 1
    bashattack = false
    damagemult = 1.5
    ignoreweapon = false
    knockdown = 0
    leftattack = false
    powerattack = false
    recoverytime = 0
    rotatingattack = false
    stagger = 1.5
    staminamult = 1
    strikeangle = 40
AlduinRace::attackStartBiteRunForward
    attackangle = 0
    attackchance = 1
    bashattack = false
    damagemult = 1.8
    ignoreweapon = false
    knockdown = 0
    leftattack = false
    powerattack = false
    recoverytime = 0
    rotatingattack = false
    stagger = 1.5
    staminamult = 1
    strikeangle = 35
AlduinRace::attackStartBiteTurnLeft
    attackangle = -45
    attackchance = 1
    bashattack = false
    damagemult = 1.5
    ignoreweapon = false
    knockdown = 0
    leftattack = false
    powerattack = false
    recoverytime = 0
    rotatingattack = false
    stagger = 1.5
    staminamult = 1
    strikeangle = 40
AlduinRace::attackStartBiteTurnRight
    attackangle = 45
    attackchance = 1
    bashattack = false
    damagemult = 1.5
    ignoreweapon = false
    knockdown = 0
    leftattack = false
    powerattack = false
    recoverytime = 0
    rotatingattack = false
    stagger = 1.5
    staminamult = 1
    strikeangle = 40
AlduinRace::attackStartStampLeft
    attackangle = -80
    attackchance = 1
    bashattack = false
    damagemult = 1
    ignoreweapon = false
    knockdown = 0
    leftattack = false
    powerattack = false
    recoverytime = 0
    rotatingattack = false
    stagger = 1.5
    staminamult = 1
    strikeangle = 45
AlduinRace::attackStartStampRight
    attackangle = 80
    attackchance = 1
    bashattack = false
    damagemult = 1
    ignoreweapon = false
    knockdown = 0
    leftattack = false
    powerattack = false
    recoverytime = 0
    rotatingattack = false
    stagger = 1.5
    staminamult = 1
    strikeangle = 45
AlduinRace::attackStartTailTurnLeft
    attackangle = 170
    attackchance = 1
    bashattack = false
    damagemult = 3
    ignoreweapon = false
    knockdown = 0
    leftattack = false
    powerattack = false
    recoverytime = 0
    rotatingattack = false
    stagger = 1.5
    staminamult = 1
    strikeangle = 90
AlduinRace::attackStartTailTurnRight
    attackangle = 90
    attackchance = 1
    bashattack = false
    damagemult = 2
    ignoreweapon = false
    knockdown = 0
    leftattack = false
    powerattack = false
    recoverytime = 0
    rotatingattack = false
    stagger = 1.5
    staminamult = 1
    strikeangle = 45
AlduinRace::attackStartTailWhip
    attackangle = 180
    attackchance = 1
    bashattack = false
    damagemult = 1.5
    ignoreweapon = false
    knockdown = 0
    leftattack = false
    powerattack = false
    recoverytime = 0
    rotatingattack = false
    stagger = 1.5
    staminamult = 1
    strikeangle = 42
successfully loaded race with formid 001052A3 and name Dragon Race
(NEW) UndeadDragonRace::ParryAttack
    attackangle = 0
    attackchance = 1
    bashattack = false
    damagemult = 1.5
    ignoreweapon = false
    knockdown = 0
    leftattack = false
    powerattack = false
    recoverytime = 0
    rotatingattack = false
    stagger = 1.5
    staminamult = 1
    strikeangle = 40
UndeadDragonRace::attackStartBiteEnrage
    attackangle = 0
    attackchance = 1
    bashattack = false
    damagemult = 1.5
    ignoreweapon = false
    knockdown = 0
    leftattack = false
    powerattack = false
    recoverytime = 0
    rotatingattack = false
    stagger = 1.5
    staminamult = 1
    strikeangle = 65
UndeadDragonRace::attackStartBiteOverhead
    attackangle = 0
    attackchance = 1
    bashattack = false
    damagemult = 1.5
    ignoreweapon = false
    knockdown = 0
    leftattack = false
    powerattack = false
    recoverytime = 0
    rotatingattack = false
    stagger = 1.5
    staminamult = 1
    strikeangle = 40
UndeadDragonRace::attackStartBiteRunForward
    attackangle = 0
    attackchance = 1
    bashattack = false
    damagemult = 1.8
    ignoreweapon = false
    knockdown = 0
    leftattack = false
    powerattack = false
    recoverytime = 0
    rotatingattack = false
    stagger = 1.5
    staminamult = 1
    strikeangle = 35
UndeadDragonRace::attackStartBiteTurnLeft
    attackangle = -45
    attackchance = 1
    bashattack = false
    damagemult = 1.5
    ignoreweapon = false
    knockdown = 0
    leftattack = false
    powerattack = false
    recoverytime = 0
    rotatingattack = false
    stagger = 1.5
    staminamult = 1
    strikeangle = 40
UndeadDragonRace::attackStartBiteTurnRight
    attackangle = 45
    attackchance = 1
    bashattack = false
    damagemult = 1.5
    ignoreweapon = false
    knockdown = 0
    leftattack = false
    powerattack = false
    recoverytime = 0
    rotatingattack = false
    stagger = 1.5
    staminamult = 1
    strikeangle = 40
UndeadDragonRace::attackStartStampLeft
    attackangle = -80
    attackchance = 1
    bashattack = false
    damagemult = 1
    ignoreweapon = false
    knockdown = 0
    leftattack = false
    powerattack = false
    recoverytime = 0
    rotatingattack = false
    stagger = 1.5
    staminamult = 1
    strikeangle = 45
UndeadDragonRace::attackStartStampRight
    attackangle = 80
    attackchance = 1
    bashattack = false
    damagemult = 1
    ignoreweapon = false
    knockdown = 0
    leftattack = false
    powerattack = false
    recoverytime = 0
    rotatingattack = false
    stagger = 1.5
    staminamult = 1
    strikeangle = 45
UndeadDragonRace::attackStartTailTurnLeft
    attackangle = 170
    attackchance = 1
    bashattack = false
    damagemult = 3
    ignoreweapon = false
    knockdown = 0
    leftattack = false
    powerattack = false
    recoverytime = 0
    rotatingattack = false
    stagger = 1.5
    staminamult = 1
    strikeangle = 90
UndeadDragonRace::attackStartTailTurnRight
    attackangle = 90
    attackchance = 1
    bashattack = false
    damagemult = 2
    ignoreweapon = false
    knockdown = 0
    leftattack = false
    powerattack = false
    recoverytime = 0
    rotatingattack = false
    stagger = 1.5
    staminamult = 1
    strikeangle = 45
UndeadDragonRace::attackStartTailWhip
    attackangle = 180
    attackchance = 1
    bashattack = false
    damagemult = 1.5
    ignoreweapon = false
    knockdown = 0
    leftattack = false
    powerattack = false
    recoverytime = 0
    rotatingattack = false
    stagger = 1.5
    staminamult = 1
    strikeangle = 42
successfully loaded race with formid 000131E7 and name Bear
successfully loaded race with formid 000131E8 and name Cave Bear
successfully loaded race with formid 000131E9 and name Snow Bear
successfully loaded race with formid 0006DC99 and name Rabbit
race has no attack data, returning
successfully loaded race with formid 9C008472 and name Cat
successfully loaded race with formid FE7BD9CF and name Draugr
successfully loaded race with formid FE7BD9D0 and name Draugr
successfully loaded race with formid 13602431 and name Zombie
successfully loaded race with formid 1409478D and name Zombie
successfully loaded race with formid FE001D6B and name Zombie
successfully loaded race with formid 000CD657 and name Dog
successfully loaded race with formid 000CD657 and name Dog
successfully loaded race with formid FE7C2804 and name Great Gray Spider
successfully loaded race with formid FE7C2802 and name Great Black Spider
successfully loaded race with formid FE7C2803 and name Great Frost Spider
successfully loaded race with formid FE7C3802 and name Great Stone Golem
successfully loaded race with formid FE7C3803 and name Great Sand Golem
successfully loaded race with formid FE7C4800 and name Giant
successfully loaded race with formid FE7C4801 and name Ice Wraith
successfully loaded race with formid FE7C4842 and name 
successfully loaded race with formid FE7C4851 and name Giant
successfully loaded race with formid FE7C489C and name Giant
successfully loaded race with formid FE7C48A0 and name Snow Troll
successfully loaded race with formid FE7C6800 and name Dwarven Centurion
successfully loaded race with formid FE7C7800 and name Dwarven Centurion
successfully loaded race with formid 9D005901 and name Spriggan
successfully loaded race with formid 9D000801 and name Spriggan
successfully loaded race with formid FE7C8800 and name Frost Atronach
successfully loaded race with formid FE7C9800 and name Spriggan
successfully loaded race with formid FE7CB807 and name 
successfully loaded race with formid FE7CB837 and name 
successfully loaded race with formid FE7CC800 and name Draugr
successfully loaded race with formid FE7CC801 and name Wisp
successfully loaded race with formid FE7CC833 and name Wisp
successfully loaded race with formid FE7CC876 and name Wisp
successfully loaded race with formid FE7CC877 and name Wisp
successfully loaded race with formid FE7CC891 and name Wisp
successfully loaded race with formid FE7CC892 and name Wisp
successfully loaded race with formid FE7CC8E1 and name Vampire Lord
successfully loaded race with formid FE7CC8FD and name Vampire Lord
successfully loaded race with formid FE7CC9DC and name Skeleton
successfully loaded race with formid FE7CD800 and name 
successfully loaded race with formid FE7CE801 and name 
successfully loaded race with formid FE7CE825 and name Dog
successfully loaded race with formid FE7CF847 and name Hagraven
successfully loaded race with formid FE7D0800 and name Draugr
successfully loaded race with formid FE7D1800 and name 
successfully loaded race with formid 9E005901 and name Hagraven
successfully loaded race with formid 9E00AA12 and name Hagraven
successfully loaded race with formid 9E03D4B9 and name 
successfully loaded race with formid 9E056A24 and name 
successfully loaded race with formid FE7D2800 and name 
successfully loaded race with formid FE7D3803 and name Frostbite Spider
successfully loaded race with formid 9F005901 and name Giant
successfully loaded race with formid 9F00FB11 and name Giant
successfully loaded race with formid FE7D4800 and name 
successfully loaded race with formid FE7D5800 and name Horse
successfully loaded race with formid FE7D6800 and name Draugr
successfully loaded race with formid FE7D681F and name Giant
successfully loaded race with formid FE7D6835 and name Skeleton
successfully loaded race with formid FE7D68A5 and name Blue Flame Atronach
successfully loaded race with formid FE7D68B4 and name Blue Flame Atronach
successfully loaded race with formid FE7D68BA and name Giant
successfully loaded race with formid FE7D68BD and name Giant
successfully loaded race with formid FE7D68C8 and name Giant
successfully loaded race with formid FE7D68DE and name 
successfully loaded race with formid FE7D68E5 and name 
successfully loaded race with formid FE7D68E6 and name 
successfully loaded race with formid FE7D68E7 and name 
successfully loaded race with formid FE7D68F1 and name 
successfully loaded race with formid FE7D68FB and name 
successfully loaded race with formid FE7D68FC and name 
successfully loaded race with formid FE7D68FD and name 
successfully loaded race with formid FE7D7800 and name Draugr
successfully loaded race with formid FE7D7805 and name Draugr
successfully loaded race with formid FE7D7824 and name Draugr
successfully loaded race with formid FE7D7831 and name Draugr
successfully loaded race with formid FE7D8800 and name Dremora
successfully loaded race with formid FE7D8801 and name 
successfully loaded race with formid FE7D9800 and name Hagraven
successfully loaded race with formid FE7D980D and name Hagraven
successfully loaded race with formid FE7D9869 and name 
successfully loaded race with formid FE7D98AC and name 
successfully loaded race with formid FE7DA800 and name Werewolf
successfully loaded race with formid FE7DA80F and name Werewolf
successfully loaded race with formid FE7DA816 and name Werewolf
successfully loaded race with formid FE7DA824 and name Werewolf
successfully loaded race with formid FE7DA82E and name 
successfully loaded race with formid FE7DA88B and name 
successfully loaded race with formid FE7DB800 and name 
successfully loaded race with formid FE7DB801 and name 
successfully loaded race with formid FE7DC800 and name 
successfully loaded race with formid FE7DC801 and name 
successfully loaded race with formid FE7DCA7C and name Skeever
successfully loaded race with formid FE7DCAB0 and name Skeever
successfully loaded race with formid FE7DCB35 and name Skeever
successfully loaded race with formid A0001396 and name Ogre
successfully loaded race with formid FE7E2800 and name Mutant
successfully loaded race with formid FE7E3808 and name Draugr NPC
successfully loaded race with formid FE7E7802 and name Bogmort
successfully loaded race with formid FE7E787C and name Bogmort
successfully loaded race with formid A1012686 and name Dwarven Centurion
successfully loaded race with formid A1000D6B and name Dwemer
successfully loaded race with formid 00013740 and name Argonian
successfully loaded race with formid 00013741 and name Breton
successfully loaded race with formid 00013742 and name Dark Elf
successfully loaded race with formid 00013743 and name High Elf
successfully loaded race with formid 00013744 and name Imperial
successfully loaded race with formid 00013745 and name Khajiit
successfully loaded race with formid 00013746 and name Nord
successfully loaded race with formid 00013747 and name Orc
successfully loaded race with formid 00013748 and name Redguard
successfully loaded race with formid 00013749 and name Wood Elf
successfully loaded race with formid 00088794 and name Nord
successfully loaded race with formid 0008883A and name Argonian
successfully loaded race with formid 0008883C and name Breton
successfully loaded race with formid 0008883D and name Dark Elf
successfully loaded race with formid 00088840 and name High Elf
successfully loaded race with formid 00088844 and name Imperial
successfully loaded race with formid 00088845 and name Khajiit
successfully loaded race with formid 00088846 and name Redguard
successfully loaded race with formid 00088884 and name Wood Elf
successfully loaded race with formid 000A82B9 and name Orc
successfully loaded race with formid A600F8DE and name Hunger
successfully loaded race with formid B101545E and name Lich
race has no attack data, returning
successfully loaded race with formid B1091E81 and name Feral Spirit
successfully loaded race with formid B10AE048 and name Daedric Wolf
successfully loaded race with formid B10B0BDE and name Totem Bear
successfully loaded race with formid B10B1C0E and name Totem Sabre Cat
successfully loaded race with formid B10BA395 and name Skeleton
successfully loaded race with formid B10BBEE7 and name Craftlord
successfully loaded race with formid B1100046 and name Temple Grim
successfully loaded race with formid B101545D and name Nether Lich
race has no attack data, returning
successfully loaded race with formid 000131F0 and name Dremora
successfully loaded race with formid B3427952 and name Dremora
successfully loaded race with formid 000131F0 and name Dremora
successfully loaded race with formid B404CBDE and name Bear
successfully loaded race with formid B404CBDF and name Robot
successfully loaded race with formid B404CBE0 and name Spider
successfully loaded race with formid B404CBE1 and name Horker
successfully loaded race with formid B404CBE2 and name Mammoth
successfully loaded race with formid B404CBE3 and name Mudcrab
successfully loaded race with formid B404CBE4 and name Kitty
successfully loaded race with formid B404CBE5 and name Dog
successfully loaded race with formid B400A668 and name Beast of death
successfully loaded race with formid B400A669 and name Husky
successfully loaded race with formid B400945B and name Netch
successfully loaded race with formid B400945C and name Pig
successfully loaded race with formid B404C657 and name Dog
successfully loaded race with formid B401B91B and name Invisible Race
successfully loaded race with formid B500086F and name Dragon Race
(NEW) IMP_RACE_SkeletonDragon::ParryAttack
    attackangle = 0
    attackchance = 1
    bashattack = false
    damagemult = 1.5
    ignoreweapon = false
    knockdown = 0
    leftattack = false
    powerattack = false
    recoverytime = 0
    rotatingattack = false
    stagger = 1.5
    staminamult = 1
    strikeangle = 40
(NEW) IMP_RACE_SkeletonDragon::attackStartBiteEnrage
    attackangle = 0
    attackchance = 1
    bashattack = false
    damagemult = 1.5
    ignoreweapon = false
    knockdown = 0
    leftattack = false
    powerattack = false
    recoverytime = 0
    rotatingattack = false
    stagger = 1.5
    staminamult = 1
    strikeangle = 65
(NEW) IMP_RACE_SkeletonDragon::attackStartBiteOverhead
    attackangle = 0
    attackchance = 1
    bashattack = false
    damagemult = 1.5
    ignoreweapon = false
    knockdown = 0
    leftattack = false
    powerattack = false
    recoverytime = 0
    rotatingattack = false
    stagger = 1.5
    staminamult = 1
    strikeangle = 40
(NEW) IMP_RACE_SkeletonDragon::attackStartBiteRunForward
    attackangle = 0
    attackchance = 1
    bashattack = false
    damagemult = 1.8
    ignoreweapon = false
    knockdown = 0
    leftattack = false
    powerattack = false
    recoverytime = 0
    rotatingattack = false
    stagger = 1.5
    staminamult = 1
    strikeangle = 35
(NEW) IMP_RACE_SkeletonDragon::attackStartBiteTurnLeft
    attackangle = -45
    attackchance = 1
    bashattack = false
    damagemult = 1.5
    ignoreweapon = false
    knockdown = 0
    leftattack = false
    powerattack = false
    recoverytime = 0
    rotatingattack = false
    stagger = 1.5
    staminamult = 1
    strikeangle = 40
(NEW) IMP_RACE_SkeletonDragon::attackStartBiteTurnRight
    attackangle = 45
    attackchance = 1
    bashattack = false
    damagemult = 1.5
    ignoreweapon = false
    knockdown = 0
    leftattack = false
    powerattack = false
    recoverytime = 0
    rotatingattack = false
    stagger = 1.5
    staminamult = 1
    strikeangle = 40
(NEW) IMP_RACE_SkeletonDragon::attackStartStampLeft
    attackangle = -80
    attackchance = 1
    bashattack = false
    damagemult = 1
    ignoreweapon = false
    knockdown = 0
    leftattack = false
    powerattack = false
    recoverytime = 0
    rotatingattack = false
    stagger = 1.5
    staminamult = 1
    strikeangle = 45
(NEW) IMP_RACE_SkeletonDragon::attackStartStampRight
    attackangle = 80
    attackchance = 1
    bashattack = false
    damagemult = 1
    ignoreweapon = false
    knockdown = 0
    leftattack = false
    powerattack = false
    recoverytime = 0
    rotatingattack = false
    stagger = 1.5
    staminamult = 1
    strikeangle = 45
(NEW) IMP_RACE_SkeletonDragon::attackStartTailTurnLeft
    attackangle = 170
    attackchance = 1
    bashattack = false
    damagemult = 3
    ignoreweapon = false
    knockdown = 0
    leftattack = false
    powerattack = false
    recoverytime = 0
    rotatingattack = false
    stagger = 1.5
    staminamult = 1
    strikeangle = 90
(NEW) IMP_RACE_SkeletonDragon::attackStartTailTurnRight
    attackangle = 90
    attackchance = 1
    bashattack = false
    damagemult = 2
    ignoreweapon = false
    knockdown = 0
    leftattack = false
    powerattack = false
    recoverytime = 0
    rotatingattack = false
    stagger = 1.5
    staminamult = 1
    strikeangle = 45
(NEW) IMP_RACE_SkeletonDragon::attackStartTailWhip
    attackangle = 180
    attackchance = 1
    bashattack = false
    damagemult = 1.5
    ignoreweapon = false
    knockdown = 0
    leftattack = false
    powerattack = false
    recoverytime = 0
    rotatingattack = false
    stagger = 1.5
    staminamult = 1
    strikeangle = 42
successfully loaded race with formid B5000870 and name Ice Wraith
successfully loaded race with formid B5000871 and name Dog
successfully loaded race with formid B50249CC and name Bone Walker
successfully loaded race with formid B500086D and name Horse
successfully loaded race with formid B500086E and name Skeleton
successfully loaded race with formid B60A653C and name Mind Spider
successfully loaded race with formid FE9A381F and name Earth Atronach
successfully loaded race with formid FE9A381D and name Water Atronach
successfully loaded race with formid FE9A381E and name Wind Atronach
successfully loaded race with formid B914520F and name Rattlesnake
successfully loaded race with formid B9005907 and name Temple Grim
successfully loaded race with formid B9000804 and name Snow Leopard
successfully loaded race with formid B9005901 and name Dragon Priest
race has no attack data, returning
successfully loaded race with formid B9247842 and name Leviathan
successfully loaded race with formid B900080C and name Hound of Hircine
successfully loaded race with formid B9000814 and name Ravagor
successfully loaded race with formid B9187045 and name Gremlin
successfully loaded race with formid B917CE32 and name Gray Wolf
successfully loaded race with formid B935E36B and name Totem
successfully loaded race with formid B929DA06 and name Druid Deer
successfully loaded race with formid B92C625D and name Fylgja
successfully loaded race with formid B9000837 and name Treewarden
successfully loaded race with formid B935E387 and name Eyes in the Sky
(NEW) TVR_Totem_Race_EyesInTheSky::ParryAttack
    attackangle = 0
    attackchance = 1
    bashattack = false
    damagemult = 1.5
    ignoreweapon = false
    knockdown = 0
    leftattack = false
    powerattack = false
    recoverytime = 0
    rotatingattack = false
    stagger = 1.5
    staminamult = 1
    strikeangle = 40
(NEW) TVR_Totem_Race_EyesInTheSky::attackStartBiteEnrage
    attackangle = 0
    attackchance = 1
    bashattack = false
    damagemult = 1.5
    ignoreweapon = false
    knockdown = 0
    leftattack = false
    powerattack = false
    recoverytime = 0
    rotatingattack = false
    stagger = 1.5
    staminamult = 1
    strikeangle = 65
(NEW) TVR_Totem_Race_EyesInTheSky::attackStartBiteOverhead
    attackangle = 0
    attackchance = 1
    bashattack = false
    damagemult = 1.5
    ignoreweapon = false
    knockdown = 0
    leftattack = false
    powerattack = false
    recoverytime = 0
    rotatingattack = false
    stagger = 1.5
    staminamult = 1
    strikeangle = 40
(NEW) TVR_Totem_Race_EyesInTheSky::attackStartBiteRunForward
    attackangle = 0
    attackchance = 1
    bashattack = false
    damagemult = 1.8
    ignoreweapon = false
    knockdown = 0
    leftattack = false
    powerattack = false
    recoverytime = 0
    rotatingattack = false
    stagger = 1.5
    staminamult = 1
    strikeangle = 35
(NEW) TVR_Totem_Race_EyesInTheSky::attackStartBiteTurnLeft
    attackangle = -45
    attackchance = 1
    bashattack = false
    damagemult = 1.5
    ignoreweapon = false
    knockdown = 0
    leftattack = false
    powerattack = false
    recoverytime = 0
    rotatingattack = false
    stagger = 1.5
    staminamult = 1
    strikeangle = 40
(NEW) TVR_Totem_Race_EyesInTheSky::attackStartBiteTurnRight
    attackangle = 45
    attackchance = 1
    bashattack = false
    damagemult = 1.5
    ignoreweapon = false
    knockdown = 0
    leftattack = false
    powerattack = false
    recoverytime = 0
    rotatingattack = false
    stagger = 1.5
    staminamult = 1
    strikeangle = 40
(NEW) TVR_Totem_Race_EyesInTheSky::attackStartStampLeft
    attackangle = -80
    attackchance = 1
    bashattack = false
    damagemult = 1
    ignoreweapon = false
    knockdown = 0
    leftattack = false
    powerattack = false
    recoverytime = 0
    rotatingattack = false
    stagger = 1.5
    staminamult = 1
    strikeangle = 45
(NEW) TVR_Totem_Race_EyesInTheSky::attackStartStampRight
    attackangle = 80
    attackchance = 1
    bashattack = false
    damagemult = 1
    ignoreweapon = false
    knockdown = 0
    leftattack = false
    powerattack = false
    recoverytime = 0
    rotatingattack = false
    stagger = 1.5
    staminamult = 1
    strikeangle = 45
(NEW) TVR_Totem_Race_EyesInTheSky::attackStartTailTurnLeft
    attackangle = 170
    attackchance = 1
    bashattack = false
    damagemult = 3
    ignoreweapon = false
    knockdown = 0
    leftattack = false
    powerattack = false
    recoverytime = 0
    rotatingattack = false
    stagger = 1.5
    staminamult = 1
    strikeangle = 90
(NEW) TVR_Totem_Race_EyesInTheSky::attackStartTailTurnRight
    attackangle = 90
    attackchance = 1
    bashattack = false
    damagemult = 2
    ignoreweapon = false
    knockdown = 0
    leftattack = false
    powerattack = false
    recoverytime = 0
    rotatingattack = false
    stagger = 1.5
    staminamult = 1
    strikeangle = 45
(NEW) TVR_Totem_Race_EyesInTheSky::attackStartTailWhip
    attackangle = 180
    attackchance = 1
    bashattack = false
    damagemult = 1.5
    ignoreweapon = false
    knockdown = 0
    leftattack = false
    powerattack = false
    recoverytime = 0
    rotatingattack = false
    stagger = 1.5
    staminamult = 1
    strikeangle = 42
successfully loaded race with formid B92CB368 and name Witchlight
successfully loaded race with formid B900084F and name Raven
successfully loaded race with formid FE9A5950 and name Molten Wyrm
successfully loaded race with formid FE9A5982 and name Molten Atronach
successfully loaded race with formid FE9A6982 and name Arclight Atronach
successfully loaded race with formid FE9A7953 and name Necrotic Flame Atronach
successfully loaded race with formid FE9AAAFE and name Shadow Wolf
successfully loaded race with formid FE9AAC3E and name Shadow Atronach
successfully loaded race with formid 000131FF and name Mammoth
successfully loaded race with formid 000EBE18 and name Dragon Priest
race has no attack data, returning
successfully loaded race with formid 02007AF3 and name Draugr
successfully loaded race with formid 0200894D and name Draugr
successfully loaded race with formid 0200A2C6 and name Gargoyle
successfully loaded race with formid 0403911A and name Dragon Priest
race has no attack data, returning
successfully loaded race with formid C909AB64 and name Vampire Lord
successfully loaded race with formid C912D8E5 and name Draugr
successfully loaded race with formid C9506A1C and name Flame Atronach
successfully loaded race with formid C96E2980 and name Gargoyle
successfully loaded race with formid C99CADDD and name Werewolf
successfully loaded race with formid C9B84C97 and name Nord
successfully loaded race with formid C9BA1D1D and name Invisible Race
successfully loaded race with formid C9BD985C and name Frost Atronach
successfully loaded race with formid C9BE3A61 and name Nord
successfully loaded race with formid C9E8ADA5 and name Invisible Race
successfully loaded race with formid C9F82454 and name Dwarven Sphere
successfully loaded race with formid 000131EF and name Dragon Priest
race has no attack data, returning
successfully loaded race with formid 000131F1 and name Dwarven Centurion
successfully loaded race with formid 000131F2 and name Dwarven Sphere
successfully loaded race with formid CA885325 and name Draugr
successfully loaded race with formid CA221773 and name Blighted Wisp
successfully loaded race with formid CA221774 and name Blighted Wisp
successfully loaded race with formid CA23AC94 and name Spirit Bear
successfully loaded race with formid CA235B91 and name Spirit Wolf
successfully loaded race with formid CA23AC95 and name Spirit Sabre Cat
successfully loaded race with formid CA23AC96 and name Spirit Boar
successfully loaded race with formid CA23AC97 and name Spirit Skeever
successfully loaded race with formid CA24F0A6 and name Spirit Deer
successfully loaded race with formid CA5742BF and name Skeleton
successfully loaded race with formid CA601FFB and name Skeleton
successfully loaded race with formid CA607101 and name Skeleton
successfully loaded race with formid CA607102 and name Skeleton
successfully loaded race with formid CA885322 and name Draugr
successfully loaded race with formid CA885323 and name Draugr
successfully loaded race with formid CA885324 and name Draugr
successfully loaded race with formid 00000D53 and name Draugr
successfully loaded race with formid 000F71DC and name Draugr
successfully loaded race with formid CA068D71 and name Draugr
successfully loaded race with formid CA068D72 and name Draugr
successfully loaded race with formid CA0E2663 and name Draugr
successfully loaded race with formid CA1E4AB7 and name Draugr
successfully loaded race with formid CA212454 and name Blighted Wisp
successfully loaded race with formid CB0A19FD and name Snow Elf Vampire
successfully loaded race with formid 000131FB and name Hagraven
successfully loaded race with formid FEA7E8AF and name 
race has no attack data, returning
successfully loaded race with formid D702DFF3 and name Sacred Stag
successfully loaded race with formid D70B1C77 and name Kynareth's Emissary
successfully loaded race with formid D704C674 and name Pig
successfully loaded race with formid D841F943 and name Container
race has no attack data, returning
successfully loaded race with formid 00013742 and name Dark Elf
successfully loaded race with formid 00013743 and name High Elf
successfully loaded race with formid 00013744 and name Imperial
successfully loaded race with formid 00013745 and name Khajiit
successfully loaded race with formid 00013746 and name Nord
successfully loaded race with formid 00013740 and name Argonian
successfully loaded race with formid 00013741 and name Breton
successfully loaded race with formid 00088794 and name Nord
successfully loaded race with formid 0008883A and name Argonian
successfully loaded race with formid 0008883C and name Breton
successfully loaded race with formid 0008883D and name Dark Elf
successfully loaded race with formid 00088840 and name High Elf
successfully loaded race with formid 00088844 and name Imperial
successfully loaded race with formid 00088845 and name Khajiit
successfully loaded race with formid 00088846 and name Redguard
successfully loaded race with formid 00088884 and name Wood Elf
successfully loaded race with formid 000A82B9 and name Orc
successfully loaded race with formid 0200E88A and name Nord
successfully loaded race with formid 0403CA97 and name Nord
successfully loaded race with formid 00013747 and name Orc
successfully loaded race with formid 00013748 and name Redguard
successfully loaded race with formid 00013749 and name Wood Elf
successfully loaded race with formid 0007EAF3 and name Nord
successfully loaded race with formid 000CDD84 and name Werewolf
successfully loaded race with formid DF0DF5AF and name Khajiit Lycanthrope
successfully loaded race with formid DF0DF5B0 and name Nord Lycanthrope
successfully loaded race with formid DF0DF5B2 and name Redguard Lycanthrope
successfully loaded race with formid DF0DF5B3 and name Wood Elf Lycanthrope
successfully loaded race with formid 0401E17B and name Werebear
successfully loaded race with formid DF0DF5AA and name Argonian Lycanthrope
successfully loaded race with formid DF0DF5AB and name Breton Lycanthrope
successfully loaded race with formid DF0DF5B1 and name Orc Lycanthrope
successfully loaded race with formid DF0DF5AD and name High Elf Lycanthrope
successfully loaded race with formid DF0DF5AE and name Imperial Lycanthrope
successfully loaded race with formid DF0DF5AC and name Dark Elf Lycanthrope
successfully loaded race with formid 000CDD84 and name Werewolf
successfully loaded race with formid 0401E17B and name Werebear
successfully loaded race with formid 04035538 and name Dremora
successfully loaded race with formid A0001396 and name Ogre
successfully loaded race with formid FE076800 and name Flesh Colossus
successfully loaded race with formid 00013740 and name Argonian
successfully loaded race with formid 00013741 and name Breton
successfully loaded race with formid 00013742 and name Dark Elf
successfully loaded race with formid 00013743 and name High Elf
successfully loaded race with formid 00013744 and name Imperial
successfully loaded race with formid 00013745 and name Khajiit
successfully loaded race with formid 00013746 and name Nord
successfully loaded race with formid 00013747 and name Orc
successfully loaded race with formid 00013748 and name Redguard
successfully loaded race with formid 00013749 and name Wood Elf
successfully loaded race with formid 00088794 and name Nord
successfully loaded race with formid 0008883A and name Argonian
successfully loaded race with formid 0008883C and name Breton
successfully loaded race with formid 0008883D and name Dark Elf
successfully loaded race with formid 00088840 and name High Elf
successfully loaded race with formid 00088844 and name Imperial
successfully loaded race with formid 00088845 and name Khajiit
successfully loaded race with formid 00088846 and name Redguard
successfully loaded race with formid 00088884 and name Wood Elf
successfully loaded race with formid 000A82B9 and name Orc
successfully loaded race with formid 00013740 and name Argonian
successfully loaded race with formid 00013741 and name Breton
successfully loaded race with formid 00013742 and name Dunmer
successfully loaded race with formid 00013743 and name Altmer
successfully loaded race with formid 00013744 and name Imperial
successfully loaded race with formid 00013745 and name Khajiit
successfully loaded race with formid 00013746 and name Nord
successfully loaded race with formid 00013747 and name Orc
successfully loaded race with formid 00013748 and name Redguard
successfully loaded race with formid 00013749 and name Bosmer
successfully loaded race with formid 0007EAF3 and name Nord
successfully loaded race with formid 00088794 and name Nord
successfully loaded race with formid 0008883A and name Argonian
successfully loaded race with formid 0008883C and name Breton
successfully loaded race with formid 0008883D and name Dunmer
successfully loaded race with formid 00088840 and name Altmer
successfully loaded race with formid 00088844 and name Imperial
successfully loaded race with formid 00088845 and name Khajiit
successfully loaded race with formid 00088846 and name Redguard
successfully loaded race with formid 00088884 and name Bosmer
successfully loaded race with formid 000A82B9 and name Orc
successfully loaded race with formid 0200E88A and name Nord
