main.cpp(60): [info] MCMHelper v1-4-0-0
SettingStore.cpp(7): [info] ModSettingStore initializing.
SettingStore.cpp(337): [info] Number of mod setting files: 22
SettingStore.cpp(34): [info] Registered 1678 mod settings in 322 ms.
ReaderHandler.cpp(19): [warning] Failed to open file: Data/MCM/Settings\keybinds.json
KeybindManager.cpp(43): [warning] Failed to parse keybind registrations
KeybindManager.cpp(49): [info] Loaded keybind registrations in 0 ms.
RegisterFuncs.cpp(10): [info] Registered Papyrus functions
ConfigStore.cpp(13): [info] ModConfigStore initializing.
ConfigStore.cpp(85): [info] Registered 11 mod configs in 53 ms.
MCM_ConfigBase.cpp(562): [info] Registered mod config for Vigilant in 7 ms.
MCM_ConfigBase.cpp(562): [info] Registered mod config for Wyrmstooth in 7 ms.
MCM_ConfigBase.cpp(562): [info] Registered mod config for WheelsOfLull in 7 ms.
MCM_ConfigBase.cpp(562): [info] Registered mod config for Clockwork in 7 ms.
MCM_ConfigBase.cpp(562): [info] Registered mod config for SkyUI_SE in 7 ms.
MCM_ConfigBase.cpp(562): [info] Registered mod config for RAEQuestRequirements in 7 ms.
MCM_ConfigBase.cpp(562): [info] Registered mod config for UltimateDragons in 6 ms.
MCM_ConfigBase.cpp(562): [info] Registered mod config for QuickLight in 5 ms.
MCM_ConfigBase.cpp(562): [info] Registered mod config for DEST_ISL in 7 ms.
MCM_ConfigBase.cpp(562): [info] Registered mod config for StrangeRunes in 7 ms.
MCM_ConfigBase.cpp(562): [info] Registered mod config for ValhallaCombat in 7 ms.
MCM_ConfigBase.cpp(562): [info] Registered mod config for Trade & Barter in 7 ms.
MCM_ConfigBase.cpp(562): [info] Registered mod config for Wintersun - Faiths of Skyrim in 6 ms.
MCM_ConfigBase.cpp(562): [info] Registered mod config for Sacrosanct - Vampires of Skyrim in 7 ms.
MCM_ConfigBase.cpp(562): [info] Registered mod config for DynamicCollisionAdjustment in 7 ms.
MCM_ConfigBase.cpp(562): [info] Registered mod config for TrueHUD in 7 ms.
MCM_ConfigBase.cpp(562): [info] Registered mod config for Dynamic Activation Key - MCM in 7 ms.
MCM_ConfigBase.cpp(562): [info] Registered mod config for DialogueHistory in 6 ms.
MCM_ConfigBase.cpp(562): [info] Registered mod config for BetterThirdPersonSelection in 6 ms.
MCM_ConfigBase.cpp(562): [info] Registered mod config for QuickLootEE in 6 ms.
MCM_ConfigBase.cpp(562): [info] Registered mod config for ShowPlayerInMenus in 6 ms.
MCM_ConfigBase.cpp(562): [info] Registered mod config for toggle compass hotkey in 7 ms.
MCM_ConfigBase.cpp(562): [info] Registered mod config for TimingIsEverything in 7 ms.
MCM_ConfigBase.cpp(562): [info] Registered mod config for Immersive Equipping Animations in 6 ms.
MCM_ConfigBase.cpp(562): [info] Registered mod config for EVGConditionalIdles in 7 ms.
MCM_ConfigBase.cpp(562): [info] Registered mod config for Simple Hunting Overhaul MCM Helper in 7 ms.
MCM_ConfigBase.cpp(562): [info] Registered mod config for StopOnSlash in 7 ms.
MCM_ConfigBase.cpp(562): [info] Registered mod config for Additional Attack By Loop in 7 ms.
MCM_ConfigBase.cpp(562): [info] Registered mod config for SimplestHorses in 5 ms.
MCM_ConfigBase.cpp(562): [info] Registered mod config for MCM for FWMF in 8 ms.
MCM_ConfigBase.cpp(562): [info] Registered mod config for Vigilant in 0 ms.
MCM_ConfigBase.cpp(562): [info] Registered mod config for StormLightning in 7 ms.
MCM_ConfigBase.cpp(562): [info] Registered mod config for Wyrmstooth in 0 ms.
MCM_ConfigBase.cpp(562): [info] Registered mod config for WheelsOfLull in 0 ms.
MCM_ConfigBase.cpp(562): [info] Registered mod config for Clockwork in 0 ms.
MCM_ConfigBase.cpp(562): [info] Registered mod config for SkyUI_SE in 0 ms.
MCM_ConfigBase.cpp(562): [info] Registered mod config for RAEQuestRequirements in 0 ms.
MCM_ConfigBase.cpp(562): [info] Registered mod config for UltimateDragons in 0 ms.
MCM_ConfigBase.cpp(562): [info] Registered mod config for QuickLight in 0 ms.
MCM_ConfigBase.cpp(562): [info] Registered mod config for DEST_ISL in 0 ms.
MCM_ConfigBase.cpp(562): [info] Registered mod config for StrangeRunes in 0 ms.
MCM_ConfigBase.cpp(562): [info] Registered mod config for ValhallaCombat in 0 ms.
MCM_ConfigBase.cpp(562): [info] Registered mod config for Trade & Barter in 0 ms.
MCM_ConfigBase.cpp(562): [info] Registered mod config for Wintersun - Faiths of Skyrim in 0 ms.
MCM_ConfigBase.cpp(562): [info] Registered mod config for Sacrosanct - Vampires of Skyrim in 0 ms.
MCM_ConfigBase.cpp(562): [info] Registered mod config for DynamicCollisionAdjustment in 0 ms.
MCM_ConfigBase.cpp(562): [info] Registered mod config for TrueHUD in 1 ms.
MCM_ConfigBase.cpp(562): [info] Registered mod config for Dynamic Activation Key - MCM in 0 ms.
MCM_ConfigBase.cpp(562): [info] Registered mod config for DialogueHistory in 0 ms.
MCM_ConfigBase.cpp(562): [info] Registered mod config for BetterThirdPersonSelection in 0 ms.
MCM_ConfigBase.cpp(562): [info] Registered mod config for QuickLootEE in 0 ms.
MCM_ConfigBase.cpp(562): [info] Registered mod config for ShowPlayerInMenus in 0 ms.
MCM_ConfigBase.cpp(562): [info] Registered mod config for toggle compass hotkey in 0 ms.
MCM_ConfigBase.cpp(562): [info] Registered mod config for TimingIsEverything in 0 ms.
MCM_ConfigBase.cpp(562): [info] Registered mod config for Immersive Equipping Animations in 0 ms.
MCM_ConfigBase.cpp(562): [info] Registered mod config for EVGConditionalIdles in 0 ms.
MCM_ConfigBase.cpp(562): [info] Registered mod config for Simple Hunting Overhaul MCM Helper in 0 ms.
MCM_ConfigBase.cpp(562): [info] Registered mod config for StopOnSlash in 0 ms.
MCM_ConfigBase.cpp(562): [info] Registered mod config for Additional Attack By Loop in 0 ms.
MCM_ConfigBase.cpp(562): [info] Registered mod config for SimplestHorses in 0 ms.
MCM_ConfigBase.cpp(562): [info] Registered mod config for MCM for FWMF in 0 ms.
MCM_ConfigBase.cpp(562): [info] Registered mod config for StormLightning in 0 ms.
MCM_ConfigBase.cpp(562): [info] Registered mod config for Wyrmstooth in 0 ms.
MCM_ConfigBase.cpp(562): [info] Registered mod config for WheelsOfLull in 0 ms.
MCM_ConfigBase.cpp(562): [info] Registered mod config for Vigilant in 0 ms.
MCM_ConfigBase.cpp(562): [info] Registered mod config for Clockwork in 0 ms.
MCM_ConfigBase.cpp(562): [info] Registered mod config for SkyUI_SE in 0 ms.
MCM_ConfigBase.cpp(562): [info] Registered mod config for RAEQuestRequirements in 0 ms.
MCM_ConfigBase.cpp(562): [info] Registered mod config for UltimateDragons in 0 ms.
MCM_ConfigBase.cpp(562): [info] Registered mod config for QuickLight in 0 ms.
MCM_ConfigBase.cpp(562): [info] Registered mod config for StrangeRunes in 0 ms.
MCM_ConfigBase.cpp(562): [info] Registered mod config for DEST_ISL in 0 ms.
MCM_ConfigBase.cpp(562): [info] Registered mod config for ValhallaCombat in 0 ms.
MCM_ConfigBase.cpp(562): [info] Registered mod config for Trade & Barter in 0 ms.
MCM_ConfigBase.cpp(562): [info] Registered mod config for Wintersun - Faiths of Skyrim in 0 ms.
MCM_ConfigBase.cpp(562): [info] Registered mod config for Sacrosanct - Vampires of Skyrim in 0 ms.
MCM_ConfigBase.cpp(562): [info] Registered mod config for DynamicCollisionAdjustment in 0 ms.
MCM_ConfigBase.cpp(562): [info] Registered mod config for TrueHUD in 1 ms.
MCM_ConfigBase.cpp(562): [info] Registered mod config for Dynamic Activation Key - MCM in 0 ms.
MCM_ConfigBase.cpp(562): [info] Registered mod config for DialogueHistory in 0 ms.
MCM_ConfigBase.cpp(562): [info] Registered mod config for BetterThirdPersonSelection in 0 ms.
MCM_ConfigBase.cpp(562): [info] Registered mod config for QuickLootEE in 0 ms.
MCM_ConfigBase.cpp(562): [info] Registered mod config for ShowPlayerInMenus in 0 ms.
MCM_ConfigBase.cpp(562): [info] Registered mod config for toggle compass hotkey in 0 ms.
MCM_ConfigBase.cpp(562): [info] Registered mod config for TimingIsEverything in 0 ms.
MCM_ConfigBase.cpp(562): [info] Registered mod config for StormLightning in 0 ms.
MCM_ConfigBase.cpp(562): [info] Registered mod config for Immersive Equipping Animations in 0 ms.
MCM_ConfigBase.cpp(562): [info] Registered mod config for EVGConditionalIdles in 0 ms.
MCM_ConfigBase.cpp(562): [info] Registered mod config for Simple Hunting Overhaul MCM Helper in 0 ms.
MCM_ConfigBase.cpp(562): [info] Registered mod config for StopOnSlash in 0 ms.
MCM_ConfigBase.cpp(562): [info] Registered mod config for Additional Attack By Loop in 0 ms.
MCM_ConfigBase.cpp(562): [info] Registered mod config for SimplestHorses in 0 ms.
MCM_ConfigBase.cpp(562): [info] Registered mod config for MCM for FWMF in 0 ms.
MCM_ConfigBase.cpp(562): [info] Registered mod config for Wyrmstooth in 0 ms.
MCM_ConfigBase.cpp(562): [info] Registered mod config for WheelsOfLull in 0 ms.
MCM_ConfigBase.cpp(562): [info] Registered mod config for Vigilant in 0 ms.
MCM_ConfigBase.cpp(562): [info] Registered mod config for Clockwork in 0 ms.
MCM_ConfigBase.cpp(562): [info] Registered mod config for SkyUI_SE in 0 ms.
MCM_ConfigBase.cpp(562): [info] Registered mod config for RAEQuestRequirements in 0 ms.
MCM_ConfigBase.cpp(562): [info] Registered mod config for UltimateDragons in 0 ms.
MCM_ConfigBase.cpp(562): [info] Registered mod config for QuickLight in 0 ms.
MCM_ConfigBase.cpp(562): [info] Registered mod config for StrangeRunes in 0 ms.
MCM_ConfigBase.cpp(562): [info] Registered mod config for DEST_ISL in 0 ms.
MCM_ConfigBase.cpp(562): [info] Registered mod config for ValhallaCombat in 0 ms.
MCM_ConfigBase.cpp(562): [info] Registered mod config for Trade & Barter in 0 ms.
MCM_ConfigBase.cpp(562): [info] Registered mod config for Wintersun - Faiths of Skyrim in 0 ms.
MCM_ConfigBase.cpp(562): [info] Registered mod config for Sacrosanct - Vampires of Skyrim in 0 ms.
MCM_ConfigBase.cpp(562): [info] Registered mod config for DynamicCollisionAdjustment in 0 ms.
MCM_ConfigBase.cpp(562): [info] Registered mod config for TrueHUD in 0 ms.
MCM_ConfigBase.cpp(562): [info] Registered mod config for Dynamic Activation Key - MCM in 0 ms.
MCM_ConfigBase.cpp(562): [info] Registered mod config for DialogueHistory in 0 ms.
MCM_ConfigBase.cpp(562): [info] Registered mod config for BetterThirdPersonSelection in 0 ms.
MCM_ConfigBase.cpp(562): [info] Registered mod config for QuickLootEE in 0 ms.
MCM_ConfigBase.cpp(562): [info] Registered mod config for ShowPlayerInMenus in 0 ms.
MCM_ConfigBase.cpp(562): [info] Registered mod config for toggle compass hotkey in 0 ms.
MCM_ConfigBase.cpp(562): [info] Registered mod config for TimingIsEverything in 0 ms.
MCM_ConfigBase.cpp(562): [info] Registered mod config for StormLightning in 0 ms.
MCM_ConfigBase.cpp(562): [info] Registered mod config for Immersive Equipping Animations in 0 ms.
MCM_ConfigBase.cpp(562): [info] Registered mod config for EVGConditionalIdles in 0 ms.
MCM_ConfigBase.cpp(562): [info] Registered mod config for Simple Hunting Overhaul MCM Helper in 0 ms.
MCM_ConfigBase.cpp(562): [info] Registered mod config for StopOnSlash in 0 ms.
MCM_ConfigBase.cpp(562): [info] Registered mod config for Additional Attack By Loop in 0 ms.
MCM_ConfigBase.cpp(562): [info] Registered mod config for SimplestHorses in 0 ms.
MCM_ConfigBase.cpp(562): [info] Registered mod config for MCM for FWMF in 0 ms.
MCM_ConfigBase.cpp(562): [info] Registered mod config for Vigilant in 0 ms.
MCM_ConfigBase.cpp(562): [info] Registered mod config for WheelsOfLull in 0 ms.
MCM_ConfigBase.cpp(562): [info] Registered mod config for Wyrmstooth in 0 ms.
MCM_ConfigBase.cpp(562): [info] Registered mod config for Clockwork in 0 ms.
MCM_ConfigBase.cpp(562): [info] Registered mod config for SkyUI_SE in 0 ms.
MCM_ConfigBase.cpp(562): [info] Registered mod config for RAEQuestRequirements in 0 ms.
MCM_ConfigBase.cpp(562): [info] Registered mod config for UltimateDragons in 0 ms.
MCM_ConfigBase.cpp(562): [info] Registered mod config for QuickLight in 0 ms.
MCM_ConfigBase.cpp(562): [info] Registered mod config for DEST_ISL in 0 ms.
MCM_ConfigBase.cpp(562): [info] Registered mod config for StrangeRunes in 0 ms.
MCM_ConfigBase.cpp(562): [info] Registered mod config for ValhallaCombat in 0 ms.
MCM_ConfigBase.cpp(562): [info] Registered mod config for Trade & Barter in 0 ms.
MCM_ConfigBase.cpp(562): [info] Registered mod config for Wintersun - Faiths of Skyrim in 0 ms.
MCM_ConfigBase.cpp(562): [info] Registered mod config for Sacrosanct - Vampires of Skyrim in 0 ms.
MCM_ConfigBase.cpp(562): [info] Registered mod config for DynamicCollisionAdjustment in 0 ms.
MCM_ConfigBase.cpp(562): [info] Registered mod config for TrueHUD in 0 ms.
MCM_ConfigBase.cpp(562): [info] Registered mod config for Dynamic Activation Key - MCM in 0 ms.
MCM_ConfigBase.cpp(562): [info] Registered mod config for DialogueHistory in 0 ms.
MCM_ConfigBase.cpp(562): [info] Registered mod config for BetterThirdPersonSelection in 0 ms.
MCM_ConfigBase.cpp(562): [info] Registered mod config for QuickLootEE in 0 ms.
MCM_ConfigBase.cpp(562): [info] Registered mod config for ShowPlayerInMenus in 0 ms.
MCM_ConfigBase.cpp(562): [info] Registered mod config for toggle compass hotkey in 0 ms.
MCM_ConfigBase.cpp(562): [info] Registered mod config for TimingIsEverything in 0 ms.
MCM_ConfigBase.cpp(562): [info] Registered mod config for StormLightning in 0 ms.
MCM_ConfigBase.cpp(562): [info] Registered mod config for Immersive Equipping Animations in 0 ms.
MCM_ConfigBase.cpp(562): [info] Registered mod config for EVGConditionalIdles in 0 ms.
MCM_ConfigBase.cpp(562): [info] Registered mod config for Simple Hunting Overhaul MCM Helper in 0 ms.
MCM_ConfigBase.cpp(562): [info] Registered mod config for StopOnSlash in 0 ms.
MCM_ConfigBase.cpp(562): [info] Registered mod config for Additional Attack By Loop in 0 ms.
MCM_ConfigBase.cpp(562): [info] Registered mod config for SimplestHorses in 0 ms.
MCM_ConfigBase.cpp(562): [info] Registered mod config for MCM for FWMF in 0 ms.
MCM_ConfigBase.cpp(562): [info] Registered mod config for Vigilant in 0 ms.
MCM_ConfigBase.cpp(562): [info] Registered mod config for WheelsOfLull in 0 ms.
MCM_ConfigBase.cpp(562): [info] Registered mod config for Wyrmstooth in 0 ms.
MCM_ConfigBase.cpp(562): [info] Registered mod config for Clockwork in 0 ms.
MCM_ConfigBase.cpp(562): [info] Registered mod config for SkyUI_SE in 0 ms.
MCM_ConfigBase.cpp(562): [info] Registered mod config for RAEQuestRequirements in 0 ms.
MCM_ConfigBase.cpp(562): [info] Registered mod config for UltimateDragons in 0 ms.
MCM_ConfigBase.cpp(562): [info] Registered mod config for QuickLight in 0 ms.
MCM_ConfigBase.cpp(562): [info] Registered mod config for DEST_ISL in 0 ms.
MCM_ConfigBase.cpp(562): [info] Registered mod config for StrangeRunes in 0 ms.
MCM_ConfigBase.cpp(562): [info] Registered mod config for ValhallaCombat in 0 ms.
MCM_ConfigBase.cpp(562): [info] Registered mod config for Trade & Barter in 0 ms.
MCM_ConfigBase.cpp(562): [info] Registered mod config for Wintersun - Faiths of Skyrim in 0 ms.
MCM_ConfigBase.cpp(562): [info] Registered mod config for Sacrosanct - Vampires of Skyrim in 0 ms.
MCM_ConfigBase.cpp(562): [info] Registered mod config for DynamicCollisionAdjustment in 0 ms.
MCM_ConfigBase.cpp(562): [info] Registered mod config for TrueHUD in 0 ms.
MCM_ConfigBase.cpp(562): [info] Registered mod config for Dynamic Activation Key - MCM in 0 ms.
MCM_ConfigBase.cpp(562): [info] Registered mod config for DialogueHistory in 0 ms.
MCM_ConfigBase.cpp(562): [info] Registered mod config for BetterThirdPersonSelection in 0 ms.
MCM_ConfigBase.cpp(562): [info] Registered mod config for QuickLootEE in 0 ms.
MCM_ConfigBase.cpp(562): [info] Registered mod config for ShowPlayerInMenus in 0 ms.
MCM_ConfigBase.cpp(562): [info] Registered mod config for toggle compass hotkey in 0 ms.
MCM_ConfigBase.cpp(562): [info] Registered mod config for TimingIsEverything in 0 ms.
MCM_ConfigBase.cpp(562): [info] Registered mod config for StormLightning in 0 ms.
MCM_ConfigBase.cpp(562): [info] Registered mod config for Immersive Equipping Animations in 0 ms.
MCM_ConfigBase.cpp(562): [info] Registered mod config for EVGConditionalIdles in 0 ms.
MCM_ConfigBase.cpp(562): [info] Registered mod config for Simple Hunting Overhaul MCM Helper in 0 ms.
MCM_ConfigBase.cpp(562): [info] Registered mod config for StopOnSlash in 0 ms.
MCM_ConfigBase.cpp(562): [info] Registered mod config for Additional Attack By Loop in 0 ms.
MCM_ConfigBase.cpp(562): [info] Registered mod config for SimplestHorses in 0 ms.
MCM_ConfigBase.cpp(562): [info] Registered mod config for MCM for FWMF in 0 ms.
MCM_ConfigBase.cpp(562): [info] Registered mod config for Vigilant in 0 ms.
MCM_ConfigBase.cpp(562): [info] Registered mod config for WheelsOfLull in 0 ms.
MCM_ConfigBase.cpp(562): [info] Registered mod config for Wyrmstooth in 0 ms.
MCM_ConfigBase.cpp(562): [info] Registered mod config for Clockwork in 0 ms.
MCM_ConfigBase.cpp(562): [info] Registered mod config for SkyUI_SE in 0 ms.
MCM_ConfigBase.cpp(562): [info] Registered mod config for RAEQuestRequirements in 0 ms.
MCM_ConfigBase.cpp(562): [info] Registered mod config for UltimateDragons in 0 ms.
MCM_ConfigBase.cpp(562): [info] Registered mod config for QuickLight in 0 ms.
MCM_ConfigBase.cpp(562): [info] Registered mod config for DEST_ISL in 0 ms.
MCM_ConfigBase.cpp(562): [info] Registered mod config for StrangeRunes in 0 ms.
MCM_ConfigBase.cpp(562): [info] Registered mod config for ValhallaCombat in 0 ms.
MCM_ConfigBase.cpp(562): [info] Registered mod config for Trade & Barter in 0 ms.
MCM_ConfigBase.cpp(562): [info] Registered mod config for Wintersun - Faiths of Skyrim in 0 ms.
MCM_ConfigBase.cpp(562): [info] Registered mod config for Sacrosanct - Vampires of Skyrim in 0 ms.
MCM_ConfigBase.cpp(562): [info] Registered mod config for DynamicCollisionAdjustment in 0 ms.
MCM_ConfigBase.cpp(562): [info] Registered mod config for Dynamic Activation Key - MCM in 0 ms.
MCM_ConfigBase.cpp(562): [info] Registered mod config for TrueHUD in 0 ms.
MCM_ConfigBase.cpp(562): [info] Registered mod config for DialogueHistory in 0 ms.
MCM_ConfigBase.cpp(562): [info] Registered mod config for BetterThirdPersonSelection in 0 ms.
MCM_ConfigBase.cpp(562): [info] Registered mod config for QuickLootEE in 0 ms.
MCM_ConfigBase.cpp(562): [info] Registered mod config for ShowPlayerInMenus in 0 ms.
MCM_ConfigBase.cpp(562): [info] Registered mod config for toggle compass hotkey in 0 ms.
MCM_ConfigBase.cpp(562): [info] Registered mod config for TimingIsEverything in 0 ms.
MCM_ConfigBase.cpp(562): [info] Registered mod config for StormLightning in 0 ms.
MCM_ConfigBase.cpp(562): [info] Registered mod config for Immersive Equipping Animations in 0 ms.
MCM_ConfigBase.cpp(562): [info] Registered mod config for EVGConditionalIdles in 0 ms.
MCM_ConfigBase.cpp(562): [info] Registered mod config for Simple Hunting Overhaul MCM Helper in 0 ms.
MCM_ConfigBase.cpp(562): [info] Registered mod config for StopOnSlash in 0 ms.
MCM_ConfigBase.cpp(562): [info] Registered mod config for Additional Attack By Loop in 0 ms.
MCM_ConfigBase.cpp(562): [info] Registered mod config for SimplestHorses in 0 ms.
MCM_ConfigBase.cpp(562): [info] Registered mod config for MCM for FWMF in 0 ms.
MCM_ConfigBase.cpp(562): [info] Registered mod config for Vigilant in 0 ms.
MCM_ConfigBase.cpp(562): [info] Registered mod config for WheelsOfLull in 0 ms.
MCM_ConfigBase.cpp(562): [info] Registered mod config for Wyrmstooth in 0 ms.
MCM_ConfigBase.cpp(562): [info] Registered mod config for Clockwork in 0 ms.
MCM_ConfigBase.cpp(562): [info] Registered mod config for SkyUI_SE in 0 ms.
MCM_ConfigBase.cpp(562): [info] Registered mod config for RAEQuestRequirements in 0 ms.
MCM_ConfigBase.cpp(562): [info] Registered mod config for UltimateDragons in 0 ms.
MCM_ConfigBase.cpp(562): [info] Registered mod config for QuickLight in 0 ms.
MCM_ConfigBase.cpp(562): [info] Registered mod config for DEST_ISL in 0 ms.
MCM_ConfigBase.cpp(562): [info] Registered mod config for StrangeRunes in 0 ms.
MCM_ConfigBase.cpp(562): [info] Registered mod config for ValhallaCombat in 0 ms.
MCM_ConfigBase.cpp(562): [info] Registered mod config for Trade & Barter in 0 ms.
MCM_ConfigBase.cpp(562): [info] Registered mod config for Wintersun - Faiths of Skyrim in 0 ms.
MCM_ConfigBase.cpp(562): [info] Registered mod config for Sacrosanct - Vampires of Skyrim in 0 ms.
MCM_ConfigBase.cpp(562): [info] Registered mod config for DynamicCollisionAdjustment in 0 ms.
MCM_ConfigBase.cpp(562): [info] Registered mod config for Dynamic Activation Key - MCM in 0 ms.
MCM_ConfigBase.cpp(562): [info] Registered mod config for TrueHUD in 0 ms.
MCM_ConfigBase.cpp(562): [info] Registered mod config for DialogueHistory in 0 ms.
MCM_ConfigBase.cpp(562): [info] Registered mod config for BetterThirdPersonSelection in 0 ms.
MCM_ConfigBase.cpp(562): [info] Registered mod config for QuickLootEE in 0 ms.
MCM_ConfigBase.cpp(562): [info] Registered mod config for ShowPlayerInMenus in 0 ms.
MCM_ConfigBase.cpp(562): [info] Registered mod config for toggle compass hotkey in 0 ms.
MCM_ConfigBase.cpp(562): [info] Registered mod config for TimingIsEverything in 0 ms.
MCM_ConfigBase.cpp(562): [info] Registered mod config for StormLightning in 0 ms.
MCM_ConfigBase.cpp(562): [info] Registered mod config for Immersive Equipping Animations in 0 ms.
MCM_ConfigBase.cpp(562): [info] Registered mod config for EVGConditionalIdles in 0 ms.
MCM_ConfigBase.cpp(562): [info] Registered mod config for Simple Hunting Overhaul MCM Helper in 0 ms.
MCM_ConfigBase.cpp(562): [info] Registered mod config for StopOnSlash in 0 ms.
MCM_ConfigBase.cpp(562): [info] Registered mod config for Additional Attack By Loop in 0 ms.
MCM_ConfigBase.cpp(562): [info] Registered mod config for SimplestHorses in 0 ms.
MCM_ConfigBase.cpp(562): [info] Registered mod config for MCM for FWMF in 0 ms.
MCM_ConfigBase.cpp(562): [info] Registered mod config for Vigilant in 1 ms.
MCM_ConfigBase.cpp(562): [info] Registered mod config for WheelsOfLull in 0 ms.
MCM_ConfigBase.cpp(562): [info] Registered mod config for Wyrmstooth in 0 ms.
MCM_ConfigBase.cpp(562): [info] Registered mod config for Clockwork in 0 ms.
MCM_ConfigBase.cpp(562): [info] Registered mod config for SkyUI_SE in 1 ms.
MCM_ConfigBase.cpp(562): [info] Registered mod config for RAEQuestRequirements in 1 ms.
MCM_ConfigBase.cpp(562): [info] Registered mod config for UltimateDragons in 0 ms.
MCM_ConfigBase.cpp(562): [info] Registered mod config for QuickLight in 0 ms.
MCM_ConfigBase.cpp(562): [info] Registered mod config for DEST_ISL in 0 ms.
MCM_ConfigBase.cpp(562): [info] Registered mod config for StrangeRunes in 0 ms.
MCM_ConfigBase.cpp(562): [info] Registered mod config for ValhallaCombat in 0 ms.
MCM_ConfigBase.cpp(562): [info] Registered mod config for Wintersun - Faiths of Skyrim in 0 ms.
MCM_ConfigBase.cpp(562): [info] Registered mod config for Trade & Barter in 0 ms.
MCM_ConfigBase.cpp(562): [info] Registered mod config for Sacrosanct - Vampires of Skyrim in 0 ms.
MCM_ConfigBase.cpp(562): [info] Registered mod config for DynamicCollisionAdjustment in 0 ms.
MCM_ConfigBase.cpp(562): [info] Registered mod config for TrueHUD in 0 ms.
MCM_ConfigBase.cpp(562): [info] Registered mod config for Dynamic Activation Key - MCM in 0 ms.
MCM_ConfigBase.cpp(562): [info] Registered mod config for DialogueHistory in 0 ms.
MCM_ConfigBase.cpp(562): [info] Registered mod config for BetterThirdPersonSelection in 0 ms.
MCM_ConfigBase.cpp(562): [info] Registered mod config for ShowPlayerInMenus in 0 ms.
MCM_ConfigBase.cpp(562): [info] Registered mod config for toggle compass hotkey in 0 ms.
MCM_ConfigBase.cpp(562): [info] Registered mod config for QuickLootEE in 0 ms.
MCM_ConfigBase.cpp(562): [info] Registered mod config for TimingIsEverything in 0 ms.
MCM_ConfigBase.cpp(562): [info] Registered mod config for StormLightning in 0 ms.
MCM_ConfigBase.cpp(562): [info] Registered mod config for Immersive Equipping Animations in 0 ms.
MCM_ConfigBase.cpp(562): [info] Registered mod config for EVGConditionalIdles in 0 ms.
MCM_ConfigBase.cpp(562): [info] Registered mod config for Simple Hunting Overhaul MCM Helper in 0 ms.
MCM_ConfigBase.cpp(562): [info] Registered mod config for StopOnSlash in 0 ms.
MCM_ConfigBase.cpp(562): [info] Registered mod config for SimplestHorses in 0 ms.
MCM_ConfigBase.cpp(562): [info] Registered mod config for Additional Attack By Loop in 0 ms.
MCM_ConfigBase.cpp(562): [info] Registered mod config for MCM for FWMF in 0 ms.
MCM_ConfigBase.cpp(562): [info] Registered mod config for Vigilant in 0 ms.
MCM_ConfigBase.cpp(562): [info] Registered mod config for WheelsOfLull in 0 ms.
MCM_ConfigBase.cpp(562): [info] Registered mod config for Wyrmstooth in 0 ms.
MCM_ConfigBase.cpp(562): [info] Registered mod config for Clockwork in 0 ms.
MCM_ConfigBase.cpp(562): [info] Registered mod config for SkyUI_SE in 0 ms.
MCM_ConfigBase.cpp(562): [info] Registered mod config for RAEQuestRequirements in 0 ms.
MCM_ConfigBase.cpp(562): [info] Registered mod config for UltimateDragons in 0 ms.
MCM_ConfigBase.cpp(562): [info] Registered mod config for QuickLight in 0 ms.
MCM_ConfigBase.cpp(562): [info] Registered mod config for DEST_ISL in 0 ms.
MCM_ConfigBase.cpp(562): [info] Registered mod config for StrangeRunes in 0 ms.
MCM_ConfigBase.cpp(562): [info] Registered mod config for ValhallaCombat in 0 ms.
MCM_ConfigBase.cpp(562): [info] Registered mod config for Wintersun - Faiths of Skyrim in 0 ms.
MCM_ConfigBase.cpp(562): [info] Registered mod config for Trade & Barter in 0 ms.
MCM_ConfigBase.cpp(562): [info] Registered mod config for Sacrosanct - Vampires of Skyrim in 0 ms.
MCM_ConfigBase.cpp(562): [info] Registered mod config for DynamicCollisionAdjustment in 0 ms.
MCM_ConfigBase.cpp(562): [info] Registered mod config for TrueHUD in 0 ms.
MCM_ConfigBase.cpp(562): [info] Registered mod config for Dynamic Activation Key - MCM in 0 ms.
MCM_ConfigBase.cpp(562): [info] Registered mod config for DialogueHistory in 0 ms.
MCM_ConfigBase.cpp(562): [info] Registered mod config for BetterThirdPersonSelection in 0 ms.
MCM_ConfigBase.cpp(562): [info] Registered mod config for ShowPlayerInMenus in 0 ms.
MCM_ConfigBase.cpp(562): [info] Registered mod config for toggle compass hotkey in 0 ms.
MCM_ConfigBase.cpp(562): [info] Registered mod config for QuickLootEE in 0 ms.
MCM_ConfigBase.cpp(562): [info] Registered mod config for TimingIsEverything in 0 ms.
MCM_ConfigBase.cpp(562): [info] Registered mod config for StormLightning in 0 ms.
MCM_ConfigBase.cpp(562): [info] Registered mod config for Immersive Equipping Animations in 0 ms.
MCM_ConfigBase.cpp(562): [info] Registered mod config for EVGConditionalIdles in 0 ms.
MCM_ConfigBase.cpp(562): [info] Registered mod config for Simple Hunting Overhaul MCM Helper in 0 ms.
MCM_ConfigBase.cpp(562): [info] Registered mod config for StopOnSlash in 0 ms.
MCM_ConfigBase.cpp(562): [info] Registered mod config for SimplestHorses in 0 ms.
MCM_ConfigBase.cpp(562): [info] Registered mod config for Additional Attack By Loop in 0 ms.
MCM_ConfigBase.cpp(562): [info] Registered mod config for MCM for FWMF in 0 ms.
MCM_ConfigBase.cpp(562): [info] Registered mod config for Vigilant in 0 ms.
MCM_ConfigBase.cpp(562): [info] Registered mod config for WheelsOfLull in 0 ms.
MCM_ConfigBase.cpp(562): [info] Registered mod config for Clockwork in 0 ms.
MCM_ConfigBase.cpp(562): [info] Registered mod config for Wyrmstooth in 0 ms.
MCM_ConfigBase.cpp(562): [info] Registered mod config for SkyUI_SE in 0 ms.
MCM_ConfigBase.cpp(562): [info] Registered mod config for RAEQuestRequirements in 0 ms.
MCM_ConfigBase.cpp(562): [info] Registered mod config for UltimateDragons in 0 ms.
MCM_ConfigBase.cpp(562): [info] Registered mod config for QuickLight in 0 ms.
MCM_ConfigBase.cpp(562): [info] Registered mod config for DEST_ISL in 0 ms.
MCM_ConfigBase.cpp(562): [info] Registered mod config for StrangeRunes in 0 ms.
MCM_ConfigBase.cpp(562): [info] Registered mod config for ValhallaCombat in 0 ms.
MCM_ConfigBase.cpp(562): [info] Registered mod config for Wintersun - Faiths of Skyrim in 0 ms.
MCM_ConfigBase.cpp(562): [info] Registered mod config for Trade & Barter in 1 ms.
MCM_ConfigBase.cpp(562): [info] Registered mod config for Sacrosanct - Vampires of Skyrim in 0 ms.
MCM_ConfigBase.cpp(562): [info] Registered mod config for DynamicCollisionAdjustment in 0 ms.
MCM_ConfigBase.cpp(562): [info] Registered mod config for TrueHUD in 0 ms.
MCM_ConfigBase.cpp(562): [info] Registered mod config for Dynamic Activation Key - MCM in 0 ms.
MCM_ConfigBase.cpp(562): [info] Registered mod config for DialogueHistory in 0 ms.
MCM_ConfigBase.cpp(562): [info] Registered mod config for BetterThirdPersonSelection in 0 ms.
MCM_ConfigBase.cpp(562): [info] Registered mod config for QuickLootEE in 0 ms.
MCM_ConfigBase.cpp(562): [info] Registered mod config for ShowPlayerInMenus in 0 ms.
MCM_ConfigBase.cpp(562): [info] Registered mod config for toggle compass hotkey in 0 ms.
MCM_ConfigBase.cpp(562): [info] Registered mod config for TimingIsEverything in 0 ms.
MCM_ConfigBase.cpp(562): [info] Registered mod config for StormLightning in 0 ms.
MCM_ConfigBase.cpp(562): [info] Registered mod config for Immersive Equipping Animations in 0 ms.
MCM_ConfigBase.cpp(562): [info] Registered mod config for EVGConditionalIdles in 0 ms.
MCM_ConfigBase.cpp(562): [info] Registered mod config for Simple Hunting Overhaul MCM Helper in 0 ms.
MCM_ConfigBase.cpp(562): [info] Registered mod config for StopOnSlash in 0 ms.
MCM_ConfigBase.cpp(562): [info] Registered mod config for Additional Attack By Loop in 0 ms.
MCM_ConfigBase.cpp(562): [info] Registered mod config for SimplestHorses in 0 ms.
MCM_ConfigBase.cpp(562): [info] Registered mod config for MCM for FWMF in 0 ms.
MCM_ConfigBase.cpp(562): [info] Registered mod config for Vigilant in 0 ms.
MCM_ConfigBase.cpp(562): [info] Registered mod config for WheelsOfLull in 0 ms.
MCM_ConfigBase.cpp(562): [info] Registered mod config for Clockwork in 0 ms.
MCM_ConfigBase.cpp(562): [info] Registered mod config for Wyrmstooth in 0 ms.
MCM_ConfigBase.cpp(562): [info] Registered mod config for SkyUI_SE in 0 ms.
MCM_ConfigBase.cpp(562): [info] Registered mod config for RAEQuestRequirements in 0 ms.
MCM_ConfigBase.cpp(562): [info] Registered mod config for UltimateDragons in 0 ms.
MCM_ConfigBase.cpp(562): [info] Registered mod config for QuickLight in 0 ms.
MCM_ConfigBase.cpp(562): [info] Registered mod config for DEST_ISL in 0 ms.
MCM_ConfigBase.cpp(562): [info] Registered mod config for StrangeRunes in 0 ms.
MCM_ConfigBase.cpp(562): [info] Registered mod config for ValhallaCombat in 0 ms.
MCM_ConfigBase.cpp(562): [info] Registered mod config for Wintersun - Faiths of Skyrim in 0 ms.
MCM_ConfigBase.cpp(562): [info] Registered mod config for Trade & Barter in 0 ms.
MCM_ConfigBase.cpp(562): [info] Registered mod config for Sacrosanct - Vampires of Skyrim in 0 ms.
MCM_ConfigBase.cpp(562): [info] Registered mod config for DynamicCollisionAdjustment in 0 ms.
MCM_ConfigBase.cpp(562): [info] Registered mod config for TrueHUD in 1 ms.
MCM_ConfigBase.cpp(562): [info] Registered mod config for Dynamic Activation Key - MCM in 0 ms.
MCM_ConfigBase.cpp(562): [info] Registered mod config for DialogueHistory in 0 ms.
MCM_ConfigBase.cpp(562): [info] Registered mod config for BetterThirdPersonSelection in 0 ms.
MCM_ConfigBase.cpp(562): [info] Registered mod config for QuickLootEE in 0 ms.
MCM_ConfigBase.cpp(562): [info] Registered mod config for ShowPlayerInMenus in 0 ms.
MCM_ConfigBase.cpp(562): [info] Registered mod config for toggle compass hotkey in 0 ms.
MCM_ConfigBase.cpp(562): [info] Registered mod config for TimingIsEverything in 0 ms.
MCM_ConfigBase.cpp(562): [info] Registered mod config for StormLightning in 0 ms.
MCM_ConfigBase.cpp(562): [info] Registered mod config for Immersive Equipping Animations in 0 ms.
MCM_ConfigBase.cpp(562): [info] Registered mod config for EVGConditionalIdles in 0 ms.
MCM_ConfigBase.cpp(562): [info] Registered mod config for Simple Hunting Overhaul MCM Helper in 0 ms.
MCM_ConfigBase.cpp(562): [info] Registered mod config for StopOnSlash in 0 ms.
MCM_ConfigBase.cpp(562): [info] Registered mod config for Additional Attack By Loop in 0 ms.
MCM_ConfigBase.cpp(562): [info] Registered mod config for SimplestHorses in 0 ms.
MCM_ConfigBase.cpp(562): [info] Registered mod config for MCM for FWMF in 0 ms.
MCM_ConfigBase.cpp(562): [info] Registered mod config for WheelsOfLull in 0 ms.
MCM_ConfigBase.cpp(562): [info] Registered mod config for Vigilant in 0 ms.
MCM_ConfigBase.cpp(562): [info] Registered mod config for Clockwork in 0 ms.
MCM_ConfigBase.cpp(562): [info] Registered mod config for SkyUI_SE in 0 ms.
MCM_ConfigBase.cpp(562): [info] Registered mod config for Wyrmstooth in 0 ms.
MCM_ConfigBase.cpp(562): [info] Registered mod config for RAEQuestRequirements in 0 ms.
MCM_ConfigBase.cpp(562): [info] Registered mod config for UltimateDragons in 0 ms.
MCM_ConfigBase.cpp(562): [info] Registered mod config for QuickLight in 0 ms.
MCM_ConfigBase.cpp(562): [info] Registered mod config for StrangeRunes in 0 ms.
MCM_ConfigBase.cpp(562): [info] Registered mod config for DEST_ISL in 0 ms.
MCM_ConfigBase.cpp(562): [info] Registered mod config for ValhallaCombat in 0 ms.
MCM_ConfigBase.cpp(562): [info] Registered mod config for Trade & Barter in 0 ms.
MCM_ConfigBase.cpp(562): [info] Registered mod config for Wintersun - Faiths of Skyrim in 0 ms.
MCM_ConfigBase.cpp(562): [info] Registered mod config for Sacrosanct - Vampires of Skyrim in 0 ms.
MCM_ConfigBase.cpp(562): [info] Registered mod config for DynamicCollisionAdjustment in 0 ms.
MCM_ConfigBase.cpp(562): [info] Registered mod config for TrueHUD in 1 ms.
MCM_ConfigBase.cpp(562): [info] Registered mod config for Dynamic Activation Key - MCM in 0 ms.
MCM_ConfigBase.cpp(562): [info] Registered mod config for DialogueHistory in 0 ms.
MCM_ConfigBase.cpp(562): [info] Registered mod config for BetterThirdPersonSelection in 0 ms.
MCM_ConfigBase.cpp(562): [info] Registered mod config for QuickLootEE in 0 ms.
MCM_ConfigBase.cpp(562): [info] Registered mod config for ShowPlayerInMenus in 0 ms.
MCM_ConfigBase.cpp(562): [info] Registered mod config for toggle compass hotkey in 0 ms.
MCM_ConfigBase.cpp(562): [info] Registered mod config for TimingIsEverything in 0 ms.
MCM_ConfigBase.cpp(562): [info] Registered mod config for StormLightning in 0 ms.
MCM_ConfigBase.cpp(562): [info] Registered mod config for Immersive Equipping Animations in 0 ms.
MCM_ConfigBase.cpp(562): [info] Registered mod config for EVGConditionalIdles in 0 ms.
MCM_ConfigBase.cpp(562): [info] Registered mod config for Simple Hunting Overhaul MCM Helper in 0 ms.
MCM_ConfigBase.cpp(562): [info] Registered mod config for StopOnSlash in 0 ms.
MCM_ConfigBase.cpp(562): [info] Registered mod config for Additional Attack By Loop in 0 ms.
MCM_ConfigBase.cpp(562): [info] Registered mod config for SimplestHorses in 0 ms.
MCM_ConfigBase.cpp(562): [info] Registered mod config for MCM for FWMF in 0 ms.
MCM_ConfigBase.cpp(562): [info] Registered mod config for WheelsOfLull in 0 ms.
MCM_ConfigBase.cpp(562): [info] Registered mod config for Vigilant in 0 ms.
MCM_ConfigBase.cpp(562): [info] Registered mod config for Clockwork in 0 ms.
MCM_ConfigBase.cpp(562): [info] Registered mod config for SkyUI_SE in 0 ms.
MCM_ConfigBase.cpp(562): [info] Registered mod config for Wyrmstooth in 0 ms.
MCM_ConfigBase.cpp(562): [info] Registered mod config for RAEQuestRequirements in 0 ms.
MCM_ConfigBase.cpp(562): [info] Registered mod config for UltimateDragons in 0 ms.
MCM_ConfigBase.cpp(562): [info] Registered mod config for QuickLight in 0 ms.
MCM_ConfigBase.cpp(562): [info] Registered mod config for StrangeRunes in 0 ms.
MCM_ConfigBase.cpp(562): [info] Registered mod config for DEST_ISL in 0 ms.
MCM_ConfigBase.cpp(562): [info] Registered mod config for ValhallaCombat in 0 ms.
MCM_ConfigBase.cpp(562): [info] Registered mod config for Trade & Barter in 0 ms.
MCM_ConfigBase.cpp(562): [info] Registered mod config for Wintersun - Faiths of Skyrim in 0 ms.
MCM_ConfigBase.cpp(562): [info] Registered mod config for Sacrosanct - Vampires of Skyrim in 0 ms.
MCM_ConfigBase.cpp(562): [info] Registered mod config for DynamicCollisionAdjustment in 0 ms.
MCM_ConfigBase.cpp(562): [info] Registered mod config for TrueHUD in 1 ms.
MCM_ConfigBase.cpp(562): [info] Registered mod config for Dynamic Activation Key - MCM in 0 ms.
MCM_ConfigBase.cpp(562): [info] Registered mod config for DialogueHistory in 0 ms.
MCM_ConfigBase.cpp(562): [info] Registered mod config for BetterThirdPersonSelection in 0 ms.
MCM_ConfigBase.cpp(562): [info] Registered mod config for QuickLootEE in 0 ms.
MCM_ConfigBase.cpp(562): [info] Registered mod config for ShowPlayerInMenus in 0 ms.
MCM_ConfigBase.cpp(562): [info] Registered mod config for toggle compass hotkey in 0 ms.
MCM_ConfigBase.cpp(562): [info] Registered mod config for TimingIsEverything in 0 ms.
MCM_ConfigBase.cpp(562): [info] Registered mod config for StormLightning in 0 ms.
MCM_ConfigBase.cpp(562): [info] Registered mod config for Immersive Equipping Animations in 0 ms.
MCM_ConfigBase.cpp(562): [info] Registered mod config for EVGConditionalIdles in 0 ms.
MCM_ConfigBase.cpp(562): [info] Registered mod config for Simple Hunting Overhaul MCM Helper in 0 ms.
MCM_ConfigBase.cpp(562): [info] Registered mod config for StopOnSlash in 0 ms.
MCM_ConfigBase.cpp(562): [info] Registered mod config for Additional Attack By Loop in 0 ms.
MCM_ConfigBase.cpp(562): [info] Registered mod config for SimplestHorses in 0 ms.
MCM_ConfigBase.cpp(562): [info] Registered mod config for MCM for FWMF in 0 ms.
MCM_ConfigBase.cpp(562): [info] Registered mod config for WheelsOfLull in 0 ms.
MCM_ConfigBase.cpp(562): [info] Registered mod config for Wyrmstooth in 0 ms.
MCM_ConfigBase.cpp(562): [info] Registered mod config for Vigilant in 0 ms.
MCM_ConfigBase.cpp(562): [info] Registered mod config for Clockwork in 0 ms.
MCM_ConfigBase.cpp(562): [info] Registered mod config for SkyUI_SE in 0 ms.
MCM_ConfigBase.cpp(562): [info] Registered mod config for RAEQuestRequirements in 0 ms.
MCM_ConfigBase.cpp(562): [info] Registered mod config for UltimateDragons in 0 ms.
MCM_ConfigBase.cpp(562): [info] Registered mod config for QuickLight in 0 ms.
MCM_ConfigBase.cpp(562): [info] Registered mod config for DEST_ISL in 0 ms.
MCM_ConfigBase.cpp(562): [info] Registered mod config for StrangeRunes in 0 ms.
MCM_ConfigBase.cpp(562): [info] Registered mod config for ValhallaCombat in 0 ms.
MCM_ConfigBase.cpp(562): [info] Registered mod config for Trade & Barter in 0 ms.
MCM_ConfigBase.cpp(562): [info] Registered mod config for Wintersun - Faiths of Skyrim in 0 ms.
MCM_ConfigBase.cpp(562): [info] Registered mod config for Sacrosanct - Vampires of Skyrim in 0 ms.
MCM_ConfigBase.cpp(562): [info] Registered mod config for DynamicCollisionAdjustment in 0 ms.
MCM_ConfigBase.cpp(562): [info] Registered mod config for TrueHUD in 0 ms.
MCM_ConfigBase.cpp(562): [info] Registered mod config for Dynamic Activation Key - MCM in 0 ms.
MCM_ConfigBase.cpp(562): [info] Registered mod config for DialogueHistory in 0 ms.
MCM_ConfigBase.cpp(562): [info] Registered mod config for BetterThirdPersonSelection in 0 ms.
MCM_ConfigBase.cpp(562): [info] Registered mod config for QuickLootEE in 0 ms.
MCM_ConfigBase.cpp(562): [info] Registered mod config for ShowPlayerInMenus in 0 ms.
MCM_ConfigBase.cpp(562): [info] Registered mod config for toggle compass hotkey in 0 ms.
MCM_ConfigBase.cpp(562): [info] Registered mod config for TimingIsEverything in 0 ms.
MCM_ConfigBase.cpp(562): [info] Registered mod config for StormLightning in 0 ms.
MCM_ConfigBase.cpp(562): [info] Registered mod config for Immersive Equipping Animations in 0 ms.
MCM_ConfigBase.cpp(562): [info] Registered mod config for EVGConditionalIdles in 0 ms.
MCM_ConfigBase.cpp(562): [info] Registered mod config for Simple Hunting Overhaul MCM Helper in 0 ms.
MCM_ConfigBase.cpp(562): [info] Registered mod config for StopOnSlash in 0 ms.
MCM_ConfigBase.cpp(562): [info] Registered mod config for Additional Attack By Loop in 0 ms.
MCM_ConfigBase.cpp(562): [info] Registered mod config for SimplestHorses in 0 ms.
MCM_ConfigBase.cpp(562): [info] Registered mod config for MCM for FWMF in 0 ms.
MCM_ConfigBase.cpp(562): [info] Registered mod config for WheelsOfLull in 0 ms.
MCM_ConfigBase.cpp(562): [info] Registered mod config for Wyrmstooth in 0 ms.
MCM_ConfigBase.cpp(562): [info] Registered mod config for Vigilant in 0 ms.
MCM_ConfigBase.cpp(562): [info] Registered mod config for Clockwork in 0 ms.
MCM_ConfigBase.cpp(562): [info] Registered mod config for SkyUI_SE in 0 ms.
MCM_ConfigBase.cpp(562): [info] Registered mod config for RAEQuestRequirements in 0 ms.
MCM_ConfigBase.cpp(562): [info] Registered mod config for UltimateDragons in 0 ms.
MCM_ConfigBase.cpp(562): [info] Registered mod config for QuickLight in 0 ms.
MCM_ConfigBase.cpp(562): [info] Registered mod config for DEST_ISL in 0 ms.
MCM_ConfigBase.cpp(562): [info] Registered mod config for StrangeRunes in 0 ms.
MCM_ConfigBase.cpp(562): [info] Registered mod config for ValhallaCombat in 0 ms.
MCM_ConfigBase.cpp(562): [info] Registered mod config for Trade & Barter in 0 ms.
MCM_ConfigBase.cpp(562): [info] Registered mod config for Wintersun - Faiths of Skyrim in 0 ms.
MCM_ConfigBase.cpp(562): [info] Registered mod config for Sacrosanct - Vampires of Skyrim in 0 ms.
MCM_ConfigBase.cpp(562): [info] Registered mod config for DynamicCollisionAdjustment in 0 ms.
MCM_ConfigBase.cpp(562): [info] Registered mod config for TrueHUD in 0 ms.
MCM_ConfigBase.cpp(562): [info] Registered mod config for Dynamic Activation Key - MCM in 0 ms.
MCM_ConfigBase.cpp(562): [info] Registered mod config for DialogueHistory in 0 ms.
MCM_ConfigBase.cpp(562): [info] Registered mod config for BetterThirdPersonSelection in 0 ms.
MCM_ConfigBase.cpp(562): [info] Registered mod config for QuickLootEE in 0 ms.
MCM_ConfigBase.cpp(562): [info] Registered mod config for ShowPlayerInMenus in 0 ms.
MCM_ConfigBase.cpp(562): [info] Registered mod config for toggle compass hotkey in 0 ms.
MCM_ConfigBase.cpp(562): [info] Registered mod config for TimingIsEverything in 0 ms.
MCM_ConfigBase.cpp(562): [info] Registered mod config for StormLightning in 0 ms.
MCM_ConfigBase.cpp(562): [info] Registered mod config for Immersive Equipping Animations in 0 ms.
MCM_ConfigBase.cpp(562): [info] Registered mod config for EVGConditionalIdles in 0 ms.
MCM_ConfigBase.cpp(562): [info] Registered mod config for Simple Hunting Overhaul MCM Helper in 0 ms.
MCM_ConfigBase.cpp(562): [info] Registered mod config for StopOnSlash in 0 ms.
MCM_ConfigBase.cpp(562): [info] Registered mod config for Additional Attack By Loop in 0 ms.
MCM_ConfigBase.cpp(562): [info] Registered mod config for SimplestHorses in 0 ms.
MCM_ConfigBase.cpp(562): [info] Registered mod config for MCM for FWMF in 0 ms.
MCM_ConfigBase.cpp(562): [info] Registered mod config for Vigilant in 0 ms.
MCM_ConfigBase.cpp(562): [info] Registered mod config for WheelsOfLull in 0 ms.
MCM_ConfigBase.cpp(562): [info] Registered mod config for Clockwork in 0 ms.
MCM_ConfigBase.cpp(562): [info] Registered mod config for Wyrmstooth in 0 ms.
MCM_ConfigBase.cpp(562): [info] Registered mod config for SkyUI_SE in 0 ms.
MCM_ConfigBase.cpp(562): [info] Registered mod config for RAEQuestRequirements in 0 ms.
MCM_ConfigBase.cpp(562): [info] Registered mod config for UltimateDragons in 0 ms.
MCM_ConfigBase.cpp(562): [info] Registered mod config for QuickLight in 0 ms.
MCM_ConfigBase.cpp(562): [info] Registered mod config for DEST_ISL in 0 ms.
MCM_ConfigBase.cpp(562): [info] Registered mod config for StrangeRunes in 0 ms.
MCM_ConfigBase.cpp(562): [info] Registered mod config for ValhallaCombat in 0 ms.
MCM_ConfigBase.cpp(562): [info] Registered mod config for Trade & Barter in 0 ms.
MCM_ConfigBase.cpp(562): [info] Registered mod config for Wintersun - Faiths of Skyrim in 0 ms.
MCM_ConfigBase.cpp(562): [info] Registered mod config for Sacrosanct - Vampires of Skyrim in 0 ms.
MCM_ConfigBase.cpp(562): [info] Registered mod config for DynamicCollisionAdjustment in 0 ms.
MCM_ConfigBase.cpp(562): [info] Registered mod config for TrueHUD in 0 ms.
MCM_ConfigBase.cpp(562): [info] Registered mod config for Dynamic Activation Key - MCM in 0 ms.
MCM_ConfigBase.cpp(562): [info] Registered mod config for DialogueHistory in 0 ms.
MCM_ConfigBase.cpp(562): [info] Registered mod config for BetterThirdPersonSelection in 1 ms.
MCM_ConfigBase.cpp(562): [info] Registered mod config for ShowPlayerInMenus in 0 ms.
MCM_ConfigBase.cpp(562): [info] Registered mod config for QuickLootEE in 0 ms.
MCM_ConfigBase.cpp(562): [info] Registered mod config for toggle compass hotkey in 0 ms.
MCM_ConfigBase.cpp(562): [info] Registered mod config for TimingIsEverything in 0 ms.
MCM_ConfigBase.cpp(562): [info] Registered mod config for StormLightning in 0 ms.
MCM_ConfigBase.cpp(562): [info] Registered mod config for Immersive Equipping Animations in 0 ms.
MCM_ConfigBase.cpp(562): [info] Registered mod config for EVGConditionalIdles in 0 ms.
MCM_ConfigBase.cpp(562): [info] Registered mod config for Simple Hunting Overhaul MCM Helper in 0 ms.
MCM_ConfigBase.cpp(562): [info] Registered mod config for StopOnSlash in 0 ms.
MCM_ConfigBase.cpp(562): [info] Registered mod config for Additional Attack By Loop in 0 ms.
MCM_ConfigBase.cpp(562): [info] Registered mod config for SimplestHorses in 0 ms.
MCM_ConfigBase.cpp(562): [info] Registered mod config for MCM for FWMF in 0 ms.
MCM_ConfigBase.cpp(562): [info] Registered mod config for Vigilant in 0 ms.
MCM_ConfigBase.cpp(562): [info] Registered mod config for WheelsOfLull in 0 ms.
MCM_ConfigBase.cpp(562): [info] Registered mod config for Clockwork in 0 ms.
MCM_ConfigBase.cpp(562): [info] Registered mod config for Wyrmstooth in 0 ms.
MCM_ConfigBase.cpp(562): [info] Registered mod config for SkyUI_SE in 0 ms.
MCM_ConfigBase.cpp(562): [info] Registered mod config for RAEQuestRequirements in 0 ms.
MCM_ConfigBase.cpp(562): [info] Registered mod config for UltimateDragons in 0 ms.
MCM_ConfigBase.cpp(562): [info] Registered mod config for QuickLight in 0 ms.
MCM_ConfigBase.cpp(562): [info] Registered mod config for DEST_ISL in 0 ms.
MCM_ConfigBase.cpp(562): [info] Registered mod config for StrangeRunes in 0 ms.
MCM_ConfigBase.cpp(562): [info] Registered mod config for ValhallaCombat in 0 ms.
MCM_ConfigBase.cpp(562): [info] Registered mod config for Trade & Barter in 0 ms.
MCM_ConfigBase.cpp(562): [info] Registered mod config for Wintersun - Faiths of Skyrim in 0 ms.
MCM_ConfigBase.cpp(562): [info] Registered mod config for Sacrosanct - Vampires of Skyrim in 0 ms.
MCM_ConfigBase.cpp(562): [info] Registered mod config for DynamicCollisionAdjustment in 0 ms.
MCM_ConfigBase.cpp(562): [info] Registered mod config for TrueHUD in 0 ms.
MCM_ConfigBase.cpp(562): [info] Registered mod config for Dynamic Activation Key - MCM in 0 ms.
MCM_ConfigBase.cpp(562): [info] Registered mod config for DialogueHistory in 0 ms.
MCM_ConfigBase.cpp(562): [info] Registered mod config for BetterThirdPersonSelection in 0 ms.
MCM_ConfigBase.cpp(562): [info] Registered mod config for ShowPlayerInMenus in 0 ms.
MCM_ConfigBase.cpp(562): [info] Registered mod config for QuickLootEE in 0 ms.
MCM_ConfigBase.cpp(562): [info] Registered mod config for toggle compass hotkey in 0 ms.
MCM_ConfigBase.cpp(562): [info] Registered mod config for TimingIsEverything in 0 ms.
MCM_ConfigBase.cpp(562): [info] Registered mod config for StormLightning in 0 ms.
MCM_ConfigBase.cpp(562): [info] Registered mod config for Immersive Equipping Animations in 0 ms.
MCM_ConfigBase.cpp(562): [info] Registered mod config for EVGConditionalIdles in 0 ms.
MCM_ConfigBase.cpp(562): [info] Registered mod config for Simple Hunting Overhaul MCM Helper in 0 ms.
MCM_ConfigBase.cpp(562): [info] Registered mod config for StopOnSlash in 0 ms.
MCM_ConfigBase.cpp(562): [info] Registered mod config for Additional Attack By Loop in 0 ms.
MCM_ConfigBase.cpp(562): [info] Registered mod config for SimplestHorses in 0 ms.
MCM_ConfigBase.cpp(562): [info] Registered mod config for MCM for FWMF in 0 ms.
MCM_ConfigBase.cpp(562): [info] Registered mod config for Vigilant in 0 ms.
MCM_ConfigBase.cpp(562): [info] Registered mod config for WheelsOfLull in 0 ms.
MCM_ConfigBase.cpp(562): [info] Registered mod config for Wyrmstooth in 0 ms.
MCM_ConfigBase.cpp(562): [info] Registered mod config for Clockwork in 0 ms.
MCM_ConfigBase.cpp(562): [info] Registered mod config for SkyUI_SE in 0 ms.
MCM_ConfigBase.cpp(562): [info] Registered mod config for RAEQuestRequirements in 0 ms.
MCM_ConfigBase.cpp(562): [info] Registered mod config for UltimateDragons in 0 ms.
MCM_ConfigBase.cpp(562): [info] Registered mod config for QuickLight in 0 ms.
MCM_ConfigBase.cpp(562): [info] Registered mod config for DEST_ISL in 0 ms.
MCM_ConfigBase.cpp(562): [info] Registered mod config for StrangeRunes in 0 ms.
MCM_ConfigBase.cpp(562): [info] Registered mod config for ValhallaCombat in 0 ms.
MCM_ConfigBase.cpp(562): [info] Registered mod config for Trade & Barter in 0 ms.
MCM_ConfigBase.cpp(562): [info] Registered mod config for Wintersun - Faiths of Skyrim in 0 ms.
MCM_ConfigBase.cpp(562): [info] Registered mod config for Sacrosanct - Vampires of Skyrim in 0 ms.
MCM_ConfigBase.cpp(562): [info] Registered mod config for DynamicCollisionAdjustment in 0 ms.
MCM_ConfigBase.cpp(562): [info] Registered mod config for TrueHUD in 0 ms.
MCM_ConfigBase.cpp(562): [info] Registered mod config for Dynamic Activation Key - MCM in 0 ms.
MCM_ConfigBase.cpp(562): [info] Registered mod config for DialogueHistory in 0 ms.
MCM_ConfigBase.cpp(562): [info] Registered mod config for BetterThirdPersonSelection in 0 ms.
MCM_ConfigBase.cpp(562): [info] Registered mod config for ShowPlayerInMenus in 0 ms.
MCM_ConfigBase.cpp(562): [info] Registered mod config for QuickLootEE in 0 ms.
MCM_ConfigBase.cpp(562): [info] Registered mod config for toggle compass hotkey in 0 ms.
MCM_ConfigBase.cpp(562): [info] Registered mod config for TimingIsEverything in 0 ms.
MCM_ConfigBase.cpp(562): [info] Registered mod config for StormLightning in 0 ms.
MCM_ConfigBase.cpp(562): [info] Registered mod config for Immersive Equipping Animations in 0 ms.
MCM_ConfigBase.cpp(562): [info] Registered mod config for EVGConditionalIdles in 0 ms.
MCM_ConfigBase.cpp(562): [info] Registered mod config for Simple Hunting Overhaul MCM Helper in 0 ms.
MCM_ConfigBase.cpp(562): [info] Registered mod config for StopOnSlash in 0 ms.
MCM_ConfigBase.cpp(562): [info] Registered mod config for Additional Attack By Loop in 0 ms.
MCM_ConfigBase.cpp(562): [info] Registered mod config for SimplestHorses in 0 ms.
MCM_ConfigBase.cpp(562): [info] Registered mod config for MCM for FWMF in 0 ms.
MCM_ConfigBase.cpp(562): [info] Registered mod config for Vigilant in 0 ms.
MCM_ConfigBase.cpp(562): [info] Registered mod config for WheelsOfLull in 0 ms.
MCM_ConfigBase.cpp(562): [info] Registered mod config for Wyrmstooth in 0 ms.
MCM_ConfigBase.cpp(562): [info] Registered mod config for Clockwork in 0 ms.
MCM_ConfigBase.cpp(562): [info] Registered mod config for SkyUI_SE in 0 ms.
MCM_ConfigBase.cpp(562): [info] Registered mod config for RAEQuestRequirements in 0 ms.
MCM_ConfigBase.cpp(562): [info] Registered mod config for UltimateDragons in 0 ms.
MCM_ConfigBase.cpp(562): [info] Registered mod config for QuickLight in 0 ms.
MCM_ConfigBase.cpp(562): [info] Registered mod config for DEST_ISL in 0 ms.
MCM_ConfigBase.cpp(562): [info] Registered mod config for StrangeRunes in 0 ms.
MCM_ConfigBase.cpp(562): [info] Registered mod config for ValhallaCombat in 0 ms.
MCM_ConfigBase.cpp(562): [info] Registered mod config for Trade & Barter in 0 ms.
MCM_ConfigBase.cpp(562): [info] Registered mod config for Wintersun - Faiths of Skyrim in 0 ms.
MCM_ConfigBase.cpp(562): [info] Registered mod config for Sacrosanct - Vampires of Skyrim in 0 ms.
MCM_ConfigBase.cpp(562): [info] Registered mod config for DynamicCollisionAdjustment in 0 ms.
MCM_ConfigBase.cpp(562): [info] Registered mod config for TrueHUD in 0 ms.
MCM_ConfigBase.cpp(562): [info] Registered mod config for Dynamic Activation Key - MCM in 0 ms.
MCM_ConfigBase.cpp(562): [info] Registered mod config for DialogueHistory in 0 ms.
MCM_ConfigBase.cpp(562): [info] Registered mod config for BetterThirdPersonSelection in 0 ms.
MCM_ConfigBase.cpp(562): [info] Registered mod config for ShowPlayerInMenus in 0 ms.
MCM_ConfigBase.cpp(562): [info] Registered mod config for QuickLootEE in 0 ms.
MCM_ConfigBase.cpp(562): [info] Registered mod config for toggle compass hotkey in 0 ms.
MCM_ConfigBase.cpp(562): [info] Registered mod config for TimingIsEverything in 0 ms.
MCM_ConfigBase.cpp(562): [info] Registered mod config for StormLightning in 0 ms.
MCM_ConfigBase.cpp(562): [info] Registered mod config for Immersive Equipping Animations in 0 ms.
MCM_ConfigBase.cpp(562): [info] Registered mod config for EVGConditionalIdles in 0 ms.
MCM_ConfigBase.cpp(562): [info] Registered mod config for Simple Hunting Overhaul MCM Helper in 0 ms.
MCM_ConfigBase.cpp(562): [info] Registered mod config for StopOnSlash in 0 ms.
MCM_ConfigBase.cpp(562): [info] Registered mod config for Additional Attack By Loop in 0 ms.
MCM_ConfigBase.cpp(562): [info] Registered mod config for SimplestHorses in 0 ms.
MCM_ConfigBase.cpp(562): [info] Registered mod config for MCM for FWMF in 0 ms.
MCM_ConfigBase.cpp(562): [info] Registered mod config for Vigilant in 0 ms.
MCM_ConfigBase.cpp(562): [info] Registered mod config for Wyrmstooth in 0 ms.
MCM_ConfigBase.cpp(562): [info] Registered mod config for WheelsOfLull in 0 ms.
MCM_ConfigBase.cpp(562): [info] Registered mod config for Clockwork in 0 ms.
MCM_ConfigBase.cpp(562): [info] Registered mod config for SkyUI_SE in 0 ms.
MCM_ConfigBase.cpp(562): [info] Registered mod config for RAEQuestRequirements in 0 ms.
MCM_ConfigBase.cpp(562): [info] Registered mod config for UltimateDragons in 0 ms.
MCM_ConfigBase.cpp(562): [info] Registered mod config for QuickLight in 0 ms.
MCM_ConfigBase.cpp(562): [info] Registered mod config for DEST_ISL in 0 ms.
MCM_ConfigBase.cpp(562): [info] Registered mod config for StrangeRunes in 0 ms.
MCM_ConfigBase.cpp(562): [info] Registered mod config for ValhallaCombat in 0 ms.
MCM_ConfigBase.cpp(562): [info] Registered mod config for Trade & Barter in 0 ms.
MCM_ConfigBase.cpp(562): [info] Registered mod config for Wintersun - Faiths of Skyrim in 0 ms.
MCM_ConfigBase.cpp(562): [info] Registered mod config for Sacrosanct - Vampires of Skyrim in 0 ms.
MCM_ConfigBase.cpp(562): [info] Registered mod config for DynamicCollisionAdjustment in 0 ms.
MCM_ConfigBase.cpp(562): [info] Registered mod config for TrueHUD in 1 ms.
MCM_ConfigBase.cpp(562): [info] Registered mod config for Dynamic Activation Key - MCM in 0 ms.
MCM_ConfigBase.cpp(562): [info] Registered mod config for DialogueHistory in 0 ms.
MCM_ConfigBase.cpp(562): [info] Registered mod config for BetterThirdPersonSelection in 0 ms.
MCM_ConfigBase.cpp(562): [info] Registered mod config for QuickLootEE in 0 ms.
MCM_ConfigBase.cpp(562): [info] Registered mod config for ShowPlayerInMenus in 0 ms.
MCM_ConfigBase.cpp(562): [info] Registered mod config for toggle compass hotkey in 0 ms.
MCM_ConfigBase.cpp(562): [info] Registered mod config for StormLightning in 0 ms.
MCM_ConfigBase.cpp(562): [info] Registered mod config for TimingIsEverything in 0 ms.
MCM_ConfigBase.cpp(562): [info] Registered mod config for Immersive Equipping Animations in 0 ms.
MCM_ConfigBase.cpp(562): [info] Registered mod config for EVGConditionalIdles in 0 ms.
MCM_ConfigBase.cpp(562): [info] Registered mod config for Simple Hunting Overhaul MCM Helper in 0 ms.
MCM_ConfigBase.cpp(562): [info] Registered mod config for StopOnSlash in 0 ms.
MCM_ConfigBase.cpp(562): [info] Registered mod config for Additional Attack By Loop in 0 ms.
MCM_ConfigBase.cpp(562): [info] Registered mod config for SimplestHorses in 0 ms.
MCM_ConfigBase.cpp(562): [info] Registered mod config for MCM for FWMF in 0 ms.
MCM_ConfigBase.cpp(562): [info] Registered mod config for Vigilant in 0 ms.
MCM_ConfigBase.cpp(562): [info] Registered mod config for Wyrmstooth in 0 ms.
MCM_ConfigBase.cpp(562): [info] Registered mod config for WheelsOfLull in 0 ms.
MCM_ConfigBase.cpp(562): [info] Registered mod config for Clockwork in 0 ms.
MCM_ConfigBase.cpp(562): [info] Registered mod config for SkyUI_SE in 0 ms.
MCM_ConfigBase.cpp(562): [info] Registered mod config for RAEQuestRequirements in 0 ms.
MCM_ConfigBase.cpp(562): [info] Registered mod config for UltimateDragons in 0 ms.
MCM_ConfigBase.cpp(562): [info] Registered mod config for QuickLight in 0 ms.
MCM_ConfigBase.cpp(562): [info] Registered mod config for DEST_ISL in 0 ms.
MCM_ConfigBase.cpp(562): [info] Registered mod config for StrangeRunes in 0 ms.
MCM_ConfigBase.cpp(562): [info] Registered mod config for ValhallaCombat in 0 ms.
MCM_ConfigBase.cpp(562): [info] Registered mod config for Trade & Barter in 0 ms.
MCM_ConfigBase.cpp(562): [info] Registered mod config for Wintersun - Faiths of Skyrim in 0 ms.
MCM_ConfigBase.cpp(562): [info] Registered mod config for Sacrosanct - Vampires of Skyrim in 0 ms.
MCM_ConfigBase.cpp(562): [info] Registered mod config for DynamicCollisionAdjustment in 0 ms.
MCM_ConfigBase.cpp(562): [info] Registered mod config for TrueHUD in 0 ms.
MCM_ConfigBase.cpp(562): [info] Registered mod config for Dynamic Activation Key - MCM in 0 ms.
MCM_ConfigBase.cpp(562): [info] Registered mod config for DialogueHistory in 0 ms.
MCM_ConfigBase.cpp(562): [info] Registered mod config for BetterThirdPersonSelection in 0 ms.
MCM_ConfigBase.cpp(562): [info] Registered mod config for QuickLootEE in 0 ms.
MCM_ConfigBase.cpp(562): [info] Registered mod config for ShowPlayerInMenus in 0 ms.
MCM_ConfigBase.cpp(562): [info] Registered mod config for toggle compass hotkey in 0 ms.
MCM_ConfigBase.cpp(562): [info] Registered mod config for StormLightning in 0 ms.
MCM_ConfigBase.cpp(562): [info] Registered mod config for TimingIsEverything in 0 ms.
MCM_ConfigBase.cpp(562): [info] Registered mod config for Immersive Equipping Animations in 0 ms.
MCM_ConfigBase.cpp(562): [info] Registered mod config for EVGConditionalIdles in 0 ms.
MCM_ConfigBase.cpp(562): [info] Registered mod config for Simple Hunting Overhaul MCM Helper in 0 ms.
MCM_ConfigBase.cpp(562): [info] Registered mod config for StopOnSlash in 0 ms.
MCM_ConfigBase.cpp(562): [info] Registered mod config for Additional Attack By Loop in 0 ms.
MCM_ConfigBase.cpp(562): [info] Registered mod config for SimplestHorses in 0 ms.
MCM_ConfigBase.cpp(562): [info] Registered mod config for MCM for FWMF in 0 ms.
MCM_ConfigBase.cpp(562): [info] Registered mod config for Vigilant in 0 ms.
MCM_ConfigBase.cpp(562): [info] Registered mod config for Wyrmstooth in 0 ms.
MCM_ConfigBase.cpp(562): [info] Registered mod config for WheelsOfLull in 0 ms.
MCM_ConfigBase.cpp(562): [info] Registered mod config for Clockwork in 0 ms.
MCM_ConfigBase.cpp(562): [info] Registered mod config for SkyUI_SE in 0 ms.
MCM_ConfigBase.cpp(562): [info] Registered mod config for RAEQuestRequirements in 0 ms.
MCM_ConfigBase.cpp(562): [info] Registered mod config for UltimateDragons in 0 ms.
MCM_ConfigBase.cpp(562): [info] Registered mod config for QuickLight in 0 ms.
MCM_ConfigBase.cpp(562): [info] Registered mod config for DEST_ISL in 0 ms.
MCM_ConfigBase.cpp(562): [info] Registered mod config for StrangeRunes in 0 ms.
MCM_ConfigBase.cpp(562): [info] Registered mod config for ValhallaCombat in 0 ms.
MCM_ConfigBase.cpp(562): [info] Registered mod config for Trade & Barter in 0 ms.
MCM_ConfigBase.cpp(562): [info] Registered mod config for Wintersun - Faiths of Skyrim in 0 ms.
MCM_ConfigBase.cpp(562): [info] Registered mod config for Sacrosanct - Vampires of Skyrim in 0 ms.
MCM_ConfigBase.cpp(562): [info] Registered mod config for DynamicCollisionAdjustment in 0 ms.
MCM_ConfigBase.cpp(562): [info] Registered mod config for Dynamic Activation Key - MCM in 0 ms.
MCM_ConfigBase.cpp(562): [info] Registered mod config for TrueHUD in 1 ms.
MCM_ConfigBase.cpp(562): [info] Registered mod config for DialogueHistory in 0 ms.
MCM_ConfigBase.cpp(562): [info] Registered mod config for BetterThirdPersonSelection in 0 ms.
MCM_ConfigBase.cpp(562): [info] Registered mod config for QuickLootEE in 0 ms.
MCM_ConfigBase.cpp(562): [info] Registered mod config for ShowPlayerInMenus in 0 ms.
MCM_ConfigBase.cpp(562): [info] Registered mod config for toggle compass hotkey in 0 ms.
MCM_ConfigBase.cpp(562): [info] Registered mod config for TimingIsEverything in 0 ms.
MCM_ConfigBase.cpp(562): [info] Registered mod config for StormLightning in 0 ms.
MCM_ConfigBase.cpp(562): [info] Registered mod config for Immersive Equipping Animations in 0 ms.
MCM_ConfigBase.cpp(562): [info] Registered mod config for EVGConditionalIdles in 0 ms.
MCM_ConfigBase.cpp(562): [info] Registered mod config for Simple Hunting Overhaul MCM Helper in 0 ms.
MCM_ConfigBase.cpp(562): [info] Registered mod config for StopOnSlash in 0 ms.
MCM_ConfigBase.cpp(562): [info] Registered mod config for Additional Attack By Loop in 0 ms.
MCM_ConfigBase.cpp(562): [info] Registered mod config for SimplestHorses in 0 ms.
MCM_ConfigBase.cpp(562): [info] Registered mod config for MCM for FWMF in 0 ms.
MCM_ConfigBase.cpp(562): [info] Registered mod config for Vigilant in 0 ms.
MCM_ConfigBase.cpp(562): [info] Registered mod config for Wyrmstooth in 0 ms.
MCM_ConfigBase.cpp(562): [info] Registered mod config for WheelsOfLull in 0 ms.
MCM_ConfigBase.cpp(562): [info] Registered mod config for Clockwork in 0 ms.
MCM_ConfigBase.cpp(562): [info] Registered mod config for SkyUI_SE in 0 ms.
MCM_ConfigBase.cpp(562): [info] Registered mod config for RAEQuestRequirements in 0 ms.
MCM_ConfigBase.cpp(562): [info] Registered mod config for UltimateDragons in 0 ms.
MCM_ConfigBase.cpp(562): [info] Registered mod config for QuickLight in 0 ms.
MCM_ConfigBase.cpp(562): [info] Registered mod config for DEST_ISL in 0 ms.
MCM_ConfigBase.cpp(562): [info] Registered mod config for StrangeRunes in 0 ms.
MCM_ConfigBase.cpp(562): [info] Registered mod config for ValhallaCombat in 0 ms.
MCM_ConfigBase.cpp(562): [info] Registered mod config for Trade & Barter in 0 ms.
MCM_ConfigBase.cpp(562): [info] Registered mod config for Wintersun - Faiths of Skyrim in 0 ms.
MCM_ConfigBase.cpp(562): [info] Registered mod config for Sacrosanct - Vampires of Skyrim in 0 ms.
MCM_ConfigBase.cpp(562): [info] Registered mod config for DynamicCollisionAdjustment in 0 ms.
MCM_ConfigBase.cpp(562): [info] Registered mod config for Dynamic Activation Key - MCM in 0 ms.
MCM_ConfigBase.cpp(562): [info] Registered mod config for TrueHUD in 0 ms.
MCM_ConfigBase.cpp(562): [info] Registered mod config for DialogueHistory in 0 ms.
MCM_ConfigBase.cpp(562): [info] Registered mod config for BetterThirdPersonSelection in 0 ms.
MCM_ConfigBase.cpp(562): [info] Registered mod config for QuickLootEE in 0 ms.
MCM_ConfigBase.cpp(562): [info] Registered mod config for ShowPlayerInMenus in 0 ms.
MCM_ConfigBase.cpp(562): [info] Registered mod config for toggle compass hotkey in 0 ms.
MCM_ConfigBase.cpp(562): [info] Registered mod config for TimingIsEverything in 0 ms.
MCM_ConfigBase.cpp(562): [info] Registered mod config for StormLightning in 0 ms.
MCM_ConfigBase.cpp(562): [info] Registered mod config for Immersive Equipping Animations in 0 ms.
MCM_ConfigBase.cpp(562): [info] Registered mod config for EVGConditionalIdles in 0 ms.
MCM_ConfigBase.cpp(562): [info] Registered mod config for Simple Hunting Overhaul MCM Helper in 0 ms.
MCM_ConfigBase.cpp(562): [info] Registered mod config for StopOnSlash in 0 ms.
MCM_ConfigBase.cpp(562): [info] Registered mod config for Additional Attack By Loop in 0 ms.
MCM_ConfigBase.cpp(562): [info] Registered mod config for SimplestHorses in 0 ms.
MCM_ConfigBase.cpp(562): [info] Registered mod config for MCM for FWMF in 0 ms.
MCM_ConfigBase.cpp(562): [info] Registered mod config for Wyrmstooth in 0 ms.
MCM_ConfigBase.cpp(562): [info] Registered mod config for WheelsOfLull in 0 ms.
MCM_ConfigBase.cpp(562): [info] Registered mod config for Vigilant in 0 ms.
MCM_ConfigBase.cpp(562): [info] Registered mod config for Clockwork in 0 ms.
MCM_ConfigBase.cpp(562): [info] Registered mod config for SkyUI_SE in 0 ms.
MCM_ConfigBase.cpp(562): [info] Registered mod config for RAEQuestRequirements in 0 ms.
MCM_ConfigBase.cpp(562): [info] Registered mod config for UltimateDragons in 0 ms.
MCM_ConfigBase.cpp(562): [info] Registered mod config for QuickLight in 0 ms.
MCM_ConfigBase.cpp(562): [info] Registered mod config for DEST_ISL in 0 ms.
MCM_ConfigBase.cpp(562): [info] Registered mod config for StrangeRunes in 0 ms.
MCM_ConfigBase.cpp(562): [info] Registered mod config for ValhallaCombat in 0 ms.
MCM_ConfigBase.cpp(562): [info] Registered mod config for Trade & Barter in 0 ms.
MCM_ConfigBase.cpp(562): [info] Registered mod config for Wintersun - Faiths of Skyrim in 0 ms.
MCM_ConfigBase.cpp(562): [info] Registered mod config for Sacrosanct - Vampires of Skyrim in 0 ms.
MCM_ConfigBase.cpp(562): [info] Registered mod config for DynamicCollisionAdjustment in 0 ms.
MCM_ConfigBase.cpp(562): [info] Registered mod config for Dynamic Activation Key - MCM in 0 ms.
MCM_ConfigBase.cpp(562): [info] Registered mod config for TrueHUD in 1 ms.
MCM_ConfigBase.cpp(562): [info] Registered mod config for DialogueHistory in 0 ms.
MCM_ConfigBase.cpp(562): [info] Registered mod config for BetterThirdPersonSelection in 0 ms.
MCM_ConfigBase.cpp(562): [info] Registered mod config for QuickLootEE in 0 ms.
MCM_ConfigBase.cpp(562): [info] Registered mod config for ShowPlayerInMenus in 0 ms.
MCM_ConfigBase.cpp(562): [info] Registered mod config for toggle compass hotkey in 0 ms.
MCM_ConfigBase.cpp(562): [info] Registered mod config for TimingIsEverything in 0 ms.
MCM_ConfigBase.cpp(562): [info] Registered mod config for StormLightning in 0 ms.
MCM_ConfigBase.cpp(562): [info] Registered mod config for Immersive Equipping Animations in 0 ms.
MCM_ConfigBase.cpp(562): [info] Registered mod config for EVGConditionalIdles in 0 ms.
MCM_ConfigBase.cpp(562): [info] Registered mod config for Simple Hunting Overhaul MCM Helper in 0 ms.
MCM_ConfigBase.cpp(562): [info] Registered mod config for StopOnSlash in 0 ms.
MCM_ConfigBase.cpp(562): [info] Registered mod config for Additional Attack By Loop in 0 ms.
MCM_ConfigBase.cpp(562): [info] Registered mod config for SimplestHorses in 0 ms.
MCM_ConfigBase.cpp(562): [info] Registered mod config for MCM for FWMF in 0 ms.
MCM_ConfigBase.cpp(562): [info] Registered mod config for Wyrmstooth in 0 ms.
MCM_ConfigBase.cpp(562): [info] Registered mod config for WheelsOfLull in 0 ms.
MCM_ConfigBase.cpp(562): [info] Registered mod config for Vigilant in 0 ms.
MCM_ConfigBase.cpp(562): [info] Registered mod config for Clockwork in 0 ms.
MCM_ConfigBase.cpp(562): [info] Registered mod config for SkyUI_SE in 0 ms.
MCM_ConfigBase.cpp(562): [info] Registered mod config for RAEQuestRequirements in 0 ms.
MCM_ConfigBase.cpp(562): [info] Registered mod config for UltimateDragons in 0 ms.
MCM_ConfigBase.cpp(562): [info] Registered mod config for QuickLight in 0 ms.
MCM_ConfigBase.cpp(562): [info] Registered mod config for DEST_ISL in 0 ms.
MCM_ConfigBase.cpp(562): [info] Registered mod config for StrangeRunes in 0 ms.
MCM_ConfigBase.cpp(562): [info] Registered mod config for ValhallaCombat in 0 ms.
MCM_ConfigBase.cpp(562): [info] Registered mod config for Trade & Barter in 0 ms.
MCM_ConfigBase.cpp(562): [info] Registered mod config for Wintersun - Faiths of Skyrim in 0 ms.
MCM_ConfigBase.cpp(562): [info] Registered mod config for Sacrosanct - Vampires of Skyrim in 0 ms.
MCM_ConfigBase.cpp(562): [info] Registered mod config for DynamicCollisionAdjustment in 0 ms.
MCM_ConfigBase.cpp(562): [info] Registered mod config for Dynamic Activation Key - MCM in 0 ms.
MCM_ConfigBase.cpp(562): [info] Registered mod config for TrueHUD in 0 ms.
MCM_ConfigBase.cpp(562): [info] Registered mod config for DialogueHistory in 0 ms.
MCM_ConfigBase.cpp(562): [info] Registered mod config for BetterThirdPersonSelection in 0 ms.
MCM_ConfigBase.cpp(562): [info] Registered mod config for QuickLootEE in 0 ms.
MCM_ConfigBase.cpp(562): [info] Registered mod config for ShowPlayerInMenus in 0 ms.
MCM_ConfigBase.cpp(562): [info] Registered mod config for toggle compass hotkey in 0 ms.
MCM_ConfigBase.cpp(562): [info] Registered mod config for TimingIsEverything in 0 ms.
MCM_ConfigBase.cpp(562): [info] Registered mod config for StormLightning in 0 ms.
MCM_ConfigBase.cpp(562): [info] Registered mod config for Immersive Equipping Animations in 0 ms.
MCM_ConfigBase.cpp(562): [info] Registered mod config for EVGConditionalIdles in 0 ms.
MCM_ConfigBase.cpp(562): [info] Registered mod config for Simple Hunting Overhaul MCM Helper in 0 ms.
MCM_ConfigBase.cpp(562): [info] Registered mod config for StopOnSlash in 0 ms.
MCM_ConfigBase.cpp(562): [info] Registered mod config for Additional Attack By Loop in 0 ms.
MCM_ConfigBase.cpp(562): [info] Registered mod config for SimplestHorses in 0 ms.
MCM_ConfigBase.cpp(562): [info] Registered mod config for MCM for FWMF in 0 ms.
MCM_ConfigBase.cpp(562): [info] Registered mod config for Wyrmstooth in 0 ms.
MCM_ConfigBase.cpp(562): [info] Registered mod config for Vigilant in 0 ms.
MCM_ConfigBase.cpp(562): [info] Registered mod config for Clockwork in 0 ms.
MCM_ConfigBase.cpp(562): [info] Registered mod config for WheelsOfLull in 0 ms.
MCM_ConfigBase.cpp(562): [info] Registered mod config for SkyUI_SE in 0 ms.
MCM_ConfigBase.cpp(562): [info] Registered mod config for RAEQuestRequirements in 0 ms.
MCM_ConfigBase.cpp(562): [info] Registered mod config for UltimateDragons in 0 ms.
MCM_ConfigBase.cpp(562): [info] Registered mod config for QuickLight in 0 ms.
MCM_ConfigBase.cpp(562): [info] Registered mod config for DEST_ISL in 0 ms.
MCM_ConfigBase.cpp(562): [info] Registered mod config for StrangeRunes in 0 ms.
MCM_ConfigBase.cpp(562): [info] Registered mod config for ValhallaCombat in 1 ms.
MCM_ConfigBase.cpp(562): [info] Registered mod config for Trade & Barter in 0 ms.
MCM_ConfigBase.cpp(562): [info] Registered mod config for Wintersun - Faiths of Skyrim in 0 ms.
MCM_ConfigBase.cpp(562): [info] Registered mod config for Sacrosanct - Vampires of Skyrim in 0 ms.
MCM_ConfigBase.cpp(562): [info] Registered mod config for DynamicCollisionAdjustment in 0 ms.
MCM_ConfigBase.cpp(562): [info] Registered mod config for Dynamic Activation Key - MCM in 0 ms.
MCM_ConfigBase.cpp(562): [info] Registered mod config for TrueHUD in 0 ms.
MCM_ConfigBase.cpp(562): [info] Registered mod config for DialogueHistory in 0 ms.
MCM_ConfigBase.cpp(562): [info] Registered mod config for BetterThirdPersonSelection in 0 ms.
MCM_ConfigBase.cpp(562): [info] Registered mod config for QuickLootEE in 0 ms.
MCM_ConfigBase.cpp(562): [info] Registered mod config for ShowPlayerInMenus in 0 ms.
MCM_ConfigBase.cpp(562): [info] Registered mod config for toggle compass hotkey in 0 ms.
MCM_ConfigBase.cpp(562): [info] Registered mod config for TimingIsEverything in 0 ms.
MCM_ConfigBase.cpp(562): [info] Registered mod config for StormLightning in 0 ms.
MCM_ConfigBase.cpp(562): [info] Registered mod config for Immersive Equipping Animations in 0 ms.
MCM_ConfigBase.cpp(562): [info] Registered mod config for EVGConditionalIdles in 0 ms.
MCM_ConfigBase.cpp(562): [info] Registered mod config for Simple Hunting Overhaul MCM Helper in 0 ms.
MCM_ConfigBase.cpp(562): [info] Registered mod config for StopOnSlash in 0 ms.
MCM_ConfigBase.cpp(562): [info] Registered mod config for Additional Attack By Loop in 0 ms.
MCM_ConfigBase.cpp(562): [info] Registered mod config for SimplestHorses in 0 ms.
MCM_ConfigBase.cpp(562): [info] Registered mod config for MCM for FWMF in 0 ms.
MCM_ConfigBase.cpp(562): [info] Registered mod config for Wyrmstooth in 0 ms.
MCM_ConfigBase.cpp(562): [info] Registered mod config for Vigilant in 0 ms.
MCM_ConfigBase.cpp(562): [info] Registered mod config for Clockwork in 0 ms.
MCM_ConfigBase.cpp(562): [info] Registered mod config for WheelsOfLull in 0 ms.
MCM_ConfigBase.cpp(562): [info] Registered mod config for SkyUI_SE in 0 ms.
MCM_ConfigBase.cpp(562): [info] Registered mod config for RAEQuestRequirements in 0 ms.
MCM_ConfigBase.cpp(562): [info] Registered mod config for UltimateDragons in 0 ms.
MCM_ConfigBase.cpp(562): [info] Registered mod config for QuickLight in 0 ms.
MCM_ConfigBase.cpp(562): [info] Registered mod config for DEST_ISL in 0 ms.
MCM_ConfigBase.cpp(562): [info] Registered mod config for StrangeRunes in 0 ms.
MCM_ConfigBase.cpp(562): [info] Registered mod config for ValhallaCombat in 0 ms.
MCM_ConfigBase.cpp(562): [info] Registered mod config for Trade & Barter in 0 ms.
MCM_ConfigBase.cpp(562): [info] Registered mod config for Wintersun - Faiths of Skyrim in 0 ms.
MCM_ConfigBase.cpp(562): [info] Registered mod config for Sacrosanct - Vampires of Skyrim in 0 ms.
MCM_ConfigBase.cpp(562): [info] Registered mod config for DynamicCollisionAdjustment in 0 ms.
MCM_ConfigBase.cpp(562): [info] Registered mod config for Dynamic Activation Key - MCM in 0 ms.
MCM_ConfigBase.cpp(562): [info] Registered mod config for TrueHUD in 0 ms.
MCM_ConfigBase.cpp(562): [info] Registered mod config for DialogueHistory in 0 ms.
MCM_ConfigBase.cpp(562): [info] Registered mod config for BetterThirdPersonSelection in 0 ms.
MCM_ConfigBase.cpp(562): [info] Registered mod config for QuickLootEE in 0 ms.
MCM_ConfigBase.cpp(562): [info] Registered mod config for ShowPlayerInMenus in 0 ms.
MCM_ConfigBase.cpp(562): [info] Registered mod config for toggle compass hotkey in 0 ms.
MCM_ConfigBase.cpp(562): [info] Registered mod config for TimingIsEverything in 0 ms.
MCM_ConfigBase.cpp(562): [info] Registered mod config for StormLightning in 0 ms.
MCM_ConfigBase.cpp(562): [info] Registered mod config for Immersive Equipping Animations in 0 ms.
MCM_ConfigBase.cpp(562): [info] Registered mod config for EVGConditionalIdles in 0 ms.
MCM_ConfigBase.cpp(562): [info] Registered mod config for Simple Hunting Overhaul MCM Helper in 0 ms.
MCM_ConfigBase.cpp(562): [info] Registered mod config for StopOnSlash in 0 ms.
MCM_ConfigBase.cpp(562): [info] Registered mod config for Additional Attack By Loop in 0 ms.
MCM_ConfigBase.cpp(562): [info] Registered mod config for SimplestHorses in 0 ms.
MCM_ConfigBase.cpp(562): [info] Registered mod config for MCM for FWMF in 0 ms.
MCM_ConfigBase.cpp(562): [info] Registered mod config for Vigilant in 0 ms.
MCM_ConfigBase.cpp(562): [info] Registered mod config for Wyrmstooth in 0 ms.
MCM_ConfigBase.cpp(562): [info] Registered mod config for Clockwork in 0 ms.
MCM_ConfigBase.cpp(562): [info] Registered mod config for WheelsOfLull in 0 ms.
MCM_ConfigBase.cpp(562): [info] Registered mod config for SkyUI_SE in 0 ms.
MCM_ConfigBase.cpp(562): [info] Registered mod config for RAEQuestRequirements in 0 ms.
MCM_ConfigBase.cpp(562): [info] Registered mod config for UltimateDragons in 0 ms.
MCM_ConfigBase.cpp(562): [info] Registered mod config for QuickLight in 0 ms.
MCM_ConfigBase.cpp(562): [info] Registered mod config for DEST_ISL in 0 ms.
MCM_ConfigBase.cpp(562): [info] Registered mod config for StrangeRunes in 0 ms.
MCM_ConfigBase.cpp(562): [info] Registered mod config for ValhallaCombat in 0 ms.
MCM_ConfigBase.cpp(562): [info] Registered mod config for Trade & Barter in 0 ms.
MCM_ConfigBase.cpp(562): [info] Registered mod config for Wintersun - Faiths of Skyrim in 0 ms.
MCM_ConfigBase.cpp(562): [info] Registered mod config for Sacrosanct - Vampires of Skyrim in 0 ms.
MCM_ConfigBase.cpp(562): [info] Registered mod config for DynamicCollisionAdjustment in 1 ms.
MCM_ConfigBase.cpp(562): [info] Registered mod config for TrueHUD in 0 ms.
MCM_ConfigBase.cpp(562): [info] Registered mod config for Dynamic Activation Key - MCM in 0 ms.
MCM_ConfigBase.cpp(562): [info] Registered mod config for DialogueHistory in 0 ms.
MCM_ConfigBase.cpp(562): [info] Registered mod config for BetterThirdPersonSelection in 0 ms.
MCM_ConfigBase.cpp(562): [info] Registered mod config for QuickLootEE in 0 ms.
MCM_ConfigBase.cpp(562): [info] Registered mod config for ShowPlayerInMenus in 0 ms.
MCM_ConfigBase.cpp(562): [info] Registered mod config for toggle compass hotkey in 0 ms.
MCM_ConfigBase.cpp(562): [info] Registered mod config for TimingIsEverything in 0 ms.
MCM_ConfigBase.cpp(562): [info] Registered mod config for StormLightning in 0 ms.
MCM_ConfigBase.cpp(562): [info] Registered mod config for Immersive Equipping Animations in 0 ms.
MCM_ConfigBase.cpp(562): [info] Registered mod config for EVGConditionalIdles in 0 ms.
MCM_ConfigBase.cpp(562): [info] Registered mod config for Simple Hunting Overhaul MCM Helper in 0 ms.
MCM_ConfigBase.cpp(562): [info] Registered mod config for Additional Attack By Loop in 0 ms.
MCM_ConfigBase.cpp(562): [info] Registered mod config for StopOnSlash in 0 ms.
MCM_ConfigBase.cpp(562): [info] Registered mod config for SimplestHorses in 0 ms.
MCM_ConfigBase.cpp(562): [info] Registered mod config for MCM for FWMF in 0 ms.
MCM_ConfigBase.cpp(562): [info] Registered mod config for Vigilant in 0 ms.
MCM_ConfigBase.cpp(562): [info] Registered mod config for Wyrmstooth in 0 ms.
MCM_ConfigBase.cpp(562): [info] Registered mod config for Clockwork in 0 ms.
MCM_ConfigBase.cpp(562): [info] Registered mod config for WheelsOfLull in 0 ms.
MCM_ConfigBase.cpp(562): [info] Registered mod config for SkyUI_SE in 0 ms.
MCM_ConfigBase.cpp(562): [info] Registered mod config for RAEQuestRequirements in 0 ms.
MCM_ConfigBase.cpp(562): [info] Registered mod config for UltimateDragons in 0 ms.
MCM_ConfigBase.cpp(562): [info] Registered mod config for QuickLight in 0 ms.
MCM_ConfigBase.cpp(562): [info] Registered mod config for DEST_ISL in 0 ms.
MCM_ConfigBase.cpp(562): [info] Registered mod config for StrangeRunes in 0 ms.
MCM_ConfigBase.cpp(562): [info] Registered mod config for ValhallaCombat in 0 ms.
MCM_ConfigBase.cpp(562): [info] Registered mod config for Trade & Barter in 0 ms.
MCM_ConfigBase.cpp(562): [info] Registered mod config for Wintersun - Faiths of Skyrim in 0 ms.
MCM_ConfigBase.cpp(562): [info] Registered mod config for Sacrosanct - Vampires of Skyrim in 0 ms.
MCM_ConfigBase.cpp(562): [info] Registered mod config for DynamicCollisionAdjustment in 0 ms.
MCM_ConfigBase.cpp(562): [info] Registered mod config for TrueHUD in 1 ms.
MCM_ConfigBase.cpp(562): [info] Registered mod config for Dynamic Activation Key - MCM in 0 ms.
MCM_ConfigBase.cpp(562): [info] Registered mod config for DialogueHistory in 0 ms.
MCM_ConfigBase.cpp(562): [info] Registered mod config for BetterThirdPersonSelection in 0 ms.
MCM_ConfigBase.cpp(562): [info] Registered mod config for QuickLootEE in 0 ms.
MCM_ConfigBase.cpp(562): [info] Registered mod config for ShowPlayerInMenus in 0 ms.
MCM_ConfigBase.cpp(562): [info] Registered mod config for toggle compass hotkey in 0 ms.
MCM_ConfigBase.cpp(562): [info] Registered mod config for TimingIsEverything in 0 ms.
MCM_ConfigBase.cpp(562): [info] Registered mod config for StormLightning in 0 ms.
MCM_ConfigBase.cpp(562): [info] Registered mod config for Immersive Equipping Animations in 0 ms.
MCM_ConfigBase.cpp(562): [info] Registered mod config for EVGConditionalIdles in 0 ms.
MCM_ConfigBase.cpp(562): [info] Registered mod config for Simple Hunting Overhaul MCM Helper in 0 ms.
MCM_ConfigBase.cpp(562): [info] Registered mod config for Additional Attack By Loop in 0 ms.
MCM_ConfigBase.cpp(562): [info] Registered mod config for StopOnSlash in 0 ms.
MCM_ConfigBase.cpp(562): [info] Registered mod config for SimplestHorses in 0 ms.
MCM_ConfigBase.cpp(562): [info] Registered mod config for MCM for FWMF in 0 ms.
MCM_ConfigBase.cpp(562): [info] Registered mod config for Vigilant in 0 ms.
MCM_ConfigBase.cpp(562): [info] Registered mod config for Wyrmstooth in 0 ms.
MCM_ConfigBase.cpp(562): [info] Registered mod config for WheelsOfLull in 0 ms.
MCM_ConfigBase.cpp(562): [info] Registered mod config for Clockwork in 0 ms.
MCM_ConfigBase.cpp(562): [info] Registered mod config for SkyUI_SE in 0 ms.
MCM_ConfigBase.cpp(562): [info] Registered mod config for RAEQuestRequirements in 0 ms.
MCM_ConfigBase.cpp(562): [info] Registered mod config for UltimateDragons in 0 ms.
MCM_ConfigBase.cpp(562): [info] Registered mod config for QuickLight in 0 ms.
MCM_ConfigBase.cpp(562): [info] Registered mod config for DEST_ISL in 0 ms.
MCM_ConfigBase.cpp(562): [info] Registered mod config for StrangeRunes in 0 ms.
MCM_ConfigBase.cpp(562): [info] Registered mod config for ValhallaCombat in 0 ms.
MCM_ConfigBase.cpp(562): [info] Registered mod config for Trade & Barter in 0 ms.
MCM_ConfigBase.cpp(562): [info] Registered mod config for Wintersun - Faiths of Skyrim in 0 ms.
MCM_ConfigBase.cpp(562): [info] Registered mod config for Sacrosanct - Vampires of Skyrim in 0 ms.
MCM_ConfigBase.cpp(562): [info] Registered mod config for DynamicCollisionAdjustment in 0 ms.
MCM_ConfigBase.cpp(562): [info] Registered mod config for Dynamic Activation Key - MCM in 0 ms.
MCM_ConfigBase.cpp(562): [info] Registered mod config for TrueHUD in 0 ms.
MCM_ConfigBase.cpp(562): [info] Registered mod config for DialogueHistory in 0 ms.
MCM_ConfigBase.cpp(562): [info] Registered mod config for BetterThirdPersonSelection in 0 ms.
MCM_ConfigBase.cpp(562): [info] Registered mod config for QuickLootEE in 0 ms.
MCM_ConfigBase.cpp(562): [info] Registered mod config for ShowPlayerInMenus in 0 ms.
MCM_ConfigBase.cpp(562): [info] Registered mod config for toggle compass hotkey in 0 ms.
MCM_ConfigBase.cpp(562): [info] Registered mod config for TimingIsEverything in 0 ms.
MCM_ConfigBase.cpp(562): [info] Registered mod config for StormLightning in 0 ms.
MCM_ConfigBase.cpp(562): [info] Registered mod config for Immersive Equipping Animations in 0 ms.
MCM_ConfigBase.cpp(562): [info] Registered mod config for EVGConditionalIdles in 0 ms.
MCM_ConfigBase.cpp(562): [info] Registered mod config for Simple Hunting Overhaul MCM Helper in 0 ms.
MCM_ConfigBase.cpp(562): [info] Registered mod config for StopOnSlash in 0 ms.
MCM_ConfigBase.cpp(562): [info] Registered mod config for Additional Attack By Loop in 0 ms.
MCM_ConfigBase.cpp(562): [info] Registered mod config for SimplestHorses in 0 ms.
MCM_ConfigBase.cpp(562): [info] Registered mod config for MCM for FWMF in 0 ms.
MCM_ConfigBase.cpp(562): [info] Registered mod config for Vigilant in 0 ms.
MCM_ConfigBase.cpp(562): [info] Registered mod config for Wyrmstooth in 0 ms.
MCM_ConfigBase.cpp(562): [info] Registered mod config for WheelsOfLull in 0 ms.
MCM_ConfigBase.cpp(562): [info] Registered mod config for Clockwork in 0 ms.
MCM_ConfigBase.cpp(562): [info] Registered mod config for SkyUI_SE in 0 ms.
MCM_ConfigBase.cpp(562): [info] Registered mod config for RAEQuestRequirements in 0 ms.
MCM_ConfigBase.cpp(562): [info] Registered mod config for UltimateDragons in 0 ms.
MCM_ConfigBase.cpp(562): [info] Registered mod config for QuickLight in 0 ms.
MCM_ConfigBase.cpp(562): [info] Registered mod config for DEST_ISL in 0 ms.
MCM_ConfigBase.cpp(562): [info] Registered mod config for StrangeRunes in 0 ms.
MCM_ConfigBase.cpp(562): [info] Registered mod config for ValhallaCombat in 0 ms.
MCM_ConfigBase.cpp(562): [info] Registered mod config for Trade & Barter in 0 ms.
MCM_ConfigBase.cpp(562): [info] Registered mod config for Wintersun - Faiths of Skyrim in 0 ms.
MCM_ConfigBase.cpp(562): [info] Registered mod config for Sacrosanct - Vampires of Skyrim in 0 ms.
MCM_ConfigBase.cpp(562): [info] Registered mod config for DynamicCollisionAdjustment in 0 ms.
MCM_ConfigBase.cpp(562): [info] Registered mod config for Dynamic Activation Key - MCM in 0 ms.
MCM_ConfigBase.cpp(562): [info] Registered mod config for TrueHUD in 0 ms.
MCM_ConfigBase.cpp(562): [info] Registered mod config for DialogueHistory in 0 ms.
MCM_ConfigBase.cpp(562): [info] Registered mod config for BetterThirdPersonSelection in 0 ms.
MCM_ConfigBase.cpp(562): [info] Registered mod config for QuickLootEE in 0 ms.
MCM_ConfigBase.cpp(562): [info] Registered mod config for ShowPlayerInMenus in 0 ms.
MCM_ConfigBase.cpp(562): [info] Registered mod config for toggle compass hotkey in 0 ms.
MCM_ConfigBase.cpp(562): [info] Registered mod config for TimingIsEverything in 0 ms.
MCM_ConfigBase.cpp(562): [info] Registered mod config for StormLightning in 0 ms.
MCM_ConfigBase.cpp(562): [info] Registered mod config for Immersive Equipping Animations in 0 ms.
MCM_ConfigBase.cpp(562): [info] Registered mod config for EVGConditionalIdles in 0 ms.
MCM_ConfigBase.cpp(562): [info] Registered mod config for Simple Hunting Overhaul MCM Helper in 0 ms.
MCM_ConfigBase.cpp(562): [info] Registered mod config for StopOnSlash in 0 ms.
MCM_ConfigBase.cpp(562): [info] Registered mod config for Additional Attack By Loop in 0 ms.
MCM_ConfigBase.cpp(562): [info] Registered mod config for SimplestHorses in 0 ms.
MCM_ConfigBase.cpp(562): [info] Registered mod config for MCM for FWMF in 0 ms.
MCM_ConfigBase.cpp(562): [info] Registered mod config for Vigilant in 0 ms.
MCM_ConfigBase.cpp(562): [info] Registered mod config for Wyrmstooth in 0 ms.
MCM_ConfigBase.cpp(562): [info] Registered mod config for WheelsOfLull in 0 ms.
MCM_ConfigBase.cpp(562): [info] Registered mod config for Clockwork in 0 ms.
MCM_ConfigBase.cpp(562): [info] Registered mod config for SkyUI_SE in 0 ms.
MCM_ConfigBase.cpp(562): [info] Registered mod config for RAEQuestRequirements in 0 ms.
MCM_ConfigBase.cpp(562): [info] Registered mod config for UltimateDragons in 0 ms.
MCM_ConfigBase.cpp(562): [info] Registered mod config for QuickLight in 0 ms.
MCM_ConfigBase.cpp(562): [info] Registered mod config for DEST_ISL in 0 ms.
MCM_ConfigBase.cpp(562): [info] Registered mod config for StrangeRunes in 0 ms.
MCM_ConfigBase.cpp(562): [info] Registered mod config for ValhallaCombat in 0 ms.
MCM_ConfigBase.cpp(562): [info] Registered mod config for Trade & Barter in 0 ms.
MCM_ConfigBase.cpp(562): [info] Registered mod config for Wintersun - Faiths of Skyrim in 0 ms.
MCM_ConfigBase.cpp(562): [info] Registered mod config for Sacrosanct - Vampires of Skyrim in 0 ms.
MCM_ConfigBase.cpp(562): [info] Registered mod config for DynamicCollisionAdjustment in 1 ms.
MCM_ConfigBase.cpp(562): [info] Registered mod config for TrueHUD in 0 ms.
MCM_ConfigBase.cpp(562): [info] Registered mod config for Dynamic Activation Key - MCM in 0 ms.
MCM_ConfigBase.cpp(562): [info] Registered mod config for DialogueHistory in 0 ms.
MCM_ConfigBase.cpp(562): [info] Registered mod config for BetterThirdPersonSelection in 0 ms.
MCM_ConfigBase.cpp(562): [info] Registered mod config for QuickLootEE in 0 ms.
MCM_ConfigBase.cpp(562): [info] Registered mod config for ShowPlayerInMenus in 0 ms.
MCM_ConfigBase.cpp(562): [info] Registered mod config for toggle compass hotkey in 0 ms.
MCM_ConfigBase.cpp(562): [info] Registered mod config for TimingIsEverything in 0 ms.
MCM_ConfigBase.cpp(562): [info] Registered mod config for StormLightning in 0 ms.
MCM_ConfigBase.cpp(562): [info] Registered mod config for Immersive Equipping Animations in 0 ms.
MCM_ConfigBase.cpp(562): [info] Registered mod config for EVGConditionalIdles in 0 ms.
MCM_ConfigBase.cpp(562): [info] Registered mod config for Simple Hunting Overhaul MCM Helper in 0 ms.
MCM_ConfigBase.cpp(562): [info] Registered mod config for StopOnSlash in 0 ms.
MCM_ConfigBase.cpp(562): [info] Registered mod config for Additional Attack By Loop in 0 ms.
MCM_ConfigBase.cpp(562): [info] Registered mod config for SimplestHorses in 0 ms.
MCM_ConfigBase.cpp(562): [info] Registered mod config for MCM for FWMF in 0 ms.
MCM_ConfigBase.cpp(562): [info] Registered mod config for Vigilant in 0 ms.
MCM_ConfigBase.cpp(562): [info] Registered mod config for Wyrmstooth in 0 ms.
MCM_ConfigBase.cpp(562): [info] Registered mod config for WheelsOfLull in 0 ms.
MCM_ConfigBase.cpp(562): [info] Registered mod config for Clockwork in 0 ms.
MCM_ConfigBase.cpp(562): [info] Registered mod config for SkyUI_SE in 0 ms.
MCM_ConfigBase.cpp(562): [info] Registered mod config for RAEQuestRequirements in 0 ms.
MCM_ConfigBase.cpp(562): [info] Registered mod config for UltimateDragons in 0 ms.
MCM_ConfigBase.cpp(562): [info] Registered mod config for QuickLight in 0 ms.
MCM_ConfigBase.cpp(562): [info] Registered mod config for DEST_ISL in 0 ms.
MCM_ConfigBase.cpp(562): [info] Registered mod config for StrangeRunes in 0 ms.
MCM_ConfigBase.cpp(562): [info] Registered mod config for ValhallaCombat in 0 ms.
MCM_ConfigBase.cpp(562): [info] Registered mod config for Trade & Barter in 0 ms.
MCM_ConfigBase.cpp(562): [info] Registered mod config for Wintersun - Faiths of Skyrim in 0 ms.
MCM_ConfigBase.cpp(562): [info] Registered mod config for Sacrosanct - Vampires of Skyrim in 0 ms.
MCM_ConfigBase.cpp(562): [info] Registered mod config for DynamicCollisionAdjustment in 0 ms.
MCM_ConfigBase.cpp(562): [info] Registered mod config for TrueHUD in 0 ms.
MCM_ConfigBase.cpp(562): [info] Registered mod config for Dynamic Activation Key - MCM in 0 ms.
MCM_ConfigBase.cpp(562): [info] Registered mod config for DialogueHistory in 0 ms.
MCM_ConfigBase.cpp(562): [info] Registered mod config for BetterThirdPersonSelection in 0 ms.
MCM_ConfigBase.cpp(562): [info] Registered mod config for QuickLootEE in 0 ms.
MCM_ConfigBase.cpp(562): [info] Registered mod config for ShowPlayerInMenus in 0 ms.
MCM_ConfigBase.cpp(562): [info] Registered mod config for toggle compass hotkey in 0 ms.
MCM_ConfigBase.cpp(562): [info] Registered mod config for TimingIsEverything in 0 ms.
MCM_ConfigBase.cpp(562): [info] Registered mod config for StormLightning in 0 ms.
MCM_ConfigBase.cpp(562): [info] Registered mod config for Immersive Equipping Animations in 0 ms.
MCM_ConfigBase.cpp(562): [info] Registered mod config for EVGConditionalIdles in 0 ms.
MCM_ConfigBase.cpp(562): [info] Registered mod config for Simple Hunting Overhaul MCM Helper in 0 ms.
MCM_ConfigBase.cpp(562): [info] Registered mod config for StopOnSlash in 0 ms.
MCM_ConfigBase.cpp(562): [info] Registered mod config for Additional Attack By Loop in 0 ms.
MCM_ConfigBase.cpp(562): [info] Registered mod config for SimplestHorses in 0 ms.
MCM_ConfigBase.cpp(562): [info] Registered mod config for MCM for FWMF in 0 ms.
MCM_ConfigBase.cpp(562): [info] Registered mod config for Vigilant in 0 ms.
MCM_ConfigBase.cpp(562): [info] Registered mod config for WheelsOfLull in 0 ms.
MCM_ConfigBase.cpp(562): [info] Registered mod config for Wyrmstooth in 0 ms.
MCM_ConfigBase.cpp(562): [info] Registered mod config for Clockwork in 0 ms.
MCM_ConfigBase.cpp(562): [info] Registered mod config for SkyUI_SE in 0 ms.
MCM_ConfigBase.cpp(562): [info] Registered mod config for RAEQuestRequirements in 0 ms.
MCM_ConfigBase.cpp(562): [info] Registered mod config for UltimateDragons in 0 ms.
MCM_ConfigBase.cpp(562): [info] Registered mod config for QuickLight in 0 ms.
MCM_ConfigBase.cpp(562): [info] Registered mod config for DEST_ISL in 0 ms.
MCM_ConfigBase.cpp(562): [info] Registered mod config for StrangeRunes in 0 ms.
MCM_ConfigBase.cpp(562): [info] Registered mod config for ValhallaCombat in 0 ms.
MCM_ConfigBase.cpp(562): [info] Registered mod config for Trade & Barter in 0 ms.
MCM_ConfigBase.cpp(562): [info] Registered mod config for Sacrosanct - Vampires of Skyrim in 0 ms.
MCM_ConfigBase.cpp(562): [info] Registered mod config for Wintersun - Faiths of Skyrim in 0 ms.
MCM_ConfigBase.cpp(562): [info] Registered mod config for DynamicCollisionAdjustment in 0 ms.
MCM_ConfigBase.cpp(562): [info] Registered mod config for Dynamic Activation Key - MCM in 0 ms.
MCM_ConfigBase.cpp(562): [info] Registered mod config for TrueHUD in 1 ms.
MCM_ConfigBase.cpp(562): [info] Registered mod config for DialogueHistory in 0 ms.
MCM_ConfigBase.cpp(562): [info] Registered mod config for BetterThirdPersonSelection in 0 ms.
MCM_ConfigBase.cpp(562): [info] Registered mod config for QuickLootEE in 0 ms.
MCM_ConfigBase.cpp(562): [info] Registered mod config for toggle compass hotkey in 0 ms.
MCM_ConfigBase.cpp(562): [info] Registered mod config for ShowPlayerInMenus in 0 ms.
MCM_ConfigBase.cpp(562): [info] Registered mod config for TimingIsEverything in 0 ms.
MCM_ConfigBase.cpp(562): [info] Registered mod config for StormLightning in 0 ms.
MCM_ConfigBase.cpp(562): [info] Registered mod config for Immersive Equipping Animations in 0 ms.
MCM_ConfigBase.cpp(562): [info] Registered mod config for EVGConditionalIdles in 0 ms.
MCM_ConfigBase.cpp(562): [info] Registered mod config for Simple Hunting Overhaul MCM Helper in 0 ms.
MCM_ConfigBase.cpp(562): [info] Registered mod config for StopOnSlash in 0 ms.
MCM_ConfigBase.cpp(562): [info] Registered mod config for Additional Attack By Loop in 0 ms.
MCM_ConfigBase.cpp(562): [info] Registered mod config for SimplestHorses in 0 ms.
MCM_ConfigBase.cpp(562): [info] Registered mod config for MCM for FWMF in 0 ms.
MCM_ConfigBase.cpp(562): [info] Registered mod config for Vigilant in 0 ms.
MCM_ConfigBase.cpp(562): [info] Registered mod config for WheelsOfLull in 0 ms.
MCM_ConfigBase.cpp(562): [info] Registered mod config for Wyrmstooth in 0 ms.
MCM_ConfigBase.cpp(562): [info] Registered mod config for Clockwork in 0 ms.
MCM_ConfigBase.cpp(562): [info] Registered mod config for SkyUI_SE in 0 ms.
MCM_ConfigBase.cpp(562): [info] Registered mod config for RAEQuestRequirements in 0 ms.
MCM_ConfigBase.cpp(562): [info] Registered mod config for UltimateDragons in 0 ms.
MCM_ConfigBase.cpp(562): [info] Registered mod config for QuickLight in 0 ms.
MCM_ConfigBase.cpp(562): [info] Registered mod config for DEST_ISL in 0 ms.
MCM_ConfigBase.cpp(562): [info] Registered mod config for StrangeRunes in 0 ms.
MCM_ConfigBase.cpp(562): [info] Registered mod config for ValhallaCombat in 1 ms.
MCM_ConfigBase.cpp(562): [info] Registered mod config for Trade & Barter in 0 ms.
MCM_ConfigBase.cpp(562): [info] Registered mod config for Sacrosanct - Vampires of Skyrim in 0 ms.
MCM_ConfigBase.cpp(562): [info] Registered mod config for Wintersun - Faiths of Skyrim in 0 ms.
MCM_ConfigBase.cpp(562): [info] Registered mod config for DynamicCollisionAdjustment in 0 ms.
MCM_ConfigBase.cpp(562): [info] Registered mod config for Dynamic Activation Key - MCM in 0 ms.
MCM_ConfigBase.cpp(562): [info] Registered mod config for TrueHUD in 0 ms.
MCM_ConfigBase.cpp(562): [info] Registered mod config for DialogueHistory in 0 ms.
MCM_ConfigBase.cpp(562): [info] Registered mod config for BetterThirdPersonSelection in 0 ms.
MCM_ConfigBase.cpp(562): [info] Registered mod config for QuickLootEE in 0 ms.
MCM_ConfigBase.cpp(562): [info] Registered mod config for toggle compass hotkey in 0 ms.
MCM_ConfigBase.cpp(562): [info] Registered mod config for ShowPlayerInMenus in 0 ms.
MCM_ConfigBase.cpp(562): [info] Registered mod config for TimingIsEverything in 0 ms.
MCM_ConfigBase.cpp(562): [info] Registered mod config for StormLightning in 0 ms.
MCM_ConfigBase.cpp(562): [info] Registered mod config for Immersive Equipping Animations in 0 ms.
MCM_ConfigBase.cpp(562): [info] Registered mod config for EVGConditionalIdles in 0 ms.
MCM_ConfigBase.cpp(562): [info] Registered mod config for Simple Hunting Overhaul MCM Helper in 0 ms.
MCM_ConfigBase.cpp(562): [info] Registered mod config for StopOnSlash in 0 ms.
MCM_ConfigBase.cpp(562): [info] Registered mod config for Additional Attack By Loop in 0 ms.
MCM_ConfigBase.cpp(562): [info] Registered mod config for SimplestHorses in 0 ms.
MCM_ConfigBase.cpp(562): [info] Registered mod config for MCM for FWMF in 0 ms.
MCM_ConfigBase.cpp(562): [info] Registered mod config for Vigilant in 0 ms.
MCM_ConfigBase.cpp(562): [info] Registered mod config for Wyrmstooth in 0 ms.
MCM_ConfigBase.cpp(562): [info] Registered mod config for Clockwork in 0 ms.
MCM_ConfigBase.cpp(562): [info] Registered mod config for SkyUI_SE in 0 ms.
MCM_ConfigBase.cpp(562): [info] Registered mod config for WheelsOfLull in 0 ms.
MCM_ConfigBase.cpp(562): [info] Registered mod config for RAEQuestRequirements in 0 ms.
MCM_ConfigBase.cpp(562): [info] Registered mod config for UltimateDragons in 0 ms.
MCM_ConfigBase.cpp(562): [info] Registered mod config for QuickLight in 0 ms.
MCM_ConfigBase.cpp(562): [info] Registered mod config for DEST_ISL in 0 ms.
MCM_ConfigBase.cpp(562): [info] Registered mod config for StrangeRunes in 0 ms.
MCM_ConfigBase.cpp(562): [info] Registered mod config for ValhallaCombat in 0 ms.
MCM_ConfigBase.cpp(562): [info] Registered mod config for Wintersun - Faiths of Skyrim in 0 ms.
MCM_ConfigBase.cpp(562): [info] Registered mod config for Trade & Barter in 0 ms.
MCM_ConfigBase.cpp(562): [info] Registered mod config for Sacrosanct - Vampires of Skyrim in 0 ms.
MCM_ConfigBase.cpp(562): [info] Registered mod config for DynamicCollisionAdjustment in 0 ms.
MCM_ConfigBase.cpp(562): [info] Registered mod config for TrueHUD in 1 ms.
MCM_ConfigBase.cpp(562): [info] Registered mod config for Dynamic Activation Key - MCM in 0 ms.
MCM_ConfigBase.cpp(562): [info] Registered mod config for DialogueHistory in 0 ms.
MCM_ConfigBase.cpp(562): [info] Registered mod config for BetterThirdPersonSelection in 0 ms.
MCM_ConfigBase.cpp(562): [info] Registered mod config for QuickLootEE in 0 ms.
MCM_ConfigBase.cpp(562): [info] Registered mod config for ShowPlayerInMenus in 0 ms.
MCM_ConfigBase.cpp(562): [info] Registered mod config for toggle compass hotkey in 0 ms.
MCM_ConfigBase.cpp(562): [info] Registered mod config for TimingIsEverything in 0 ms.
MCM_ConfigBase.cpp(562): [info] Registered mod config for StormLightning in 0 ms.
MCM_ConfigBase.cpp(562): [info] Registered mod config for Immersive Equipping Animations in 0 ms.
MCM_ConfigBase.cpp(562): [info] Registered mod config for EVGConditionalIdles in 0 ms.
MCM_ConfigBase.cpp(562): [info] Registered mod config for Simple Hunting Overhaul MCM Helper in 0 ms.
MCM_ConfigBase.cpp(562): [info] Registered mod config for StopOnSlash in 0 ms.
MCM_ConfigBase.cpp(562): [info] Registered mod config for Additional Attack By Loop in 0 ms.
MCM_ConfigBase.cpp(562): [info] Registered mod config for SimplestHorses in 0 ms.
MCM_ConfigBase.cpp(562): [info] Registered mod config for MCM for FWMF in 0 ms.
MCM_ConfigBase.cpp(562): [info] Registered mod config for Vigilant in 0 ms.
MCM_ConfigBase.cpp(562): [info] Registered mod config for Wyrmstooth in 0 ms.
MCM_ConfigBase.cpp(562): [info] Registered mod config for Clockwork in 0 ms.
MCM_ConfigBase.cpp(562): [info] Registered mod config for SkyUI_SE in 0 ms.
MCM_ConfigBase.cpp(562): [info] Registered mod config for WheelsOfLull in 0 ms.
MCM_ConfigBase.cpp(562): [info] Registered mod config for RAEQuestRequirements in 0 ms.
MCM_ConfigBase.cpp(562): [info] Registered mod config for UltimateDragons in 0 ms.
MCM_ConfigBase.cpp(562): [info] Registered mod config for QuickLight in 0 ms.
MCM_ConfigBase.cpp(562): [info] Registered mod config for DEST_ISL in 0 ms.
MCM_ConfigBase.cpp(562): [info] Registered mod config for StrangeRunes in 0 ms.
MCM_ConfigBase.cpp(562): [info] Registered mod config for ValhallaCombat in 0 ms.
MCM_ConfigBase.cpp(562): [info] Registered mod config for Wintersun - Faiths of Skyrim in 0 ms.
MCM_ConfigBase.cpp(562): [info] Registered mod config for Trade & Barter in 0 ms.
MCM_ConfigBase.cpp(562): [info] Registered mod config for Sacrosanct - Vampires of Skyrim in 0 ms.
MCM_ConfigBase.cpp(562): [info] Registered mod config for DynamicCollisionAdjustment in 0 ms.
MCM_ConfigBase.cpp(562): [info] Registered mod config for TrueHUD in 0 ms.
MCM_ConfigBase.cpp(562): [info] Registered mod config for Dynamic Activation Key - MCM in 0 ms.
MCM_ConfigBase.cpp(562): [info] Registered mod config for DialogueHistory in 0 ms.
MCM_ConfigBase.cpp(562): [info] Registered mod config for BetterThirdPersonSelection in 0 ms.
MCM_ConfigBase.cpp(562): [info] Registered mod config for QuickLootEE in 0 ms.
MCM_ConfigBase.cpp(562): [info] Registered mod config for ShowPlayerInMenus in 0 ms.
MCM_ConfigBase.cpp(562): [info] Registered mod config for toggle compass hotkey in 0 ms.
MCM_ConfigBase.cpp(562): [info] Registered mod config for TimingIsEverything in 0 ms.
MCM_ConfigBase.cpp(562): [info] Registered mod config for StormLightning in 0 ms.
MCM_ConfigBase.cpp(562): [info] Registered mod config for Immersive Equipping Animations in 0 ms.
MCM_ConfigBase.cpp(562): [info] Registered mod config for EVGConditionalIdles in 0 ms.
MCM_ConfigBase.cpp(562): [info] Registered mod config for Simple Hunting Overhaul MCM Helper in 0 ms.
MCM_ConfigBase.cpp(562): [info] Registered mod config for StopOnSlash in 0 ms.
MCM_ConfigBase.cpp(562): [info] Registered mod config for Additional Attack By Loop in 0 ms.
MCM_ConfigBase.cpp(562): [info] Registered mod config for SimplestHorses in 0 ms.
MCM_ConfigBase.cpp(562): [info] Registered mod config for MCM for FWMF in 0 ms.
MCM_ConfigBase.cpp(562): [info] Registered mod config for Vigilant in 0 ms.
MCM_ConfigBase.cpp(562): [info] Registered mod config for WheelsOfLull in 0 ms.
MCM_ConfigBase.cpp(562): [info] Registered mod config for Wyrmstooth in 0 ms.
MCM_ConfigBase.cpp(562): [info] Registered mod config for SkyUI_SE in 0 ms.
MCM_ConfigBase.cpp(562): [info] Registered mod config for Clockwork in 0 ms.
MCM_ConfigBase.cpp(562): [info] Registered mod config for RAEQuestRequirements in 0 ms.
MCM_ConfigBase.cpp(562): [info] Registered mod config for UltimateDragons in 0 ms.
MCM_ConfigBase.cpp(562): [info] Registered mod config for QuickLight in 0 ms.
MCM_ConfigBase.cpp(562): [info] Registered mod config for DEST_ISL in 0 ms.
MCM_ConfigBase.cpp(562): [info] Registered mod config for StrangeRunes in 0 ms.
MCM_ConfigBase.cpp(562): [info] Registered mod config for ValhallaCombat in 0 ms.
MCM_ConfigBase.cpp(562): [info] Registered mod config for Trade & Barter in 0 ms.
MCM_ConfigBase.cpp(562): [info] Registered mod config for Wintersun - Faiths of Skyrim in 0 ms.
MCM_ConfigBase.cpp(562): [info] Registered mod config for Sacrosanct - Vampires of Skyrim in 0 ms.
MCM_ConfigBase.cpp(562): [info] Registered mod config for DynamicCollisionAdjustment in 0 ms.
MCM_ConfigBase.cpp(562): [info] Registered mod config for Dynamic Activation Key - MCM in 0 ms.
MCM_ConfigBase.cpp(562): [info] Registered mod config for TrueHUD in 0 ms.
MCM_ConfigBase.cpp(562): [info] Registered mod config for DialogueHistory in 0 ms.
MCM_ConfigBase.cpp(562): [info] Registered mod config for BetterThirdPersonSelection in 0 ms.
MCM_ConfigBase.cpp(562): [info] Registered mod config for QuickLootEE in 0 ms.
MCM_ConfigBase.cpp(562): [info] Registered mod config for ShowPlayerInMenus in 0 ms.
MCM_ConfigBase.cpp(562): [info] Registered mod config for toggle compass hotkey in 0 ms.
MCM_ConfigBase.cpp(562): [info] Registered mod config for TimingIsEverything in 0 ms.
MCM_ConfigBase.cpp(562): [info] Registered mod config for StormLightning in 0 ms.
MCM_ConfigBase.cpp(562): [info] Registered mod config for Immersive Equipping Animations in 0 ms.
MCM_ConfigBase.cpp(562): [info] Registered mod config for EVGConditionalIdles in 0 ms.
MCM_ConfigBase.cpp(562): [info] Registered mod config for Simple Hunting Overhaul MCM Helper in 0 ms.
MCM_ConfigBase.cpp(562): [info] Registered mod config for StopOnSlash in 0 ms.
MCM_ConfigBase.cpp(562): [info] Registered mod config for Additional Attack By Loop in 0 ms.
MCM_ConfigBase.cpp(562): [info] Registered mod config for SimplestHorses in 0 ms.
MCM_ConfigBase.cpp(562): [info] Registered mod config for MCM for FWMF in 0 ms.
MCM_ConfigBase.cpp(562): [info] Registered mod config for Vigilant in 0 ms.
MCM_ConfigBase.cpp(562): [info] Registered mod config for WheelsOfLull in 0 ms.
MCM_ConfigBase.cpp(562): [info] Registered mod config for Wyrmstooth in 0 ms.
MCM_ConfigBase.cpp(562): [info] Registered mod config for SkyUI_SE in 0 ms.
MCM_ConfigBase.cpp(562): [info] Registered mod config for Clockwork in 0 ms.
MCM_ConfigBase.cpp(562): [info] Registered mod config for RAEQuestRequirements in 0 ms.
MCM_ConfigBase.cpp(562): [info] Registered mod config for UltimateDragons in 0 ms.
MCM_ConfigBase.cpp(562): [info] Registered mod config for QuickLight in 0 ms.
MCM_ConfigBase.cpp(562): [info] Registered mod config for DEST_ISL in 0 ms.
MCM_ConfigBase.cpp(562): [info] Registered mod config for StrangeRunes in 0 ms.
MCM_ConfigBase.cpp(562): [info] Registered mod config for ValhallaCombat in 0 ms.
MCM_ConfigBase.cpp(562): [info] Registered mod config for Trade & Barter in 0 ms.
MCM_ConfigBase.cpp(562): [info] Registered mod config for Wintersun - Faiths of Skyrim in 0 ms.
MCM_ConfigBase.cpp(562): [info] Registered mod config for Sacrosanct - Vampires of Skyrim in 0 ms.
MCM_ConfigBase.cpp(562): [info] Registered mod config for DynamicCollisionAdjustment in 0 ms.
MCM_ConfigBase.cpp(562): [info] Registered mod config for Dynamic Activation Key - MCM in 0 ms.
MCM_ConfigBase.cpp(562): [info] Registered mod config for TrueHUD in 1 ms.
MCM_ConfigBase.cpp(562): [info] Registered mod config for DialogueHistory in 0 ms.
MCM_ConfigBase.cpp(562): [info] Registered mod config for BetterThirdPersonSelection in 0 ms.
MCM_ConfigBase.cpp(562): [info] Registered mod config for QuickLootEE in 0 ms.
MCM_ConfigBase.cpp(562): [info] Registered mod config for ShowPlayerInMenus in 0 ms.
MCM_ConfigBase.cpp(562): [info] Registered mod config for toggle compass hotkey in 0 ms.
MCM_ConfigBase.cpp(562): [info] Registered mod config for TimingIsEverything in 0 ms.
MCM_ConfigBase.cpp(562): [info] Registered mod config for StormLightning in 0 ms.
MCM_ConfigBase.cpp(562): [info] Registered mod config for Immersive Equipping Animations in 0 ms.
MCM_ConfigBase.cpp(562): [info] Registered mod config for EVGConditionalIdles in 0 ms.
MCM_ConfigBase.cpp(562): [info] Registered mod config for Simple Hunting Overhaul MCM Helper in 0 ms.
MCM_ConfigBase.cpp(562): [info] Registered mod config for StopOnSlash in 0 ms.
MCM_ConfigBase.cpp(562): [info] Registered mod config for Additional Attack By Loop in 0 ms.
MCM_ConfigBase.cpp(562): [info] Registered mod config for SimplestHorses in 0 ms.
MCM_ConfigBase.cpp(562): [info] Registered mod config for MCM for FWMF in 0 ms.
MCM_ConfigBase.cpp(562): [info] Registered mod config for Vigilant in 0 ms.
MCM_ConfigBase.cpp(562): [info] Registered mod config for Wyrmstooth in 0 ms.
MCM_ConfigBase.cpp(562): [info] Registered mod config for Clockwork in 0 ms.
MCM_ConfigBase.cpp(562): [info] Registered mod config for WheelsOfLull in 0 ms.
MCM_ConfigBase.cpp(562): [info] Registered mod config for SkyUI_SE in 0 ms.
MCM_ConfigBase.cpp(562): [info] Registered mod config for RAEQuestRequirements in 0 ms.
MCM_ConfigBase.cpp(562): [info] Registered mod config for UltimateDragons in 0 ms.
MCM_ConfigBase.cpp(562): [info] Registered mod config for QuickLight in 0 ms.
MCM_ConfigBase.cpp(562): [info] Registered mod config for DEST_ISL in 0 ms.
MCM_ConfigBase.cpp(562): [info] Registered mod config for StrangeRunes in 0 ms.
MCM_ConfigBase.cpp(562): [info] Registered mod config for ValhallaCombat in 0 ms.
MCM_ConfigBase.cpp(562): [info] Registered mod config for Trade & Barter in 0 ms.
MCM_ConfigBase.cpp(562): [info] Registered mod config for Wintersun - Faiths of Skyrim in 0 ms.
MCM_ConfigBase.cpp(562): [info] Registered mod config for Sacrosanct - Vampires of Skyrim in 0 ms.
MCM_ConfigBase.cpp(562): [info] Registered mod config for DynamicCollisionAdjustment in 0 ms.
MCM_ConfigBase.cpp(562): [info] Registered mod config for TrueHUD in 0 ms.
MCM_ConfigBase.cpp(562): [info] Registered mod config for Dynamic Activation Key - MCM in 0 ms.
MCM_ConfigBase.cpp(562): [info] Registered mod config for DialogueHistory in 0 ms.
MCM_ConfigBase.cpp(562): [info] Registered mod config for BetterThirdPersonSelection in 0 ms.
MCM_ConfigBase.cpp(562): [info] Registered mod config for QuickLootEE in 0 ms.
MCM_ConfigBase.cpp(562): [info] Registered mod config for ShowPlayerInMenus in 0 ms.
MCM_ConfigBase.cpp(562): [info] Registered mod config for toggle compass hotkey in 0 ms.
MCM_ConfigBase.cpp(562): [info] Registered mod config for TimingIsEverything in 0 ms.
MCM_ConfigBase.cpp(562): [info] Registered mod config for StormLightning in 0 ms.
MCM_ConfigBase.cpp(562): [info] Registered mod config for Immersive Equipping Animations in 0 ms.
MCM_ConfigBase.cpp(562): [info] Registered mod config for EVGConditionalIdles in 0 ms.
MCM_ConfigBase.cpp(562): [info] Registered mod config for Simple Hunting Overhaul MCM Helper in 0 ms.
MCM_ConfigBase.cpp(562): [info] Registered mod config for StopOnSlash in 0 ms.
MCM_ConfigBase.cpp(562): [info] Registered mod config for Additional Attack By Loop in 0 ms.
MCM_ConfigBase.cpp(562): [info] Registered mod config for SimplestHorses in 0 ms.
MCM_ConfigBase.cpp(562): [info] Registered mod config for MCM for FWMF in 0 ms.
MCM_ConfigBase.cpp(562): [info] Registered mod config for Vigilant in 0 ms.
MCM_ConfigBase.cpp(562): [info] Registered mod config for Wyrmstooth in 0 ms.
MCM_ConfigBase.cpp(562): [info] Registered mod config for Clockwork in 0 ms.
MCM_ConfigBase.cpp(562): [info] Registered mod config for WheelsOfLull in 0 ms.
MCM_ConfigBase.cpp(562): [info] Registered mod config for SkyUI_SE in 0 ms.
MCM_ConfigBase.cpp(562): [info] Registered mod config for RAEQuestRequirements in 0 ms.
MCM_ConfigBase.cpp(562): [info] Registered mod config for UltimateDragons in 0 ms.
MCM_ConfigBase.cpp(562): [info] Registered mod config for QuickLight in 0 ms.
MCM_ConfigBase.cpp(562): [info] Registered mod config for DEST_ISL in 0 ms.
MCM_ConfigBase.cpp(562): [info] Registered mod config for StrangeRunes in 0 ms.
MCM_ConfigBase.cpp(562): [info] Registered mod config for ValhallaCombat in 0 ms.
MCM_ConfigBase.cpp(562): [info] Registered mod config for Trade & Barter in 0 ms.
MCM_ConfigBase.cpp(562): [info] Registered mod config for Wintersun - Faiths of Skyrim in 0 ms.
MCM_ConfigBase.cpp(562): [info] Registered mod config for Sacrosanct - Vampires of Skyrim in 0 ms.
MCM_ConfigBase.cpp(562): [info] Registered mod config for DynamicCollisionAdjustment in 0 ms.
MCM_ConfigBase.cpp(562): [info] Registered mod config for TrueHUD in 0 ms.
MCM_ConfigBase.cpp(562): [info] Registered mod config for Dynamic Activation Key - MCM in 0 ms.
MCM_ConfigBase.cpp(562): [info] Registered mod config for DialogueHistory in 0 ms.
MCM_ConfigBase.cpp(562): [info] Registered mod config for BetterThirdPersonSelection in 0 ms.
MCM_ConfigBase.cpp(562): [info] Registered mod config for QuickLootEE in 0 ms.
MCM_ConfigBase.cpp(562): [info] Registered mod config for ShowPlayerInMenus in 0 ms.
MCM_ConfigBase.cpp(562): [info] Registered mod config for toggle compass hotkey in 0 ms.
MCM_ConfigBase.cpp(562): [info] Registered mod config for TimingIsEverything in 0 ms.
MCM_ConfigBase.cpp(562): [info] Registered mod config for StormLightning in 0 ms.
MCM_ConfigBase.cpp(562): [info] Registered mod config for Immersive Equipping Animations in 0 ms.
MCM_ConfigBase.cpp(562): [info] Registered mod config for EVGConditionalIdles in 0 ms.
MCM_ConfigBase.cpp(562): [info] Registered mod config for Simple Hunting Overhaul MCM Helper in 0 ms.
MCM_ConfigBase.cpp(562): [info] Registered mod config for StopOnSlash in 0 ms.
MCM_ConfigBase.cpp(562): [info] Registered mod config for Additional Attack By Loop in 0 ms.
MCM_ConfigBase.cpp(562): [info] Registered mod config for SimplestHorses in 0 ms.
MCM_ConfigBase.cpp(562): [info] Registered mod config for MCM for FWMF in 0 ms.
MCM_ConfigBase.cpp(562): [info] Registered mod config for Vigilant in 0 ms.
MCM_ConfigBase.cpp(562): [info] Registered mod config for Wyrmstooth in 0 ms.
MCM_ConfigBase.cpp(562): [info] Registered mod config for WheelsOfLull in 0 ms.
MCM_ConfigBase.cpp(562): [info] Registered mod config for Clockwork in 0 ms.
MCM_ConfigBase.cpp(562): [info] Registered mod config for SkyUI_SE in 0 ms.
MCM_ConfigBase.cpp(562): [info] Registered mod config for RAEQuestRequirements in 0 ms.
MCM_ConfigBase.cpp(562): [info] Registered mod config for UltimateDragons in 0 ms.
MCM_ConfigBase.cpp(562): [info] Registered mod config for QuickLight in 0 ms.
MCM_ConfigBase.cpp(562): [info] Registered mod config for DEST_ISL in 0 ms.
MCM_ConfigBase.cpp(562): [info] Registered mod config for StrangeRunes in 0 ms.
MCM_ConfigBase.cpp(562): [info] Registered mod config for ValhallaCombat in 0 ms.
MCM_ConfigBase.cpp(562): [info] Registered mod config for Trade & Barter in 0 ms.
MCM_ConfigBase.cpp(562): [info] Registered mod config for Wintersun - Faiths of Skyrim in 0 ms.
MCM_ConfigBase.cpp(562): [info] Registered mod config for Sacrosanct - Vampires of Skyrim in 0 ms.
MCM_ConfigBase.cpp(562): [info] Registered mod config for DynamicCollisionAdjustment in 0 ms.
MCM_ConfigBase.cpp(562): [info] Registered mod config for TrueHUD in 1 ms.
MCM_ConfigBase.cpp(562): [info] Registered mod config for Dynamic Activation Key - MCM in 0 ms.
MCM_ConfigBase.cpp(562): [info] Registered mod config for DialogueHistory in 0 ms.
MCM_ConfigBase.cpp(562): [info] Registered mod config for BetterThirdPersonSelection in 0 ms.
MCM_ConfigBase.cpp(562): [info] Registered mod config for QuickLootEE in 0 ms.
MCM_ConfigBase.cpp(562): [info] Registered mod config for ShowPlayerInMenus in 0 ms.
MCM_ConfigBase.cpp(562): [info] Registered mod config for toggle compass hotkey in 0 ms.
MCM_ConfigBase.cpp(562): [info] Registered mod config for TimingIsEverything in 0 ms.
MCM_ConfigBase.cpp(562): [info] Registered mod config for StormLightning in 0 ms.
MCM_ConfigBase.cpp(562): [info] Registered mod config for Immersive Equipping Animations in 0 ms.
MCM_ConfigBase.cpp(562): [info] Registered mod config for EVGConditionalIdles in 0 ms.
MCM_ConfigBase.cpp(562): [info] Registered mod config for Simple Hunting Overhaul MCM Helper in 0 ms.
MCM_ConfigBase.cpp(562): [info] Registered mod config for StopOnSlash in 0 ms.
MCM_ConfigBase.cpp(562): [info] Registered mod config for Additional Attack By Loop in 0 ms.
MCM_ConfigBase.cpp(562): [info] Registered mod config for SimplestHorses in 0 ms.
MCM_ConfigBase.cpp(562): [info] Registered mod config for MCM for FWMF in 0 ms.
MCM_ConfigBase.cpp(562): [info] Registered mod config for Vigilant in 0 ms.
MCM_ConfigBase.cpp(562): [info] Registered mod config for Wyrmstooth in 0 ms.
MCM_ConfigBase.cpp(562): [info] Registered mod config for WheelsOfLull in 0 ms.
MCM_ConfigBase.cpp(562): [info] Registered mod config for Clockwork in 0 ms.
MCM_ConfigBase.cpp(562): [info] Registered mod config for SkyUI_SE in 0 ms.
MCM_ConfigBase.cpp(562): [info] Registered mod config for RAEQuestRequirements in 0 ms.
MCM_ConfigBase.cpp(562): [info] Registered mod config for UltimateDragons in 0 ms.
MCM_ConfigBase.cpp(562): [info] Registered mod config for QuickLight in 0 ms.
MCM_ConfigBase.cpp(562): [info] Registered mod config for DEST_ISL in 0 ms.
MCM_ConfigBase.cpp(562): [info] Registered mod config for StrangeRunes in 0 ms.
MCM_ConfigBase.cpp(562): [info] Registered mod config for ValhallaCombat in 0 ms.
MCM_ConfigBase.cpp(562): [info] Registered mod config for Trade & Barter in 0 ms.
MCM_ConfigBase.cpp(562): [info] Registered mod config for Wintersun - Faiths of Skyrim in 0 ms.
MCM_ConfigBase.cpp(562): [info] Registered mod config for Sacrosanct - Vampires of Skyrim in 0 ms.
MCM_ConfigBase.cpp(562): [info] Registered mod config for DynamicCollisionAdjustment in 0 ms.
MCM_ConfigBase.cpp(562): [info] Registered mod config for TrueHUD in 1 ms.
MCM_ConfigBase.cpp(562): [info] Registered mod config for Dynamic Activation Key - MCM in 0 ms.
MCM_ConfigBase.cpp(562): [info] Registered mod config for DialogueHistory in 0 ms.
MCM_ConfigBase.cpp(562): [info] Registered mod config for BetterThirdPersonSelection in 0 ms.
MCM_ConfigBase.cpp(562): [info] Registered mod config for QuickLootEE in 0 ms.
MCM_ConfigBase.cpp(562): [info] Registered mod config for ShowPlayerInMenus in 0 ms.
MCM_ConfigBase.cpp(562): [info] Registered mod config for toggle compass hotkey in 0 ms.
MCM_ConfigBase.cpp(562): [info] Registered mod config for TimingIsEverything in 0 ms.
MCM_ConfigBase.cpp(562): [info] Registered mod config for StormLightning in 0 ms.
MCM_ConfigBase.cpp(562): [info] Registered mod config for Immersive Equipping Animations in 0 ms.
MCM_ConfigBase.cpp(562): [info] Registered mod config for EVGConditionalIdles in 0 ms.
MCM_ConfigBase.cpp(562): [info] Registered mod config for Simple Hunting Overhaul MCM Helper in 0 ms.
MCM_ConfigBase.cpp(562): [info] Registered mod config for StopOnSlash in 0 ms.
MCM_ConfigBase.cpp(562): [info] Registered mod config for Additional Attack By Loop in 0 ms.
MCM_ConfigBase.cpp(562): [info] Registered mod config for SimplestHorses in 0 ms.
MCM_ConfigBase.cpp(562): [info] Registered mod config for MCM for FWMF in 0 ms.
MCM_ConfigBase.cpp(562): [info] Registered mod config for Vigilant in 0 ms.
MCM_ConfigBase.cpp(562): [info] Registered mod config for WheelsOfLull in 0 ms.
MCM_ConfigBase.cpp(562): [info] Registered mod config for Wyrmstooth in 0 ms.
MCM_ConfigBase.cpp(562): [info] Registered mod config for Clockwork in 0 ms.
MCM_ConfigBase.cpp(562): [info] Registered mod config for SkyUI_SE in 0 ms.
MCM_ConfigBase.cpp(562): [info] Registered mod config for RAEQuestRequirements in 0 ms.
MCM_ConfigBase.cpp(562): [info] Registered mod config for UltimateDragons in 0 ms.
MCM_ConfigBase.cpp(562): [info] Registered mod config for QuickLight in 0 ms.
MCM_ConfigBase.cpp(562): [info] Registered mod config for DEST_ISL in 0 ms.
MCM_ConfigBase.cpp(562): [info] Registered mod config for StrangeRunes in 0 ms.
MCM_ConfigBase.cpp(562): [info] Registered mod config for ValhallaCombat in 0 ms.
MCM_ConfigBase.cpp(562): [info] Registered mod config for Trade & Barter in 0 ms.
MCM_ConfigBase.cpp(562): [info] Registered mod config for Wintersun - Faiths of Skyrim in 0 ms.
MCM_ConfigBase.cpp(562): [info] Registered mod config for Sacrosanct - Vampires of Skyrim in 0 ms.
MCM_ConfigBase.cpp(562): [info] Registered mod config for DynamicCollisionAdjustment in 0 ms.
MCM_ConfigBase.cpp(562): [info] Registered mod config for TrueHUD in 1 ms.
MCM_ConfigBase.cpp(562): [info] Registered mod config for Dynamic Activation Key - MCM in 0 ms.
MCM_ConfigBase.cpp(562): [info] Registered mod config for DialogueHistory in 0 ms.
MCM_ConfigBase.cpp(562): [info] Registered mod config for BetterThirdPersonSelection in 0 ms.
MCM_ConfigBase.cpp(562): [info] Registered mod config for QuickLootEE in 0 ms.
MCM_ConfigBase.cpp(562): [info] Registered mod config for ShowPlayerInMenus in 0 ms.
MCM_ConfigBase.cpp(562): [info] Registered mod config for toggle compass hotkey in 0 ms.
MCM_ConfigBase.cpp(562): [info] Registered mod config for StormLightning in 0 ms.
MCM_ConfigBase.cpp(562): [info] Registered mod config for TimingIsEverything in 0 ms.
MCM_ConfigBase.cpp(562): [info] Registered mod config for Immersive Equipping Animations in 0 ms.
MCM_ConfigBase.cpp(562): [info] Registered mod config for EVGConditionalIdles in 0 ms.
MCM_ConfigBase.cpp(562): [info] Registered mod config for Simple Hunting Overhaul MCM Helper in 0 ms.
MCM_ConfigBase.cpp(562): [info] Registered mod config for StopOnSlash in 0 ms.
MCM_ConfigBase.cpp(562): [info] Registered mod config for Additional Attack By Loop in 0 ms.
MCM_ConfigBase.cpp(562): [info] Registered mod config for SimplestHorses in 0 ms.
MCM_ConfigBase.cpp(562): [info] Registered mod config for MCM for FWMF in 0 ms.
MCM_ConfigBase.cpp(562): [info] Registered mod config for Vigilant in 0 ms.
MCM_ConfigBase.cpp(562): [info] Registered mod config for WheelsOfLull in 0 ms.
MCM_ConfigBase.cpp(562): [info] Registered mod config for Wyrmstooth in 0 ms.
MCM_ConfigBase.cpp(562): [info] Registered mod config for Clockwork in 0 ms.
MCM_ConfigBase.cpp(562): [info] Registered mod config for SkyUI_SE in 0 ms.
MCM_ConfigBase.cpp(562): [info] Registered mod config for RAEQuestRequirements in 0 ms.
MCM_ConfigBase.cpp(562): [info] Registered mod config for UltimateDragons in 0 ms.
MCM_ConfigBase.cpp(562): [info] Registered mod config for QuickLight in 0 ms.
MCM_ConfigBase.cpp(562): [info] Registered mod config for DEST_ISL in 0 ms.
MCM_ConfigBase.cpp(562): [info] Registered mod config for StrangeRunes in 0 ms.
MCM_ConfigBase.cpp(562): [info] Registered mod config for ValhallaCombat in 0 ms.
MCM_ConfigBase.cpp(562): [info] Registered mod config for Trade & Barter in 0 ms.
MCM_ConfigBase.cpp(562): [info] Registered mod config for Wintersun - Faiths of Skyrim in 0 ms.
MCM_ConfigBase.cpp(562): [info] Registered mod config for Sacrosanct - Vampires of Skyrim in 0 ms.
MCM_ConfigBase.cpp(562): [info] Registered mod config for DynamicCollisionAdjustment in 0 ms.
MCM_ConfigBase.cpp(562): [info] Registered mod config for TrueHUD in 0 ms.
MCM_ConfigBase.cpp(562): [info] Registered mod config for Dynamic Activation Key - MCM in 0 ms.
MCM_ConfigBase.cpp(562): [info] Registered mod config for DialogueHistory in 0 ms.
MCM_ConfigBase.cpp(562): [info] Registered mod config for BetterThirdPersonSelection in 0 ms.
MCM_ConfigBase.cpp(562): [info] Registered mod config for QuickLootEE in 0 ms.
MCM_ConfigBase.cpp(562): [info] Registered mod config for ShowPlayerInMenus in 0 ms.
MCM_ConfigBase.cpp(562): [info] Registered mod config for toggle compass hotkey in 0 ms.
MCM_ConfigBase.cpp(562): [info] Registered mod config for StormLightning in 0 ms.
MCM_ConfigBase.cpp(562): [info] Registered mod config for TimingIsEverything in 0 ms.
MCM_ConfigBase.cpp(562): [info] Registered mod config for Immersive Equipping Animations in 0 ms.
MCM_ConfigBase.cpp(562): [info] Registered mod config for EVGConditionalIdles in 0 ms.
MCM_ConfigBase.cpp(562): [info] Registered mod config for Simple Hunting Overhaul MCM Helper in 0 ms.
MCM_ConfigBase.cpp(562): [info] Registered mod config for StopOnSlash in 1 ms.
MCM_ConfigBase.cpp(562): [info] Registered mod config for Additional Attack By Loop in 0 ms.
MCM_ConfigBase.cpp(562): [info] Registered mod config for SimplestHorses in 0 ms.
MCM_ConfigBase.cpp(562): [info] Registered mod config for MCM for FWMF in 0 ms.
MCM_ConfigBase.cpp(562): [info] Registered mod config for Vigilant in 0 ms.
MCM_ConfigBase.cpp(562): [info] Registered mod config for Wyrmstooth in 0 ms.
MCM_ConfigBase.cpp(562): [info] Registered mod config for WheelsOfLull in 0 ms.
MCM_ConfigBase.cpp(562): [info] Registered mod config for SkyUI_SE in 0 ms.
MCM_ConfigBase.cpp(562): [info] Registered mod config for Clockwork in 0 ms.
MCM_ConfigBase.cpp(562): [info] Registered mod config for RAEQuestRequirements in 0 ms.
MCM_ConfigBase.cpp(562): [info] Registered mod config for UltimateDragons in 0 ms.
MCM_ConfigBase.cpp(562): [info] Registered mod config for QuickLight in 0 ms.
MCM_ConfigBase.cpp(562): [info] Registered mod config for DEST_ISL in 0 ms.
MCM_ConfigBase.cpp(562): [info] Registered mod config for StrangeRunes in 0 ms.
MCM_ConfigBase.cpp(562): [info] Registered mod config for ValhallaCombat in 0 ms.
MCM_ConfigBase.cpp(562): [info] Registered mod config for Trade & Barter in 0 ms.
MCM_ConfigBase.cpp(562): [info] Registered mod config for Wintersun - Faiths of Skyrim in 0 ms.
MCM_ConfigBase.cpp(562): [info] Registered mod config for Sacrosanct - Vampires of Skyrim in 0 ms.
MCM_ConfigBase.cpp(562): [info] Registered mod config for DynamicCollisionAdjustment in 0 ms.
MCM_ConfigBase.cpp(562): [info] Registered mod config for Dynamic Activation Key - MCM in 0 ms.
MCM_ConfigBase.cpp(562): [info] Registered mod config for TrueHUD in 0 ms.
MCM_ConfigBase.cpp(562): [info] Registered mod config for DialogueHistory in 0 ms.
MCM_ConfigBase.cpp(562): [info] Registered mod config for BetterThirdPersonSelection in 0 ms.
MCM_ConfigBase.cpp(562): [info] Registered mod config for ShowPlayerInMenus in 0 ms.
MCM_ConfigBase.cpp(562): [info] Registered mod config for QuickLootEE in 0 ms.
MCM_ConfigBase.cpp(562): [info] Registered mod config for toggle compass hotkey in 0 ms.
MCM_ConfigBase.cpp(562): [info] Registered mod config for TimingIsEverything in 0 ms.
MCM_ConfigBase.cpp(562): [info] Registered mod config for StormLightning in 0 ms.
MCM_ConfigBase.cpp(562): [info] Registered mod config for Immersive Equipping Animations in 0 ms.
MCM_ConfigBase.cpp(562): [info] Registered mod config for EVGConditionalIdles in 0 ms.
MCM_ConfigBase.cpp(562): [info] Registered mod config for Simple Hunting Overhaul MCM Helper in 0 ms.
MCM_ConfigBase.cpp(562): [info] Registered mod config for StopOnSlash in 0 ms.
MCM_ConfigBase.cpp(562): [info] Registered mod config for Additional Attack By Loop in 0 ms.
MCM_ConfigBase.cpp(562): [info] Registered mod config for SimplestHorses in 0 ms.
MCM_ConfigBase.cpp(562): [info] Registered mod config for MCM for FWMF in 0 ms.
MCM_ConfigBase.cpp(562): [info] Registered mod config for Vigilant in 0 ms.
MCM_ConfigBase.cpp(562): [info] Registered mod config for Wyrmstooth in 0 ms.
MCM_ConfigBase.cpp(562): [info] Registered mod config for WheelsOfLull in 0 ms.
MCM_ConfigBase.cpp(562): [info] Registered mod config for SkyUI_SE in 0 ms.
MCM_ConfigBase.cpp(562): [info] Registered mod config for Clockwork in 0 ms.
MCM_ConfigBase.cpp(562): [info] Registered mod config for RAEQuestRequirements in 0 ms.
MCM_ConfigBase.cpp(562): [info] Registered mod config for UltimateDragons in 0 ms.
MCM_ConfigBase.cpp(562): [info] Registered mod config for QuickLight in 0 ms.
MCM_ConfigBase.cpp(562): [info] Registered mod config for DEST_ISL in 0 ms.
MCM_ConfigBase.cpp(562): [info] Registered mod config for StrangeRunes in 0 ms.
MCM_ConfigBase.cpp(562): [info] Registered mod config for ValhallaCombat in 0 ms.
MCM_ConfigBase.cpp(562): [info] Registered mod config for Trade & Barter in 0 ms.
MCM_ConfigBase.cpp(562): [info] Registered mod config for Wintersun - Faiths of Skyrim in 0 ms.
MCM_ConfigBase.cpp(562): [info] Registered mod config for Sacrosanct - Vampires of Skyrim in 0 ms.
MCM_ConfigBase.cpp(562): [info] Registered mod config for DynamicCollisionAdjustment in 0 ms.
MCM_ConfigBase.cpp(562): [info] Registered mod config for Dynamic Activation Key - MCM in 0 ms.
MCM_ConfigBase.cpp(562): [info] Registered mod config for TrueHUD in 0 ms.
MCM_ConfigBase.cpp(562): [info] Registered mod config for DialogueHistory in 0 ms.
MCM_ConfigBase.cpp(562): [info] Registered mod config for BetterThirdPersonSelection in 0 ms.
MCM_ConfigBase.cpp(562): [info] Registered mod config for ShowPlayerInMenus in 0 ms.
MCM_ConfigBase.cpp(562): [info] Registered mod config for QuickLootEE in 0 ms.
MCM_ConfigBase.cpp(562): [info] Registered mod config for toggle compass hotkey in 0 ms.
MCM_ConfigBase.cpp(562): [info] Registered mod config for TimingIsEverything in 0 ms.
MCM_ConfigBase.cpp(562): [info] Registered mod config for StormLightning in 0 ms.
MCM_ConfigBase.cpp(562): [info] Registered mod config for Immersive Equipping Animations in 0 ms.
MCM_ConfigBase.cpp(562): [info] Registered mod config for EVGConditionalIdles in 0 ms.
MCM_ConfigBase.cpp(562): [info] Registered mod config for Simple Hunting Overhaul MCM Helper in 0 ms.
MCM_ConfigBase.cpp(562): [info] Registered mod config for StopOnSlash in 0 ms.
MCM_ConfigBase.cpp(562): [info] Registered mod config for Additional Attack By Loop in 0 ms.
MCM_ConfigBase.cpp(562): [info] Registered mod config for SimplestHorses in 0 ms.
MCM_ConfigBase.cpp(562): [info] Registered mod config for MCM for FWMF in 0 ms.
MCM_ConfigBase.cpp(562): [info] Registered mod config for Vigilant in 0 ms.
MCM_ConfigBase.cpp(562): [info] Registered mod config for Wyrmstooth in 0 ms.
MCM_ConfigBase.cpp(562): [info] Registered mod config for WheelsOfLull in 0 ms.
MCM_ConfigBase.cpp(562): [info] Registered mod config for Clockwork in 0 ms.
MCM_ConfigBase.cpp(562): [info] Registered mod config for SkyUI_SE in 0 ms.
MCM_ConfigBase.cpp(562): [info] Registered mod config for RAEQuestRequirements in 0 ms.
MCM_ConfigBase.cpp(562): [info] Registered mod config for UltimateDragons in 0 ms.
MCM_ConfigBase.cpp(562): [info] Registered mod config for QuickLight in 0 ms.
MCM_ConfigBase.cpp(562): [info] Registered mod config for DEST_ISL in 0 ms.
MCM_ConfigBase.cpp(562): [info] Registered mod config for StrangeRunes in 0 ms.
MCM_ConfigBase.cpp(562): [info] Registered mod config for ValhallaCombat in 0 ms.
MCM_ConfigBase.cpp(562): [info] Registered mod config for Trade & Barter in 0 ms.
MCM_ConfigBase.cpp(562): [info] Registered mod config for Wintersun - Faiths of Skyrim in 0 ms.
MCM_ConfigBase.cpp(562): [info] Registered mod config for Sacrosanct - Vampires of Skyrim in 0 ms.
MCM_ConfigBase.cpp(562): [info] Registered mod config for DynamicCollisionAdjustment in 0 ms.
MCM_ConfigBase.cpp(562): [info] Registered mod config for TrueHUD in 0 ms.
MCM_ConfigBase.cpp(562): [info] Registered mod config for Dynamic Activation Key - MCM in 0 ms.
MCM_ConfigBase.cpp(562): [info] Registered mod config for DialogueHistory in 0 ms.
MCM_ConfigBase.cpp(562): [info] Registered mod config for BetterThirdPersonSelection in 0 ms.
MCM_ConfigBase.cpp(562): [info] Registered mod config for QuickLootEE in 0 ms.
MCM_ConfigBase.cpp(562): [info] Registered mod config for ShowPlayerInMenus in 0 ms.
MCM_ConfigBase.cpp(562): [info] Registered mod config for toggle compass hotkey in 0 ms.
MCM_ConfigBase.cpp(562): [info] Registered mod config for StormLightning in 0 ms.
MCM_ConfigBase.cpp(562): [info] Registered mod config for Immersive Equipping Animations in 0 ms.
MCM_ConfigBase.cpp(562): [info] Registered mod config for TimingIsEverything in 0 ms.
MCM_ConfigBase.cpp(562): [info] Registered mod config for EVGConditionalIdles in 0 ms.
MCM_ConfigBase.cpp(562): [info] Registered mod config for Simple Hunting Overhaul MCM Helper in 0 ms.
MCM_ConfigBase.cpp(562): [info] Registered mod config for StopOnSlash in 0 ms.
MCM_ConfigBase.cpp(562): [info] Registered mod config for Additional Attack By Loop in 0 ms.
MCM_ConfigBase.cpp(562): [info] Registered mod config for SimplestHorses in 0 ms.
MCM_ConfigBase.cpp(562): [info] Registered mod config for MCM for FWMF in 0 ms.
MCM_ConfigBase.cpp(562): [info] Registered mod config for Vigilant in 0 ms.
MCM_ConfigBase.cpp(562): [info] Registered mod config for Wyrmstooth in 0 ms.
MCM_ConfigBase.cpp(562): [info] Registered mod config for WheelsOfLull in 0 ms.
MCM_ConfigBase.cpp(562): [info] Registered mod config for Clockwork in 0 ms.
MCM_ConfigBase.cpp(562): [info] Registered mod config for SkyUI_SE in 0 ms.
MCM_ConfigBase.cpp(562): [info] Registered mod config for RAEQuestRequirements in 0 ms.
MCM_ConfigBase.cpp(562): [info] Registered mod config for UltimateDragons in 0 ms.
MCM_ConfigBase.cpp(562): [info] Registered mod config for QuickLight in 0 ms.
MCM_ConfigBase.cpp(562): [info] Registered mod config for DEST_ISL in 0 ms.
MCM_ConfigBase.cpp(562): [info] Registered mod config for StrangeRunes in 0 ms.
MCM_ConfigBase.cpp(562): [info] Registered mod config for ValhallaCombat in 0 ms.
MCM_ConfigBase.cpp(562): [info] Registered mod config for Trade & Barter in 0 ms.
MCM_ConfigBase.cpp(562): [info] Registered mod config for Wintersun - Faiths of Skyrim in 0 ms.
MCM_ConfigBase.cpp(562): [info] Registered mod config for Sacrosanct - Vampires of Skyrim in 0 ms.
MCM_ConfigBase.cpp(562): [info] Registered mod config for DynamicCollisionAdjustment in 0 ms.
MCM_ConfigBase.cpp(562): [info] Registered mod config for TrueHUD in 0 ms.
MCM_ConfigBase.cpp(562): [info] Registered mod config for Dynamic Activation Key - MCM in 0 ms.
MCM_ConfigBase.cpp(562): [info] Registered mod config for DialogueHistory in 0 ms.
MCM_ConfigBase.cpp(562): [info] Registered mod config for BetterThirdPersonSelection in 0 ms.
MCM_ConfigBase.cpp(562): [info] Registered mod config for QuickLootEE in 0 ms.
MCM_ConfigBase.cpp(562): [info] Registered mod config for ShowPlayerInMenus in 0 ms.
MCM_ConfigBase.cpp(562): [info] Registered mod config for toggle compass hotkey in 0 ms.
MCM_ConfigBase.cpp(562): [info] Registered mod config for StormLightning in 0 ms.
MCM_ConfigBase.cpp(562): [info] Registered mod config for Immersive Equipping Animations in 0 ms.
MCM_ConfigBase.cpp(562): [info] Registered mod config for TimingIsEverything in 0 ms.
MCM_ConfigBase.cpp(562): [info] Registered mod config for EVGConditionalIdles in 0 ms.
MCM_ConfigBase.cpp(562): [info] Registered mod config for Simple Hunting Overhaul MCM Helper in 0 ms.
MCM_ConfigBase.cpp(562): [info] Registered mod config for StopOnSlash in 0 ms.
MCM_ConfigBase.cpp(562): [info] Registered mod config for Additional Attack By Loop in 0 ms.
MCM_ConfigBase.cpp(562): [info] Registered mod config for SimplestHorses in 0 ms.
MCM_ConfigBase.cpp(562): [info] Registered mod config for MCM for FWMF in 0 ms.
MCM_ConfigBase.cpp(562): [info] Registered mod config for Vigilant in 0 ms.
MCM_ConfigBase.cpp(562): [info] Registered mod config for WheelsOfLull in 0 ms.
MCM_ConfigBase.cpp(562): [info] Registered mod config for Wyrmstooth in 0 ms.
MCM_ConfigBase.cpp(562): [info] Registered mod config for Clockwork in 0 ms.
MCM_ConfigBase.cpp(562): [info] Registered mod config for SkyUI_SE in 0 ms.
MCM_ConfigBase.cpp(562): [info] Registered mod config for RAEQuestRequirements in 0 ms.
MCM_ConfigBase.cpp(562): [info] Registered mod config for UltimateDragons in 0 ms.
MCM_ConfigBase.cpp(562): [info] Registered mod config for QuickLight in 0 ms.
MCM_ConfigBase.cpp(562): [info] Registered mod config for DEST_ISL in 0 ms.
MCM_ConfigBase.cpp(562): [info] Registered mod config for StrangeRunes in 0 ms.
MCM_ConfigBase.cpp(562): [info] Registered mod config for ValhallaCombat in 0 ms.
MCM_ConfigBase.cpp(562): [info] Registered mod config for Trade & Barter in 0 ms.
MCM_ConfigBase.cpp(562): [info] Registered mod config for Sacrosanct - Vampires of Skyrim in 0 ms.
MCM_ConfigBase.cpp(562): [info] Registered mod config for Wintersun - Faiths of Skyrim in 0 ms.
MCM_ConfigBase.cpp(562): [info] Registered mod config for DynamicCollisionAdjustment in 0 ms.
MCM_ConfigBase.cpp(562): [info] Registered mod config for Dynamic Activation Key - MCM in 0 ms.
MCM_ConfigBase.cpp(562): [info] Registered mod config for TrueHUD in 1 ms.
MCM_ConfigBase.cpp(562): [info] Registered mod config for DialogueHistory in 0 ms.
MCM_ConfigBase.cpp(562): [info] Registered mod config for BetterThirdPersonSelection in 0 ms.
MCM_ConfigBase.cpp(562): [info] Registered mod config for ShowPlayerInMenus in 0 ms.
MCM_ConfigBase.cpp(562): [info] Registered mod config for QuickLootEE in 0 ms.
MCM_ConfigBase.cpp(562): [info] Registered mod config for toggle compass hotkey in 0 ms.
MCM_ConfigBase.cpp(562): [info] Registered mod config for TimingIsEverything in 0 ms.
MCM_ConfigBase.cpp(562): [info] Registered mod config for StormLightning in 0 ms.
MCM_ConfigBase.cpp(562): [info] Registered mod config for Immersive Equipping Animations in 0 ms.
MCM_ConfigBase.cpp(562): [info] Registered mod config for EVGConditionalIdles in 0 ms.
MCM_ConfigBase.cpp(562): [info] Registered mod config for Simple Hunting Overhaul MCM Helper in 0 ms.
MCM_ConfigBase.cpp(562): [info] Registered mod config for StopOnSlash in 0 ms.
MCM_ConfigBase.cpp(562): [info] Registered mod config for Additional Attack By Loop in 0 ms.
MCM_ConfigBase.cpp(562): [info] Registered mod config for SimplestHorses in 0 ms.
MCM_ConfigBase.cpp(562): [info] Registered mod config for MCM for FWMF in 0 ms.
MCM_ConfigBase.cpp(562): [info] Registered mod config for Vigilant in 0 ms.
MCM_ConfigBase.cpp(562): [info] Registered mod config for WheelsOfLull in 0 ms.
MCM_ConfigBase.cpp(562): [info] Registered mod config for Wyrmstooth in 0 ms.
MCM_ConfigBase.cpp(562): [info] Registered mod config for Clockwork in 0 ms.
MCM_ConfigBase.cpp(562): [info] Registered mod config for SkyUI_SE in 0 ms.
MCM_ConfigBase.cpp(562): [info] Registered mod config for RAEQuestRequirements in 0 ms.
MCM_ConfigBase.cpp(562): [info] Registered mod config for UltimateDragons in 0 ms.
MCM_ConfigBase.cpp(562): [info] Registered mod config for QuickLight in 0 ms.
MCM_ConfigBase.cpp(562): [info] Registered mod config for DEST_ISL in 0 ms.
MCM_ConfigBase.cpp(562): [info] Registered mod config for StrangeRunes in 0 ms.
MCM_ConfigBase.cpp(562): [info] Registered mod config for ValhallaCombat in 0 ms.
MCM_ConfigBase.cpp(562): [info] Registered mod config for Trade & Barter in 0 ms.
MCM_ConfigBase.cpp(562): [info] Registered mod config for Sacrosanct - Vampires of Skyrim in 0 ms.
MCM_ConfigBase.cpp(562): [info] Registered mod config for Wintersun - Faiths of Skyrim in 0 ms.
MCM_ConfigBase.cpp(562): [info] Registered mod config for DynamicCollisionAdjustment in 0 ms.
MCM_ConfigBase.cpp(562): [info] Registered mod config for Dynamic Activation Key - MCM in 0 ms.
MCM_ConfigBase.cpp(562): [info] Registered mod config for TrueHUD in 1 ms.
MCM_ConfigBase.cpp(562): [info] Registered mod config for DialogueHistory in 0 ms.
MCM_ConfigBase.cpp(562): [info] Registered mod config for BetterThirdPersonSelection in 0 ms.
MCM_ConfigBase.cpp(562): [info] Registered mod config for ShowPlayerInMenus in 0 ms.
MCM_ConfigBase.cpp(562): [info] Registered mod config for QuickLootEE in 0 ms.
MCM_ConfigBase.cpp(562): [info] Registered mod config for toggle compass hotkey in 0 ms.
MCM_ConfigBase.cpp(562): [info] Registered mod config for TimingIsEverything in 0 ms.
MCM_ConfigBase.cpp(562): [info] Registered mod config for StormLightning in 0 ms.
MCM_ConfigBase.cpp(562): [info] Registered mod config for Immersive Equipping Animations in 0 ms.
MCM_ConfigBase.cpp(562): [info] Registered mod config for EVGConditionalIdles in 0 ms.
MCM_ConfigBase.cpp(562): [info] Registered mod config for Simple Hunting Overhaul MCM Helper in 0 ms.
MCM_ConfigBase.cpp(562): [info] Registered mod config for StopOnSlash in 0 ms.
MCM_ConfigBase.cpp(562): [info] Registered mod config for Additional Attack By Loop in 0 ms.
MCM_ConfigBase.cpp(562): [info] Registered mod config for SimplestHorses in 0 ms.
MCM_ConfigBase.cpp(562): [info] Registered mod config for MCM for FWMF in 0 ms.
MCM_ConfigBase.cpp(562): [info] Registered mod config for Wyrmstooth in 0 ms.
MCM_ConfigBase.cpp(562): [info] Registered mod config for WheelsOfLull in 0 ms.
MCM_ConfigBase.cpp(562): [info] Registered mod config for Vigilant in 0 ms.
MCM_ConfigBase.cpp(562): [info] Registered mod config for Clockwork in 0 ms.
MCM_ConfigBase.cpp(562): [info] Registered mod config for SkyUI_SE in 0 ms.
MCM_ConfigBase.cpp(562): [info] Registered mod config for RAEQuestRequirements in 0 ms.
MCM_ConfigBase.cpp(562): [info] Registered mod config for UltimateDragons in 0 ms.
MCM_ConfigBase.cpp(562): [info] Registered mod config for QuickLight in 0 ms.
MCM_ConfigBase.cpp(562): [info] Registered mod config for StrangeRunes in 0 ms.
MCM_ConfigBase.cpp(562): [info] Registered mod config for DEST_ISL in 0 ms.
MCM_ConfigBase.cpp(562): [info] Registered mod config for ValhallaCombat in 0 ms.
MCM_ConfigBase.cpp(562): [info] Registered mod config for Trade & Barter in 0 ms.
MCM_ConfigBase.cpp(562): [info] Registered mod config for Sacrosanct - Vampires of Skyrim in 0 ms.
MCM_ConfigBase.cpp(562): [info] Registered mod config for Wintersun - Faiths of Skyrim in 0 ms.
MCM_ConfigBase.cpp(562): [info] Registered mod config for DynamicCollisionAdjustment in 0 ms.
MCM_ConfigBase.cpp(562): [info] Registered mod config for TrueHUD in 0 ms.
MCM_ConfigBase.cpp(562): [info] Registered mod config for Dynamic Activation Key - MCM in 0 ms.
MCM_ConfigBase.cpp(562): [info] Registered mod config for DialogueHistory in 0 ms.
MCM_ConfigBase.cpp(562): [info] Registered mod config for QuickLootEE in 0 ms.
MCM_ConfigBase.cpp(562): [info] Registered mod config for BetterThirdPersonSelection in 0 ms.
MCM_ConfigBase.cpp(562): [info] Registered mod config for ShowPlayerInMenus in 0 ms.
MCM_ConfigBase.cpp(562): [info] Registered mod config for toggle compass hotkey in 0 ms.
MCM_ConfigBase.cpp(562): [info] Registered mod config for StormLightning in 0 ms.
MCM_ConfigBase.cpp(562): [info] Registered mod config for TimingIsEverything in 0 ms.
MCM_ConfigBase.cpp(562): [info] Registered mod config for Immersive Equipping Animations in 0 ms.
MCM_ConfigBase.cpp(562): [info] Registered mod config for EVGConditionalIdles in 0 ms.
MCM_ConfigBase.cpp(562): [info] Registered mod config for Simple Hunting Overhaul MCM Helper in 0 ms.
MCM_ConfigBase.cpp(562): [info] Registered mod config for StopOnSlash in 0 ms.
MCM_ConfigBase.cpp(562): [info] Registered mod config for Additional Attack By Loop in 0 ms.
MCM_ConfigBase.cpp(562): [info] Registered mod config for SimplestHorses in 0 ms.
MCM_ConfigBase.cpp(562): [info] Registered mod config for MCM for FWMF in 0 ms.
MCM_ConfigBase.cpp(562): [info] Registered mod config for Wyrmstooth in 0 ms.
MCM_ConfigBase.cpp(562): [info] Registered mod config for WheelsOfLull in 0 ms.
MCM_ConfigBase.cpp(562): [info] Registered mod config for Vigilant in 0 ms.
MCM_ConfigBase.cpp(562): [info] Registered mod config for Clockwork in 0 ms.
MCM_ConfigBase.cpp(562): [info] Registered mod config for SkyUI_SE in 0 ms.
MCM_ConfigBase.cpp(562): [info] Registered mod config for RAEQuestRequirements in 0 ms.
MCM_ConfigBase.cpp(562): [info] Registered mod config for UltimateDragons in 0 ms.
MCM_ConfigBase.cpp(562): [info] Registered mod config for QuickLight in 0 ms.
MCM_ConfigBase.cpp(562): [info] Registered mod config for StrangeRunes in 0 ms.
MCM_ConfigBase.cpp(562): [info] Registered mod config for DEST_ISL in 0 ms.
MCM_ConfigBase.cpp(562): [info] Registered mod config for ValhallaCombat in 0 ms.
MCM_ConfigBase.cpp(562): [info] Registered mod config for Trade & Barter in 0 ms.
MCM_ConfigBase.cpp(562): [info] Registered mod config for Sacrosanct - Vampires of Skyrim in 0 ms.
MCM_ConfigBase.cpp(562): [info] Registered mod config for Wintersun - Faiths of Skyrim in 0 ms.
MCM_ConfigBase.cpp(562): [info] Registered mod config for DynamicCollisionAdjustment in 0 ms.
MCM_ConfigBase.cpp(562): [info] Registered mod config for TrueHUD in 0 ms.
MCM_ConfigBase.cpp(562): [info] Registered mod config for Dynamic Activation Key - MCM in 0 ms.
MCM_ConfigBase.cpp(562): [info] Registered mod config for DialogueHistory in 0 ms.
MCM_ConfigBase.cpp(562): [info] Registered mod config for QuickLootEE in 0 ms.
MCM_ConfigBase.cpp(562): [info] Registered mod config for BetterThirdPersonSelection in 0 ms.
MCM_ConfigBase.cpp(562): [info] Registered mod config for ShowPlayerInMenus in 0 ms.
MCM_ConfigBase.cpp(562): [info] Registered mod config for toggle compass hotkey in 0 ms.
MCM_ConfigBase.cpp(562): [info] Registered mod config for StormLightning in 0 ms.
MCM_ConfigBase.cpp(562): [info] Registered mod config for TimingIsEverything in 0 ms.
MCM_ConfigBase.cpp(562): [info] Registered mod config for Immersive Equipping Animations in 0 ms.
MCM_ConfigBase.cpp(562): [info] Registered mod config for EVGConditionalIdles in 0 ms.
MCM_ConfigBase.cpp(562): [info] Registered mod config for Simple Hunting Overhaul MCM Helper in 0 ms.
MCM_ConfigBase.cpp(562): [info] Registered mod config for StopOnSlash in 0 ms.
MCM_ConfigBase.cpp(562): [info] Registered mod config for Additional Attack By Loop in 0 ms.
MCM_ConfigBase.cpp(562): [info] Registered mod config for SimplestHorses in 0 ms.
MCM_ConfigBase.cpp(562): [info] Registered mod config for MCM for FWMF in 0 ms.
MCM_ConfigBase.cpp(562): [info] Registered mod config for Vigilant in 0 ms.
MCM_ConfigBase.cpp(562): [info] Registered mod config for Wyrmstooth in 0 ms.
MCM_ConfigBase.cpp(562): [info] Registered mod config for WheelsOfLull in 0 ms.
MCM_ConfigBase.cpp(562): [info] Registered mod config for Clockwork in 0 ms.
MCM_ConfigBase.cpp(562): [info] Registered mod config for SkyUI_SE in 0 ms.
MCM_ConfigBase.cpp(562): [info] Registered mod config for RAEQuestRequirements in 0 ms.
MCM_ConfigBase.cpp(562): [info] Registered mod config for UltimateDragons in 0 ms.
MCM_ConfigBase.cpp(562): [info] Registered mod config for QuickLight in 0 ms.
MCM_ConfigBase.cpp(562): [info] Registered mod config for DEST_ISL in 0 ms.
MCM_ConfigBase.cpp(562): [info] Registered mod config for StrangeRunes in 0 ms.
MCM_ConfigBase.cpp(562): [info] Registered mod config for ValhallaCombat in 0 ms.
MCM_ConfigBase.cpp(562): [info] Registered mod config for Trade & Barter in 0 ms.
MCM_ConfigBase.cpp(562): [info] Registered mod config for Wintersun - Faiths of Skyrim in 0 ms.
MCM_ConfigBase.cpp(562): [info] Registered mod config for Sacrosanct - Vampires of Skyrim in 0 ms.
MCM_ConfigBase.cpp(562): [info] Registered mod config for DynamicCollisionAdjustment in 0 ms.
MCM_ConfigBase.cpp(562): [info] Registered mod config for TrueHUD in 0 ms.
MCM_ConfigBase.cpp(562): [info] Registered mod config for Dynamic Activation Key - MCM in 0 ms.
MCM_ConfigBase.cpp(562): [info] Registered mod config for DialogueHistory in 0 ms.
MCM_ConfigBase.cpp(562): [info] Registered mod config for BetterThirdPersonSelection in 0 ms.
MCM_ConfigBase.cpp(562): [info] Registered mod config for QuickLootEE in 0 ms.
MCM_ConfigBase.cpp(562): [info] Registered mod config for ShowPlayerInMenus in 0 ms.
MCM_ConfigBase.cpp(562): [info] Registered mod config for toggle compass hotkey in 0 ms.
MCM_ConfigBase.cpp(562): [info] Registered mod config for StormLightning in 0 ms.
MCM_ConfigBase.cpp(562): [info] Registered mod config for TimingIsEverything in 0 ms.
MCM_ConfigBase.cpp(562): [info] Registered mod config for Immersive Equipping Animations in 0 ms.
MCM_ConfigBase.cpp(562): [info] Registered mod config for EVGConditionalIdles in 0 ms.
MCM_ConfigBase.cpp(562): [info] Registered mod config for Simple Hunting Overhaul MCM Helper in 0 ms.
MCM_ConfigBase.cpp(562): [info] Registered mod config for StopOnSlash in 0 ms.
MCM_ConfigBase.cpp(562): [info] Registered mod config for Additional Attack By Loop in 0 ms.
MCM_ConfigBase.cpp(562): [info] Registered mod config for SimplestHorses in 0 ms.
MCM_ConfigBase.cpp(562): [info] Registered mod config for MCM for FWMF in 0 ms.
MCM_ConfigBase.cpp(562): [info] Registered mod config for Vigilant in 0 ms.
MCM_ConfigBase.cpp(562): [info] Registered mod config for Wyrmstooth in 0 ms.
MCM_ConfigBase.cpp(562): [info] Registered mod config for WheelsOfLull in 0 ms.
MCM_ConfigBase.cpp(562): [info] Registered mod config for Clockwork in 0 ms.
MCM_ConfigBase.cpp(562): [info] Registered mod config for SkyUI_SE in 0 ms.
MCM_ConfigBase.cpp(562): [info] Registered mod config for RAEQuestRequirements in 0 ms.
MCM_ConfigBase.cpp(562): [info] Registered mod config for UltimateDragons in 0 ms.
MCM_ConfigBase.cpp(562): [info] Registered mod config for QuickLight in 0 ms.
MCM_ConfigBase.cpp(562): [info] Registered mod config for DEST_ISL in 0 ms.
MCM_ConfigBase.cpp(562): [info] Registered mod config for StrangeRunes in 0 ms.
MCM_ConfigBase.cpp(562): [info] Registered mod config for ValhallaCombat in 0 ms.
MCM_ConfigBase.cpp(562): [info] Registered mod config for Trade & Barter in 0 ms.
MCM_ConfigBase.cpp(562): [info] Registered mod config for Wintersun - Faiths of Skyrim in 0 ms.
MCM_ConfigBase.cpp(562): [info] Registered mod config for Sacrosanct - Vampires of Skyrim in 0 ms.
MCM_ConfigBase.cpp(562): [info] Registered mod config for DynamicCollisionAdjustment in 0 ms.
MCM_ConfigBase.cpp(562): [info] Registered mod config for TrueHUD in 0 ms.
MCM_ConfigBase.cpp(562): [info] Registered mod config for Dynamic Activation Key - MCM in 0 ms.
MCM_ConfigBase.cpp(562): [info] Registered mod config for DialogueHistory in 0 ms.
MCM_ConfigBase.cpp(562): [info] Registered mod config for BetterThirdPersonSelection in 0 ms.
MCM_ConfigBase.cpp(562): [info] Registered mod config for QuickLootEE in 0 ms.
MCM_ConfigBase.cpp(562): [info] Registered mod config for ShowPlayerInMenus in 0 ms.
MCM_ConfigBase.cpp(562): [info] Registered mod config for toggle compass hotkey in 0 ms.
MCM_ConfigBase.cpp(562): [info] Registered mod config for StormLightning in 0 ms.
MCM_ConfigBase.cpp(562): [info] Registered mod config for TimingIsEverything in 0 ms.
MCM_ConfigBase.cpp(562): [info] Registered mod config for Immersive Equipping Animations in 0 ms.
MCM_ConfigBase.cpp(562): [info] Registered mod config for EVGConditionalIdles in 0 ms.
MCM_ConfigBase.cpp(562): [info] Registered mod config for Simple Hunting Overhaul MCM Helper in 0 ms.
MCM_ConfigBase.cpp(562): [info] Registered mod config for StopOnSlash in 0 ms.
MCM_ConfigBase.cpp(562): [info] Registered mod config for Additional Attack By Loop in 0 ms.
MCM_ConfigBase.cpp(562): [info] Registered mod config for SimplestHorses in 0 ms.
MCM_ConfigBase.cpp(562): [info] Registered mod config for MCM for FWMF in 0 ms.
MCM_ConfigBase.cpp(562): [info] Registered mod config for Vigilant in 0 ms.
MCM_ConfigBase.cpp(562): [info] Registered mod config for WheelsOfLull in 0 ms.
MCM_ConfigBase.cpp(562): [info] Registered mod config for Clockwork in 0 ms.
MCM_ConfigBase.cpp(562): [info] Registered mod config for Wyrmstooth in 0 ms.
MCM_ConfigBase.cpp(562): [info] Registered mod config for SkyUI_SE in 0 ms.
MCM_ConfigBase.cpp(562): [info] Registered mod config for RAEQuestRequirements in 0 ms.
MCM_ConfigBase.cpp(562): [info] Registered mod config for UltimateDragons in 0 ms.
MCM_ConfigBase.cpp(562): [info] Registered mod config for QuickLight in 0 ms.
MCM_ConfigBase.cpp(562): [info] Registered mod config for DEST_ISL in 0 ms.
MCM_ConfigBase.cpp(562): [info] Registered mod config for StrangeRunes in 0 ms.
MCM_ConfigBase.cpp(562): [info] Registered mod config for ValhallaCombat in 0 ms.
MCM_ConfigBase.cpp(562): [info] Registered mod config for Trade & Barter in 0 ms.
MCM_ConfigBase.cpp(562): [info] Registered mod config for Wintersun - Faiths of Skyrim in 0 ms.
MCM_ConfigBase.cpp(562): [info] Registered mod config for Sacrosanct - Vampires of Skyrim in 0 ms.
MCM_ConfigBase.cpp(562): [info] Registered mod config for DynamicCollisionAdjustment in 0 ms.
MCM_ConfigBase.cpp(562): [info] Registered mod config for TrueHUD in 1 ms.
MCM_ConfigBase.cpp(562): [info] Registered mod config for Dynamic Activation Key - MCM in 0 ms.
MCM_ConfigBase.cpp(562): [info] Registered mod config for DialogueHistory in 0 ms.
MCM_ConfigBase.cpp(562): [info] Registered mod config for BetterThirdPersonSelection in 0 ms.
MCM_ConfigBase.cpp(562): [info] Registered mod config for QuickLootEE in 0 ms.
MCM_ConfigBase.cpp(562): [info] Registered mod config for ShowPlayerInMenus in 0 ms.
MCM_ConfigBase.cpp(562): [info] Registered mod config for toggle compass hotkey in 0 ms.
MCM_ConfigBase.cpp(562): [info] Registered mod config for TimingIsEverything in 0 ms.
MCM_ConfigBase.cpp(562): [info] Registered mod config for StormLightning in 0 ms.
MCM_ConfigBase.cpp(562): [info] Registered mod config for Immersive Equipping Animations in 0 ms.
MCM_ConfigBase.cpp(562): [info] Registered mod config for EVGConditionalIdles in 0 ms.
MCM_ConfigBase.cpp(562): [info] Registered mod config for Simple Hunting Overhaul MCM Helper in 0 ms.
MCM_ConfigBase.cpp(562): [info] Registered mod config for StopOnSlash in 0 ms.
MCM_ConfigBase.cpp(562): [info] Registered mod config for Additional Attack By Loop in 0 ms.
MCM_ConfigBase.cpp(562): [info] Registered mod config for SimplestHorses in 0 ms.
MCM_ConfigBase.cpp(562): [info] Registered mod config for MCM for FWMF in 0 ms.
MCM_ConfigBase.cpp(562): [info] Registered mod config for Vigilant in 0 ms.
MCM_ConfigBase.cpp(562): [info] Registered mod config for WheelsOfLull in 0 ms.
MCM_ConfigBase.cpp(562): [info] Registered mod config for Clockwork in 0 ms.
MCM_ConfigBase.cpp(562): [info] Registered mod config for Wyrmstooth in 0 ms.
MCM_ConfigBase.cpp(562): [info] Registered mod config for SkyUI_SE in 0 ms.
MCM_ConfigBase.cpp(562): [info] Registered mod config for RAEQuestRequirements in 0 ms.
MCM_ConfigBase.cpp(562): [info] Registered mod config for UltimateDragons in 0 ms.
MCM_ConfigBase.cpp(562): [info] Registered mod config for QuickLight in 0 ms.
MCM_ConfigBase.cpp(562): [info] Registered mod config for DEST_ISL in 0 ms.
MCM_ConfigBase.cpp(562): [info] Registered mod config for StrangeRunes in 0 ms.
MCM_ConfigBase.cpp(562): [info] Registered mod config for ValhallaCombat in 0 ms.
MCM_ConfigBase.cpp(562): [info] Registered mod config for Trade & Barter in 0 ms.
MCM_ConfigBase.cpp(562): [info] Registered mod config for Wintersun - Faiths of Skyrim in 0 ms.
MCM_ConfigBase.cpp(562): [info] Registered mod config for Sacrosanct - Vampires of Skyrim in 0 ms.
MCM_ConfigBase.cpp(562): [info] Registered mod config for DynamicCollisionAdjustment in 0 ms.
MCM_ConfigBase.cpp(562): [info] Registered mod config for TrueHUD in 0 ms.
MCM_ConfigBase.cpp(562): [info] Registered mod config for Dynamic Activation Key - MCM in 0 ms.
MCM_ConfigBase.cpp(562): [info] Registered mod config for DialogueHistory in 0 ms.
MCM_ConfigBase.cpp(562): [info] Registered mod config for BetterThirdPersonSelection in 0 ms.
MCM_ConfigBase.cpp(562): [info] Registered mod config for QuickLootEE in 0 ms.
MCM_ConfigBase.cpp(562): [info] Registered mod config for ShowPlayerInMenus in 0 ms.
MCM_ConfigBase.cpp(562): [info] Registered mod config for toggle compass hotkey in 0 ms.
MCM_ConfigBase.cpp(562): [info] Registered mod config for TimingIsEverything in 0 ms.
MCM_ConfigBase.cpp(562): [info] Registered mod config for StormLightning in 0 ms.
MCM_ConfigBase.cpp(562): [info] Registered mod config for Immersive Equipping Animations in 0 ms.
MCM_ConfigBase.cpp(562): [info] Registered mod config for EVGConditionalIdles in 0 ms.
MCM_ConfigBase.cpp(562): [info] Registered mod config for Simple Hunting Overhaul MCM Helper in 0 ms.
MCM_ConfigBase.cpp(562): [info] Registered mod config for StopOnSlash in 0 ms.
MCM_ConfigBase.cpp(562): [info] Registered mod config for Additional Attack By Loop in 0 ms.
MCM_ConfigBase.cpp(562): [info] Registered mod config for SimplestHorses in 0 ms.
MCM_ConfigBase.cpp(562): [info] Registered mod config for MCM for FWMF in 0 ms.
MCM_ConfigBase.cpp(562): [info] Registered mod config for WheelsOfLull in 0 ms.
MCM_ConfigBase.cpp(562): [info] Registered mod config for Wyrmstooth in 0 ms.
MCM_ConfigBase.cpp(562): [info] Registered mod config for Vigilant in 0 ms.
MCM_ConfigBase.cpp(562): [info] Registered mod config for Clockwork in 0 ms.
MCM_ConfigBase.cpp(562): [info] Registered mod config for SkyUI_SE in 0 ms.
MCM_ConfigBase.cpp(562): [info] Registered mod config for RAEQuestRequirements in 0 ms.
MCM_ConfigBase.cpp(562): [info] Registered mod config for UltimateDragons in 0 ms.
MCM_ConfigBase.cpp(562): [info] Registered mod config for QuickLight in 0 ms.
MCM_ConfigBase.cpp(562): [info] Registered mod config for DEST_ISL in 0 ms.
MCM_ConfigBase.cpp(562): [info] Registered mod config for StrangeRunes in 0 ms.
MCM_ConfigBase.cpp(562): [info] Registered mod config for ValhallaCombat in 0 ms.
MCM_ConfigBase.cpp(562): [info] Registered mod config for Trade & Barter in 0 ms.
MCM_ConfigBase.cpp(562): [info] Registered mod config for Wintersun - Faiths of Skyrim in 0 ms.
MCM_ConfigBase.cpp(562): [info] Registered mod config for Sacrosanct - Vampires of Skyrim in 0 ms.
MCM_ConfigBase.cpp(562): [info] Registered mod config for DynamicCollisionAdjustment in 0 ms.
MCM_ConfigBase.cpp(562): [info] Registered mod config for TrueHUD in 0 ms.
MCM_ConfigBase.cpp(562): [info] Registered mod config for Dynamic Activation Key - MCM in 0 ms.
MCM_ConfigBase.cpp(562): [info] Registered mod config for DialogueHistory in 0 ms.
MCM_ConfigBase.cpp(562): [info] Registered mod config for BetterThirdPersonSelection in 0 ms.
MCM_ConfigBase.cpp(562): [info] Registered mod config for QuickLootEE in 0 ms.
MCM_ConfigBase.cpp(562): [info] Registered mod config for ShowPlayerInMenus in 0 ms.
MCM_ConfigBase.cpp(562): [info] Registered mod config for toggle compass hotkey in 0 ms.
MCM_ConfigBase.cpp(562): [info] Registered mod config for TimingIsEverything in 0 ms.
MCM_ConfigBase.cpp(562): [info] Registered mod config for StormLightning in 0 ms.
MCM_ConfigBase.cpp(562): [info] Registered mod config for Immersive Equipping Animations in 0 ms.
MCM_ConfigBase.cpp(562): [info] Registered mod config for EVGConditionalIdles in 0 ms.
MCM_ConfigBase.cpp(562): [info] Registered mod config for Simple Hunting Overhaul MCM Helper in 0 ms.
MCM_ConfigBase.cpp(562): [info] Registered mod config for StopOnSlash in 0 ms.
MCM_ConfigBase.cpp(562): [info] Registered mod config for Additional Attack By Loop in 0 ms.
MCM_ConfigBase.cpp(562): [info] Registered mod config for SimplestHorses in 0 ms.
MCM_ConfigBase.cpp(562): [info] Registered mod config for MCM for FWMF in 0 ms.
MCM_ConfigBase.cpp(562): [info] Registered mod config for WheelsOfLull in 0 ms.
MCM_ConfigBase.cpp(562): [info] Registered mod config for Wyrmstooth in 0 ms.
MCM_ConfigBase.cpp(562): [info] Registered mod config for Vigilant in 0 ms.
MCM_ConfigBase.cpp(562): [info] Registered mod config for Clockwork in 0 ms.
MCM_ConfigBase.cpp(562): [info] Registered mod config for SkyUI_SE in 0 ms.
MCM_ConfigBase.cpp(562): [info] Registered mod config for RAEQuestRequirements in 0 ms.
MCM_ConfigBase.cpp(562): [info] Registered mod config for UltimateDragons in 0 ms.
MCM_ConfigBase.cpp(562): [info] Registered mod config for QuickLight in 0 ms.
MCM_ConfigBase.cpp(562): [info] Registered mod config for DEST_ISL in 0 ms.
MCM_ConfigBase.cpp(562): [info] Registered mod config for StrangeRunes in 0 ms.
MCM_ConfigBase.cpp(562): [info] Registered mod config for ValhallaCombat in 0 ms.
MCM_ConfigBase.cpp(562): [info] Registered mod config for Trade & Barter in 0 ms.
MCM_ConfigBase.cpp(562): [info] Registered mod config for Wintersun - Faiths of Skyrim in 0 ms.
MCM_ConfigBase.cpp(562): [info] Registered mod config for Sacrosanct - Vampires of Skyrim in 0 ms.
MCM_ConfigBase.cpp(562): [info] Registered mod config for DynamicCollisionAdjustment in 0 ms.
MCM_ConfigBase.cpp(562): [info] Registered mod config for TrueHUD in 0 ms.
MCM_ConfigBase.cpp(562): [info] Registered mod config for Dynamic Activation Key - MCM in 0 ms.
MCM_ConfigBase.cpp(562): [info] Registered mod config for DialogueHistory in 0 ms.
MCM_ConfigBase.cpp(562): [info] Registered mod config for BetterThirdPersonSelection in 0 ms.
MCM_ConfigBase.cpp(562): [info] Registered mod config for QuickLootEE in 0 ms.
MCM_ConfigBase.cpp(562): [info] Registered mod config for ShowPlayerInMenus in 0 ms.
MCM_ConfigBase.cpp(562): [info] Registered mod config for toggle compass hotkey in 0 ms.
MCM_ConfigBase.cpp(562): [info] Registered mod config for TimingIsEverything in 0 ms.
MCM_ConfigBase.cpp(562): [info] Registered mod config for StormLightning in 0 ms.
MCM_ConfigBase.cpp(562): [info] Registered mod config for Immersive Equipping Animations in 0 ms.
MCM_ConfigBase.cpp(562): [info] Registered mod config for EVGConditionalIdles in 0 ms.
MCM_ConfigBase.cpp(562): [info] Registered mod config for Simple Hunting Overhaul MCM Helper in 0 ms.
MCM_ConfigBase.cpp(562): [info] Registered mod config for StopOnSlash in 0 ms.
MCM_ConfigBase.cpp(562): [info] Registered mod config for Additional Attack By Loop in 0 ms.
MCM_ConfigBase.cpp(562): [info] Registered mod config for SimplestHorses in 0 ms.
MCM_ConfigBase.cpp(562): [info] Registered mod config for MCM for FWMF in 0 ms.
