[2025-08-24 01:00:44.277] [info] [167468] [main.cpp:125] OpenAnimationReplacer v2-3-6-0
[2025-08-24 01:00:44.277] [info] [167468] [Settings.cpp:158] Reading .ini...
[2025-08-24 01:00:44.284] [info] [167468] [Settings.cpp:160] ...success
[2025-08-24 01:00:47.034] [info] [167468] [main.cpp:176] OpenAnimationReplacer::RequestPluginAPI_Conditions called, InterfaceVersion 2 (Plugin name: OpenAnimationReplacer-DetectionPlugin, version: 2.1.1.0
[2025-08-24 01:00:47.034] [info] [167468] [main.cpp:183] OpenAnimationReplacer::RequestPluginAPI_Conditions returned the API singleton
[2025-08-24 01:00:47.034] [info] [167468] [main.cpp:176] OpenAnimationReplacer::RequestPluginAPI_Conditions called, InterfaceVersion 2 (Plugin name: OpenAnimationReplacer-DialoguePlugin, version: 1.0.0.0
[2025-08-24 01:00:47.034] [info] [167468] [main.cpp:183] OpenAnimationReplacer::RequestPluginAPI_Conditions returned the API singleton
[2025-08-24 01:00:50.698] [info] [167468] [main.cpp:176] OpenAnimationReplacer::RequestPluginAPI_Conditions called, InterfaceVersion 2 (Plugin name: OpenAnimationReplacer-IEDConditionExtensions, version: 1.0.2.0
[2025-08-24 01:00:50.698] [info] [167468] [main.cpp:183] OpenAnimationReplacer::RequestPluginAPI_Conditions returned the API singleton
[2025-08-24 01:00:50.698] [warning] [167468] [Interfaces.cpp:272] Failed to dispatch message to MergeMapper
[2025-08-24 01:00:50.698] [info] [167468] [main.cpp:32] MergeMapper not detected
[2025-08-24 01:00:50.698] [info] [167468] [OpenAnimationReplacer.cpp:782] Initializing condition factories...
[2025-08-24 01:00:50.699] [info] [167468] [OpenAnimationReplacer.cpp:933] Condition factories initialized.
[2025-08-24 01:03:01.599] [info] [109364] [OpenAnimationReplacer.cpp:480] Creating replacer mods...
[2025-08-24 01:03:01.599] [info] [109364] [OpenAnimationReplacer.cpp:496] Parsing data\meshes for replacer mods...
[2025-08-24 01:03:03.656] [warning] [166888] [Parsing.cpp:800] directory at data\meshes\actors\character\animations\DynamicAnimationReplacer\_CustomConditions\95333334 is missing the _conditions.txt file, skipping
[2025-08-24 01:03:18.649] [info] [109364] [OpenAnimationReplacer.cpp:498] Finished parsing data\meshes for replacer mods...
[2025-08-24 01:03:18.649] [info] [109364] [OpenAnimationReplacer.cpp:508] Adding parsed replacer mods...
[2025-08-24 01:03:18.676] [info] [109364] [OpenAnimationReplacer.cpp:513] Added parsed replacer mods.
[2025-08-24 01:03:18.676] [info] [109364] [OpenAnimationReplacer.cpp:518] Adding parsed legacy replacer mods...
[2025-08-24 01:03:18.689] [info] [109364] [OpenAnimationReplacer.cpp:525] Added parsed legacy replacer mods.
[2025-08-24 01:03:18.692] [info] [109364] [OpenAnimationReplacer.cpp:535] Time spent creating replacer mods:
[2025-08-24 01:03:18.692] [info] [109364] [OpenAnimationReplacer.cpp:536]   Parsing: 17050ms
[2025-08-24 01:03:18.692] [info] [109364] [OpenAnimationReplacer.cpp:537]   Adding mods: 26ms
[2025-08-24 01:03:18.692] [info] [109364] [OpenAnimationReplacer.cpp:538]   Adding legacy mods: 13ms
[2025-08-24 01:03:18.692] [info] [109364] [OpenAnimationReplacer.cpp:539]   Checking for problems: 2ms
[2025-08-24 01:03:18.692] [info] [109364] [OpenAnimationReplacer.cpp:540]   Total: 17092ms
[2025-08-24 01:03:18.980] [info] [109364] [OpenAnimationReplacer.cpp:549] Creating replacement animations for Actors\Character\...
[2025-08-24 01:03:19.646] [info] [109364] [ReplacerMods.cpp:1180] original animation Animations\male\MT_IdleLookingC.hkx will replace on echo because there are potential replacements that do
[2025-08-24 01:03:19.646] [info] [109364] [ReplacerMods.cpp:1163] original animation Animations\male\MT_RunForwardLeft.hkx will be treated as interruptible because there are interruptible potential replacements
[2025-08-24 01:03:19.647] [info] [109364] [ReplacerMods.cpp:1163] original animation Animations\MLh_Equip.hkx will be treated as interruptible because there are interruptible potential replacements
[2025-08-24 01:03:19.647] [info] [109364] [ReplacerMods.cpp:1163] original animation Animations\MLh_SelfRelease.hkx will be treated as interruptible because there are interruptible potential replacements
[2025-08-24 01:03:19.647] [info] [109364] [ReplacerMods.cpp:1163] original animation Animations\Bow_Sprint.hkx will be treated as interruptible because there are interruptible potential replacements
[2025-08-24 01:03:19.647] [info] [109364] [ReplacerMods.cpp:1163] original animation Animations\MLh_PreReady.hkx will be treated as interruptible because there are interruptible potential replacements
[2025-08-24 01:03:19.647] [info] [109364] [ReplacerMods.cpp:1163] original animation Animations\1HM_Unequip.hkx will be treated as interruptible because there are interruptible potential replacements
[2025-08-24 01:03:19.647] [info] [109364] [ReplacerMods.cpp:1163] original animation Animations\MLh_PreWardLoop.hkx will be treated as interruptible because there are interruptible potential replacements
[2025-08-24 01:03:19.647] [info] [109364] [ReplacerMods.cpp:1163] original animation Animations\male\MT_RunBackward.hkx will be treated as interruptible because there are interruptible potential replacements
[2025-08-24 01:03:19.647] [info] [109364] [ReplacerMods.cpp:1180] original animation Animations\modernstaggerlock\MSL_staggerBackwardMedium.hkx will replace on echo because there are potential replacements that do
[2025-08-24 01:03:19.647] [info] [109364] [ReplacerMods.cpp:1163] original animation Animations\OffsetArmsCrossed.HKX will be treated as interruptible because there are interruptible potential replacements
[2025-08-24 01:03:19.647] [info] [109364] [ReplacerMods.cpp:1180] original animation Animations\OffsetArmsCrossed.HKX will replace on echo because there are potential replacements that do
[2025-08-24 01:03:19.647] [info] [109364] [ReplacerMods.cpp:1163] original animation Animations\MLh_SelfConcentration.hkx will be treated as interruptible because there are interruptible potential replacements
[2025-08-24 01:03:19.647] [info] [109364] [ReplacerMods.cpp:1163] original animation Animations\MRh_Idle.hkx will be treated as interruptible because there are interruptible potential replacements
[2025-08-24 01:03:19.647] [info] [109364] [ReplacerMods.cpp:1163] original animation Animations\1HM_WalkForward.hkx will be treated as interruptible because there are interruptible potential replacements
[2025-08-24 01:03:19.647] [info] [109364] [ReplacerMods.cpp:1180] original animation Animations\male\MT_idle_A_soft_right.hkx will replace on echo because there are potential replacements that do
[2025-08-24 01:03:19.647] [info] [109364] [ReplacerMods.cpp:1163] original animation Animations\1HM_WalkForwardLeft.hkx will be treated as interruptible because there are interruptible potential replacements
[2025-08-24 01:03:19.647] [info] [109364] [ReplacerMods.cpp:1163] original animation Animations\male\MT_RunForwardRight.hkx will be treated as interruptible because there are interruptible potential replacements
[2025-08-24 01:03:19.647] [info] [109364] [ReplacerMods.cpp:1163] original animation Animations\1HM_WalkForwardRight.hkx will be treated as interruptible because there are interruptible potential replacements
[2025-08-24 01:03:19.647] [info] [109364] [ReplacerMods.cpp:1163] original animation Animations\MLh_Unequip.hkx will be treated as interruptible because there are interruptible potential replacements
[2025-08-24 01:03:19.647] [info] [109364] [ReplacerMods.cpp:1163] original animation Animations\male\MT_RunLeft.hkx will be treated as interruptible because there are interruptible potential replacements
[2025-08-24 01:03:19.647] [info] [109364] [ReplacerMods.cpp:1163] original animation Animations\1HM_BoundSwordEquip.hkx will be treated as interruptible because there are interruptible potential replacements
[2025-08-24 01:03:19.647] [info] [109364] [ReplacerMods.cpp:1163] original animation Animations\male\MT_RunRight.hkx will be treated as interruptible because there are interruptible potential replacements
[2025-08-24 01:03:19.647] [info] [109364] [ReplacerMods.cpp:1163] original animation Animations\1HM_Equip.hkx will be treated as interruptible because there are interruptible potential replacements
[2025-08-24 01:03:19.647] [info] [109364] [ReplacerMods.cpp:1163] original animation Animations\1HM_Idle.hkx will be treated as interruptible because there are interruptible potential replacements
[2025-08-24 01:03:19.647] [info] [109364] [ReplacerMods.cpp:1163] original animation Animations\Staff_Idle.hkx will be treated as interruptible because there are interruptible potential replacements
[2025-08-24 01:03:19.647] [info] [109364] [ReplacerMods.cpp:1163] original animation Animations\male\MT_WalkForwardRight.hkx will be treated as interruptible because there are interruptible potential replacements
[2025-08-24 01:03:19.647] [info] [109364] [ReplacerMods.cpp:1163] original animation Animations\MRh_Release.hkx will be treated as interruptible because there are interruptible potential replacements
[2025-08-24 01:03:19.647] [info] [109364] [ReplacerMods.cpp:1163] original animation Animations\male\MT_SprintForward.hkx will be treated as interruptible because there are interruptible potential replacements
[2025-08-24 01:03:19.647] [info] [109364] [ReplacerMods.cpp:1180] original animation Animations\male\MT_idle_A_left_long.hkx will replace on echo because there are potential replacements that do
[2025-08-24 01:03:19.647] [info] [109364] [ReplacerMods.cpp:1180] original animation Animations\male\MT_idle_A_leg_shift.hkx will replace on echo because there are potential replacements that do
[2025-08-24 01:03:19.647] [info] [109364] [ReplacerMods.cpp:1163] original animation Animations\1HM_RunForward.HKX will be treated as interruptible because there are interruptible potential replacements
[2025-08-24 01:03:19.647] [info] [109364] [ReplacerMods.cpp:1163] original animation Animations\Mag_RunBackwardLeft.hkx will be treated as interruptible because there are interruptible potential replacements
[2025-08-24 01:03:19.647] [info] [109364] [ReplacerMods.cpp:1163] original animation Animations\male\MT_RunBackwardLeft.hkx will be treated as interruptible because there are interruptible potential replacements
[2025-08-24 01:03:19.647] [info] [109364] [ReplacerMods.cpp:1180] original animation Animations\male\MT_idle_A_sigh_var1.hkx will replace on echo because there are potential replacements that do
[2025-08-24 01:03:19.647] [info] [109364] [ReplacerMods.cpp:1163] original animation Animations\Mag_RunForwardRight.HKX will be treated as interruptible because there are interruptible potential replacements
[2025-08-24 01:03:19.647] [info] [109364] [ReplacerMods.cpp:1180] original animation Animations\male\MT_idle_A_sigh_var2.hkx will replace on echo because there are potential replacements that do
[2025-08-24 01:03:19.647] [info] [109364] [ReplacerMods.cpp:1163] original animation Animations\MLh_Release.hkx will be treated as interruptible because there are interruptible potential replacements
[2025-08-24 01:03:19.647] [info] [109364] [ReplacerMods.cpp:1163] original animation Animations\MLh_AimedConcentration.hkx will be treated as interruptible because there are interruptible potential replacements
[2025-08-24 01:03:19.647] [info] [109364] [ReplacerMods.cpp:1180] original animation Animations\male\MT_idle_A_shakeout.hkx will replace on echo because there are potential replacements that do
[2025-08-24 01:03:19.647] [info] [109364] [ReplacerMods.cpp:1163] original animation Animations\MRh_and_MLh_ForceEquip.hkx will be treated as interruptible because there are interruptible potential replacements
[2025-08-24 01:03:19.647] [info] [109364] [ReplacerMods.cpp:1163] original animation Animations\MRh_PreTelekinesis.hkx will be treated as interruptible because there are interruptible potential replacements
[2025-08-24 01:03:19.647] [info] [109364] [ReplacerMods.cpp:1163] original animation Animations\MT_TurnLeft60.hkx will be treated as interruptible because there are interruptible potential replacements
[2025-08-24 01:03:19.647] [info] [109364] [ReplacerMods.cpp:1163] original animation Animations\MT_TurnRight360.HKX will be treated as interruptible because there are interruptible potential replacements
[2025-08-24 01:03:19.647] [info] [109364] [ReplacerMods.cpp:1163] original animation Animations\MRh_SelfReadyLoop.hkx will be treated as interruptible because there are interruptible potential replacements
[2025-08-24 01:03:19.647] [info] [109364] [ReplacerMods.cpp:1163] original animation Animations\male\MT_WalkForwardLeft.hkx will be treated as interruptible because there are interruptible potential replacements
[2025-08-24 01:03:19.647] [info] [109364] [ReplacerMods.cpp:1163] original animation Animations\MRh_PreWardLoop.hkx will be treated as interruptible because there are interruptible potential replacements
[2025-08-24 01:03:19.647] [info] [109364] [ReplacerMods.cpp:1163] original animation Animations\Special_JarlChairIdleWR.HKX will be treated as interruptible because there are interruptible potential replacements
[2025-08-24 01:03:19.647] [info] [109364] [ReplacerMods.cpp:1163] original animation Animations\MT_TurnLeft360.HKX will be treated as interruptible because there are interruptible potential replacements
[2025-08-24 01:03:19.647] [info] [109364] [ReplacerMods.cpp:1163] original animation Animations\MLh_WardLoop.hkx will be treated as interruptible because there are interruptible potential replacements
[2025-08-24 01:03:19.647] [info] [109364] [ReplacerMods.cpp:1163] original animation Animations\MagCast_RunBackward.hkx will be treated as interruptible because there are interruptible potential replacements
[2025-08-24 01:03:19.647] [info] [109364] [ReplacerMods.cpp:1163] original animation Animations\2HM_SprintForwardSword.hkx will be treated as interruptible because there are interruptible potential replacements
[2025-08-24 01:03:19.647] [info] [109364] [ReplacerMods.cpp:1163] original animation Animations\male\MT_WalkBackward.hkx will be treated as interruptible because there are interruptible potential replacements
[2025-08-24 01:03:19.647] [info] [109364] [ReplacerMods.cpp:1163] original animation Animations\male\MT_WalkBackwardLeft.hkx will be treated as interruptible because there are interruptible potential replacements
[2025-08-24 01:03:19.647] [info] [109364] [ReplacerMods.cpp:1163] original animation Animations\male\MT_WalkLeft.hkx will be treated as interruptible because there are interruptible potential replacements
[2025-08-24 01:03:19.647] [info] [109364] [ReplacerMods.cpp:1163] original animation Animations\MRh_ChargeLoop.hkx will be treated as interruptible because there are interruptible potential replacements
[2025-08-24 01:03:19.647] [info] [109364] [ReplacerMods.cpp:1163] original animation Animations\AOBarTableIdlePlayer.hkx will be treated as interruptible because there are interruptible potential replacements
[2025-08-24 01:03:19.647] [info] [109364] [ReplacerMods.cpp:1163] original animation Animations\MagCast_WalkForwrdLeft.hkx will be treated as interruptible because there are interruptible potential replacements
[2025-08-24 01:03:19.647] [info] [109364] [ReplacerMods.cpp:1163] original animation Animations\Mag_RunLeft.HKX will be treated as interruptible because there are interruptible potential replacements
[2025-08-24 01:03:19.647] [info] [109364] [ReplacerMods.cpp:1163] original animation Animations\2HW_SprintForwardSword.hkx will be treated as interruptible because there are interruptible potential replacements
[2025-08-24 01:03:19.647] [info] [109364] [ReplacerMods.cpp:1163] original animation Animations\MagCast_RunStrafeLeft.HKX will be treated as interruptible because there are interruptible potential replacements
[2025-08-24 01:03:19.647] [info] [109364] [ReplacerMods.cpp:1163] original animation Animations\DMagSelfConCharge.hkx will be treated as interruptible because there are interruptible potential replacements
[2025-08-24 01:03:19.647] [info] [109364] [ReplacerMods.cpp:1163] original animation Animations\AOBarStoolIdlePlayer.hkx will be treated as interruptible because there are interruptible potential replacements
[2025-08-24 01:03:19.647] [info] [109364] [ReplacerMods.cpp:1163] original animation Animations\MT_JumpFall.hkx will be treated as interruptible because there are interruptible potential replacements
[2025-08-24 01:03:19.647] [info] [109364] [ReplacerMods.cpp:1180] original animation Animations\MT_JumpFall.hkx will replace on echo because there are potential replacements that do
[2025-08-24 01:03:19.647] [info] [109364] [ReplacerMods.cpp:1163] original animation Animations\SwimForward.hkx will be treated as interruptible because there are interruptible potential replacements
[2025-08-24 01:03:19.647] [info] [109364] [ReplacerMods.cpp:1180] original animation Animations\male\MT_IdleLookingA.hkx will replace on echo because there are potential replacements that do
[2025-08-24 01:03:19.647] [info] [109364] [ReplacerMods.cpp:1163] original animation Animations\male\MT_RunBackwardRight.hkx will be treated as interruptible because there are interruptible potential replacements
[2025-08-24 01:03:19.647] [info] [109364] [ReplacerMods.cpp:1163] original animation Animations\CartTravelDriverIdle.hkx will be treated as interruptible because there are interruptible potential replacements
[2025-08-24 01:03:19.647] [info] [109364] [ReplacerMods.cpp:1180] original animation Animations\male\MT_idle_A_sway_fast.hkx will replace on echo because there are potential replacements that do
[2025-08-24 01:03:19.647] [info] [109364] [ReplacerMods.cpp:1163] original animation Animations\DLC01\CrossbowSprintForward.hkx will be treated as interruptible because there are interruptible potential replacements
[2025-08-24 01:03:19.647] [info] [109364] [ReplacerMods.cpp:1163] original animation Animations\DMagPreSelfConCharge.hkx will be treated as interruptible because there are interruptible potential replacements
[2025-08-24 01:03:19.647] [info] [109364] [ReplacerMods.cpp:1163] original animation Animations\male\MT_WalkForward.hkx will be treated as interruptible because there are interruptible potential replacements
[2025-08-24 01:03:19.647] [info] [109364] [ReplacerMods.cpp:1163] original animation Animations\Magic_SprintForward.hkx will be treated as interruptible because there are interruptible potential replacements
[2025-08-24 01:03:19.647] [info] [109364] [ReplacerMods.cpp:1163] original animation Animations\CombatIdleStretchingA.hkx will be treated as interruptible because there are interruptible potential replacements
[2025-08-24 01:03:19.647] [info] [109364] [ReplacerMods.cpp:1163] original animation Animations\CombatIdleStretchingB.hkx will be treated as interruptible because there are interruptible potential replacements
[2025-08-24 01:03:19.647] [info] [109364] [ReplacerMods.cpp:1163] original animation Animations\CraftingCookingPotStir.hkx will be treated as interruptible because there are interruptible potential replacements
[2025-08-24 01:03:19.647] [info] [109364] [ReplacerMods.cpp:1163] original animation Animations\MLh_PreCharge.hkx will be treated as interruptible because there are interruptible potential replacements
[2025-08-24 01:03:19.647] [info] [109364] [ReplacerMods.cpp:1163] original animation Animations\MLh_Idle.hkx will be treated as interruptible because there are interruptible potential replacements
[2025-08-24 01:03:19.647] [info] [109364] [ReplacerMods.cpp:1163] original animation Animations\MLh_SelfChargeLoop.hkx will be treated as interruptible because there are interruptible potential replacements
[2025-08-24 01:03:19.647] [info] [109364] [ReplacerMods.cpp:1163] original animation Animations\MLh_PreSelfCon.hkx will be treated as interruptible because there are interruptible potential replacements
[2025-08-24 01:03:19.647] [info] [109364] [ReplacerMods.cpp:1163] original animation Animations\MLh_ChargeLoop.hkx will be treated as interruptible because there are interruptible potential replacements
[2025-08-24 01:03:19.647] [info] [109364] [ReplacerMods.cpp:1163] original animation Animations\MLh_ReadyLoop.hkx will be treated as interruptible because there are interruptible potential replacements
[2025-08-24 01:03:19.647] [info] [109364] [ReplacerMods.cpp:1163] original animation Animations\MLh_TelekinesisLoop.hkx will be treated as interruptible because there are interruptible potential replacements
[2025-08-24 01:03:19.647] [info] [109364] [ReplacerMods.cpp:1163] original animation Animations\MRh_PreAimedCon.hkx will be treated as interruptible because there are interruptible potential replacements
[2025-08-24 01:03:19.647] [info] [109364] [ReplacerMods.cpp:1163] original animation Animations\Torch_SprintForward.hkx will be treated as interruptible because there are interruptible potential replacements
[2025-08-24 01:03:19.647] [info] [109364] [ReplacerMods.cpp:1163] original animation Animations\MRh_and_MLh_Unequip.hkx will be treated as interruptible because there are interruptible potential replacements
[2025-08-24 01:03:19.647] [info] [109364] [ReplacerMods.cpp:1163] original animation Animations\MRh_WardLoop.hkx will be treated as interruptible because there are interruptible potential replacements
[2025-08-24 01:03:19.647] [info] [109364] [ReplacerMods.cpp:1163] original animation Animations\MRh_SelfPreCharge.hkx will be treated as interruptible because there are interruptible potential replacements
[2025-08-24 01:03:19.647] [info] [109364] [ReplacerMods.cpp:1163] original animation Animations\MRh_PreWardCharge.hkx will be treated as interruptible because there are interruptible potential replacements
[2025-08-24 01:03:19.647] [info] [109364] [ReplacerMods.cpp:1163] original animation Animations\MRh_Unequip.hkx will be treated as interruptible because there are interruptible potential replacements
[2025-08-24 01:03:19.647] [info] [109364] [ReplacerMods.cpp:1163] original animation Animations\StaffMagicRight_WalkArm.hkx will be treated as interruptible because there are interruptible potential replacements
[2025-08-24 01:03:19.647] [info] [109364] [ReplacerMods.cpp:1163] original animation Animations\MRh_SelfRelease.hkx will be treated as interruptible because there are interruptible potential replacements
[2025-08-24 01:03:19.647] [info] [109364] [ReplacerMods.cpp:1163] original animation Animations\DMagAimConCharge.hkx will be treated as interruptible because there are interruptible potential replacements
[2025-08-24 01:03:19.647] [info] [109364] [ReplacerMods.cpp:1163] original animation Animations\MLh_SelfReadyLoop.hkx will be treated as interruptible because there are interruptible potential replacements
[2025-08-24 01:03:19.647] [info] [109364] [ReplacerMods.cpp:1163] original animation Animations\DMagPreAimConCharge.hkx will be treated as interruptible because there are interruptible potential replacements
[2025-08-24 01:03:19.647] [info] [109364] [ReplacerMods.cpp:1163] original animation Animations\MLh_WardCharge.hkx will be treated as interruptible because there are interruptible potential replacements
[2025-08-24 01:03:19.647] [info] [109364] [ReplacerMods.cpp:1163] original animation Animations\DW_SprintForwardSword.hkx will be treated as interruptible because there are interruptible potential replacements
[2025-08-24 01:03:19.647] [info] [109364] [ReplacerMods.cpp:1163] original animation Animations\Mag_RunStrafeRight.HKX will be treated as interruptible because there are interruptible potential replacements
[2025-08-24 01:03:19.647] [info] [109364] [ReplacerMods.cpp:1163] original animation Animations\Mag_RunForward.HKX will be treated as interruptible because there are interruptible potential replacements
[2025-08-24 01:03:19.647] [info] [109364] [ReplacerMods.cpp:1180] original animation Animations\modernstaggerlock\MSL_staggerBackwardSmall.hkx will replace on echo because there are potential replacements that do
[2025-08-24 01:03:19.647] [info] [109364] [ReplacerMods.cpp:1163] original animation Animations\MagCast_RunForward.HKX will be treated as interruptible because there are interruptible potential replacements
[2025-08-24 01:03:19.647] [info] [109364] [ReplacerMods.cpp:1163] original animation Animations\MagCast_RunBackwrdLeft.hkx will be treated as interruptible because there are interruptible potential replacements
[2025-08-24 01:03:19.647] [info] [109364] [ReplacerMods.cpp:1163] original animation Animations\RitualSpell_Release.hkx will be treated as interruptible because there are interruptible potential replacements
[2025-08-24 01:03:19.647] [info] [109364] [ReplacerMods.cpp:1163] original animation Animations\IdleKneelEnter.hkx will be treated as interruptible because there are interruptible potential replacements
[2025-08-24 01:03:19.647] [info] [109364] [ReplacerMods.cpp:1163] original animation Animations\MagCast_WalkFrwrdRight.hkx will be treated as interruptible because there are interruptible potential replacements
[2025-08-24 01:03:19.647] [info] [109364] [ReplacerMods.cpp:1163] original animation Animations\IdleKneelExit.hkx will be treated as interruptible because there are interruptible potential replacements
[2025-08-24 01:03:19.647] [info] [109364] [ReplacerMods.cpp:1163] original animation Animations\IdleKneelIdle.hkx will be treated as interruptible because there are interruptible potential replacements
[2025-08-24 01:03:19.647] [info] [109364] [ReplacerMods.cpp:1163] original animation Animations\Mag_RunBackward.hkx will be treated as interruptible because there are interruptible potential replacements
[2025-08-24 01:03:19.647] [info] [109364] [ReplacerMods.cpp:1163] original animation Animations\Mag_RunBackwardRight.hkx will be treated as interruptible because there are interruptible potential replacements
[2025-08-24 01:03:19.647] [info] [109364] [ReplacerMods.cpp:1163] original animation Animations\TableBackExit.hkx will be treated as interruptible because there are interruptible potential replacements
[2025-08-24 01:03:19.647] [info] [109364] [ReplacerMods.cpp:1163] original animation Animations\Mag_RunForwardLeft.HKX will be treated as interruptible because there are interruptible potential replacements
[2025-08-24 01:03:19.647] [info] [109364] [ReplacerMods.cpp:1163] original animation Animations\Mag_RunRight.HKX will be treated as interruptible because there are interruptible potential replacements
[2025-08-24 01:03:19.647] [info] [109364] [ReplacerMods.cpp:1163] original animation Animations\Mag_RunStrafeLeft.HKX will be treated as interruptible because there are interruptible potential replacements
[2025-08-24 01:03:19.647] [info] [109364] [ReplacerMods.cpp:1163] original animation Animations\Mag_WalkBackward.hkx will be treated as interruptible because there are interruptible potential replacements
[2025-08-24 01:03:19.648] [info] [109364] [ReplacerMods.cpp:1163] original animation Animations\Mag_WalkBackwardLeft.hkx will be treated as interruptible because there are interruptible potential replacements
[2025-08-24 01:03:19.648] [info] [109364] [ReplacerMods.cpp:1163] original animation Animations\Mag_WalkBackwardRight.hkx will be treated as interruptible because there are interruptible potential replacements
[2025-08-24 01:03:19.648] [info] [109364] [ReplacerMods.cpp:1163] original animation Animations\Mag_WalkForward.hkx will be treated as interruptible because there are interruptible potential replacements
[2025-08-24 01:03:19.648] [info] [109364] [ReplacerMods.cpp:1163] original animation Animations\Mag_WalkForwardLeft.hkx will be treated as interruptible because there are interruptible potential replacements
[2025-08-24 01:03:19.648] [info] [109364] [ReplacerMods.cpp:1163] original animation Animations\Mag_WalkForwardRight.hkx will be treated as interruptible because there are interruptible potential replacements
[2025-08-24 01:03:19.648] [info] [109364] [ReplacerMods.cpp:1163] original animation Animations\Mag_WalkLeft.hkx will be treated as interruptible because there are interruptible potential replacements
[2025-08-24 01:03:19.648] [info] [109364] [ReplacerMods.cpp:1163] original animation Animations\Mag_WalkRight.hkx will be treated as interruptible because there are interruptible potential replacements
[2025-08-24 01:03:19.648] [info] [109364] [ReplacerMods.cpp:1163] original animation Animations\MagCast_RunBckwrdRight.hkx will be treated as interruptible because there are interruptible potential replacements
[2025-08-24 01:03:19.648] [info] [109364] [ReplacerMods.cpp:1163] original animation Animations\MagCast_RunForwardLeft.HKX will be treated as interruptible because there are interruptible potential replacements
[2025-08-24 01:03:19.648] [info] [109364] [ReplacerMods.cpp:1163] original animation Animations\MagCast_RunFrwrdRight.HKX will be treated as interruptible because there are interruptible potential replacements
[2025-08-24 01:03:19.648] [info] [109364] [ReplacerMods.cpp:1163] original animation Animations\MagCast_RunLeft.HKX will be treated as interruptible because there are interruptible potential replacements
[2025-08-24 01:03:19.648] [info] [109364] [ReplacerMods.cpp:1163] original animation Animations\MagCast_RunRight.HKX will be treated as interruptible because there are interruptible potential replacements
[2025-08-24 01:03:19.648] [info] [109364] [ReplacerMods.cpp:1163] original animation Animations\MagCast_RunStrafeRight.HKX will be treated as interruptible because there are interruptible potential replacements
[2025-08-24 01:03:19.648] [info] [109364] [ReplacerMods.cpp:1163] original animation Animations\MagCast_WalkBackward.hkx will be treated as interruptible because there are interruptible potential replacements
[2025-08-24 01:03:19.648] [info] [109364] [ReplacerMods.cpp:1163] original animation Animations\MagCast_WalkBckwrdLeft.hkx will be treated as interruptible because there are interruptible potential replacements
[2025-08-24 01:03:19.648] [info] [109364] [ReplacerMods.cpp:1163] original animation Animations\MagCast_WalkBckwrdRht.hkx will be treated as interruptible because there are interruptible potential replacements
[2025-08-24 01:03:19.648] [info] [109364] [ReplacerMods.cpp:1163] original animation Animations\MagCast_WalkForward.hkx will be treated as interruptible because there are interruptible potential replacements
[2025-08-24 01:03:19.648] [info] [109364] [ReplacerMods.cpp:1163] original animation Animations\MagCast_WalkLeft.hkx will be treated as interruptible because there are interruptible potential replacements
[2025-08-24 01:03:19.648] [info] [109364] [ReplacerMods.cpp:1163] original animation Animations\MagCast_WalkRight.hkx will be treated as interruptible because there are interruptible potential replacements
[2025-08-24 01:03:19.648] [info] [109364] [ReplacerMods.cpp:1163] original animation Animations\MLh_PreAimedCon.hkx will be treated as interruptible because there are interruptible potential replacements
[2025-08-24 01:03:19.648] [info] [109364] [ReplacerMods.cpp:1163] original animation Animations\MLh_PreTelekinesis.hkx will be treated as interruptible because there are interruptible potential replacements
[2025-08-24 01:03:19.648] [info] [109364] [ReplacerMods.cpp:1163] original animation Animations\MLh_PreWardCharge.hkx will be treated as interruptible because there are interruptible potential replacements
[2025-08-24 01:03:19.648] [info] [109364] [ReplacerMods.cpp:1163] original animation Animations\MLhMRh_AimedConcentrationLoop.hkx will be treated as interruptible because there are interruptible potential replacements
[2025-08-24 01:03:19.648] [info] [109364] [ReplacerMods.cpp:1163] original animation Animations\MRh_AimedConcentration.hkx will be treated as interruptible because there are interruptible potential replacements
[2025-08-24 01:03:19.648] [info] [109364] [ReplacerMods.cpp:1163] original animation Animations\MRh_and_MLh_Equip.hkx will be treated as interruptible because there are interruptible potential replacements
[2025-08-24 01:03:19.648] [info] [109364] [ReplacerMods.cpp:1163] original animation Animations\MRh_Equip.hkx will be treated as interruptible because there are interruptible potential replacements
[2025-08-24 01:03:19.648] [info] [109364] [ReplacerMods.cpp:1163] original animation Animations\MRh_PreCharge.hkx will be treated as interruptible because there are interruptible potential replacements
[2025-08-24 01:03:19.648] [info] [109364] [ReplacerMods.cpp:1163] original animation Animations\MRh_PreSelfCon.hkx will be treated as interruptible because there are interruptible potential replacements
[2025-08-24 01:03:19.648] [info] [109364] [ReplacerMods.cpp:1163] original animation Animations\MRh_ReadyLoop.hkx will be treated as interruptible because there are interruptible potential replacements
[2025-08-24 01:03:19.648] [info] [109364] [ReplacerMods.cpp:1163] original animation Animations\MRh_SelfChargeLoop.hkx will be treated as interruptible because there are interruptible potential replacements
[2025-08-24 01:03:19.648] [info] [109364] [ReplacerMods.cpp:1163] original animation Animations\MRh_SelfConcentration.hkx will be treated as interruptible because there are interruptible potential replacements
[2025-08-24 01:03:19.648] [info] [109364] [ReplacerMods.cpp:1163] original animation Animations\MRh_TelekinesisLoop.hkx will be treated as interruptible because there are interruptible potential replacements
[2025-08-24 01:03:19.648] [info] [109364] [ReplacerMods.cpp:1163] original animation Animations\MRh_WardCharge.hkx will be treated as interruptible because there are interruptible potential replacements
[2025-08-24 01:03:19.648] [info] [109364] [ReplacerMods.cpp:1163] original animation Animations\male\MT_WalkBackwardRight.hkx will be treated as interruptible because there are interruptible potential replacements
[2025-08-24 01:03:19.648] [info] [109364] [ReplacerMods.cpp:1163] original animation Animations\male\MT_Idle.HKX will be treated as interruptible because there are interruptible potential replacements
[2025-08-24 01:03:19.648] [info] [109364] [ReplacerMods.cpp:1180] original animation Animations\male\MT_Idle.HKX will replace on echo because there are potential replacements that do
[2025-08-24 01:03:19.648] [info] [109364] [ReplacerMods.cpp:1180] original animation Animations\male\MT_idle_A_shoulders.hkx will replace on echo because there are potential replacements that do
[2025-08-24 01:03:19.648] [info] [109364] [ReplacerMods.cpp:1180] original animation Animations\male\MT_IdleLookingB.hkx will replace on echo because there are potential replacements that do
[2025-08-24 01:03:19.648] [info] [109364] [ReplacerMods.cpp:1163] original animation Animations\male\MT_IdleLookingD.hkx will be treated as interruptible because there are interruptible potential replacements
[2025-08-24 01:03:19.648] [info] [109364] [ReplacerMods.cpp:1180] original animation Animations\male\MT_IdleLookingD.hkx will replace on echo because there are potential replacements that do
[2025-08-24 01:03:19.648] [info] [109364] [ReplacerMods.cpp:1163] original animation Animations\male\MT_RunForward.hkx will be treated as interruptible because there are interruptible potential replacements
[2025-08-24 01:03:19.648] [info] [109364] [ReplacerMods.cpp:1163] original animation Animations\MT_SprintForwardSword.hkx will be treated as interruptible because there are interruptible potential replacements
[2025-08-24 01:03:19.648] [info] [109364] [ReplacerMods.cpp:1163] original animation Animations\MT_TurnRight60.hkx will be treated as interruptible because there are interruptible potential replacements
[2025-08-24 01:03:19.648] [info] [109364] [ReplacerMods.cpp:1163] original animation Animations\male\MT_WalkRight.hkx will be treated as interruptible because there are interruptible potential replacements
[2025-08-24 01:03:19.648] [info] [109364] [ReplacerMods.cpp:1163] original animation Animations\RitualSpell_AimRelease.hkx will be treated as interruptible because there are interruptible potential replacements
[2025-08-24 01:03:19.648] [info] [109364] [ReplacerMods.cpp:1163] original animation Animations\RitualSpell_Charge.hkx will be treated as interruptible because there are interruptible potential replacements
[2025-08-24 01:03:19.648] [info] [109364] [ReplacerMods.cpp:1163] original animation Animations\RitualSpell_Ready.hkx will be treated as interruptible because there are interruptible potential replacements
[2025-08-24 01:03:19.648] [info] [109364] [ReplacerMods.cpp:1163] original animation Animations\Shd_BlockIdle.hkx will be treated as interruptible because there are interruptible potential replacements
[2025-08-24 01:03:19.648] [info] [109364] [ReplacerMods.cpp:1163] original animation Animations\SwimBackward.hkx will be treated as interruptible because there are interruptible potential replacements
[2025-08-24 01:03:19.648] [info] [109364] [ReplacerMods.cpp:1163] original animation Animations\SwimLeft.hkx will be treated as interruptible because there are interruptible potential replacements
[2025-08-24 01:03:19.648] [info] [109364] [ReplacerMods.cpp:1163] original animation Animations\StaffMagic_RunArm.HKX will be treated as interruptible because there are interruptible potential replacements
[2025-08-24 01:03:19.648] [info] [109364] [ReplacerMods.cpp:1163] original animation Animations\StaffMagic_WalkArm.hkx will be treated as interruptible because there are interruptible potential replacements
[2025-08-24 01:03:19.648] [info] [109364] [ReplacerMods.cpp:1163] original animation Animations\StaffRight_Idle.hkx will be treated as interruptible because there are interruptible potential replacements
[2025-08-24 01:03:19.648] [info] [109364] [ReplacerMods.cpp:1163] original animation Animations\StaffRightLeft_Sprint.hkx will be treated as interruptible because there are interruptible potential replacements
[2025-08-24 01:03:19.648] [info] [109364] [ReplacerMods.cpp:1163] original animation Animations\Stf_Equip.hkx will be treated as interruptible because there are interruptible potential replacements
[2025-08-24 01:03:19.648] [info] [109364] [ReplacerMods.cpp:1163] original animation Animations\SwimRight.hkx will be treated as interruptible because there are interruptible potential replacements
[2025-08-24 01:03:19.648] [info] [109364] [ReplacerMods.cpp:1163] original animation Animations\TableBackEnter.hkx will be treated as interruptible because there are interruptible potential replacements
[2025-08-24 01:03:19.648] [info] [109364] [ReplacerMods.cpp:1163] original animation Animations\Tor_Idle.hkx will be treated as interruptible because there are interruptible potential replacements
[2025-08-24 01:03:19.648] [info] [109364] [ReplacerMods.cpp:1180] original animation Animations\MaxsuBlockOverhaul\Maxsu_WeaponGuardBreak.hkx will replace on echo because there are potential replacements that do
[2025-08-24 01:03:19.648] [info] [109364] [ReplacerMods.cpp:1180] original animation Animations\MaxsuBlockOverhaul\Maxsu_ShieldGuardBreak.hkx will replace on echo because there are potential replacements that do
[2025-08-24 01:03:19.648] [info] [109364] [ReplacerMods.cpp:1163] original animation Animations\GPMAOffsetAnimation.hkx will be treated as interruptible because there are interruptible potential replacements
[2025-08-24 01:03:19.648] [info] [109364] [ReplacerMods.cpp:1180] original animation Animations\modernstaggerlock\MSL_staggerBackwardLarge.hkx will replace on echo because there are potential replacements that do
[2025-08-24 01:03:19.648] [info] [109364] [ReplacerMods.cpp:1180] original animation Animations\modernstaggerlock\MSL_staggerBackwardLargest.hkx will replace on echo because there are potential replacements that do
[2025-08-24 01:03:20.045] [info] [109364] [OpenAnimationReplacer.cpp:606] Filtered out 3172 duplicate animations in project DefaultMale
[2025-08-24 01:03:20.045] [info] [109364] [OpenAnimationReplacer.cpp:611] Time spent creating replacement animations for Actors\Character\:
[2025-08-24 01:03:20.045] [info] [109364] [OpenAnimationReplacer.cpp:612]   Parsing: 666ms
[2025-08-24 01:03:20.045] [info] [109364] [OpenAnimationReplacer.cpp:613]   Updating animations in submods: 398ms
[2025-08-24 01:03:20.045] [info] [109364] [OpenAnimationReplacer.cpp:614]   Initializing replacment animations: 0ms
[2025-08-24 01:03:20.045] [info] [109364] [OpenAnimationReplacer.cpp:615]   Total: 1065ms
[2025-08-24 01:03:20.426] [info] [109364] [OpenAnimationReplacer.cpp:549] Creating replacement animations for Actors\Character\...
[2025-08-24 01:03:21.214] [info] [109364] [ReplacerMods.cpp:1180] original animation Animations\female\MT_IdleLookingC.hkx will replace on echo because there are potential replacements that do
[2025-08-24 01:03:21.214] [info] [109364] [ReplacerMods.cpp:1163] original animation Animations\female\MT_RunForwardLeft.hkx will be treated as interruptible because there are interruptible potential replacements
[2025-08-24 01:03:21.214] [info] [109364] [ReplacerMods.cpp:1163] original animation Animations\MLh_Equip.hkx will be treated as interruptible because there are interruptible potential replacements
[2025-08-24 01:03:21.214] [info] [109364] [ReplacerMods.cpp:1163] original animation Animations\MLh_SelfRelease.hkx will be treated as interruptible because there are interruptible potential replacements
[2025-08-24 01:03:21.214] [info] [109364] [ReplacerMods.cpp:1163] original animation Animations\Bow_Sprint.hkx will be treated as interruptible because there are interruptible potential replacements
[2025-08-24 01:03:21.214] [info] [109364] [ReplacerMods.cpp:1163] original animation Animations\MLh_PreReady.hkx will be treated as interruptible because there are interruptible potential replacements
[2025-08-24 01:03:21.214] [info] [109364] [ReplacerMods.cpp:1163] original animation Animations\1HM_Unequip.hkx will be treated as interruptible because there are interruptible potential replacements
[2025-08-24 01:03:21.214] [info] [109364] [ReplacerMods.cpp:1163] original animation Animations\MLh_PreWardLoop.hkx will be treated as interruptible because there are interruptible potential replacements
[2025-08-24 01:03:21.214] [info] [109364] [ReplacerMods.cpp:1163] original animation Animations\female\MT_RunBackward.hkx will be treated as interruptible because there are interruptible potential replacements
[2025-08-24 01:03:21.214] [info] [109364] [ReplacerMods.cpp:1180] original animation Animations\modernstaggerlock\MSL_staggerBackwardMedium.hkx will replace on echo because there are potential replacements that do
[2025-08-24 01:03:21.214] [info] [109364] [ReplacerMods.cpp:1163] original animation Animations\OffsetArmsCrossed.HKX will be treated as interruptible because there are interruptible potential replacements
[2025-08-24 01:03:21.214] [info] [109364] [ReplacerMods.cpp:1180] original animation Animations\OffsetArmsCrossed.HKX will replace on echo because there are potential replacements that do
[2025-08-24 01:03:21.214] [info] [109364] [ReplacerMods.cpp:1163] original animation Animations\MLh_SelfConcentration.hkx will be treated as interruptible because there are interruptible potential replacements
[2025-08-24 01:03:21.214] [info] [109364] [ReplacerMods.cpp:1163] original animation Animations\MRh_Idle.hkx will be treated as interruptible because there are interruptible potential replacements
[2025-08-24 01:03:21.214] [info] [109364] [ReplacerMods.cpp:1163] original animation Animations\1HM_WalkForward.hkx will be treated as interruptible because there are interruptible potential replacements
[2025-08-24 01:03:21.214] [info] [109364] [ReplacerMods.cpp:1180] original animation Animations\female\MT_idle_A_soft_right.hkx will replace on echo because there are potential replacements that do
[2025-08-24 01:03:21.214] [info] [109364] [ReplacerMods.cpp:1163] original animation Animations\1HM_WalkForwardLeft.hkx will be treated as interruptible because there are interruptible potential replacements
[2025-08-24 01:03:21.215] [info] [109364] [ReplacerMods.cpp:1163] original animation Animations\female\MT_RunForwardRight.hkx will be treated as interruptible because there are interruptible potential replacements
[2025-08-24 01:03:21.215] [info] [109364] [ReplacerMods.cpp:1163] original animation Animations\1HM_WalkForwardRight.hkx will be treated as interruptible because there are interruptible potential replacements
[2025-08-24 01:03:21.215] [info] [109364] [ReplacerMods.cpp:1163] original animation Animations\MLh_Unequip.hkx will be treated as interruptible because there are interruptible potential replacements
[2025-08-24 01:03:21.215] [info] [109364] [ReplacerMods.cpp:1163] original animation Animations\female\MT_RunLeft.hkx will be treated as interruptible because there are interruptible potential replacements
[2025-08-24 01:03:21.215] [info] [109364] [ReplacerMods.cpp:1163] original animation Animations\1HM_BoundSwordEquip.hkx will be treated as interruptible because there are interruptible potential replacements
[2025-08-24 01:03:21.215] [info] [109364] [ReplacerMods.cpp:1163] original animation Animations\female\MT_RunRight.hkx will be treated as interruptible because there are interruptible potential replacements
[2025-08-24 01:03:21.215] [info] [109364] [ReplacerMods.cpp:1163] original animation Animations\1HM_Equip.hkx will be treated as interruptible because there are interruptible potential replacements
[2025-08-24 01:03:21.215] [info] [109364] [ReplacerMods.cpp:1163] original animation Animations\1HM_Idle.hkx will be treated as interruptible because there are interruptible potential replacements
[2025-08-24 01:03:21.215] [info] [109364] [ReplacerMods.cpp:1163] original animation Animations\Staff_Idle.hkx will be treated as interruptible because there are interruptible potential replacements
[2025-08-24 01:03:21.215] [info] [109364] [ReplacerMods.cpp:1163] original animation Animations\female\MT_WalkForwardRight.hkx will be treated as interruptible because there are interruptible potential replacements
[2025-08-24 01:03:21.215] [info] [109364] [ReplacerMods.cpp:1163] original animation Animations\MRh_Release.hkx will be treated as interruptible because there are interruptible potential replacements
[2025-08-24 01:03:21.215] [info] [109364] [ReplacerMods.cpp:1163] original animation Animations\female\MT_SprintForward.hkx will be treated as interruptible because there are interruptible potential replacements
[2025-08-24 01:03:21.215] [info] [109364] [ReplacerMods.cpp:1180] original animation Animations\female\MT_idle_A_left_long.hkx will replace on echo because there are potential replacements that do
[2025-08-24 01:03:21.215] [info] [109364] [ReplacerMods.cpp:1180] original animation Animations\female\MT_idle_A_leg_shift.hkx will replace on echo because there are potential replacements that do
[2025-08-24 01:03:21.215] [info] [109364] [ReplacerMods.cpp:1163] original animation Animations\1HM_RunForward.HKX will be treated as interruptible because there are interruptible potential replacements
[2025-08-24 01:03:21.215] [info] [109364] [ReplacerMods.cpp:1163] original animation Animations\Mag_RunBackwardLeft.hkx will be treated as interruptible because there are interruptible potential replacements
[2025-08-24 01:03:21.215] [info] [109364] [ReplacerMods.cpp:1163] original animation Animations\female\MT_RunBackwardLeft.hkx will be treated as interruptible because there are interruptible potential replacements
[2025-08-24 01:03:21.215] [info] [109364] [ReplacerMods.cpp:1180] original animation Animations\female\MT_idle_A_sigh_var1.hkx will replace on echo because there are potential replacements that do
[2025-08-24 01:03:21.215] [info] [109364] [ReplacerMods.cpp:1163] original animation Animations\Mag_RunForwardRight.HKX will be treated as interruptible because there are interruptible potential replacements
[2025-08-24 01:03:21.215] [info] [109364] [ReplacerMods.cpp:1180] original animation Animations\female\MT_idle_A_sigh_var2.hkx will replace on echo because there are potential replacements that do
[2025-08-24 01:03:21.215] [info] [109364] [ReplacerMods.cpp:1163] original animation Animations\MLh_Release.hkx will be treated as interruptible because there are interruptible potential replacements
[2025-08-24 01:03:21.215] [info] [109364] [ReplacerMods.cpp:1163] original animation Animations\MLh_AimedConcentration.hkx will be treated as interruptible because there are interruptible potential replacements
[2025-08-24 01:03:21.215] [info] [109364] [ReplacerMods.cpp:1180] original animation Animations\female\MT_idle_A_shakeout.hkx will replace on echo because there are potential replacements that do
[2025-08-24 01:03:21.215] [info] [109364] [ReplacerMods.cpp:1163] original animation Animations\MRh_and_MLh_ForceEquip.hkx will be treated as interruptible because there are interruptible potential replacements
[2025-08-24 01:03:21.215] [info] [109364] [ReplacerMods.cpp:1163] original animation Animations\MRh_PreTelekinesis.hkx will be treated as interruptible because there are interruptible potential replacements
[2025-08-24 01:03:21.215] [info] [109364] [ReplacerMods.cpp:1163] original animation Animations\MT_TurnLeft60.hkx will be treated as interruptible because there are interruptible potential replacements
[2025-08-24 01:03:21.215] [info] [109364] [ReplacerMods.cpp:1163] original animation Animations\MT_TurnRight360.HKX will be treated as interruptible because there are interruptible potential replacements
[2025-08-24 01:03:21.215] [info] [109364] [ReplacerMods.cpp:1163] original animation Animations\MRh_SelfReadyLoop.hkx will be treated as interruptible because there are interruptible potential replacements
[2025-08-24 01:03:21.215] [info] [109364] [ReplacerMods.cpp:1163] original animation Animations\female\MT_WalkForwardLeft.hkx will be treated as interruptible because there are interruptible potential replacements
[2025-08-24 01:03:21.215] [info] [109364] [ReplacerMods.cpp:1163] original animation Animations\MRh_PreWardLoop.hkx will be treated as interruptible because there are interruptible potential replacements
[2025-08-24 01:03:21.215] [info] [109364] [ReplacerMods.cpp:1163] original animation Animations\Special_JarlChairIdleWR.HKX will be treated as interruptible because there are interruptible potential replacements
[2025-08-24 01:03:21.215] [info] [109364] [ReplacerMods.cpp:1163] original animation Animations\MT_TurnLeft360.HKX will be treated as interruptible because there are interruptible potential replacements
[2025-08-24 01:03:21.215] [info] [109364] [ReplacerMods.cpp:1163] original animation Animations\MLh_WardLoop.hkx will be treated as interruptible because there are interruptible potential replacements
[2025-08-24 01:03:21.215] [info] [109364] [ReplacerMods.cpp:1163] original animation Animations\MagCast_RunBackward.hkx will be treated as interruptible because there are interruptible potential replacements
[2025-08-24 01:03:21.215] [info] [109364] [ReplacerMods.cpp:1163] original animation Animations\2HM_SprintForwardSword.hkx will be treated as interruptible because there are interruptible potential replacements
[2025-08-24 01:03:21.215] [info] [109364] [ReplacerMods.cpp:1163] original animation Animations\female\MT_WalkBackward.hkx will be treated as interruptible because there are interruptible potential replacements
[2025-08-24 01:03:21.215] [info] [109364] [ReplacerMods.cpp:1163] original animation Animations\female\MT_WalkBackwardLeft.hkx will be treated as interruptible because there are interruptible potential replacements
[2025-08-24 01:03:21.215] [info] [109364] [ReplacerMods.cpp:1163] original animation Animations\female\MT_WalkLeft.hkx will be treated as interruptible because there are interruptible potential replacements
[2025-08-24 01:03:21.215] [info] [109364] [ReplacerMods.cpp:1163] original animation Animations\MRh_ChargeLoop.hkx will be treated as interruptible because there are interruptible potential replacements
[2025-08-24 01:03:21.215] [info] [109364] [ReplacerMods.cpp:1163] original animation Animations\AOBarTableIdlePlayer.hkx will be treated as interruptible because there are interruptible potential replacements
[2025-08-24 01:03:21.215] [info] [109364] [ReplacerMods.cpp:1163] original animation Animations\MagCast_WalkForwrdLeft.hkx will be treated as interruptible because there are interruptible potential replacements
[2025-08-24 01:03:21.215] [info] [109364] [ReplacerMods.cpp:1163] original animation Animations\Mag_RunLeft.HKX will be treated as interruptible because there are interruptible potential replacements
[2025-08-24 01:03:21.215] [info] [109364] [ReplacerMods.cpp:1163] original animation Animations\2HW_SprintForwardSword.hkx will be treated as interruptible because there are interruptible potential replacements
[2025-08-24 01:03:21.215] [info] [109364] [ReplacerMods.cpp:1163] original animation Animations\MagCast_RunStrafeLeft.HKX will be treated as interruptible because there are interruptible potential replacements
[2025-08-24 01:03:21.215] [info] [109364] [ReplacerMods.cpp:1163] original animation Animations\DMagSelfConCharge.hkx will be treated as interruptible because there are interruptible potential replacements
[2025-08-24 01:03:21.215] [info] [109364] [ReplacerMods.cpp:1163] original animation Animations\AOBarStoolIdlePlayer.hkx will be treated as interruptible because there are interruptible potential replacements
[2025-08-24 01:03:21.215] [info] [109364] [ReplacerMods.cpp:1163] original animation Animations\MT_JumpFall.hkx will be treated as interruptible because there are interruptible potential replacements
[2025-08-24 01:03:21.215] [info] [109364] [ReplacerMods.cpp:1180] original animation Animations\MT_JumpFall.hkx will replace on echo because there are potential replacements that do
[2025-08-24 01:03:21.215] [info] [109364] [ReplacerMods.cpp:1163] original animation Animations\SwimForward.hkx will be treated as interruptible because there are interruptible potential replacements
[2025-08-24 01:03:21.215] [info] [109364] [ReplacerMods.cpp:1180] original animation Animations\female\MT_IdleLookingA.hkx will replace on echo because there are potential replacements that do
[2025-08-24 01:03:21.215] [info] [109364] [ReplacerMods.cpp:1163] original animation Animations\female\MT_RunBackwardRight.hkx will be treated as interruptible because there are interruptible potential replacements
[2025-08-24 01:03:21.215] [info] [109364] [ReplacerMods.cpp:1163] original animation Animations\CartTravelDriverIdle.hkx will be treated as interruptible because there are interruptible potential replacements
[2025-08-24 01:03:21.215] [info] [109364] [ReplacerMods.cpp:1163] original animation Animations\female\Chair_IdleBaseVar1.hkx will be treated as interruptible because there are interruptible potential replacements
[2025-08-24 01:03:21.215] [info] [109364] [ReplacerMods.cpp:1163] original animation Animations\female\Chair_IdleBaseVar2.hkx will be treated as interruptible because there are interruptible potential replacements
[2025-08-24 01:03:21.215] [info] [109364] [ReplacerMods.cpp:1180] original animation Animations\female\MT_idle_A_sway_fast.hkx will replace on echo because there are potential replacements that do
[2025-08-24 01:03:21.215] [info] [109364] [ReplacerMods.cpp:1163] original animation Animations\DLC01\CrossbowSprintForward.hkx will be treated as interruptible because there are interruptible potential replacements
[2025-08-24 01:03:21.215] [info] [109364] [ReplacerMods.cpp:1163] original animation Animations\DMagPreSelfConCharge.hkx will be treated as interruptible because there are interruptible potential replacements
[2025-08-24 01:03:21.215] [info] [109364] [ReplacerMods.cpp:1163] original animation Animations\female\MT_WalkForward.hkx will be treated as interruptible because there are interruptible potential replacements
[2025-08-24 01:03:21.215] [info] [109364] [ReplacerMods.cpp:1163] original animation Animations\Magic_SprintForward.hkx will be treated as interruptible because there are interruptible potential replacements
[2025-08-24 01:03:21.215] [info] [109364] [ReplacerMods.cpp:1163] original animation Animations\CombatIdleStretchingA.hkx will be treated as interruptible because there are interruptible potential replacements
[2025-08-24 01:03:21.215] [info] [109364] [ReplacerMods.cpp:1163] original animation Animations\CombatIdleStretchingB.hkx will be treated as interruptible because there are interruptible potential replacements
[2025-08-24 01:03:21.215] [info] [109364] [ReplacerMods.cpp:1163] original animation Animations\CraftingCookingPotStir.hkx will be treated as interruptible because there are interruptible potential replacements
[2025-08-24 01:03:21.215] [info] [109364] [ReplacerMods.cpp:1163] original animation Animations\MLh_PreCharge.hkx will be treated as interruptible because there are interruptible potential replacements
[2025-08-24 01:03:21.215] [info] [109364] [ReplacerMods.cpp:1163] original animation Animations\MLh_Idle.hkx will be treated as interruptible because there are interruptible potential replacements
[2025-08-24 01:03:21.215] [info] [109364] [ReplacerMods.cpp:1163] original animation Animations\MLh_SelfChargeLoop.hkx will be treated as interruptible because there are interruptible potential replacements
[2025-08-24 01:03:21.215] [info] [109364] [ReplacerMods.cpp:1163] original animation Animations\MLh_PreSelfCon.hkx will be treated as interruptible because there are interruptible potential replacements
[2025-08-24 01:03:21.215] [info] [109364] [ReplacerMods.cpp:1163] original animation Animations\MLh_ChargeLoop.hkx will be treated as interruptible because there are interruptible potential replacements
[2025-08-24 01:03:21.215] [info] [109364] [ReplacerMods.cpp:1163] original animation Animations\MLh_ReadyLoop.hkx will be treated as interruptible because there are interruptible potential replacements
[2025-08-24 01:03:21.215] [info] [109364] [ReplacerMods.cpp:1163] original animation Animations\MLh_TelekinesisLoop.hkx will be treated as interruptible because there are interruptible potential replacements
[2025-08-24 01:03:21.215] [info] [109364] [ReplacerMods.cpp:1163] original animation Animations\MRh_PreAimedCon.hkx will be treated as interruptible because there are interruptible potential replacements
[2025-08-24 01:03:21.215] [info] [109364] [ReplacerMods.cpp:1163] original animation Animations\Torch_SprintForward.hkx will be treated as interruptible because there are interruptible potential replacements
[2025-08-24 01:03:21.215] [info] [109364] [ReplacerMods.cpp:1163] original animation Animations\MRh_and_MLh_Unequip.hkx will be treated as interruptible because there are interruptible potential replacements
[2025-08-24 01:03:21.215] [info] [109364] [ReplacerMods.cpp:1163] original animation Animations\MRh_WardLoop.hkx will be treated as interruptible because there are interruptible potential replacements
[2025-08-24 01:03:21.215] [info] [109364] [ReplacerMods.cpp:1163] original animation Animations\MRh_SelfPreCharge.hkx will be treated as interruptible because there are interruptible potential replacements
[2025-08-24 01:03:21.215] [info] [109364] [ReplacerMods.cpp:1163] original animation Animations\MRh_PreWardCharge.hkx will be treated as interruptible because there are interruptible potential replacements
[2025-08-24 01:03:21.215] [info] [109364] [ReplacerMods.cpp:1163] original animation Animations\MRh_Unequip.hkx will be treated as interruptible because there are interruptible potential replacements
[2025-08-24 01:03:21.215] [info] [109364] [ReplacerMods.cpp:1163] original animation Animations\StaffMagicRight_WalkArm.hkx will be treated as interruptible because there are interruptible potential replacements
[2025-08-24 01:03:21.215] [info] [109364] [ReplacerMods.cpp:1163] original animation Animations\MRh_SelfRelease.hkx will be treated as interruptible because there are interruptible potential replacements
[2025-08-24 01:03:21.215] [info] [109364] [ReplacerMods.cpp:1163] original animation Animations\DMagAimConCharge.hkx will be treated as interruptible because there are interruptible potential replacements
[2025-08-24 01:03:21.215] [info] [109364] [ReplacerMods.cpp:1163] original animation Animations\MLh_SelfReadyLoop.hkx will be treated as interruptible because there are interruptible potential replacements
[2025-08-24 01:03:21.215] [info] [109364] [ReplacerMods.cpp:1163] original animation Animations\DMagPreAimConCharge.hkx will be treated as interruptible because there are interruptible potential replacements
[2025-08-24 01:03:21.215] [info] [109364] [ReplacerMods.cpp:1163] original animation Animations\MLh_WardCharge.hkx will be treated as interruptible because there are interruptible potential replacements
[2025-08-24 01:03:21.215] [info] [109364] [ReplacerMods.cpp:1163] original animation Animations\DW_SprintForwardSword.hkx will be treated as interruptible because there are interruptible potential replacements
[2025-08-24 01:03:21.215] [info] [109364] [ReplacerMods.cpp:1163] original animation Animations\Mag_RunStrafeRight.HKX will be treated as interruptible because there are interruptible potential replacements
[2025-08-24 01:03:21.215] [info] [109364] [ReplacerMods.cpp:1163] original animation Animations\Mag_RunForward.HKX will be treated as interruptible because there are interruptible potential replacements
[2025-08-24 01:03:21.215] [info] [109364] [ReplacerMods.cpp:1180] original animation Animations\modernstaggerlock\MSL_staggerBackwardSmall.hkx will replace on echo because there are potential replacements that do
[2025-08-24 01:03:21.215] [info] [109364] [ReplacerMods.cpp:1163] original animation Animations\MagCast_RunForward.HKX will be treated as interruptible because there are interruptible potential replacements
[2025-08-24 01:03:21.215] [info] [109364] [ReplacerMods.cpp:1163] original animation Animations\MagCast_RunBackwrdLeft.hkx will be treated as interruptible because there are interruptible potential replacements
[2025-08-24 01:03:21.215] [info] [109364] [ReplacerMods.cpp:1163] original animation Animations\RitualSpell_Release.hkx will be treated as interruptible because there are interruptible potential replacements
[2025-08-24 01:03:21.215] [info] [109364] [ReplacerMods.cpp:1163] original animation Animations\IdleKneelEnter.hkx will be treated as interruptible because there are interruptible potential replacements
[2025-08-24 01:03:21.215] [info] [109364] [ReplacerMods.cpp:1163] original animation Animations\MagCast_WalkFrwrdRight.hkx will be treated as interruptible because there are interruptible potential replacements
[2025-08-24 01:03:21.215] [info] [109364] [ReplacerMods.cpp:1163] original animation Animations\IdleKneelExit.hkx will be treated as interruptible because there are interruptible potential replacements
[2025-08-24 01:03:21.215] [info] [109364] [ReplacerMods.cpp:1163] original animation Animations\IdleKneelIdle.hkx will be treated as interruptible because there are interruptible potential replacements
[2025-08-24 01:03:21.215] [info] [109364] [ReplacerMods.cpp:1163] original animation Animations\Mag_RunBackward.hkx will be treated as interruptible because there are interruptible potential replacements
[2025-08-24 01:03:21.215] [info] [109364] [ReplacerMods.cpp:1163] original animation Animations\Mag_RunBackwardRight.hkx will be treated as interruptible because there are interruptible potential replacements
[2025-08-24 01:03:21.215] [info] [109364] [ReplacerMods.cpp:1163] original animation Animations\TableBackExit.hkx will be treated as interruptible because there are interruptible potential replacements
[2025-08-24 01:03:21.215] [info] [109364] [ReplacerMods.cpp:1163] original animation Animations\Mag_RunForwardLeft.HKX will be treated as interruptible because there are interruptible potential replacements
[2025-08-24 01:03:21.215] [info] [109364] [ReplacerMods.cpp:1163] original animation Animations\Mag_RunRight.HKX will be treated as interruptible because there are interruptible potential replacements
[2025-08-24 01:03:21.215] [info] [109364] [ReplacerMods.cpp:1163] original animation Animations\Mag_RunStrafeLeft.HKX will be treated as interruptible because there are interruptible potential replacements
[2025-08-24 01:03:21.215] [info] [109364] [ReplacerMods.cpp:1163] original animation Animations\Mag_WalkBackward.hkx will be treated as interruptible because there are interruptible potential replacements
[2025-08-24 01:03:21.215] [info] [109364] [ReplacerMods.cpp:1163] original animation Animations\Mag_WalkBackwardLeft.hkx will be treated as interruptible because there are interruptible potential replacements
[2025-08-24 01:03:21.215] [info] [109364] [ReplacerMods.cpp:1163] original animation Animations\Mag_WalkBackwardRight.hkx will be treated as interruptible because there are interruptible potential replacements
[2025-08-24 01:03:21.215] [info] [109364] [ReplacerMods.cpp:1163] original animation Animations\Mag_WalkForward.hkx will be treated as interruptible because there are interruptible potential replacements
[2025-08-24 01:03:21.215] [info] [109364] [ReplacerMods.cpp:1163] original animation Animations\Mag_WalkForwardLeft.hkx will be treated as interruptible because there are interruptible potential replacements
[2025-08-24 01:03:21.215] [info] [109364] [ReplacerMods.cpp:1163] original animation Animations\Mag_WalkForwardRight.hkx will be treated as interruptible because there are interruptible potential replacements
[2025-08-24 01:03:21.215] [info] [109364] [ReplacerMods.cpp:1163] original animation Animations\Mag_WalkLeft.hkx will be treated as interruptible because there are interruptible potential replacements
[2025-08-24 01:03:21.215] [info] [109364] [ReplacerMods.cpp:1163] original animation Animations\Mag_WalkRight.hkx will be treated as interruptible because there are interruptible potential replacements
[2025-08-24 01:03:21.215] [info] [109364] [ReplacerMods.cpp:1163] original animation Animations\MagCast_RunBckwrdRight.hkx will be treated as interruptible because there are interruptible potential replacements
[2025-08-24 01:03:21.215] [info] [109364] [ReplacerMods.cpp:1163] original animation Animations\MagCast_RunForwardLeft.HKX will be treated as interruptible because there are interruptible potential replacements
[2025-08-24 01:03:21.215] [info] [109364] [ReplacerMods.cpp:1163] original animation Animations\MagCast_RunFrwrdRight.HKX will be treated as interruptible because there are interruptible potential replacements
[2025-08-24 01:03:21.215] [info] [109364] [ReplacerMods.cpp:1163] original animation Animations\MagCast_RunLeft.HKX will be treated as interruptible because there are interruptible potential replacements
[2025-08-24 01:03:21.215] [info] [109364] [ReplacerMods.cpp:1163] original animation Animations\MagCast_RunRight.HKX will be treated as interruptible because there are interruptible potential replacements
[2025-08-24 01:03:21.215] [info] [109364] [ReplacerMods.cpp:1163] original animation Animations\MagCast_RunStrafeRight.HKX will be treated as interruptible because there are interruptible potential replacements
[2025-08-24 01:03:21.215] [info] [109364] [ReplacerMods.cpp:1163] original animation Animations\MagCast_WalkBackward.hkx will be treated as interruptible because there are interruptible potential replacements
[2025-08-24 01:03:21.215] [info] [109364] [ReplacerMods.cpp:1163] original animation Animations\MagCast_WalkBckwrdLeft.hkx will be treated as interruptible because there are interruptible potential replacements
[2025-08-24 01:03:21.215] [info] [109364] [ReplacerMods.cpp:1163] original animation Animations\MagCast_WalkBckwrdRht.hkx will be treated as interruptible because there are interruptible potential replacements
[2025-08-24 01:03:21.215] [info] [109364] [ReplacerMods.cpp:1163] original animation Animations\MagCast_WalkForward.hkx will be treated as interruptible because there are interruptible potential replacements
[2025-08-24 01:03:21.215] [info] [109364] [ReplacerMods.cpp:1163] original animation Animations\MagCast_WalkLeft.hkx will be treated as interruptible because there are interruptible potential replacements
[2025-08-24 01:03:21.215] [info] [109364] [ReplacerMods.cpp:1163] original animation Animations\MagCast_WalkRight.hkx will be treated as interruptible because there are interruptible potential replacements
[2025-08-24 01:03:21.215] [info] [109364] [ReplacerMods.cpp:1163] original animation Animations\MLh_PreAimedCon.hkx will be treated as interruptible because there are interruptible potential replacements
[2025-08-24 01:03:21.215] [info] [109364] [ReplacerMods.cpp:1163] original animation Animations\MLh_PreTelekinesis.hkx will be treated as interruptible because there are interruptible potential replacements
[2025-08-24 01:03:21.216] [info] [109364] [ReplacerMods.cpp:1163] original animation Animations\MLh_PreWardCharge.hkx will be treated as interruptible because there are interruptible potential replacements
[2025-08-24 01:03:21.216] [info] [109364] [ReplacerMods.cpp:1163] original animation Animations\MLhMRh_AimedConcentrationLoop.hkx will be treated as interruptible because there are interruptible potential replacements
[2025-08-24 01:03:21.216] [info] [109364] [ReplacerMods.cpp:1163] original animation Animations\MRh_AimedConcentration.hkx will be treated as interruptible because there are interruptible potential replacements
[2025-08-24 01:03:21.216] [info] [109364] [ReplacerMods.cpp:1163] original animation Animations\MRh_and_MLh_Equip.hkx will be treated as interruptible because there are interruptible potential replacements
[2025-08-24 01:03:21.216] [info] [109364] [ReplacerMods.cpp:1163] original animation Animations\MRh_Equip.hkx will be treated as interruptible because there are interruptible potential replacements
[2025-08-24 01:03:21.216] [info] [109364] [ReplacerMods.cpp:1163] original animation Animations\MRh_PreCharge.hkx will be treated as interruptible because there are interruptible potential replacements
[2025-08-24 01:03:21.216] [info] [109364] [ReplacerMods.cpp:1163] original animation Animations\MRh_PreSelfCon.hkx will be treated as interruptible because there are interruptible potential replacements
[2025-08-24 01:03:21.216] [info] [109364] [ReplacerMods.cpp:1163] original animation Animations\MRh_ReadyLoop.hkx will be treated as interruptible because there are interruptible potential replacements
[2025-08-24 01:03:21.216] [info] [109364] [ReplacerMods.cpp:1163] original animation Animations\MRh_SelfChargeLoop.hkx will be treated as interruptible because there are interruptible potential replacements
[2025-08-24 01:03:21.216] [info] [109364] [ReplacerMods.cpp:1163] original animation Animations\MRh_SelfConcentration.hkx will be treated as interruptible because there are interruptible potential replacements
[2025-08-24 01:03:21.216] [info] [109364] [ReplacerMods.cpp:1163] original animation Animations\MRh_TelekinesisLoop.hkx will be treated as interruptible because there are interruptible potential replacements
[2025-08-24 01:03:21.216] [info] [109364] [ReplacerMods.cpp:1163] original animation Animations\MRh_WardCharge.hkx will be treated as interruptible because there are interruptible potential replacements
[2025-08-24 01:03:21.216] [info] [109364] [ReplacerMods.cpp:1163] original animation Animations\female\MT_WalkBackwardRight.hkx will be treated as interruptible because there are interruptible potential replacements
[2025-08-24 01:03:21.216] [info] [109364] [ReplacerMods.cpp:1163] original animation Animations\female\MT_Idle.hkx will be treated as interruptible because there are interruptible potential replacements
[2025-08-24 01:03:21.216] [info] [109364] [ReplacerMods.cpp:1180] original animation Animations\female\MT_Idle.hkx will replace on echo because there are potential replacements that do
[2025-08-24 01:03:21.216] [info] [109364] [ReplacerMods.cpp:1180] original animation Animations\female\MT_idle_A_shoulders.hkx will replace on echo because there are potential replacements that do
[2025-08-24 01:03:21.216] [info] [109364] [ReplacerMods.cpp:1180] original animation Animations\female\MT_IdleLookingB.hkx will replace on echo because there are potential replacements that do
[2025-08-24 01:03:21.216] [info] [109364] [ReplacerMods.cpp:1163] original animation Animations\female\MT_IdleLookingD.hkx will be treated as interruptible because there are interruptible potential replacements
[2025-08-24 01:03:21.216] [info] [109364] [ReplacerMods.cpp:1180] original animation Animations\female\MT_IdleLookingD.hkx will replace on echo because there are potential replacements that do
[2025-08-24 01:03:21.216] [info] [109364] [ReplacerMods.cpp:1163] original animation Animations\female\MT_RunForward.hkx will be treated as interruptible because there are interruptible potential replacements
[2025-08-24 01:03:21.216] [info] [109364] [ReplacerMods.cpp:1163] original animation Animations\MT_SprintForwardSword.hkx will be treated as interruptible because there are interruptible potential replacements
[2025-08-24 01:03:21.216] [info] [109364] [ReplacerMods.cpp:1163] original animation Animations\MT_TurnRight60.hkx will be treated as interruptible because there are interruptible potential replacements
[2025-08-24 01:03:21.216] [info] [109364] [ReplacerMods.cpp:1163] original animation Animations\female\MT_WalkRight.hkx will be treated as interruptible because there are interruptible potential replacements
[2025-08-24 01:03:21.216] [info] [109364] [ReplacerMods.cpp:1163] original animation Animations\RitualSpell_AimRelease.hkx will be treated as interruptible because there are interruptible potential replacements
[2025-08-24 01:03:21.216] [info] [109364] [ReplacerMods.cpp:1163] original animation Animations\RitualSpell_Charge.hkx will be treated as interruptible because there are interruptible potential replacements
[2025-08-24 01:03:21.216] [info] [109364] [ReplacerMods.cpp:1163] original animation Animations\RitualSpell_Ready.hkx will be treated as interruptible because there are interruptible potential replacements
[2025-08-24 01:03:21.216] [info] [109364] [ReplacerMods.cpp:1163] original animation Animations\Shd_BlockIdle.hkx will be treated as interruptible because there are interruptible potential replacements
[2025-08-24 01:03:21.216] [info] [109364] [ReplacerMods.cpp:1163] original animation Animations\SwimBackward.hkx will be treated as interruptible because there are interruptible potential replacements
[2025-08-24 01:03:21.216] [info] [109364] [ReplacerMods.cpp:1163] original animation Animations\SwimLeft.hkx will be treated as interruptible because there are interruptible potential replacements
[2025-08-24 01:03:21.216] [info] [109364] [ReplacerMods.cpp:1163] original animation Animations\StaffMagic_RunArm.HKX will be treated as interruptible because there are interruptible potential replacements
[2025-08-24 01:03:21.216] [info] [109364] [ReplacerMods.cpp:1163] original animation Animations\StaffMagic_WalkArm.hkx will be treated as interruptible because there are interruptible potential replacements
[2025-08-24 01:03:21.216] [info] [109364] [ReplacerMods.cpp:1163] original animation Animations\StaffRight_Idle.hkx will be treated as interruptible because there are interruptible potential replacements
[2025-08-24 01:03:21.216] [info] [109364] [ReplacerMods.cpp:1163] original animation Animations\StaffRightLeft_Sprint.hkx will be treated as interruptible because there are interruptible potential replacements
[2025-08-24 01:03:21.216] [info] [109364] [ReplacerMods.cpp:1163] original animation Animations\Stf_Equip.hkx will be treated as interruptible because there are interruptible potential replacements
[2025-08-24 01:03:21.216] [info] [109364] [ReplacerMods.cpp:1163] original animation Animations\SwimRight.hkx will be treated as interruptible because there are interruptible potential replacements
[2025-08-24 01:03:21.216] [info] [109364] [ReplacerMods.cpp:1163] original animation Animations\TableBackEnter.hkx will be treated as interruptible because there are interruptible potential replacements
[2025-08-24 01:03:21.216] [info] [109364] [ReplacerMods.cpp:1163] original animation Animations\Tor_Idle.hkx will be treated as interruptible because there are interruptible potential replacements
[2025-08-24 01:03:21.216] [info] [109364] [ReplacerMods.cpp:1180] original animation Animations\MaxsuBlockOverhaul\Maxsu_WeaponGuardBreak.hkx will replace on echo because there are potential replacements that do
[2025-08-24 01:03:21.216] [info] [109364] [ReplacerMods.cpp:1180] original animation Animations\MaxsuBlockOverhaul\Maxsu_ShieldGuardBreak.hkx will replace on echo because there are potential replacements that do
[2025-08-24 01:03:21.216] [info] [109364] [ReplacerMods.cpp:1163] original animation Animations\GPMAOffsetAnimation.hkx will be treated as interruptible because there are interruptible potential replacements
[2025-08-24 01:03:21.216] [info] [109364] [ReplacerMods.cpp:1180] original animation Animations\modernstaggerlock\MSL_staggerBackwardLarge.hkx will replace on echo because there are potential replacements that do
[2025-08-24 01:03:21.216] [info] [109364] [ReplacerMods.cpp:1180] original animation Animations\modernstaggerlock\MSL_staggerBackwardLargest.hkx will replace on echo because there are potential replacements that do
[2025-08-24 01:03:22.046] [info] [109364] [OpenAnimationReplacer.cpp:606] Filtered out 3118 duplicate animations in project DefaultFemale
[2025-08-24 01:03:22.046] [info] [109364] [OpenAnimationReplacer.cpp:611] Time spent creating replacement animations for Actors\Character\:
[2025-08-24 01:03:22.046] [info] [109364] [OpenAnimationReplacer.cpp:612]   Parsing: 787ms
[2025-08-24 01:03:22.046] [info] [109364] [OpenAnimationReplacer.cpp:613]   Updating animations in submods: 832ms
[2025-08-24 01:03:22.046] [info] [109364] [OpenAnimationReplacer.cpp:614]   Initializing replacment animations: 0ms
[2025-08-24 01:03:22.046] [info] [109364] [OpenAnimationReplacer.cpp:615]   Total: 1619ms
[2025-08-24 01:04:26.571] [info] [150884] [OpenAnimationReplacer.cpp:549] Creating replacement animations for Actors\Ambient\Chicken\...
[2025-08-24 01:04:26.571] [info] [150884] [OpenAnimationReplacer.cpp:611] Time spent creating replacement animations for Actors\Ambient\Chicken\:
[2025-08-24 01:04:26.571] [info] [150884] [OpenAnimationReplacer.cpp:612]   Parsing: 0ms
[2025-08-24 01:04:26.571] [info] [150884] [OpenAnimationReplacer.cpp:613]   Updating animations in submods: 0ms
[2025-08-24 01:04:26.572] [info] [150884] [OpenAnimationReplacer.cpp:614]   Initializing replacment animations: 0ms
[2025-08-24 01:04:26.572] [info] [150884] [OpenAnimationReplacer.cpp:615]   Total: 0ms
[2025-08-24 01:04:26.576] [info] [150884] [OpenAnimationReplacer.cpp:549] Creating replacement animations for Actors\hs_cat\...
[2025-08-24 01:04:26.576] [info] [150884] [OpenAnimationReplacer.cpp:611] Time spent creating replacement animations for Actors\hs_cat\:
[2025-08-24 01:04:26.576] [info] [150884] [OpenAnimationReplacer.cpp:612]   Parsing: 0ms
[2025-08-24 01:04:26.576] [info] [150884] [OpenAnimationReplacer.cpp:613]   Updating animations in submods: 0ms
[2025-08-24 01:04:26.576] [info] [150884] [OpenAnimationReplacer.cpp:614]   Initializing replacment animations: 0ms
[2025-08-24 01:04:26.576] [info] [150884] [OpenAnimationReplacer.cpp:615]   Total: 0ms
[2025-08-24 01:04:26.584] [info] [150884] [OpenAnimationReplacer.cpp:549] Creating replacement animations for Actors\Goat\...
[2025-08-24 01:04:26.584] [info] [150884] [OpenAnimationReplacer.cpp:611] Time spent creating replacement animations for Actors\Goat\:
[2025-08-24 01:04:26.584] [info] [150884] [OpenAnimationReplacer.cpp:612]   Parsing: 0ms
[2025-08-24 01:04:26.584] [info] [150884] [OpenAnimationReplacer.cpp:613]   Updating animations in submods: 0ms
[2025-08-24 01:04:26.584] [info] [150884] [OpenAnimationReplacer.cpp:614]   Initializing replacment animations: 0ms
[2025-08-24 01:04:26.584] [info] [150884] [OpenAnimationReplacer.cpp:615]   Total: 0ms
[2025-08-24 01:04:26.586] [info] [150884] [OpenAnimationReplacer.cpp:549] Creating replacement animations for Furniture\Clutter\BlacksmithSharpeningWheelAnimating\...
[2025-08-24 01:04:26.586] [info] [150884] [OpenAnimationReplacer.cpp:611] Time spent creating replacement animations for Furniture\Clutter\BlacksmithSharpeningWheelAnimating\:
[2025-08-24 01:04:26.586] [info] [150884] [OpenAnimationReplacer.cpp:612]   Parsing: 0ms
[2025-08-24 01:04:26.586] [info] [150884] [OpenAnimationReplacer.cpp:613]   Updating animations in submods: 0ms
[2025-08-24 01:04:26.586] [info] [150884] [OpenAnimationReplacer.cpp:614]   Initializing replacment animations: 0ms
[2025-08-24 01:04:26.586] [info] [150884] [OpenAnimationReplacer.cpp:615]   Total: 0ms
[2025-08-24 01:04:26.595] [info] [150884] [OpenAnimationReplacer.cpp:549] Creating replacement animations for Actors\Cow\...
[2025-08-24 01:04:26.595] [info] [150884] [OpenAnimationReplacer.cpp:611] Time spent creating replacement animations for Actors\Cow\:
[2025-08-24 01:04:26.595] [info] [150884] [OpenAnimationReplacer.cpp:612]   Parsing: 0ms
[2025-08-24 01:04:26.595] [info] [150884] [OpenAnimationReplacer.cpp:613]   Updating animations in submods: 0ms
[2025-08-24 01:04:26.595] [info] [150884] [OpenAnimationReplacer.cpp:614]   Initializing replacment animations: 0ms
[2025-08-24 01:04:26.595] [info] [150884] [OpenAnimationReplacer.cpp:615]   Total: 0ms
[2025-08-24 01:04:26.598] [info] [150884] [OpenAnimationReplacer.cpp:549] Creating replacement animations for Furniture\Clutter\LeverAnimating\...
[2025-08-24 01:04:26.598] [info] [150884] [OpenAnimationReplacer.cpp:611] Time spent creating replacement animations for Furniture\Clutter\LeverAnimating\:
[2025-08-24 01:04:26.598] [info] [150884] [OpenAnimationReplacer.cpp:612]   Parsing: 0ms
[2025-08-24 01:04:26.598] [info] [150884] [OpenAnimationReplacer.cpp:613]   Updating animations in submods: 0ms
[2025-08-24 01:04:26.598] [info] [150884] [OpenAnimationReplacer.cpp:614]   Initializing replacment animations: 0ms
[2025-08-24 01:04:26.598] [info] [150884] [OpenAnimationReplacer.cpp:615]   Total: 0ms
[2025-08-24 01:04:26.598] [info] [150884] [OpenAnimationReplacer.cpp:549] Creating replacement animations for Furniture\Clutter\MillLogPileAnimating\...
[2025-08-24 01:04:26.598] [info] [150884] [OpenAnimationReplacer.cpp:611] Time spent creating replacement animations for Furniture\Clutter\MillLogPileAnimating\:
[2025-08-24 01:04:26.598] [info] [150884] [OpenAnimationReplacer.cpp:612]   Parsing: 0ms
[2025-08-24 01:04:26.598] [info] [150884] [OpenAnimationReplacer.cpp:613]   Updating animations in submods: 0ms
[2025-08-24 01:04:26.598] [info] [150884] [OpenAnimationReplacer.cpp:614]   Initializing replacment animations: 0ms
[2025-08-24 01:04:26.598] [info] [150884] [OpenAnimationReplacer.cpp:615]   Total: 0ms
[2025-08-24 01:04:26.599] [info] [150884] [OpenAnimationReplacer.cpp:549] Creating replacement animations for Clutter\SFarmhouseMill\...
[2025-08-24 01:04:26.599] [info] [150884] [OpenAnimationReplacer.cpp:611] Time spent creating replacement animations for Clutter\SFarmhouseMill\:
[2025-08-24 01:04:26.599] [info] [150884] [OpenAnimationReplacer.cpp:612]   Parsing: 0ms
[2025-08-24 01:04:26.599] [info] [150884] [OpenAnimationReplacer.cpp:613]   Updating animations in submods: 0ms
[2025-08-24 01:04:26.599] [info] [150884] [OpenAnimationReplacer.cpp:614]   Initializing replacment animations: 0ms
[2025-08-24 01:04:26.599] [info] [150884] [OpenAnimationReplacer.cpp:615]   Total: 0ms
[2025-08-24 01:04:26.604] [info] [150884] [OpenAnimationReplacer.cpp:549] Creating replacement animations for Actors\Draugr\...
[2025-08-24 01:04:26.604] [info] [150884] [OpenAnimationReplacer.cpp:611] Time spent creating replacement animations for Actors\Draugr\:
[2025-08-24 01:04:26.604] [info] [150884] [OpenAnimationReplacer.cpp:612]   Parsing: 0ms
[2025-08-24 01:04:26.604] [info] [150884] [OpenAnimationReplacer.cpp:613]   Updating animations in submods: 0ms
[2025-08-24 01:04:26.604] [info] [150884] [OpenAnimationReplacer.cpp:614]   Initializing replacment animations: 0ms
[2025-08-24 01:04:26.604] [info] [150884] [OpenAnimationReplacer.cpp:615]   Total: 0ms
[2025-08-24 01:04:26.613] [info] [150884] [OpenAnimationReplacer.cpp:549] Creating replacement animations for Actors\Dragon\...
[2025-08-24 01:04:26.613] [info] [150884] [OpenAnimationReplacer.cpp:611] Time spent creating replacement animations for Actors\Dragon\:
[2025-08-24 01:04:26.613] [info] [150884] [OpenAnimationReplacer.cpp:612]   Parsing: 0ms
[2025-08-24 01:04:26.614] [info] [150884] [OpenAnimationReplacer.cpp:613]   Updating animations in submods: 0ms
[2025-08-24 01:04:26.614] [info] [150884] [OpenAnimationReplacer.cpp:614]   Initializing replacment animations: 0ms
[2025-08-24 01:04:26.614] [info] [150884] [OpenAnimationReplacer.cpp:615]   Total: 0ms
[2025-08-24 01:04:27.230] [info] [159144] [OpenAnimationReplacer.cpp:549] Creating replacement animations for Actors\Character\_1stPerson\...
[2025-08-24 01:04:27.248] [info] [159144] [ReplacerMods.cpp:1163] original animation Animations\MT_JumpFall.hkx will be treated as interruptible because there are interruptible potential replacements
[2025-08-24 01:04:27.248] [info] [159144] [ReplacerMods.cpp:1180] original animation Animations\MT_JumpFall.hkx will replace on echo because there are potential replacements that do
[2025-08-24 01:04:27.248] [info] [159144] [ReplacerMods.cpp:1163] original animation Animations\MT_JumpFallLeft.hkx will be treated as interruptible because there are interruptible potential replacements
[2025-08-24 01:04:27.248] [info] [159144] [ReplacerMods.cpp:1180] original animation Animations\MT_JumpFallLeft.hkx will replace on echo because there are potential replacements that do
[2025-08-24 01:04:27.248] [info] [159144] [ReplacerMods.cpp:1163] original animation Animations\MT_JumpFallRight.hkx will be treated as interruptible because there are interruptible potential replacements
[2025-08-24 01:04:27.248] [info] [159144] [ReplacerMods.cpp:1180] original animation Animations\MT_JumpFallRight.hkx will replace on echo because there are potential replacements that do
[2025-08-24 01:04:27.248] [info] [159144] [ReplacerMods.cpp:1163] original animation Animations\GPMAOffsetAnimation_IC_.hkx will be treated as interruptible because there are interruptible potential replacements
[2025-08-24 01:04:27.288] [info] [159144] [OpenAnimationReplacer.cpp:606] Filtered out 992 duplicate animations in project FirstPerson
[2025-08-24 01:04:27.288] [info] [159144] [OpenAnimationReplacer.cpp:611] Time spent creating replacement animations for Actors\Character\_1stPerson\:
[2025-08-24 01:04:27.288] [info] [159144] [OpenAnimationReplacer.cpp:612]   Parsing: 17ms
[2025-08-24 01:04:27.288] [info] [159144] [OpenAnimationReplacer.cpp:613]   Updating animations in submods: 40ms
[2025-08-24 01:04:27.288] [info] [159144] [OpenAnimationReplacer.cpp:614]   Initializing replacment animations: 0ms
[2025-08-24 01:04:27.288] [info] [159144] [OpenAnimationReplacer.cpp:615]   Total: 58ms
[2025-08-24 01:04:33.363] [info] [150884] [OpenAnimationReplacer.cpp:549] Creating replacement animations for DLC01\Weapons\Crossbow\...
[2025-08-24 01:04:33.363] [info] [150884] [OpenAnimationReplacer.cpp:611] Time spent creating replacement animations for DLC01\Weapons\Crossbow\:
[2025-08-24 01:04:33.363] [info] [150884] [OpenAnimationReplacer.cpp:612]   Parsing: 0ms
[2025-08-24 01:04:33.363] [info] [150884] [OpenAnimationReplacer.cpp:613]   Updating animations in submods: 0ms
[2025-08-24 01:04:33.363] [info] [150884] [OpenAnimationReplacer.cpp:614]   Initializing replacment animations: 0ms
[2025-08-24 01:04:33.363] [info] [150884] [OpenAnimationReplacer.cpp:615]   Total: 0ms
[2025-08-24 01:04:33.445] [info] [150884] [OpenAnimationReplacer.cpp:549] Creating replacement animations for Weapons\Iron\...
[2025-08-24 01:04:33.445] [info] [150884] [OpenAnimationReplacer.cpp:611] Time spent creating replacement animations for Weapons\Iron\:
[2025-08-24 01:04:33.445] [info] [150884] [OpenAnimationReplacer.cpp:612]   Parsing: 0ms
[2025-08-24 01:04:33.445] [info] [150884] [OpenAnimationReplacer.cpp:613]   Updating animations in submods: 0ms
[2025-08-24 01:04:33.445] [info] [150884] [OpenAnimationReplacer.cpp:614]   Initializing replacment animations: 0ms
[2025-08-24 01:04:33.445] [info] [150884] [OpenAnimationReplacer.cpp:615]   Total: 0ms
[2025-08-24 01:05:14.850] [info] [150884] [OpenAnimationReplacer.cpp:549] Creating replacement animations for Weapons\Bow\...
[2025-08-24 01:05:14.850] [info] [150884] [OpenAnimationReplacer.cpp:611] Time spent creating replacement animations for Weapons\Bow\:
[2025-08-24 01:05:14.850] [info] [150884] [OpenAnimationReplacer.cpp:612]   Parsing: 0ms
[2025-08-24 01:05:14.850] [info] [150884] [OpenAnimationReplacer.cpp:613]   Updating animations in submods: 0ms
[2025-08-24 01:05:14.850] [info] [150884] [OpenAnimationReplacer.cpp:614]   Initializing replacment animations: 0ms
[2025-08-24 01:05:14.850] [info] [150884] [OpenAnimationReplacer.cpp:615]   Total: 0ms
[2025-08-24 01:05:50.075] [info] [150896] [OpenAnimationReplacer.cpp:549] Creating replacement animations for auxbones\SOS\...
[2025-08-24 01:05:50.075] [info] [150896] [OpenAnimationReplacer.cpp:611] Time spent creating replacement animations for auxbones\SOS\:
[2025-08-24 01:05:50.075] [info] [150896] [OpenAnimationReplacer.cpp:612]   Parsing: 0ms
[2025-08-24 01:05:50.075] [info] [150896] [OpenAnimationReplacer.cpp:613]   Updating animations in submods: 0ms
[2025-08-24 01:05:50.075] [info] [150896] [OpenAnimationReplacer.cpp:614]   Initializing replacment animations: 0ms
[2025-08-24 01:05:50.075] [info] [150896] [OpenAnimationReplacer.cpp:615]   Total: 0ms
[2025-08-24 01:08:09.053] [info] [150884] [OpenAnimationReplacer.cpp:549] Creating replacement animations for auxbones\SOS\...
[2025-08-24 01:08:09.053] [info] [150884] [OpenAnimationReplacer.cpp:611] Time spent creating replacement animations for auxbones\SOS\:
[2025-08-24 01:08:09.053] [info] [150884] [OpenAnimationReplacer.cpp:612]   Parsing: 0ms
[2025-08-24 01:08:09.053] [info] [150884] [OpenAnimationReplacer.cpp:613]   Updating animations in submods: 0ms
[2025-08-24 01:08:09.053] [info] [150884] [OpenAnimationReplacer.cpp:614]   Initializing replacment animations: 0ms
[2025-08-24 01:08:09.053] [info] [150884] [OpenAnimationReplacer.cpp:615]   Total: 0ms
[2025-08-24 01:08:17.180] [info] [150884] [OpenAnimationReplacer.cpp:549] Creating replacement animations for Clutter\Books\Book01\...
[2025-08-24 01:08:17.180] [info] [150884] [OpenAnimationReplacer.cpp:611] Time spent creating replacement animations for Clutter\Books\Book01\:
[2025-08-24 01:08:17.180] [info] [150884] [OpenAnimationReplacer.cpp:612]   Parsing: 0ms
[2025-08-24 01:08:17.180] [info] [150884] [OpenAnimationReplacer.cpp:613]   Updating animations in submods: 0ms
[2025-08-24 01:08:17.180] [info] [150884] [OpenAnimationReplacer.cpp:614]   Initializing replacment animations: 0ms
[2025-08-24 01:08:17.180] [info] [150884] [OpenAnimationReplacer.cpp:615]   Total: 0ms
[2025-08-24 01:08:28.944] [info] [150884] [OpenAnimationReplacer.cpp:549] Creating replacement animations for Dungeons\Imperial\Portcullis\...
[2025-08-24 01:08:28.944] [info] [150884] [OpenAnimationReplacer.cpp:611] Time spent creating replacement animations for Dungeons\Imperial\Portcullis\:
[2025-08-24 01:08:28.944] [info] [150884] [OpenAnimationReplacer.cpp:612]   Parsing: 0ms
[2025-08-24 01:08:28.944] [info] [150884] [OpenAnimationReplacer.cpp:613]   Updating animations in submods: 0ms
[2025-08-24 01:08:28.944] [info] [150884] [OpenAnimationReplacer.cpp:614]   Initializing replacment animations: 0ms
[2025-08-24 01:08:28.944] [info] [150884] [OpenAnimationReplacer.cpp:615]   Total: 0ms
[2025-08-24 01:08:34.975] [info] [150884] [OpenAnimationReplacer.cpp:549] Creating replacement animations for Clutter\Books\Book01\...
[2025-08-24 01:08:34.975] [info] [150884] [OpenAnimationReplacer.cpp:611] Time spent creating replacement animations for Clutter\Books\Book01\:
[2025-08-24 01:08:34.975] [info] [150884] [OpenAnimationReplacer.cpp:612]   Parsing: 0ms
[2025-08-24 01:08:34.975] [info] [150884] [OpenAnimationReplacer.cpp:613]   Updating animations in submods: 0ms
[2025-08-24 01:08:34.975] [info] [150884] [OpenAnimationReplacer.cpp:614]   Initializing replacment animations: 0ms
[2025-08-24 01:08:34.975] [info] [150884] [OpenAnimationReplacer.cpp:615]   Total: 0ms
[2025-08-24 01:09:29.259] [info] [150884] [OpenAnimationReplacer.cpp:549] Creating replacement animations for Actors\Canine\...
[2025-08-24 01:09:29.260] [info] [150884] [OpenAnimationReplacer.cpp:606] Filtered out 4 duplicate animations in project Wolf
[2025-08-24 01:09:29.260] [info] [150884] [OpenAnimationReplacer.cpp:611] Time spent creating replacement animations for Actors\Canine\:
[2025-08-24 01:09:29.260] [info] [150884] [OpenAnimationReplacer.cpp:612]   Parsing: 0ms
[2025-08-24 01:09:29.260] [info] [150884] [OpenAnimationReplacer.cpp:613]   Updating animations in submods: 0ms
[2025-08-24 01:09:29.260] [info] [150884] [OpenAnimationReplacer.cpp:614]   Initializing replacment animations: 0ms
[2025-08-24 01:09:29.260] [info] [150884] [OpenAnimationReplacer.cpp:615]   Total: 0ms
[2025-08-24 01:13:47.417] [info] [150884] [OpenAnimationReplacer.cpp:549] Creating replacement animations for Actors\Dragon\...
[2025-08-24 01:13:47.418] [info] [150884] [OpenAnimationReplacer.cpp:611] Time spent creating replacement animations for Actors\Dragon\:
[2025-08-24 01:13:47.418] [info] [150884] [OpenAnimationReplacer.cpp:612]   Parsing: 0ms
[2025-08-24 01:13:47.418] [info] [150884] [OpenAnimationReplacer.cpp:613]   Updating animations in submods: 0ms
[2025-08-24 01:13:47.418] [info] [150884] [OpenAnimationReplacer.cpp:614]   Initializing replacment animations: 0ms
[2025-08-24 01:13:47.418] [info] [150884] [OpenAnimationReplacer.cpp:615]   Total: 0ms
[2025-08-24 01:16:29.388] [info] [150884] [OpenAnimationReplacer.cpp:549] Creating replacement animations for auxbones\TNG\...
[2025-08-24 01:16:29.388] [info] [150884] [OpenAnimationReplacer.cpp:611] Time spent creating replacement animations for auxbones\TNG\:
[2025-08-24 01:16:29.388] [info] [150884] [OpenAnimationReplacer.cpp:612]   Parsing: 0ms
[2025-08-24 01:16:29.388] [info] [150884] [OpenAnimationReplacer.cpp:613]   Updating animations in submods: 0ms
[2025-08-24 01:16:29.388] [info] [150884] [OpenAnimationReplacer.cpp:614]   Initializing replacment animations: 0ms
[2025-08-24 01:16:29.388] [info] [150884] [OpenAnimationReplacer.cpp:615]   Total: 0ms
[2025-08-24 01:17:44.769] [info] [150884] [OpenAnimationReplacer.cpp:549] Creating replacement animations for Actors\Dragon\...
[2025-08-24 01:17:44.769] [info] [150884] [OpenAnimationReplacer.cpp:611] Time spent creating replacement animations for Actors\Dragon\:
[2025-08-24 01:17:44.769] [info] [150884] [OpenAnimationReplacer.cpp:612]   Parsing: 0ms
[2025-08-24 01:17:44.769] [info] [150884] [OpenAnimationReplacer.cpp:613]   Updating animations in submods: 0ms
[2025-08-24 01:17:44.769] [info] [150884] [OpenAnimationReplacer.cpp:614]   Initializing replacment animations: 0ms
[2025-08-24 01:17:44.769] [info] [150884] [OpenAnimationReplacer.cpp:615]   Total: 0ms
[2025-08-24 01:17:44.888] [info] [150884] [OpenAnimationReplacer.cpp:549] Creating replacement animations for AuxBones\Tail\...
[2025-08-24 01:17:44.888] [info] [150884] [OpenAnimationReplacer.cpp:611] Time spent creating replacement animations for AuxBones\Tail\:
[2025-08-24 01:17:44.888] [info] [150884] [OpenAnimationReplacer.cpp:612]   Parsing: 0ms
[2025-08-24 01:17:44.888] [info] [150884] [OpenAnimationReplacer.cpp:613]   Updating animations in submods: 0ms
[2025-08-24 01:17:44.888] [info] [150884] [OpenAnimationReplacer.cpp:614]   Initializing replacment animations: 0ms
[2025-08-24 01:17:44.888] [info] [150884] [OpenAnimationReplacer.cpp:615]   Total: 0ms
[2025-08-24 01:26:07.794] [info] [150884] [OpenAnimationReplacer.cpp:549] Creating replacement animations for Actors\Ambient\Hare\...
[2025-08-24 01:26:07.794] [info] [150884] [OpenAnimationReplacer.cpp:611] Time spent creating replacement animations for Actors\Ambient\Hare\:
[2025-08-24 01:26:07.794] [info] [150884] [OpenAnimationReplacer.cpp:612]   Parsing: 0ms
[2025-08-24 01:26:07.794] [info] [150884] [OpenAnimationReplacer.cpp:613]   Updating animations in submods: 0ms
[2025-08-24 01:26:07.794] [info] [150884] [OpenAnimationReplacer.cpp:614]   Initializing replacment animations: 0ms
[2025-08-24 01:26:07.794] [info] [150884] [OpenAnimationReplacer.cpp:615]   Total: 0ms
[2025-08-24 01:26:07.799] [info] [150884] [OpenAnimationReplacer.cpp:549] Creating replacement animations for Actors\Troll\...
[2025-08-24 01:26:07.799] [info] [150884] [OpenAnimationReplacer.cpp:606] Filtered out 2 duplicate animations in project Troll
[2025-08-24 01:26:07.799] [info] [150884] [OpenAnimationReplacer.cpp:611] Time spent creating replacement animations for Actors\Troll\:
[2025-08-24 01:26:07.799] [info] [150884] [OpenAnimationReplacer.cpp:612]   Parsing: 0ms
[2025-08-24 01:26:07.799] [info] [150884] [OpenAnimationReplacer.cpp:613]   Updating animations in submods: 0ms
[2025-08-24 01:26:07.799] [info] [150884] [OpenAnimationReplacer.cpp:614]   Initializing replacment animations: 0ms
[2025-08-24 01:26:07.799] [info] [150884] [OpenAnimationReplacer.cpp:615]   Total: 0ms
[2025-08-24 01:26:07.812] [info] [150884] [OpenAnimationReplacer.cpp:549] Creating replacement animations for Actors\Draugr\...
[2025-08-24 01:26:07.813] [info] [150884] [OpenAnimationReplacer.cpp:611] Time spent creating replacement animations for Actors\Draugr\:
[2025-08-24 01:26:07.813] [info] [150884] [OpenAnimationReplacer.cpp:612]   Parsing: 0ms
[2025-08-24 01:26:07.813] [info] [150884] [OpenAnimationReplacer.cpp:613]   Updating animations in submods: 0ms
[2025-08-24 01:26:07.813] [info] [150884] [OpenAnimationReplacer.cpp:614]   Initializing replacment animations: 0ms
[2025-08-24 01:26:07.813] [info] [150884] [OpenAnimationReplacer.cpp:615]   Total: 0ms
[2025-08-24 01:26:07.821] [info] [150884] [OpenAnimationReplacer.cpp:549] Creating replacement animations for Actors\Deer\...
[2025-08-24 01:26:07.821] [info] [150884] [OpenAnimationReplacer.cpp:611] Time spent creating replacement animations for Actors\Deer\:
[2025-08-24 01:26:07.821] [info] [150884] [OpenAnimationReplacer.cpp:612]   Parsing: 0ms
[2025-08-24 01:26:07.821] [info] [150884] [OpenAnimationReplacer.cpp:613]   Updating animations in submods: 0ms
[2025-08-24 01:26:07.821] [info] [150884] [OpenAnimationReplacer.cpp:614]   Initializing replacment animations: 0ms
[2025-08-24 01:26:07.821] [info] [150884] [OpenAnimationReplacer.cpp:615]   Total: 0ms
[2025-08-24 01:26:07.832] [info] [150884] [OpenAnimationReplacer.cpp:549] Creating replacement animations for Actors\Witchlight\...
[2025-08-24 01:26:07.832] [info] [150884] [OpenAnimationReplacer.cpp:611] Time spent creating replacement animations for Actors\Witchlight\:
[2025-08-24 01:26:07.832] [info] [150884] [OpenAnimationReplacer.cpp:612]   Parsing: 0ms
[2025-08-24 01:26:07.832] [info] [150884] [OpenAnimationReplacer.cpp:613]   Updating animations in submods: 0ms
[2025-08-24 01:26:07.832] [info] [150884] [OpenAnimationReplacer.cpp:614]   Initializing replacment animations: 0ms
[2025-08-24 01:26:07.832] [info] [150884] [OpenAnimationReplacer.cpp:615]   Total: 0ms
[2025-08-24 01:26:07.842] [info] [150884] [OpenAnimationReplacer.cpp:549] Creating replacement animations for Clutter\Books\Book01\...
[2025-08-24 01:26:07.842] [info] [150884] [OpenAnimationReplacer.cpp:611] Time spent creating replacement animations for Clutter\Books\Book01\:
[2025-08-24 01:26:07.842] [info] [150884] [OpenAnimationReplacer.cpp:612]   Parsing: 0ms
[2025-08-24 01:26:07.842] [info] [150884] [OpenAnimationReplacer.cpp:613]   Updating animations in submods: 0ms
[2025-08-24 01:26:07.842] [info] [150884] [OpenAnimationReplacer.cpp:614]   Initializing replacment animations: 0ms
[2025-08-24 01:26:07.842] [info] [150884] [OpenAnimationReplacer.cpp:615]   Total: 0ms
[2025-08-24 01:26:07.858] [info] [150884] [OpenAnimationReplacer.cpp:549] Creating replacement animations for Actors\SabreCat\...
[2025-08-24 01:26:07.859] [info] [150884] [OpenAnimationReplacer.cpp:611] Time spent creating replacement animations for Actors\SabreCat\:
[2025-08-24 01:26:07.859] [info] [150884] [OpenAnimationReplacer.cpp:612]   Parsing: 0ms
[2025-08-24 01:26:07.859] [info] [150884] [OpenAnimationReplacer.cpp:613]   Updating animations in submods: 0ms
[2025-08-24 01:26:07.859] [info] [150884] [OpenAnimationReplacer.cpp:614]   Initializing replacment animations: 0ms
[2025-08-24 01:26:07.859] [info] [150884] [OpenAnimationReplacer.cpp:615]   Total: 0ms
[2025-08-24 01:26:07.873] [info] [150884] [OpenAnimationReplacer.cpp:549] Creating replacement animations for Actors\Goat\...
[2025-08-24 01:26:07.873] [info] [150884] [OpenAnimationReplacer.cpp:611] Time spent creating replacement animations for Actors\Goat\:
[2025-08-24 01:26:07.873] [info] [150884] [OpenAnimationReplacer.cpp:612]   Parsing: 0ms
[2025-08-24 01:26:07.873] [info] [150884] [OpenAnimationReplacer.cpp:613]   Updating animations in submods: 0ms
[2025-08-24 01:26:07.873] [info] [150884] [OpenAnimationReplacer.cpp:614]   Initializing replacment animations: 0ms
[2025-08-24 01:26:07.873] [info] [150884] [OpenAnimationReplacer.cpp:615]   Total: 0ms
[2025-08-24 01:26:07.882] [info] [150884] [OpenAnimationReplacer.cpp:549] Creating replacement animations for Furniture\Clutter\BlacksmithSharpeningWheelAnimating\...
[2025-08-24 01:26:07.882] [info] [150884] [OpenAnimationReplacer.cpp:611] Time spent creating replacement animations for Furniture\Clutter\BlacksmithSharpeningWheelAnimating\:
[2025-08-24 01:26:07.882] [info] [150884] [OpenAnimationReplacer.cpp:612]   Parsing: 0ms
[2025-08-24 01:26:07.882] [info] [150884] [OpenAnimationReplacer.cpp:613]   Updating animations in submods: 0ms
[2025-08-24 01:26:07.882] [info] [150884] [OpenAnimationReplacer.cpp:614]   Initializing replacment animations: 0ms
[2025-08-24 01:26:07.882] [info] [150884] [OpenAnimationReplacer.cpp:615]   Total: 0ms
[2025-08-24 01:26:10.671] [info] [150884] [OpenAnimationReplacer.cpp:549] Creating replacement animations for auxbones\SOS\...
[2025-08-24 01:26:10.671] [info] [150884] [OpenAnimationReplacer.cpp:611] Time spent creating replacement animations for auxbones\SOS\:
[2025-08-24 01:26:10.671] [info] [150884] [OpenAnimationReplacer.cpp:612]   Parsing: 0ms
[2025-08-24 01:26:10.671] [info] [150884] [OpenAnimationReplacer.cpp:613]   Updating animations in submods: 0ms
[2025-08-24 01:26:10.671] [info] [150884] [OpenAnimationReplacer.cpp:614]   Initializing replacment animations: 0ms
[2025-08-24 01:26:10.671] [info] [150884] [OpenAnimationReplacer.cpp:615]   Total: 0ms
[2025-08-24 01:26:10.920] [info] [150884] [OpenAnimationReplacer.cpp:549] Creating replacement animations for auxbones\TNG\...
[2025-08-24 01:26:10.920] [info] [150884] [OpenAnimationReplacer.cpp:611] Time spent creating replacement animations for auxbones\TNG\:
[2025-08-24 01:26:10.920] [info] [150884] [OpenAnimationReplacer.cpp:612]   Parsing: 0ms
[2025-08-24 01:26:10.920] [info] [150884] [OpenAnimationReplacer.cpp:613]   Updating animations in submods: 0ms
[2025-08-24 01:26:10.920] [info] [150884] [OpenAnimationReplacer.cpp:614]   Initializing replacment animations: 0ms
[2025-08-24 01:26:10.920] [info] [150884] [OpenAnimationReplacer.cpp:615]   Total: 0ms
[2025-08-24 01:28:01.157] [info] [150884] [OpenAnimationReplacer.cpp:549] Creating replacement animations for Actors\Skeever\...
[2025-08-24 01:28:01.157] [info] [150884] [OpenAnimationReplacer.cpp:611] Time spent creating replacement animations for Actors\Skeever\:
[2025-08-24 01:28:01.157] [info] [150884] [OpenAnimationReplacer.cpp:612]   Parsing: 0ms
[2025-08-24 01:28:01.157] [info] [150884] [OpenAnimationReplacer.cpp:613]   Updating animations in submods: 0ms
[2025-08-24 01:28:01.157] [info] [150884] [OpenAnimationReplacer.cpp:614]   Initializing replacment animations: 0ms
[2025-08-24 01:28:01.157] [info] [150884] [OpenAnimationReplacer.cpp:615]   Total: 0ms
[2025-08-24 01:28:01.552] [info] [150884] [OpenAnimationReplacer.cpp:549] Creating replacement animations for AuxBones\Tail\...
[2025-08-24 01:28:01.552] [info] [150884] [OpenAnimationReplacer.cpp:611] Time spent creating replacement animations for AuxBones\Tail\:
[2025-08-24 01:28:01.552] [info] [150884] [OpenAnimationReplacer.cpp:612]   Parsing: 0ms
[2025-08-24 01:28:01.552] [info] [150884] [OpenAnimationReplacer.cpp:613]   Updating animations in submods: 0ms
[2025-08-24 01:28:01.552] [info] [150884] [OpenAnimationReplacer.cpp:614]   Initializing replacment animations: 0ms
[2025-08-24 01:28:01.552] [info] [150884] [OpenAnimationReplacer.cpp:615]   Total: 0ms
[2025-08-24 01:28:01.654] [info] [150884] [OpenAnimationReplacer.cpp:549] Creating replacement animations for Weapons\Bow\...
[2025-08-24 01:28:01.654] [info] [150884] [OpenAnimationReplacer.cpp:611] Time spent creating replacement animations for Weapons\Bow\:
[2025-08-24 01:28:01.654] [info] [150884] [OpenAnimationReplacer.cpp:612]   Parsing: 0ms
[2025-08-24 01:28:01.654] [info] [150884] [OpenAnimationReplacer.cpp:613]   Updating animations in submods: 0ms
[2025-08-24 01:28:01.654] [info] [150884] [OpenAnimationReplacer.cpp:614]   Initializing replacment animations: 0ms
[2025-08-24 01:28:01.654] [info] [150884] [OpenAnimationReplacer.cpp:615]   Total: 0ms
[2025-08-24 01:29:05.194] [info] [150884] [OpenAnimationReplacer.cpp:549] Creating replacement animations for Weapons\Bow\...
[2025-08-24 01:29:05.194] [info] [150884] [OpenAnimationReplacer.cpp:611] Time spent creating replacement animations for Weapons\Bow\:
[2025-08-24 01:29:05.194] [info] [150884] [OpenAnimationReplacer.cpp:612]   Parsing: 0ms
[2025-08-24 01:29:05.194] [info] [150884] [OpenAnimationReplacer.cpp:613]   Updating animations in submods: 0ms
[2025-08-24 01:29:05.194] [info] [150884] [OpenAnimationReplacer.cpp:614]   Initializing replacment animations: 0ms
[2025-08-24 01:29:05.194] [info] [150884] [OpenAnimationReplacer.cpp:615]   Total: 0ms
[2025-08-24 01:30:20.947] [info] [150884] [OpenAnimationReplacer.cpp:549] Creating replacement animations for Traps\LeanToTrap\...
[2025-08-24 01:30:20.947] [info] [150884] [OpenAnimationReplacer.cpp:611] Time spent creating replacement animations for Traps\LeanToTrap\:
[2025-08-24 01:30:20.947] [info] [150884] [OpenAnimationReplacer.cpp:612]   Parsing: 0ms
[2025-08-24 01:30:20.947] [info] [150884] [OpenAnimationReplacer.cpp:613]   Updating animations in submods: 0ms
[2025-08-24 01:30:20.947] [info] [150884] [OpenAnimationReplacer.cpp:614]   Initializing replacment animations: 0ms
[2025-08-24 01:30:20.947] [info] [150884] [OpenAnimationReplacer.cpp:615]   Total: 0ms
[2025-08-24 01:30:20.981] [info] [150884] [OpenAnimationReplacer.cpp:549] Creating replacement animations for auxbones\SOS\...
[2025-08-24 01:30:20.981] [info] [150884] [OpenAnimationReplacer.cpp:611] Time spent creating replacement animations for auxbones\SOS\:
[2025-08-24 01:30:20.981] [info] [150884] [OpenAnimationReplacer.cpp:612]   Parsing: 0ms
[2025-08-24 01:30:20.981] [info] [150884] [OpenAnimationReplacer.cpp:613]   Updating animations in submods: 0ms
[2025-08-24 01:30:20.981] [info] [150884] [OpenAnimationReplacer.cpp:614]   Initializing replacment animations: 0ms
[2025-08-24 01:30:20.981] [info] [150884] [OpenAnimationReplacer.cpp:615]   Total: 0ms
[2025-08-24 01:30:21.268] [info] [150884] [OpenAnimationReplacer.cpp:549] Creating replacement animations for auxbones\TNG\...
[2025-08-24 01:30:21.268] [info] [150884] [OpenAnimationReplacer.cpp:611] Time spent creating replacement animations for auxbones\TNG\:
[2025-08-24 01:30:21.268] [info] [150884] [OpenAnimationReplacer.cpp:612]   Parsing: 0ms
[2025-08-24 01:30:21.268] [info] [150884] [OpenAnimationReplacer.cpp:613]   Updating animations in submods: 0ms
[2025-08-24 01:30:21.268] [info] [150884] [OpenAnimationReplacer.cpp:614]   Initializing replacment animations: 0ms
[2025-08-24 01:30:21.268] [info] [150884] [OpenAnimationReplacer.cpp:615]   Total: 0ms
