[21:07:05:111] po3_KeywordItemDistributor v3.4.0
[21:07:05:111] Game version : 1-5-97-0
[21:07:07:386] ***********************INI************************
[21:07:07:663] 110 matching inis found
[21:07:07:663] 	INI : Data\AAA_KW-OCF_Data_KID.ini
[21:07:07:671] 	INI : Data\ABA_KW-OCF_ACTI_KID.ini
[21:07:07:675] 	INI : Data\ABA_KW-OCF_ALCH_KID.ini
[21:07:07:680] 	INI : Data\ABA_KW-OCF_AMMO_KID.ini
[21:07:07:683] 	INI : Data\ABA_KW-OCF_ARMO_KID.ini
[21:07:07:691] 	INI : Data\ABA_KW-OCF_BOOK_KID.ini
[21:07:07:696] 	INI : Data\ABA_KW-OCF_FLOR_KID.ini
[21:07:07:701] 	INI : Data\ABA_KW-OCF_FURN_KID.ini
[21:07:07:705] 	INI : Data\ABA_KW-OCF_INGR_KID.ini
[21:07:07:710] 	INI : Data\ABA_KW-OCF_KEYM_KID.ini
[21:07:07:715] 	INI : Data\ABA_KW-OCF_LCTN_KID.ini
[21:07:07:719] 	INI : Data\ABA_KW-OCF_MGEF_KID.ini
[21:07:07:724] 	INI : Data\ABA_KW-OCF_MISC_KID.ini
[21:07:07:730] 	INI : Data\ABA_KW-OCF_Material_KID.ini
[21:07:07:734] 	INI : Data\ABA_KW-OCF_RACE_KID.ini
[21:07:07:737] 	INI : Data\ABA_KW-OCF_SCRL_KID.ini
[21:07:07:741] 	INI : Data\ABA_KW-OCF_SLGM_KID.ini
[21:07:07:744] 	INI : Data\ABA_KW-OCF_SPEL_KID.ini
[21:07:07:749] 	INI : Data\ABA_KW-OCF_WEAP_KID.ini
[21:07:07:754] 	INI : Data\ABB_KW-OCF_Inventory_KID.ini
[21:07:07:758] 	INI : Data\ACA_KW-Mod_Footprints_KID.ini
[21:07:07:761] 	INI : Data\ACA_KW-Mod_SunHelm_KID.ini
[21:07:07:765] 	INI : Data\BOOBIES_3DNPC_KID.ini
[21:07:07:769] 	INI : Data\BOOBIES_AddItemMenuSE_KID.ini
[21:07:07:771] 	INI : Data\BOOBIES_Apocalypse_KID.ini
[21:07:07:775] 	INI : Data\BOOBIES_Arclight_KID.ini
[21:07:07:778] 	INI : Data\BOOBIES_Armor of Intrigue_KID.ini
[21:07:07:782] 	INI : Data\BOOBIES_Astral_KID.ini
[21:07:07:785] 	INI : Data\BOOBIES_Austio Weapons_KID.ini
[21:07:07:788] 	INI : Data\BOOBIES_Billyro's_Weapons_KID.ini
[21:07:07:790] 	INI : Data\BOOBIES_Bruma_KID.ini
[21:07:07:794] 	INI : Data\BOOBIES_CCOR_KID.ini
[21:07:07:796] 	INI : Data\BOOBIES_CC_Content_KID.ini
[21:07:07:801] 	INI : Data\BOOBIES_CL's Rapier_KID.ini
[21:07:07:804] 	INI : Data\BOOBIES_Crystalwind_Estate_KID.ini.ini
[21:07:07:807] 	INI : Data\BOOBIES_Cutting_Room_Floor_KID.ini
[21:07:07:809] 	INI : Data\BOOBIES_DBM_RelicNotifications_KID.ini
[21:07:07:813] 	INI : Data\BOOBIES_DNPCsBlanketScarf_KID.ini
[21:07:07:816] 	INI : Data\BOOBIES_DS2Miracles_KID.ini
[21:07:07:819] 	INI : Data\BOOBIES_DX Druid Armor_KID.ini
[21:07:07:823] 	INI : Data\BOOBIES_DX Necromancer Robes_KID.ini
[21:07:07:826] 	INI : Data\BOOBIES_DawnguardArsenal_KID.ini
[21:07:07:829] 	INI : Data\BOOBIES_Dr_Bandolier_KID.ini
[21:07:07:833] 	INI : Data\BOOBIES_Ebony Damascus Blades_KID.ini
[21:07:07:836] 	INI : Data\BOOBIES_Elemental_Destruction_Magic_Redux_KID.ini
[21:07:07:839] 	INI : Data\BOOBIES_FGCAegeanSentinelHalberd_KID.ini
[21:07:07:843] 	INI : Data\BOOBIES_GENERAL_ARMOR_KID.ini
[21:07:07:847] 	INI : Data\BOOBIES_GENERAL_KID.ini
[21:07:07:851] 	INI : Data\BOOBIES_ImmersiveIcons_KID.ini
[21:07:07:856] 	INI : Data\BOOBIES_Inigo_KID.ini
[21:07:07:860] 	INI : Data\BOOBIES_InsanitySorrow Weapons Pack_KID.ini
[21:07:07:864] 	INI : Data\BOOBIES_JSwords_KID.ini
[21:07:07:868] 	INI : Data\BOOBIES_KSA_vdk_KID.ini
[21:07:07:872] 	INI : Data\BOOBIES_K_Honor_and_courage_KID.ini
[21:07:07:876] 	INI : Data\BOOBIES_League of Assassins Armor_KID.ini
[21:07:07:879] 	INI : Data\BOOBIES_LegacyoftheDragonborn_KID.ini
[21:07:07:882] 	INI : Data\BOOBIES_Mihail_Mods_KID.ini
[21:07:07:886] 	INI : Data\BOOBIES_OCF_KID.ini
[21:07:07:889] 	INI : Data\BOOBIES_Project_AHO_KID.ini
[21:07:07:892] 	INI : Data\BOOBIES_PrvtI_RoyalArmory_KID.ini
[21:07:07:895] 	INI : Data\BOOBIES_Quarterstaff_KID.ini
[21:07:07:898] 	INI : Data\BOOBIES_QwibLantern_KID.ini
[21:07:07:902] 	INI : Data\BOOBIES_RDO_KID.ini
[21:07:07:905] 	INI : Data\BOOBIES_Rapier_and_Dirk_by_Flarescale_KID.ini
[21:07:07:908] 	INI : Data\BOOBIES_S_Mystical_Ember_Blade_KID.ini
[21:07:07:912] 	INI : Data\BOOBIES_ScytheOfTheCrow_KID.ini
[21:07:07:916] 	INI : Data\BOOBIES_Shockwave_KID.ini
[21:07:07:919] 	INI : Data\BOOBIES_Skyrim_KID.ini
[21:07:07:923] 	INI : Data\BOOBIES_SkyrimsUniqueTreasures_KID.ini
[21:07:07:925] 	INI : Data\BOOBIES_SpearOfLeonidas_KID.ini
[21:07:07:929] 	INI : Data\BOOBIES_StormCalling_KID.ini
[21:07:07:932] 	INI : Data\BOOBIES_The Legends-Breton Knight_KID.ini
[21:07:07:935] 	INI : Data\BOOBIES_Triumvirate_KID.ini
[21:07:07:939] 	INI : Data\BOOBIES_Twilight_Princess_Armor_KID.ini
[21:07:07:942] 	INI : Data\BOOBIES_Undeath_KID.ini
[21:07:07:946] 	INI : Data\BOOBIES_Unslaad_KID.ini
[21:07:07:949] 	INI : Data\BOOBIES_Velothi Warscythe_KID.ini
[21:07:07:952] 	INI : Data\BOOBIES_Vigilant_KID.ini
[21:07:07:956] 	INI : Data\BOOBIES_Viridian Armor - Color Variations_KID.ini
[21:07:07:959] 	INI : Data\BOOBIES_WetandCold_KID.ini
[21:07:07:962] 	INI : Data\BOOBIES_Wintersun_KID.ini
[21:07:07:966] 	INI : Data\BOOBIES_Wyrmstooth_KID.ini
[21:07:07:969] 	INI : Data\BOOBIES_Yol'Kreh Scythes_KID.ini
[21:07:07:972] 	INI : Data\BOOBIES_nwsFollowerFramework_KID.ini
[21:07:07:975] 	INI : Data\BOOBIES_war scythe_KID.ini
[21:07:07:978] 	INI : Data\DESIRE - No disenchant_KID.ini
[21:07:07:981] 	INI : Data\EAS_Forgotten City_KID.ini
[21:07:07:984] 	INI : Data\EAS_Gourmet_KID.ini
[21:07:07:987] 	INI : Data\EAS_KID.ini
[21:07:07:991] 	INI : Data\EAS_Simple Hunting Overhaul_KID.ini
[21:07:07:993] 	INI : Data\EAS_Survival Mode_KID.ini
[21:07:07:997] 	INI : Data\EasSunhelmWaterskin_KID.ini
[21:07:08:000] 	INI : Data\FirstPersonInteractions_KID.ini
[21:07:08:003] 	INI : Data\Footprints_KID.ini
[21:07:08:006] 	INI : Data\Helmet Toggle_KID.ini
[21:07:08:011] 	INI : Data\I4 Weapon Icons BattleScythe_KID.ini
[21:07:08:015] 	INI : Data\Moon Monk's Robes - No Disenchant_KID.ini
[21:07:08:018] 		Failed to parse entry [Keyword = MagicDisallowEnchanting|Armor|0K_KhajiitGauntletsRakazra,0K_KhajiitGauntletsRakazra_Clothes,0K_KhajiitGauntlets,0K_KhajiitGauntlets_Clothes,0K_KhajiitGauntletsWater,0K_KhajiitGauntletsWater_Clothes,0K_KhajiitGauntletsBlack,0K_KhajiitGauntletsBlack_Clothes,0K_KhajiitGauntletsWhite,0K_KhajiitGauntletsWhite_Clothes,0K_KhajiitGauntletsJadarri,0K_KhajiitGauntletsJadarri_Clothes,]
[21:07:08:018] 	INI : Data\Necromaster Robes - No Disenchant_KID.ini
[21:07:08:022] 	INI : Data\Nolvus Awakening Weapon Keywords_KID.ini
[21:07:08:023] 	INI : Data\SimplestHorses_KID.ini
[21:07:08:027] 	INI : Data\Sonders_Keyword_Distribution_KID.ini
[21:07:08:031] 	INI : Data\Ultra Enemy - Good Death - No Disenchant_KID.ini
[21:07:08:034] 	INI : Data\WK_All_Summons_KID.ini
[21:07:08:037] 	INI : Data\WK_Apocalypse_KID.ini
[21:07:08:041] 	INI : Data\WK_Astral_Magic_KID.ini
[21:07:08:044] 	INI : Data\WK_Base_Spells_KID.ini
[21:07:08:047] 	INI : Data\WK_Mysticism_KID.ini
[21:07:08:050] 	INI : Data\WK_Phenderix_Magic_Evolved_KID.ini
[21:07:08:053] 	INI : Data\WK_Triumvirate_KID.ini
[21:07:08:056] 	INI : Data\rmb_b_0_nordwarua_sos_keys_KID.ini
[21:07:08:059] **********************HOOKS***********************
[21:07:08:059] Installed TESObjectBOOK InitItemImpl hook
[21:07:10:728] **********************MERGES**********************
[21:07:10:728] Failed to dispatch message to MergeMapper
[21:07:10:728] INFO - MergeMapper not detected
[21:09:59:584] **********************LOOKUP**********************
[21:09:59:584] Magic Effect
[21:09:59:596] 	[ABA_KW-OCF_MGEF_KID.ini] OCF_MgefPowerGrand
[21:09:59:596] 	[ABA_KW-OCF_MGEF_KID.ini] OCF_MgefClassArtificer
[21:09:59:596] 	[ABA_KW-OCF_MGEF_KID.ini] OCF_MgefClassAsh
[21:09:59:596] 	[ABA_KW-OCF_MGEF_KID.ini] OCF_MgefClassBard
[21:09:59:596] 	[ABA_KW-OCF_MGEF_KID.ini] OCF_MgefClassDruid
[21:09:59:596] 	[ABA_KW-OCF_MGEF_KID.ini] OCF_MgefClassEarth
[21:09:59:596] 	[ABA_KW-OCF_MGEF_KID.ini] OCF_MgefClassEldritch
[21:09:59:596] 	[ABA_KW-OCF_MGEF_KID.ini] OCF_MgefClassFire
[21:09:59:596] 	[ABA_KW-OCF_MGEF_KID.ini] OCF_MgefClassFrost
[21:09:59:596] 	[ABA_KW-OCF_MGEF_KID.ini] OCF_MgefClassHoly
[21:09:59:596] 	[ABA_KW-OCF_MGEF_KID.ini] OCF_MgefClassRace_Altmer
[21:09:59:596] 	[ABA_KW-OCF_MGEF_KID.ini] OCF_MgefClassRace_Argonian
[21:09:59:596] 	[ABA_KW-OCF_MGEF_KID.ini] OCF_MgefClassRace_Breton
[21:09:59:596] 	[ABA_KW-OCF_MGEF_KID.ini] OCF_MgefClassRace_Orsimer
[21:09:59:596] 	[ABA_KW-OCF_MGEF_KID.ini] OCF_MgefClassRace_Redguard
[21:09:59:596] 	[ABA_KW-OCF_MGEF_KID.ini] OCF_MgefClassRace_Vampire
[21:09:59:596] 	[ABA_KW-OCF_MGEF_KID.ini] OCF_MgefClassRace_Werebeast
[21:09:59:596] 	[ABA_KW-OCF_MGEF_KID.ini] OCF_MgefClassWater
[21:09:59:596] 	[ABA_KW-OCF_MGEF_KID.ini] OCF_MgefSpellBound_Weapon
[21:09:59:596] 	[ABA_KW-OCF_MGEF_KID.ini] OCF_MgefSpellDamage_Blood
[21:09:59:596] 	[ABA_KW-OCF_MGEF_KID.ini] OCF_MgefSpellDamage_Fire
[21:09:59:596] 	[ABA_KW-OCF_MGEF_KID.ini] OCF_MgefSpellDamage_FireCloakDunmer
[21:09:59:596] 	[ABA_KW-OCF_MGEF_KID.ini] OCF_MgefSpellDamage_Force
[21:09:59:596] 	[ABA_KW-OCF_MGEF_KID.ini] OCF_MgefSpellDamage_Frost
[21:09:59:596] 	[ABA_KW-OCF_MGEF_KID.ini] OCF_MgefSpellDamage_Poison
[21:09:59:596] 	[ABA_KW-OCF_MGEF_KID.ini] OCF_MgefSpellDamage_PoisonDoomstone
[21:09:59:596] 	[ABA_KW-OCF_MGEF_KID.ini] OCF_MgefSpellDamage_PoisonEldritch
[21:09:59:596] 	[ABA_KW-OCF_MGEF_KID.ini] OCF_MgefSpellDamage_Shadow
[21:09:59:596] 	[ABA_KW-OCF_MGEF_KID.ini] OCF_MgefSpellDamage_Steam
[21:09:59:596] 	[ABA_KW-OCF_MGEF_KID.ini] OCF_MgefSpellDamage_WindCloak
[21:09:59:596] 	[ABA_KW-OCF_MGEF_KID.ini] OCF_MgefSpellDivination
[21:09:59:596] 	[ABA_KW-OCF_MGEF_KID.ini] OCF_MgefSpellEnhance_AttackEldritch
[21:09:59:596] 	[ABA_KW-OCF_MGEF_KID.ini] OCF_MgefSpellEnhance_Damage
[21:09:59:596] 	[ABA_KW-OCF_MGEF_KID.ini] OCF_MgefSpellEnhance_Fall
[21:09:59:596] 	[ABA_KW-OCF_MGEF_KID.ini] OCF_MgefSpellEnhance_CastingDruid
[21:09:59:596] 	[ABA_KW-OCF_MGEF_KID.ini] OCF_MgefSpellEnhance_CastingEldritch
[21:09:59:596] 	[ABA_KW-OCF_MGEF_KID.ini] OCF_MgefSpellEthereal
[21:09:59:596] 	[ABA_KW-OCF_MGEF_KID.ini] OCF_MgefSpellHeal_LivingWater
[21:09:59:596] 	[ABA_KW-OCF_MGEF_KID.ini] OCF_MgefSpellHeal_Self
[21:09:59:596] 	[ABA_KW-OCF_MGEF_KID.ini] OCF_MgefSpellHeal_Undead
[21:09:59:596] 	[ABA_KW-OCF_MGEF_KID.ini] OCF_MgefSpellMind_CharmImperial
[21:09:59:596] 	[ABA_KW-OCF_MGEF_KID.ini] OCF_MgefSpellMind_Control
[21:09:59:596] 	[ABA_KW-OCF_MGEF_KID.ini] OCF_MgefSpellMind_ControlBosmer
[21:09:59:596] 	[ABA_KW-OCF_MGEF_KID.ini] OCF_MgefSpellMind_FearNord
[21:09:59:597] 	[ABA_KW-OCF_MGEF_KID.ini] OCF_MgefSpellMind_FrenzyShadow
[21:09:59:597] 	[ABA_KW-OCF_MGEF_KID.ini] OCF_MgefSpellMind_Paralysis
[21:09:59:597] 	[ABA_KW-OCF_MGEF_KID.ini] OCF_MgefSpellParalysis
[21:09:59:597] 	[ABA_KW-OCF_MGEF_KID.ini] OCF_MgefSpellProtect_Damage
[21:09:59:597] 	[ABA_KW-OCF_MGEF_KID.ini] OCF_MgefSpellProtect_DamageEldritch
[21:09:59:597] 	[ABA_KW-OCF_MGEF_KID.ini] OCF_MgefSpellProtect_Magic
[21:09:59:597] 	[ABA_KW-OCF_MGEF_KID.ini] OCF_MgefSpellReanimate
[21:09:59:597] 	[ABA_KW-OCF_MGEF_KID.ini] OCF_MgefSpellReanimateDoomstone
[21:09:59:597] 	[ABA_KW-OCF_MGEF_KID.ini] OCF_MgefSpellRestore_Magicka
[21:09:59:597] 	[ABA_KW-OCF_MGEF_KID.ini] OCF_MgefSpellRestore_Stamina
[21:09:59:597] 	[ABA_KW-OCF_MGEF_KID.ini] OCF_MgefSpellSacrifice_Blood
[21:09:59:597] 	[ABA_KW-OCF_MGEF_KID.ini] OCF_MgefSpellShapechange_Creature
[21:09:59:597] 	[ABA_KW-OCF_MGEF_KID.ini] OCF_MgefSpellShapechange_Vampire
[21:09:59:597] 	[ABA_KW-OCF_MGEF_KID.ini] OCF_MgefSpellShapechange_Werebeast
[21:09:59:597] 	[ABA_KW-OCF_MGEF_KID.ini] OCF_MgefSpellSoulTrap
[21:09:59:597] 	[ABA_KW-OCF_MGEF_KID.ini] OCF_MgefSpellSpace
[21:09:59:597] 	[ABA_KW-OCF_MGEF_KID.ini] OCF_MgefSpellStealth_Invisibility
[21:09:59:597] 	[ABA_KW-OCF_MGEF_KID.ini] OCF_MgefSpellStealth_InvisibilityDoomstone
[21:09:59:597] 	[ABA_KW-OCF_MGEF_KID.ini] OCF_MgefSpellSummon_Construct
[21:09:59:597] 	[ABA_KW-OCF_MGEF_KID.ini] OCF_MgefSpellSummon_Creature
[21:09:59:597] 	[ABA_KW-OCF_MGEF_KID.ini] OCF_MgefSpellSummon_Daedra
[21:09:59:597] 	[ABA_KW-OCF_MGEF_KID.ini] OCF_MgefSpellSummon_DaedraEldritch
[21:09:59:597] 	[ABA_KW-OCF_MGEF_KID.ini] OCF_MgefSpellSummon_Spirit
[21:09:59:597] 	[ABA_KW-OCF_MGEF_KID.ini] OCF_MgefSpellSummon_SpiritFrost
[21:09:59:597] 	[ABA_KW-OCF_MGEF_KID.ini] OCF_MgefSpellSummon_SpiritShadow
[21:09:59:597] 	[ABA_KW-OCF_MGEF_KID.ini] OCF_MgefSpellSummon_Undead
[21:09:59:597] 	[ABA_KW-OCF_MGEF_KID.ini] OCF_MgefSpellTime
[21:09:59:597] 	[ABA_KW-OCF_MGEF_KID.ini] OCF_MgefSpellTransmute
[21:09:59:597] 	[ABA_KW-OCF_MGEF_KID.ini] OCF_MgefSpellTurnUndeadCircle
[21:09:59:597] 	[ABA_KW-OCF_MGEF_KID.ini] OCF_AmmoTypeArrow
[21:09:59:597] 	[ABA_KW-OCF_MGEF_KID.ini] OCF_WeapTypeBattleaxe2H
[21:09:59:597] 	[ABA_KW-OCF_MGEF_KID.ini] OCF_WeapTypeBow2H
[21:09:59:597] 	[ABA_KW-OCF_MGEF_KID.ini] OCF_WeapTypeDagger1H
[21:09:59:597] 	[ABA_KW-OCF_MGEF_KID.ini] OCF_WeapTypeSword1H
[21:09:59:597] 	[ABA_KW-OCF_MGEF_KID.ini] OCF_InvColorArcane
[21:09:59:597] 	[ABA_KW-OCF_MGEF_KID.ini] OCF_InvColorBlood
[21:09:59:597] 	[ABA_KW-OCF_MGEF_KID.ini] OCF_InvColorEldritch
[21:09:59:597] 	[ABA_KW-OCF_MGEF_KID.ini] OCF_InvColorFire
[21:09:59:597] 	[ABA_KW-OCF_MGEF_KID.ini] OCF_InvColorShadow
[21:09:59:597] 	[ABA_KW-OCF_MGEF_KID.ini] OCF_MgefSpellBound_Ammo
[21:09:59:597] 	[ABA_KW-OCF_MGEF_KID.ini] OCF_MgefSpellForce
[21:09:59:597] 	[ABA_KW-OCF_MGEF_KID.ini] OCF_MgefClassNecromancy
[21:09:59:597] 	[ABA_KW-OCF_MGEF_KID.ini] OCF_MgefSpellSpace_Teleport
[21:09:59:597] 	[ABA_KW-OCF_MGEF_KID.ini] OCF_MgefSpellSacrifice_Summon
[21:09:59:597] 	[ABA_KW-OCF_MGEF_KID.ini] CCSM_RestoreHungerLarge
[21:09:59:597] 	[ABA_KW-OCF_MGEF_KID.ini] CCSM_RestoreHungerMedium
[21:09:59:597] 	[ABA_KW-OCF_MGEF_KID.ini] CCSM_RestoreHungerSmall
[21:09:59:597] 	[ABA_KW-OCF_MGEF_KID.ini] CCSM_RestoreHungerTiny
[21:09:59:597] 	[ABA_KW-OCF_MGEF_KID.ini] CCSM_RestoreCold
[21:09:59:597] 	[ABA_KW-OCF_MGEF_KID.ini] CCSM_FortifyWarmth
[21:09:59:597] 	[ABA_KW-OCF_MGEF_KID.ini] OCF_MgefPowerCheat
[21:09:59:597] 	[ABA_KW-OCF_MGEF_KID.ini] OCF_MgefPowerAction_CommandFollower
[21:09:59:597] 	[ABA_KW-OCF_MGEF_KID.ini] OCF_MgefPowerConfig
[21:09:59:597] 	[ABA_KW-OCF_MGEF_KID.ini] OCF_MgefClassShadow
[21:09:59:597] 	[ABA_KW-OCF_MGEF_KID.ini] OCF_MgefSpellSummon_Object
[21:09:59:597] 	[ABA_KW-OCF_MGEF_KID.ini] OCF_MgefClassBlood
[21:09:59:597] 	[ABA_KW-OCF_MGEF_KID.ini] OCF_MgefPowerAction_Bag
[21:09:59:597] 	[ABA_KW-OCF_MGEF_KID.ini] OCF_MgefPowerAction_Potion
[21:09:59:598] 	[ABA_KW-OCF_MGEF_KID.ini] OCF_MgefPowerAction_Bard
[21:09:59:599] 	[ABA_KW-OCF_MGEF_KID.ini] MAG_MagicDamagePoison
[21:09:59:599] 	[ABA_KW-OCF_MGEF_KID.ini] OCF_MgefSpellDamage_PoisonBug
[21:09:59:599] 	[ABA_KW-OCF_MGEF_KID.ini] OCF_MgefSpellEnhance_Dodge
[21:09:59:599] 	[ABA_KW-OCF_MGEF_KID.ini] OCF_MgefSpellEnhance_WaterWalk
[21:09:59:599] 	[ABA_KW-OCF_MGEF_KID.ini] OCF_MgefSpellHeal_SelfCloak
[21:09:59:599] 	[ABA_KW-OCF_MGEF_KID.ini] OCF_MgefSpellUnlock
[21:09:59:599] 	[ABA_KW-OCF_MGEF_KID.ini] OCF_WeapTypeGreatsword2H
[21:09:59:599] 	[ABA_KW-OCF_MGEF_KID.ini] OCF_WeapTypeMace1H
[21:09:59:599] 	[ABA_KW-OCF_MGEF_KID.ini] OCF_MgefSpellDamage_BloodCloak
[21:09:59:599] 	[ABA_KW-OCF_MGEF_KID.ini] OCF_MgefSpellDamage_FrostFire
[21:09:59:599] 	[ABA_KW-OCF_MGEF_KID.ini] OCF_MgefSpellLight
[21:09:59:599] 	[ABA_KW-OCF_MGEF_KID.ini] OCF_MgefClassSurvival_Wilderness
[21:09:59:599] 	[ABA_KW-OCF_MGEF_KID.ini] OCF_MgefPowerAction_Campfire
[21:09:59:599] 	[ABA_KW-OCF_MGEF_KID.ini] OCF_MgefPowerAction_Craft
[21:09:59:599] 	[ABA_KW-OCF_MGEF_KID.ini] OCF_MgefPowerAction_HarvestWood
[21:09:59:599] 	[ABA_KW-OCF_MGEF_KID.ini] OCF_MgefPowerAction_Instincts
[21:09:59:599] 	[ABA_KW-OCF_MGEF_KID.ini] OCF_MgefPowerAction_Horse
[21:09:59:599] 	[ABA_KW-OCF_MGEF_KID.ini] OCF_MgefPowerAction_Coin
[21:09:59:604] 	[ABA_KW-OCF_MGEF_KID.ini] OCF_InvColorBlack
[21:09:59:605] 	[ABA_KW-OCF_MGEF_KID.ini] OCF_InvColorDruid
[21:09:59:605] 	[ABA_KW-OCF_MGEF_KID.ini] OCF_InvColorFrost
[21:09:59:606] 	[ABA_KW-OCF_MGEF_KID.ini] OCF_InvColorHoly
[21:09:59:606] 	[ABA_KW-OCF_MGEF_KID.ini] OCF_InvColorMagenta
[21:09:59:606] 	[ABA_KW-OCF_MGEF_KID.ini] OCF_InvColorPink
[21:09:59:607] 	[ABA_KW-OCF_MGEF_KID.ini] OCF_InvColorPurple
[21:09:59:607] 	[ABA_KW-OCF_MGEF_KID.ini] OCF_InvColorWhite
[21:09:59:607] 	[ABA_KW-OCF_MGEF_KID.ini] OCF_MgefPowerAction_HorseHorn
[21:09:59:607] 	[ABA_KW-OCF_MGEF_KID.ini] OCF_MgefPowerAction_HorseWhistle
[21:09:59:607] 	[ABA_KW-OCF_MGEF_KID.ini] OCF_MgefDeliverTouch
[21:09:59:607] 	[ABA_KW-OCF_MGEF_KID.ini] OCF_MgefSpellCurse_Shadow
[21:09:59:607] 	[ABA_KW-OCF_MGEF_KID.ini] OCF_MgefSpellDamage_ShadowCloak
[21:09:59:607] 	[ABA_KW-OCF_MGEF_KID.ini] OCF_MgefSpellEnhance_Attack
[21:09:59:607] 	[ABA_KW-OCF_MGEF_KID.ini] OCF_MgefSpellEnhance_CritShadowInvis
[21:09:59:607] 	[ABA_KW-OCF_MGEF_KID.ini] OCF_MgefSpellEnhance_DamageShadow
[21:09:59:607] 	[ABA_KW-OCF_MGEF_KID.ini] OCF_MgefSpellEnhance_RegenShadowInvis
[21:09:59:608] 	[ABA_KW-OCF_MGEF_KID.ini] OCF_MgefClassArcane
[21:09:59:608] 	[ABA_KW-OCF_MGEF_KID.ini] OCF_MgefSpellDamage_Arcane
[21:09:59:609] 	[ABA_KW-OCF_MGEF_KID.ini] OCF_MgefSpellDamage_ArcaneCloak
[21:09:59:609] 	[ABA_KW-OCF_MGEF_KID.ini] OCF_MgefSpellEnhance_DamageArcane
[21:09:59:609] 	[ABA_KW-OCF_MGEF_KID.ini] OCF_MgefClassShock
[21:09:59:609] 	[ABA_KW-OCF_MGEF_KID.ini] OCF_MgefSpellDamage_ShockArc
[21:09:59:609] 	[ABA_KW-OCF_MGEF_KID.ini] OCF_MgefSpellDamage_ShockArcCloak
[21:09:59:609] 	[ABA_KW-OCF_MGEF_KID.ini] OCF_MgefSpellEnhance_DamageShockArc
[21:09:59:609] 	[ABA_KW-OCF_MGEF_KID.ini] OCF_InvColorShockArc
[21:09:59:610] 	[ABA_KW-OCF_MGEF_KID.ini] OCF_MgefSpellEnhance_DamageBlood
[21:09:59:610] 	[ABA_KW-OCF_MGEF_KID.ini] OCF_MgefSpellEnhance_Regen
[21:09:59:610] 	[ABA_KW-OCF_MGEF_KID.ini] OCF_MgefSpellDamage_NecroticFire
[21:09:59:610] 	[ABA_KW-OCF_MGEF_KID.ini] OCF_MgefSpellDamage_NecroticFireCloak
[21:09:59:611] 	[ABA_KW-OCF_MGEF_KID.ini] OCF_MgefSpellDamage_FrostFireCloak
[21:09:59:611] 	[ABA_KW-OCF_MGEF_KID.ini] OCF_MgefSpellBound_Armor
[21:09:59:611] 	[ABA_KW-OCF_MGEF_KID.ini] OCF_ArmorShield_Heavy
[21:09:59:611] 	[ABA_KW-OCF_MGEF_KID.ini] OCF_WeapTypeWarAxe1H
[21:09:59:611] 	[ABA_KW-OCF_MGEF_KID.ini] OCF_WeapTypeWarhammer2H
[21:09:59:612] 	[ABA_KW-OCF_MGEF_KID.ini] OCF_MgefSpellDamage_HolyLunar
[21:09:59:612] 	[ABA_KW-OCF_MGEF_KID.ini] OCF_MgefSpellDamage_HolyLunarCloak
[21:09:59:612] 	[ABA_KW-OCF_MGEF_KID.ini] OCF_MgefSpellEnhance_DamageHolyLunar
[21:09:59:614] 	[ABA_KW-OCF_MGEF_KID.ini] OCF_MgefClassWind
[21:09:59:614] 	[ABA_KW-OCF_MGEF_KID.ini] OCF_MgefSpellAssist_DamageDruid
[21:09:59:614] 	[ABA_KW-OCF_MGEF_KID.ini] OCF_MgefSpellAssist_MovementSpeedDruid
[21:09:59:614] 	[ABA_KW-OCF_MGEF_KID.ini] OCF_MgefSpellCounter_BloodDruid
[21:09:59:614] 	[ABA_KW-OCF_MGEF_KID.ini] OCF_MgefSpellCounter_Druid
[21:09:59:614] 	[ABA_KW-OCF_MGEF_KID.ini] OCF_MgefSpellCounter_DruidHeal
[21:09:59:614] 	[ABA_KW-OCF_MGEF_KID.ini] OCF_MgefSpellCounter_Fire
[21:09:59:614] 	[ABA_KW-OCF_MGEF_KID.ini] OCF_MgefSpellCurse_DruidRoot
[21:09:59:614] 	[ABA_KW-OCF_MGEF_KID.ini] OCF_MgefSpellDamage_Earth
[21:09:59:615] 	[ABA_KW-OCF_MGEF_KID.ini] OCF_MgefSpellDamage_EarthCloak
[21:09:59:615] 	[ABA_KW-OCF_MGEF_KID.ini] OCF_MgefSpellDamage_PoisonBugCloak
[21:09:59:615] 	[ABA_KW-OCF_MGEF_KID.ini] OCF_MgefSpellDamage_Water
[21:09:59:616] 	[ABA_KW-OCF_MGEF_KID.ini] OCF_MgefSpellDamage_WaterCloak
[21:09:59:616] 	[ABA_KW-OCF_MGEF_KID.ini] OCF_MgefSpellDamage_Wind
[21:09:59:616] 	[ABA_KW-OCF_MGEF_KID.ini] OCF_MgefSpellEnhance_DamageBloodDruid
[21:09:59:616] 	[ABA_KW-OCF_MGEF_KID.ini] OCF_MgefSpellEnhance_DamageDruidHunter
[21:09:59:616] 	[ABA_KW-OCF_MGEF_KID.ini] OCF_MgefSpellEnhance_DamageFire
[21:09:59:616] 	[ABA_KW-OCF_MGEF_KID.ini] OCF_MgefSpellEnhance_DamageFrost
[21:09:59:616] 	[ABA_KW-OCF_MGEF_KID.ini] OCF_MgefSpellEnhance_DamagePoison
[21:09:59:616] 	[ABA_KW-OCF_MGEF_KID.ini] OCF_MgefSpellEnhance_DamageShock
[21:09:59:616] 	[ABA_KW-OCF_MGEF_KID.ini] OCF_MgefSpellEnhance_EvasionDruid
[21:09:59:616] 	[ABA_KW-OCF_MGEF_KID.ini] OCF_MgefSpellEnhance_MovementSpeedDruid
[21:09:59:616] 	[ABA_KW-OCF_MGEF_KID.ini] OCF_MgefSpellEnhance_StaminaDruid
[21:09:59:616] 	[ABA_KW-OCF_MGEF_KID.ini] OCF_MgefSpellHeal_Living
[21:09:59:617] 	[ABA_KW-OCF_MGEF_KID.ini] OCF_MgefSpellParalysis_Druid
[21:09:59:617] 	[ABA_KW-OCF_MGEF_KID.ini] OCF_MgefSpellReflect_Druid
[21:09:59:617] 	[ABA_KW-OCF_MGEF_KID.ini] OCF_MgefSpellRestore_MagickaWater
[21:09:59:617] 	[ABA_KW-OCF_MGEF_KID.ini] OCF_MgefSpellRestore_StaminaDruid
[21:09:59:617] 	[ABA_KW-OCF_MGEF_KID.ini] OCF_MgefSpellStealth_InvisibilityDruid
[21:09:59:618] 	[ABA_KW-OCF_MGEF_KID.ini] OCF_InvColorShock
[21:09:59:618] 	[ABA_KW-OCF_MGEF_KID.ini] OCF_InvColorWater
[21:09:59:619] 	[ABA_KW-OCF_MGEF_KID.ini] OCF_MgefSpellDamage_PoisonEldritchCloak
[21:09:59:619] 	[ABA_KW-OCF_MGEF_KID.ini] OCF_MgefSpellEnhance_DamagePoisonEldritch
[21:09:59:619] 	[ABA_KW-OCF_MGEF_KID.ini] OCF_MgefSpellEnhance_EldritchTome
[21:09:59:620] 	[ABA_KW-OCF_MGEF_KID.ini] OCF_MgefSpellAssist_Necromancy
[21:09:59:621] 	[ABA_KW-OCF_MGEF_KID.ini] OCF_MgefSpellCurse_Necromancy
[21:09:59:621] 	[ABA_KW-OCF_MGEF_KID.ini] OCF_MgefSpellDamage_Necrotic
[21:09:59:621] 	[ABA_KW-OCF_MGEF_KID.ini] OCF_MgefSpellEnhance_AttackNecromancy
[21:09:59:621] 	[ABA_KW-OCF_MGEF_KID.ini] OCF_MgefSpellSacrifice_Corpse
[21:09:59:623] 	[ABA_KW-OCF_MGEF_KID.ini] OCF_MgefClassAstral
[21:09:59:623] 	[ABA_KW-OCF_MGEF_KID.ini] OCF_MgefSpellCounter_Astral
[21:09:59:624] 	[ABA_KW-OCF_MGEF_KID.ini] OCF_MgefSpellDamage_HolyAstral
[21:09:59:625] 	[ABA_KW-OCF_MGEF_KID.ini] OCF_MgefSpellDamage_HolyAstralCloak
[21:09:59:625] 	[ABA_KW-OCF_MGEF_KID.ini] OCF_MgefSpellEnhance_DamageHolyAstral
[21:09:59:625] 	[ABA_KW-OCF_MGEF_KID.ini] OCF_MgefSpellDamage_AshFire
[21:09:59:625] 	[ABA_KW-OCF_MGEF_KID.ini] OCF_MgefSpellDamage_AshFireCloak
[21:09:59:625] 	[ABA_KW-OCF_MGEF_KID.ini] OCF_MgefSpellEnhance_DamageAshFire
[21:09:59:625] 	[ABA_KW-OCF_MGEF_KID.ini] OCF_InvColorFireVolcanic
[21:09:59:625] 	[ABA_KW-OCF_MGEF_KID.ini] OCF_MgefClassSurvival_Needs
[21:09:59:625] 	[ABA_KW-OCF_MGEF_KID.ini] OCF_MgefPowerAction_Bathe
[21:09:59:625] 	[ABA_KW-OCF_MGEF_KID.ini] OCF_MgefPowerAction_Relax
[21:09:59:625] 	[ABA_KW-OCF_MGEF_KID.ini] OCF_MgefClassPoison
[21:09:59:626] 	[ABA_KW-OCF_MGEF_KID.ini] OCF_MgefSpellDamage_PoisonCloak
[21:09:59:626] 	[ABA_KW-OCF_MGEF_KID.ini] OCF_MgefSpellDamage_Shock
[21:09:59:626] 	[ABA_KW-OCF_MGEF_KID.ini] OCF_MgefSpellEnhance_MovementSpeed
[21:09:59:627] 	[ABA_KW-OCF_MGEF_KID.ini] OCF_MgefSpellParalysisCloakAsh
[21:09:59:627] 	[ABA_KW-OCF_MGEF_KID.ini] OCF_MgefSpellProject
[21:09:59:627] 	[ABA_KW-OCF_MGEF_KID.ini] OCF_MgefSpellRestore_MagickaCircle
[21:09:59:627] 	[ABA_KW-OCF_MGEF_KID.ini] OCF_MgefSpellSacrifice
[21:09:59:627] 	[ABA_KW-OCF_MGEF_KID.ini] OCF_MgefSpellSpace_Banish
[21:09:59:627] 	[ABA_KW-OCF_MGEF_KID.ini] OCF_MgefSpellWard
[21:09:59:627] 	[ABA_KW-OCF_MGEF_KID.ini] OCF_MgefSpellEnhance_Sight
[21:09:59:627] 	[ABA_KW-OCF_MGEF_KID.ini] OCF_MgefSpellMind_ControlVampire
[21:09:59:627] 	[ABA_KW-OCF_MGEF_KID.ini] OCF_MgefSpellStealth
[21:09:59:627] 	[ABA_KW-OCF_MGEF_KID.ini] OCF_MgefPowerAction_Pray
[21:09:59:627] 	[ABA_KW-OCF_MGEF_KID.ini] OCF_MgefSpellDamage_Holy
[21:09:59:628] 	[ABA_KW-OCF_MGEF_KID.ini] OCF_MgefSpellEnhance_Flight
[21:09:59:629] 	[ABA_KW-OCF_MGEF_KID.ini] OCF_MgefPowerAction_StatusFrostfall
[21:09:59:629] 	[ABA_KW-OCF_MGEF_KID.ini] OCF_MgefSpellRestore_Exposure
[21:09:59:629] 	[ABA_KW-OCF_MGEF_KID.ini] OCF_MgefSpellRestore_Warmth
[21:09:59:629] 	[ABA_KW-OCF_MGEF_KID.ini] OCF_MgefSpellShield_Warmth
[21:09:59:630] 	[ABA_KW-OCF_MGEF_KID.ini] OCF_MiscCampingGear
[21:09:59:630] 	[ABA_KW-OCF_MGEF_KID.ini] WAF_ClothingCloak
[21:09:59:630] 	[ABA_KW-OCF_MGEF_KID.ini] OCF_MgefPowerAction_Speech
[21:09:59:630] 	[ABA_KW-OCF_MGEF_KID.ini] OCF_MgefPowerAction_Bless
[21:09:59:631] 	[ABA_KW-OCF_MGEF_KID.ini] OCF_MgefPowerAction_HarvestCorpse
[21:09:59:631] 	[ABA_KW-OCF_MGEF_KID.ini] OCF_MgefPowerAction_HarvestGather
[21:09:59:631] 	[ABA_KW-OCF_MGEF_KID.ini] OCF_WeapTypeHuntingKnife1H
[21:09:59:631] 	[ABA_KW-OCF_MGEF_KID.ini] OCF_MgefClassUtility
[21:09:59:631] 	[ABA_KW-OCF_MGEF_KID.ini] OCF_MgefSpellEnchant
[21:09:59:631] 	[ABA_KW-OCF_MGEF_KID.ini] OCF_MgefPowerAction_FillWater
[21:09:59:632] 	[ABA_KW-OCF_MGEF_KID.ini] OCF_MgefPowerAction_StatusLastSeed
[21:09:59:632] 	[ABA_KW-OCF_MGEF_KID.ini] OCF_MgefPowerAction
[21:09:59:632] 	[ABA_KW-OCF_MGEF_KID.ini] OCF_MgefSpellHarvest
[21:09:59:632] 	[ABA_KW-OCF_MGEF_KID.ini] OCF_MgefPowerAction_WeaponGrip
[21:09:59:632] 	[ABA_KW-OCF_MGEF_KID.ini] OCF_MgefPowerAction_Influence
[21:09:59:632] 	[ABA_KW-OCF_MGEF_KID.ini] OCF_MgefPowerAction_InfluenceCancelRetreat
[21:09:59:632] 	[ABA_KW-OCF_MGEF_KID.ini] OCF_MgefPowerConfigWeatherChanger
[21:09:59:633] 	[ABA_KW-OCF_MGEF_KID.ini] OCF_MgefSpellDispel
[21:09:59:633] 	[ABA_KW-OCF_MGEF_KID.ini] OCF_WeapTypeKunai1H
[21:09:59:633] 	[ABA_KW-OCF_MGEF_KID.ini] OCF_WeapTypeShuriken1H
[21:09:59:633] 	[ABA_KW-OCF_MGEF_KID.ini] OCF_MgefPowerAction_InfluenceEngage
[21:09:59:634] 	[ABA_KW-OCF_MGEF_KID.ini] OCF_MgefSpellAbsorb_Magicka
[21:09:59:634] 	[ABA_KW-OCF_MGEF_KID.ini] OCF_MgefSpellAbsorb_MagickaCloak
[21:09:59:634] 	[ABA_KW-OCF_MGEF_KID.ini] OCF_MgefSpellAbsorb_Stamina
[21:09:59:634] 	[ABA_KW-OCF_MGEF_KID.ini] OCF_MgefSpellAbsorb_StaminaCloak
[21:09:59:634] 	[ABA_KW-OCF_MGEF_KID.ini] OCF_MgefSpellDamage_Deconstruct
[21:09:59:634] 	[ABA_KW-OCF_MGEF_KID.ini] OCF_MgefSpellEnhance_Health
[21:09:59:634] 	[ABA_KW-OCF_MGEF_KID.ini] OCF_MgefSpellEnhance_Swim
[21:09:59:634] 	[ABA_KW-OCF_MGEF_KID.ini] OCF_MgefSpellHeal_Daedra
[21:09:59:634] 	[ABA_KW-OCF_MGEF_KID.ini] OCF_MgefSpellRestore_StaminaCircle
[21:09:59:634] 	[ABA_KW-OCF_MGEF_KID.ini] OCF_MgefSpellEnhance_Jump
[21:09:59:634] 	[ABA_KW-OCF_MGEF_KID.ini] OCF_InvColorDaedric
[21:09:59:635] 	[ABA_KW-OCF_MGEF_KID.ini] OCF_MgefSpellDamage_BloodCloakVampire
[21:09:59:635] 	[ABA_KW-OCF_MGEF_KID.ini] OCF_MgefSpellEnhance_SightVampireShadow
[21:09:59:635] 	[ABA_KW-OCF_MGEF_KID.ini] OCF_MgefSpellMind_FearVampire
[21:09:59:635] 	[ABA_KW-OCF_MGEF_KID.ini] OCF_MgefSpellStealth_InvisibilityVampire
[21:09:59:636] 	[ABA_KW-OCF_MGEF_KID.ini] OCF_MgefPowerAction_BuryCorpse
[21:09:59:636] 	[ABA_KW-OCF_MGEF_KID.ini] OCF_MgefPowerAction_TameAnimal
[21:09:59:636] 	[ABA_KW-OCF_MGEF_KID.ini] OCF_MgefSpellCurse_Deconstruct
[21:09:59:636] 	[ABA_KW-OCF_MGEF_KID.ini] OCF_MgefSpellDamage_Light
[21:09:59:636] 	[ABA_KW-OCF_MGEF_KID.ini] OCF_MgefSpellDamage_Sonic
[21:09:59:636] 	[ABA_KW-OCF_MGEF_KID.ini] OCF_MgefPowerAction_Train
[21:09:59:636] 	[ABA_KW-OCF_MGEF_KID.ini] MagicSummonFrost
[21:09:59:636] 	[ABA_KW-OCF_MGEF_KID.ini] OCF_MgefPowerAction_StatusSunhelm
[21:09:59:636] 	[ABA_KW-OCF_MGEF_KID.ini] OCF_MgefPowerAction_PeekKeyhole
[21:09:59:637] 	[ABA_KW-OCF_MGEF_KID.ini] OCF_MgefPowerAction_PitchTent
[21:09:59:637] 	[ABA_KW-OCF_MGEF_KID.ini] OCF_MgefSpellDamage_ArcaneFire
[21:09:59:637] 	[ABA_KW-OCF_MGEF_KID.ini] OCF_MgefSpellDamage_ArcaneFireCloak
[21:09:59:638] 	[ABA_KW-OCF_MGEF_KID.ini] OCF_MgefPowerAction_Broom
[21:09:59:638] 	[ABA_KW-OCF_MGEF_KID.ini] OCF_MgefPowerAction_Goggles
[21:09:59:638] 	[ABA_KW-OCF_MGEF_KID.ini] OCF_MgefPowerAction_GogglesSight
[21:09:59:638] 	[ABA_KW-OCF_MGEF_KID.ini] OCF_MgefSpellEnhance_SightKhajiit
[21:09:59:639] 	[ABA_KW-OCF_MGEF_KID.ini] OCF_MgefSpellEnhance_SightVampireBlood
[21:09:59:639] 	[ABA_KW-OCF_MGEF_KID.ini] OCF_MgefSpellEnhance_SightWerebeast
[21:09:59:639] 	[ABA_KW-OCF_MGEF_KID.ini] OCF_MgefPowerAction_Lantern
[21:09:59:639] 	[ABA_KW-OCF_MGEF_KID.ini] OCF_MgefClassSurvival
[21:09:59:639] 	[ABA_KW-OCF_MGEF_KID.ini] OCF_MgefSpellBound
[21:09:59:639] 	[ABA_KW-OCF_MGEF_KID.ini] OCF_MgefSpellDamage_FireCloak
[21:09:59:639] 	[ABA_KW-OCF_MGEF_KID.ini] OCF_MgefSpellDamage_HolyCloak
[21:09:59:639] 	[ABA_KW-OCF_MGEF_KID.ini] OCF_MgefSpellDamage_ShockCloak
[21:09:59:639] 	[ABA_KW-OCF_MGEF_KID.ini] OCF_MgefSpellEnhance_Casting
[21:09:59:639] 	[ABA_KW-OCF_MGEF_KID.ini] OCF_MgefSpellEnhance_SightVampire
[21:09:59:639] 	[ABA_KW-OCF_MGEF_KID.ini] OCF_MgefSpellMind_Charm
[21:09:59:639] 	[ABA_KW-OCF_MGEF_KID.ini] OCF_MgefSpellShapechange
[21:09:59:639] 	[FirstPersonInteractions_KID.ini] Stress_Reduce25
[21:09:59:639] 	[WK_All_Summons_KID.ini] WK_MagicSummonAnimal
[21:09:59:639] 	[WK_All_Summons_KID.ini] WK_MagicSummonBlood
[21:09:59:639] 	[WK_All_Summons_KID.ini] WK_MagicSummonDaedra
[21:09:59:639] 	[WK_All_Summons_KID.ini] WK_MagicSummonDragon
[21:09:59:639] 	[WK_All_Summons_KID.ini] WK_MagicSummonDremora
[21:09:59:639] 	[WK_All_Summons_KID.ini] WK_MagicSummonDwarven
[21:09:59:639] 	[WK_All_Summons_KID.ini] WK_MagicSummonGoblin
[21:09:59:639] 	[WK_All_Summons_KID.ini] WK_MagicSummonMage
[21:09:59:639] 	[WK_All_Summons_KID.ini] WK_MagicSummonPoison
[21:09:59:639] 	[WK_Apocalypse_KID.ini] WK_MagicBanish
[21:09:59:639] 	[WK_Apocalypse_KID.ini] WK_MagicBlood
[21:09:59:639] 	[WK_Apocalypse_KID.ini] WK_MagicBuff
[21:09:59:639] 	[WK_Apocalypse_KID.ini] WK_MagicBuffAlly
[21:09:59:639] 	[WK_Apocalypse_KID.ini] WK_MagicBuffSummon
[21:09:59:639] 	[WK_Apocalypse_KID.ini] WK_MagicConfuse
[21:09:59:639] 	[WK_Apocalypse_KID.ini] WK_MagicCurse
[21:09:59:639] 	[WK_Apocalypse_KID.ini] WK_MagicDebuff
[21:09:59:639] 	[WK_Apocalypse_KID.ini] WK_MagicDemi
[21:09:59:639] 	[WK_Apocalypse_KID.ini] WK_MagicDisease
[21:09:59:640] 	[WK_Apocalypse_KID.ini] WK_MagicDispel
[21:09:59:640] 	[WK_Apocalypse_KID.ini] WK_MagicEarth
[21:09:59:640] 	[WK_Apocalypse_KID.ini] WK_MagicGhost
[21:09:59:640] 	[WK_Apocalypse_KID.ini] WK_MagicGravity
[21:09:59:640] 	[WK_Apocalypse_KID.ini] WK_MagicHoly
[21:09:59:640] 	[WK_Apocalypse_KID.ini] WK_MagicLink
[21:09:59:640] 	[WK_Apocalypse_KID.ini] WK_MagicLight
[21:09:59:640] 	[WK_Apocalypse_KID.ini] WK_MagicMimic
[21:09:59:640] 	[WK_Apocalypse_KID.ini] WK_MagicNecromancy
[21:09:59:640] 	[WK_Apocalypse_KID.ini] WK_MagicOsmoose
[21:09:59:640] 	[WK_Apocalypse_KID.ini] WK_MagicPoison
[21:09:59:640] 	[WK_Apocalypse_KID.ini] WK_MagicPurify
[21:09:59:640] 	[WK_Apocalypse_KID.ini] WK_MagicSilence
[21:09:59:640] 	[WK_Apocalypse_KID.ini] WK_MagicSneak
[21:09:59:640] 	[WK_Apocalypse_KID.ini] WK_MagicSprint
[21:09:59:640] 	[WK_Apocalypse_KID.ini] WK_MagicTeleport
[21:09:59:640] 	[WK_Apocalypse_KID.ini] WK_MagicUnlock
[21:09:59:640] 	[WK_Apocalypse_KID.ini] WK_MagicWater
[21:09:59:640] 	[WK_Apocalypse_KID.ini] WK_MagicWind
[21:09:59:640] 	[WK_Astral_Magic_KID.ini] WK_MagicLight
[21:09:59:640] 	[WK_Base_Spells_KID.ini] WK_MagicBlood
[21:09:59:640] 	[WK_Base_Spells_KID.ini] WK_MagicBound
[21:09:59:640] 	[WK_Base_Spells_KID.ini] WK_MagicEarth
[21:09:59:640] 	[WK_Base_Spells_KID.ini] WK_MagicLight
[21:09:59:640] 	[WK_Base_Spells_KID.ini] WK_MagicNecromancy
[21:09:59:640] 	[WK_Base_Spells_KID.ini] WK_MagicOsmoose
[21:09:59:640] 	[WK_Base_Spells_KID.ini] WK_MagicPoison
[21:09:59:640] 	[WK_Base_Spells_KID.ini] WK_MagicPurify
[21:09:59:640] 	[WK_Base_Spells_KID.ini] WK_MagicSneak
[21:09:59:640] 	[WK_Base_Spells_KID.ini] WK_MagicWater
[21:09:59:640] 	[WK_Base_Spells_KID.ini] WK_MagicWind
[21:09:59:640] 	[WK_Mysticism_KID.ini] WK_MagicBound
[21:09:59:640] 	[WK_Mysticism_KID.ini] WK_MagicBuff
[21:09:59:640] 	[WK_Mysticism_KID.ini] WK_MagicBuffSummon
[21:09:59:640] 	[WK_Mysticism_KID.ini] WK_MagicConfuse
[21:09:59:640] 	[WK_Mysticism_KID.ini] WK_MagicDebuff
[21:09:59:640] 	[WK_Mysticism_KID.ini] WK_MagicDebuffArmor
[21:09:59:640] 	[WK_Mysticism_KID.ini] WK_MagicLight
[21:09:59:640] 	[WK_Mysticism_KID.ini] WK_MagicNecromancy
[21:09:59:640] 	[WK_Mysticism_KID.ini] WK_MagicOsmoose
[21:09:59:640] 	[WK_Mysticism_KID.ini] WK_MagicPoison
[21:09:59:640] 	[WK_Mysticism_KID.ini] WK_MagicPurify
[21:09:59:640] 	[WK_Mysticism_KID.ini] WK_MagicSilence
[21:09:59:640] 	[WK_Mysticism_KID.ini] WK_MagicSneak
[21:09:59:640] 	[WK_Mysticism_KID.ini] WK_MagicUnlock
[21:09:59:640] 	[WK_Mysticism_KID.ini] WK_MagicWater
[21:09:59:640] 	[WK_Mysticism_KID.ini] WK_MagicWind
[21:09:59:640] 	[WK_Phenderix_Magic_Evolved_KID.ini] WK_MagicBlood
[21:09:59:640] 	[WK_Phenderix_Magic_Evolved_KID.ini] WK_MagicCurse
[21:09:59:640] 	[WK_Phenderix_Magic_Evolved_KID.ini] WK_MagicDark
[21:09:59:640] 	[WK_Phenderix_Magic_Evolved_KID.ini] WK_MagicEarth
[21:09:59:640] 	[WK_Phenderix_Magic_Evolved_KID.ini] WK_MagicHoly
[21:09:59:640] 	[WK_Phenderix_Magic_Evolved_KID.ini] WK_MagicPoison
[21:09:59:640] 	[WK_Phenderix_Magic_Evolved_KID.ini] WK_MagicTime
[21:09:59:640] 	[WK_Phenderix_Magic_Evolved_KID.ini] WK_MagicWater
[21:09:59:640] 	[WK_Phenderix_Magic_Evolved_KID.ini] WK_MagicWind
[21:09:59:640] 	[WK_Triumvirate_KID.ini] WK_MagicBuffWeapon
[21:09:59:640] 	[WK_Triumvirate_KID.ini] WK_MagicCurse
[21:09:59:640] 	[WK_Triumvirate_KID.ini] WK_MagicDark
[21:09:59:640] 	[WK_Triumvirate_KID.ini] WK_MagicDebuff
[21:09:59:640] 	[WK_Triumvirate_KID.ini] WK_MagicEarth
[21:09:59:640] 	[WK_Triumvirate_KID.ini] WK_MagicHoly
[21:09:59:640] 	[WK_Triumvirate_KID.ini] WK_MagicLight
[21:09:59:640] 	[WK_Triumvirate_KID.ini] WK_MagicPoison
[21:09:59:640] 	[WK_Triumvirate_KID.ini] WK_MagicWater
[21:09:59:640] 	[WK_Triumvirate_KID.ini] WK_MagicWind
[21:09:59:641] 	Sorting keywords...
[21:09:59:642] 		INFO - WK_MagicSummonGoblin [KYWD:01CD0231] is referencing itself
[21:09:59:642] 		INFO - WK_MagicSummonMage [KYWD:01CD0232] is referencing itself
[21:09:59:642] 	Sorted keywords: 
[21:09:59:642] 		OCF_MgefPowerGrand [KYWD:FF001C8B]
[21:09:59:642] 		OCF_MgefClassArtificer [KYWD:FF001C8C]
[21:09:59:642] 		OCF_MgefClassBard [KYWD:FF001C8E]
[21:09:59:642] 		OCF_MgefClassDruid [KYWD:FF001C8F]
[21:09:59:642] 		OCF_MgefClassEarth [KYWD:FF001C90]
[21:09:59:642] 		OCF_MgefClassEldritch [KYWD:FF001C91]
[21:09:59:642] 		OCF_MgefClassFire [KYWD:FF001C92]
[21:09:59:642] 		OCF_MgefClassFrost [KYWD:FF001C93]
[21:09:59:642] 		OCF_MgefClassHoly [KYWD:FF001C94]
[21:09:59:642] 		OCF_MgefClassRace_Altmer [KYWD:FF001C95]
[21:09:59:642] 		OCF_MgefClassRace_Argonian [KYWD:FF001C96]
[21:09:59:642] 		OCF_MgefClassRace_Breton [KYWD:FF001C97]
[21:09:59:642] 		OCF_MgefClassRace_Orsimer [KYWD:FF001C98]
[21:09:59:642] 		OCF_MgefClassRace_Redguard [KYWD:FF001C99]
[21:09:59:642] 		OCF_MgefClassRace_Vampire [KYWD:FF001C9A]
[21:09:59:642] 		OCF_MgefClassRace_Werebeast [KYWD:FF001C9B]
[21:09:59:642] 		OCF_MgefClassWater [KYWD:FF001C9C]
[21:09:59:642] 		OCF_MgefSpellBound_Weapon [KYWD:FF001C9D]
[21:09:59:642] 		OCF_MgefSpellDamage_Blood [KYWD:FF001C9E]
[21:09:59:642] 		OCF_MgefSpellDamage_Fire [KYWD:FF001C9F]
[21:09:59:642] 		OCF_MgefSpellDamage_FireCloakDunmer [KYWD:FF001CA0]
[21:09:59:642] 		OCF_MgefSpellDamage_Force [KYWD:FF001CA1]
[21:09:59:642] 		OCF_MgefSpellDamage_Frost [KYWD:FF001CA2]
[21:09:59:642] 		OCF_MgefSpellDamage_PoisonDoomstone [KYWD:FF001CA4]
[21:09:59:642] 		OCF_MgefSpellDamage_PoisonEldritch [KYWD:FF001CA5]
[21:09:59:642] 		OCF_MgefSpellDamage_Shadow [KYWD:FF001CA6]
[21:09:59:642] 		OCF_MgefSpellDamage_Steam [KYWD:FF001CA7]
[21:09:59:642] 		OCF_MgefSpellDamage_WindCloak [KYWD:FF001CA8]
[21:09:59:642] 		OCF_MgefSpellDivination [KYWD:FF001CA9]
[21:09:59:642] 		OCF_MgefSpellEnhance_AttackEldritch [KYWD:FF001CAA]
[21:09:59:642] 		OCF_MgefSpellEnhance_Damage [KYWD:FF001CAB]
[21:09:59:642] 		OCF_MgefSpellEnhance_Fall [KYWD:FF001CAC]
[21:09:59:642] 		OCF_MgefSpellEnhance_CastingDruid [KYWD:FF001CAD]
[21:09:59:642] 		OCF_MgefSpellEnhance_CastingEldritch [KYWD:FF001CAE]
[21:09:59:642] 		OCF_MgefSpellEthereal [KYWD:FF001CAF]
[21:09:59:642] 		OCF_MgefSpellHeal_LivingWater [KYWD:FF001CB0]
[21:09:59:642] 		OCF_MgefSpellHeal_Self [KYWD:FF001CB1]
[21:09:59:642] 		OCF_MgefSpellHeal_Undead [KYWD:FF001CB2]
[21:09:59:642] 		OCF_MgefSpellMind_CharmImperial [KYWD:FF001CB3]
[21:09:59:642] 		OCF_MgefSpellMind_Control [KYWD:FF001CB4]
[21:09:59:642] 		OCF_MgefSpellMind_ControlBosmer [KYWD:FF001CB5]
[21:09:59:642] 		OCF_MgefSpellMind_FearNord [KYWD:FF001CB6]
[21:09:59:642] 		OCF_MgefSpellMind_FrenzyShadow [KYWD:FF001CB7]
[21:09:59:642] 		OCF_MgefSpellMind_Paralysis [KYWD:FF001CB8]
[21:09:59:642] 		OCF_MgefSpellParalysis [KYWD:FF001CB9]
[21:09:59:642] 		OCF_MgefSpellProtect_DamageEldritch [KYWD:FF001CBB]
[21:09:59:642] 		OCF_MgefSpellProtect_Magic [KYWD:FF001CBC]
[21:09:59:642] 		OCF_MgefSpellReanimate [KYWD:FF001CBD]
[21:09:59:642] 		OCF_MgefSpellReanimateDoomstone [KYWD:FF001CBE]
[21:09:59:642] 		OCF_MgefSpellRestore_Magicka [KYWD:FF001CBF]
[21:09:59:642] 		OCF_MgefSpellRestore_Stamina [KYWD:FF001CC0]
[21:09:59:642] 		OCF_MgefSpellSacrifice_Blood [KYWD:FF001CC1]
[21:09:59:642] 		OCF_MgefSpellShapechange_Creature [KYWD:FF001CC2]
[21:09:59:642] 		OCF_MgefSpellShapechange_Vampire [KYWD:FF001CC3]
[21:09:59:642] 		OCF_MgefSpellShapechange_Werebeast [KYWD:FF001CC4]
[21:09:59:642] 		OCF_MgefSpellSoulTrap [KYWD:FF001CC5]
[21:09:59:642] 		OCF_MgefSpellSpace [KYWD:FF001CC6]
[21:09:59:642] 		OCF_MgefSpellStealth_InvisibilityDoomstone [KYWD:FF001CC8]
[21:09:59:643] 		OCF_MgefSpellSummon_Construct [KYWD:FF001CC9]
[21:09:59:643] 		OCF_MgefSpellSummon_Creature [KYWD:FF001CCA]
[21:09:59:643] 		OCF_MgefSpellSummon_DaedraEldritch [KYWD:FF001CCC]
[21:09:59:643] 		OCF_MgefSpellSummon_SpiritFrost [KYWD:FF001CCE]
[21:09:59:643] 		OCF_MgefSpellSummon_SpiritShadow [KYWD:FF001CCF]
[21:09:59:643] 		OCF_MgefSpellSummon_Undead [KYWD:FF001CD0]
[21:09:59:643] 		OCF_MgefSpellTime [KYWD:FF001CD1]
[21:09:59:643] 		OCF_MgefSpellTransmute [KYWD:FF001CD2]
[21:09:59:643] 		OCF_MgefSpellTurnUndeadCircle [KYWD:FF001CD3]
[21:09:59:643] 		OCF_AmmoTypeArrow [KYWD:FE04886D]
[21:09:59:643] 		OCF_WeapTypeBattleaxe2H [KYWD:FE048837]
[21:09:59:643] 		OCF_WeapTypeBow2H [KYWD:FE04884C]
[21:09:59:643] 		OCF_WeapTypeDagger1H [KYWD:FE048802]
[21:09:59:643] 		OCF_WeapTypeSword1H [KYWD:FE048810]
[21:09:59:643] 		OCF_InvColorArcane [KYWD:FF001CD4]
[21:09:59:643] 		OCF_InvColorBlood [KYWD:FF001CD5]
[21:09:59:643] 		OCF_InvColorEldritch [KYWD:FF001CD6]
[21:09:59:643] 		OCF_InvColorFire [KYWD:FF001CD7]
[21:09:59:643] 		OCF_InvColorShadow [KYWD:FF001CD8]
[21:09:59:643] 		OCF_MgefSpellBound_Ammo [KYWD:FF001CD9]
[21:09:59:643] 		OCF_MgefSpellForce [KYWD:FF001CDA]
[21:09:59:643] 		OCF_MgefClassNecromancy [KYWD:FF001CDB]
[21:09:59:643] 		OCF_MgefSpellSpace_Teleport [KYWD:FF001CDC]
[21:09:59:643] 		OCF_MgefSpellSacrifice_Summon [KYWD:FF001CDD]
[21:09:59:643] 		CCSM_RestoreHungerLarge [KYWD:FF001CDE]
[21:09:59:643] 		CCSM_RestoreHungerMedium [KYWD:FF001CDF]
[21:09:59:643] 		CCSM_RestoreHungerSmall [KYWD:FF001CE0]
[21:09:59:643] 		CCSM_RestoreHungerTiny [KYWD:FF001CE1]
[21:09:59:643] 		CCSM_RestoreCold [KYWD:FF001CE2]
[21:09:59:643] 		CCSM_FortifyWarmth [KYWD:FF001CE3]
[21:09:59:643] 		OCF_MgefPowerCheat [KYWD:FF001CE4]
[21:09:59:643] 		OCF_MgefPowerAction_CommandFollower [KYWD:FF001CE5]
[21:09:59:643] 		OCF_MgefPowerConfig [KYWD:FF001CE6]
[21:09:59:643] 		OCF_MgefClassShadow [KYWD:FF001CE7]
[21:09:59:643] 		OCF_MgefSpellSummon_Object [KYWD:FF001CE8]
[21:09:59:643] 		OCF_MgefClassBlood [KYWD:FF001CE9]
[21:09:59:643] 		OCF_MgefPowerAction_Bag [KYWD:FF001CEA]
[21:09:59:643] 		OCF_MgefPowerAction_Potion [KYWD:FF001CEB]
[21:09:59:643] 		OCF_MgefPowerAction_Bard [KYWD:FF001CEC]
[21:09:59:643] 		MAG_MagicDamagePoison [KYWD:01ADA001]
[21:09:59:643] 		OCF_MgefSpellDamage_PoisonBug [KYWD:FF001CED]
[21:09:59:643] 		OCF_MgefSpellEnhance_Dodge [KYWD:FF001CEE]
[21:09:59:643] 		OCF_MgefSpellEnhance_WaterWalk [KYWD:FF001CEF]
[21:09:59:643] 		OCF_MgefSpellHeal_SelfCloak [KYWD:FF001CF0]
[21:09:59:643] 		OCF_MgefSpellUnlock [KYWD:FF001CF1]
[21:09:59:643] 		OCF_WeapTypeGreatsword2H [KYWD:FE048867]
[21:09:59:643] 		OCF_WeapTypeMace1H [KYWD:FE048821]
[21:09:59:643] 		OCF_MgefSpellDamage_FrostFire [KYWD:FF001CF3]
[21:09:59:643] 		OCF_MgefSpellLight [KYWD:FF001CF4]
[21:09:59:643] 		OCF_MgefClassSurvival_Wilderness [KYWD:FF001CF5]
[21:09:59:643] 		OCF_MgefPowerAction_Campfire [KYWD:FF001CF6]
[21:09:59:643] 		OCF_MgefPowerAction_Craft [KYWD:FF001CF7]
[21:09:59:643] 		OCF_MgefPowerAction_HarvestWood [KYWD:FF001CF8]
[21:09:59:643] 		OCF_MgefPowerAction_Instincts [KYWD:FF001CF9]
[21:09:59:643] 		OCF_MgefPowerAction_Coin [KYWD:FF001CFB]
[21:09:59:643] 		OCF_InvColorBlack [KYWD:FF001CFC]
[21:09:59:643] 		OCF_InvColorDruid [KYWD:FF001CFD]
[21:09:59:643] 		OCF_InvColorFrost [KYWD:FF001CFE]
[21:09:59:643] 		OCF_InvColorHoly [KYWD:FF001CFF]
[21:09:59:643] 		OCF_InvColorMagenta [KYWD:FF001D00]
[21:09:59:643] 		OCF_InvColorPink [KYWD:FF001D01]
[21:09:59:643] 		OCF_InvColorPurple [KYWD:FF001D02]
[21:09:59:643] 		OCF_InvColorWhite [KYWD:FF001D03]
[21:09:59:643] 		OCF_MgefPowerAction_HorseHorn [KYWD:FF001D04]
[21:09:59:643] 		OCF_MgefPowerAction_HorseWhistle [KYWD:FF001D05]
[21:09:59:643] 		OCF_MgefDeliverTouch [KYWD:FF001D06]
[21:09:59:643] 		OCF_MgefSpellCurse_Shadow [KYWD:FF001D07]
[21:09:59:643] 		OCF_MgefSpellDamage_ShadowCloak [KYWD:FF001D08]
[21:09:59:643] 		OCF_MgefSpellEnhance_CritShadowInvis [KYWD:FF001D0A]
[21:09:59:643] 		OCF_MgefSpellEnhance_DamageShadow [KYWD:FF001D0B]
[21:09:59:643] 		OCF_MgefSpellEnhance_RegenShadowInvis [KYWD:FF001D0C]
[21:09:59:643] 		OCF_MgefClassArcane [KYWD:FF001D0D]
[21:09:59:643] 		OCF_MgefSpellDamage_Arcane [KYWD:FF001D0E]
[21:09:59:643] 		OCF_MgefSpellDamage_ArcaneCloak [KYWD:FF001D0F]
[21:09:59:643] 		OCF_MgefSpellEnhance_DamageArcane [KYWD:FF001D10]
[21:09:59:643] 		OCF_MgefClassShock [KYWD:FF001D11]
[21:09:59:643] 		OCF_MgefSpellDamage_ShockArc [KYWD:FF001D12]
[21:09:59:643] 		OCF_MgefSpellDamage_ShockArcCloak [KYWD:FF001D13]
[21:09:59:643] 		OCF_MgefSpellEnhance_DamageShockArc [KYWD:FF001D14]
[21:09:59:643] 		OCF_InvColorShockArc [KYWD:FF001D15]
[21:09:59:643] 		OCF_MgefSpellEnhance_DamageBlood [KYWD:FF001D16]
[21:09:59:643] 		OCF_MgefSpellEnhance_Regen [KYWD:FF001D17]
[21:09:59:643] 		OCF_MgefSpellDamage_NecroticFire [KYWD:FF001D18]
[21:09:59:643] 		OCF_MgefSpellDamage_NecroticFireCloak [KYWD:FF001D19]
[21:09:59:643] 		OCF_MgefSpellDamage_FrostFireCloak [KYWD:FF001D1A]
[21:09:59:643] 		OCF_MgefSpellBound_Armor [KYWD:FF001D1B]
[21:09:59:643] 		OCF_ArmorShield_Heavy [KYWD:FF001D1C]
[21:09:59:643] 		OCF_WeapTypeWarAxe1H [KYWD:FE048818]
[21:09:59:643] 		OCF_WeapTypeWarhammer2H [KYWD:FE048841]
[21:09:59:643] 		OCF_MgefSpellDamage_HolyLunar [KYWD:FF001D1D]
[21:09:59:643] 		OCF_MgefSpellDamage_HolyLunarCloak [KYWD:FF001D1E]
[21:09:59:643] 		OCF_MgefSpellEnhance_DamageHolyLunar [KYWD:FF001D1F]
[21:09:59:643] 		OCF_MgefClassWind [KYWD:FF001D20]
[21:09:59:643] 		OCF_MgefSpellAssist_DamageDruid [KYWD:FF001D21]
[21:09:59:643] 		OCF_MgefSpellAssist_MovementSpeedDruid [KYWD:FF001D22]
[21:09:59:643] 		OCF_MgefSpellCounter_BloodDruid [KYWD:FF001D23]
[21:09:59:643] 		OCF_MgefSpellCounter_Druid [KYWD:FF001D24]
[21:09:59:643] 		OCF_MgefSpellCounter_DruidHeal [KYWD:FF001D25]
[21:09:59:643] 		OCF_MgefSpellCounter_Fire [KYWD:FF001D26]
[21:09:59:643] 		OCF_MgefSpellCurse_DruidRoot [KYWD:FF001D27]
[21:09:59:643] 		OCF_MgefSpellDamage_Earth [KYWD:FF001D28]
[21:09:59:643] 		OCF_MgefSpellDamage_EarthCloak [KYWD:FF001D29]
[21:09:59:643] 		OCF_MgefSpellDamage_PoisonBugCloak [KYWD:FF001D2A]
[21:09:59:643] 		OCF_MgefSpellDamage_Water [KYWD:FF001D2B]
[21:09:59:643] 		OCF_MgefSpellDamage_WaterCloak [KYWD:FF001D2C]
[21:09:59:643] 		OCF_MgefSpellDamage_Wind [KYWD:FF001D2D]
[21:09:59:643] 		OCF_MgefSpellEnhance_DamageBloodDruid [KYWD:FF001D2E]
[21:09:59:643] 		OCF_MgefSpellEnhance_DamageDruidHunter [KYWD:FF001D2F]
[21:09:59:643] 		OCF_MgefSpellEnhance_DamageFire [KYWD:FF001D30]
[21:09:59:643] 		OCF_MgefSpellEnhance_DamageFrost [KYWD:FF001D31]
[21:09:59:643] 		OCF_MgefSpellEnhance_DamagePoison [KYWD:FF001D32]
[21:09:59:643] 		OCF_MgefSpellEnhance_DamageShock [KYWD:FF001D33]
[21:09:59:643] 		OCF_MgefSpellEnhance_EvasionDruid [KYWD:FF001D34]
[21:09:59:643] 		OCF_MgefSpellEnhance_MovementSpeedDruid [KYWD:FF001D35]
[21:09:59:643] 		OCF_MgefSpellEnhance_StaminaDruid [KYWD:FF001D36]
[21:09:59:643] 		OCF_MgefSpellParalysis_Druid [KYWD:FF001D38]
[21:09:59:643] 		OCF_MgefSpellReflect_Druid [KYWD:FF001D39]
[21:09:59:643] 		OCF_MgefSpellRestore_MagickaWater [KYWD:FF001D3A]
[21:09:59:643] 		OCF_MgefSpellRestore_StaminaDruid [KYWD:FF001D3B]
[21:09:59:643] 		OCF_MgefSpellStealth_InvisibilityDruid [KYWD:FF001D3C]
[21:09:59:643] 		OCF_InvColorShock [KYWD:FF001D3D]
[21:09:59:643] 		OCF_InvColorWater [KYWD:FF001D3E]
[21:09:59:643] 		OCF_MgefSpellDamage_PoisonEldritchCloak [KYWD:FF001D3F]
[21:09:59:643] 		OCF_MgefSpellEnhance_DamagePoisonEldritch [KYWD:FF001D40]
[21:09:59:643] 		OCF_MgefSpellEnhance_EldritchTome [KYWD:FF001D41]
[21:09:59:643] 		OCF_MgefSpellAssist_Necromancy [KYWD:FF001D42]
[21:09:59:643] 		OCF_MgefSpellCurse_Necromancy [KYWD:FF001D43]
[21:09:59:643] 		OCF_MgefSpellDamage_Necrotic [KYWD:FF001D44]
[21:09:59:643] 		OCF_MgefSpellEnhance_AttackNecromancy [KYWD:FF001D45]
[21:09:59:643] 		OCF_MgefSpellSacrifice_Corpse [KYWD:FF001D46]
[21:09:59:643] 		OCF_MgefClassAstral [KYWD:FF001D47]
[21:09:59:643] 		OCF_MgefSpellCounter_Astral [KYWD:FF001D48]
[21:09:59:643] 		OCF_MgefSpellDamage_HolyAstral [KYWD:FF001D49]
[21:09:59:643] 		OCF_MgefSpellDamage_HolyAstralCloak [KYWD:FF001D4A]
[21:09:59:643] 		OCF_MgefSpellEnhance_DamageHolyAstral [KYWD:FF001D4B]
[21:09:59:643] 		OCF_MgefSpellDamage_AshFire [KYWD:FF001D4C]
[21:09:59:643] 		OCF_MgefSpellDamage_AshFireCloak [KYWD:FF001D4D]
[21:09:59:643] 		OCF_MgefSpellEnhance_DamageAshFire [KYWD:FF001D4E]
[21:09:59:643] 		OCF_InvColorFireVolcanic [KYWD:FF001D4F]
[21:09:59:643] 		OCF_MgefClassSurvival_Needs [KYWD:FF001D50]
[21:09:59:643] 		OCF_MgefPowerAction_Bathe [KYWD:FF001D51]
[21:09:59:643] 		OCF_MgefPowerAction_Relax [KYWD:FF001D52]
[21:09:59:643] 		OCF_MgefClassPoison [KYWD:FF001D53]
[21:09:59:643] 		OCF_MgefSpellEnhance_MovementSpeed [KYWD:FF001D56]
[21:09:59:643] 		OCF_MgefSpellParalysisCloakAsh [KYWD:FF001D57]
[21:09:59:643] 		OCF_MgefSpellProject [KYWD:FF001D58]
[21:09:59:643] 		OCF_MgefSpellRestore_MagickaCircle [KYWD:FF001D59]
[21:09:59:643] 		OCF_MgefSpellSacrifice [KYWD:FF001D5A]
[21:09:59:643] 		OCF_MgefSpellSpace_Banish [KYWD:FF001D5B]
[21:09:59:643] 		OCF_MgefSpellWard [KYWD:FF001D5C]
[21:09:59:643] 		OCF_MgefSpellEnhance_Sight [KYWD:FF001D5D]
[21:09:59:643] 		OCF_MgefSpellMind_ControlVampire [KYWD:FF001D5E]
[21:09:59:643] 		OCF_MgefSpellStealth [KYWD:FF001D5F]
[21:09:59:643] 		OCF_MgefPowerAction_Pray [KYWD:FF001D60]
[21:09:59:643] 		OCF_MgefSpellEnhance_Flight [KYWD:FF001D62]
[21:09:59:643] 		OCF_MgefPowerAction_StatusFrostfall [KYWD:FF001D63]
[21:09:59:643] 		OCF_MgefSpellRestore_Exposure [KYWD:FF001D64]
[21:09:59:643] 		OCF_MgefSpellRestore_Warmth [KYWD:FF001D65]
[21:09:59:643] 		OCF_MgefSpellShield_Warmth [KYWD:FF001D66]
[21:09:59:643] 		OCF_MiscCampingGear [KYWD:FF001D67]
[21:09:59:643] 		WAF_ClothingCloak [KYWD:01AF0128]
[21:09:59:643] 		OCF_MgefPowerAction_Speech [KYWD:FF001D68]
[21:09:59:643] 		OCF_MgefPowerAction_Bless [KYWD:FF001D69]
[21:09:59:643] 		OCF_MgefPowerAction_HarvestCorpse [KYWD:FF001D6A]
[21:09:59:643] 		OCF_MgefPowerAction_HarvestGather [KYWD:FF001D6B]
[21:09:59:643] 		OCF_WeapTypeHuntingKnife1H [KYWD:FE04880A]
[21:09:59:643] 		OCF_MgefClassUtility [KYWD:FF001D6C]
[21:09:59:643] 		OCF_MgefSpellEnchant [KYWD:FF001D6D]
[21:09:59:643] 		OCF_MgefPowerAction_FillWater [KYWD:FF001D6E]
[21:09:59:643] 		OCF_MgefPowerAction_StatusLastSeed [KYWD:FF001D6F]
[21:09:59:643] 		OCF_MgefSpellHarvest [KYWD:FF001D71]
[21:09:59:643] 		OCF_MgefPowerAction_WeaponGrip [KYWD:FF001D72]
[21:09:59:643] 		OCF_MgefPowerAction_Influence [KYWD:FF001D73]
[21:09:59:643] 		OCF_MgefPowerAction_InfluenceCancelRetreat [KYWD:FF001D74]
[21:09:59:643] 		OCF_MgefPowerConfigWeatherChanger [KYWD:FF001D75]
[21:09:59:643] 		OCF_MgefSpellDispel [KYWD:FF001D76]
[21:09:59:643] 		OCF_WeapTypeKunai1H [KYWD:FE048803]
[21:09:59:643] 		OCF_WeapTypeShuriken1H [KYWD:FE048807]
[21:09:59:643] 		OCF_MgefPowerAction_InfluenceEngage [KYWD:FF001D77]
[21:09:59:643] 		OCF_MgefSpellAbsorb_Magicka [KYWD:FF001D78]
[21:09:59:643] 		OCF_MgefSpellAbsorb_MagickaCloak [KYWD:FF001D79]
[21:09:59:643] 		OCF_MgefSpellAbsorb_Stamina [KYWD:FF001D7A]
[21:09:59:643] 		OCF_MgefSpellAbsorb_StaminaCloak [KYWD:FF001D7B]
[21:09:59:643] 		OCF_MgefSpellDamage_Deconstruct [KYWD:FF001D7C]
[21:09:59:643] 		OCF_MgefSpellEnhance_Health [KYWD:FF001D7D]
[21:09:59:643] 		OCF_MgefSpellEnhance_Swim [KYWD:FF001D7E]
[21:09:59:643] 		OCF_MgefSpellHeal_Daedra [KYWD:FF001D7F]
[21:09:59:643] 		OCF_MgefSpellRestore_StaminaCircle [KYWD:FF001D80]
[21:09:59:643] 		OCF_MgefSpellEnhance_Jump [KYWD:FF001D81]
[21:09:59:643] 		OCF_InvColorDaedric [KYWD:FF001D82]
[21:09:59:643] 		OCF_MgefSpellDamage_BloodCloakVampire [KYWD:FF001D83]
[21:09:59:643] 		OCF_MgefSpellEnhance_SightVampireShadow [KYWD:FF001D84]
[21:09:59:643] 		OCF_MgefSpellMind_FearVampire [KYWD:FF001D85]
[21:09:59:644] 		OCF_MgefSpellStealth_InvisibilityVampire [KYWD:FF001D86]
[21:09:59:644] 		OCF_MgefPowerAction_BuryCorpse [KYWD:FF001D87]
[21:09:59:644] 		OCF_MgefPowerAction_TameAnimal [KYWD:FF001D88]
[21:09:59:644] 		OCF_MgefSpellCurse_Deconstruct [KYWD:FF001D89]
[21:09:59:644] 		OCF_MgefSpellDamage_Light [KYWD:FF001D8A]
[21:09:59:644] 		OCF_MgefSpellDamage_Sonic [KYWD:FF001D8B]
[21:09:59:644] 		OCF_MgefPowerAction_Train [KYWD:FF001D8C]
[21:09:59:644] 		MagicSummonFrost [KYWD:00024829]
[21:09:59:644] 		OCF_MgefPowerAction_StatusSunhelm [KYWD:FF001D8D]
[21:09:59:644] 		OCF_MgefPowerAction_PeekKeyhole [KYWD:FF001D8E]
[21:09:59:644] 		OCF_MgefPowerAction_PitchTent [KYWD:FF001D8F]
[21:09:59:644] 		OCF_MgefSpellDamage_ArcaneFire [KYWD:FF001D90]
[21:09:59:644] 		OCF_MgefSpellDamage_ArcaneFireCloak [KYWD:FF001D91]
[21:09:59:644] 		OCF_MgefPowerAction_Broom [KYWD:FF001D92]
[21:09:59:644] 		OCF_MgefPowerAction_Goggles [KYWD:FF001D93]
[21:09:59:644] 		OCF_MgefPowerAction_GogglesSight [KYWD:FF001D94]
[21:09:59:644] 		OCF_MgefSpellEnhance_SightKhajiit [KYWD:FF001D95]
[21:09:59:644] 		OCF_MgefSpellEnhance_SightVampireBlood [KYWD:FF001D96]
[21:09:59:644] 		OCF_MgefSpellEnhance_SightWerebeast [KYWD:FF001D97]
[21:09:59:644] 		OCF_MgefPowerAction_Lantern [KYWD:FF001D98]
[21:09:59:644] 		Stress_Reduce25 [KYWD:FF001DA2]
[21:09:59:644] 		WK_MagicBanish [KYWD:01CD0212]
[21:09:59:644] 		WK_MagicBuffAlly [KYWD:01CD0216]
[21:09:59:644] 		WK_MagicBuffSummon [KYWD:01CD0217]
[21:09:59:644] 		WK_MagicDemi [KYWD:01CD021B]
[21:09:59:644] 		WK_MagicDisease [KYWD:01CD021C]
[21:09:59:644] 		WK_MagicDispel [KYWD:01CD021D]
[21:09:59:644] 		WK_MagicGhost [KYWD:01CD021F]
[21:09:59:644] 		WK_MagicGravity [KYWD:01CD0220]
[21:09:59:644] 		WK_MagicMimic [KYWD:01CD0224]
[21:09:59:644] 		WK_MagicNecromancy [KYWD:01CD0225]
[21:09:59:644] 		WK_MagicOsmoose [KYWD:01CD0226]
[21:09:59:644] 		WK_MagicSprint [KYWD:01CD022B]
[21:09:59:644] 		WK_MagicTeleport [KYWD:01CD0234]
[21:09:59:644] 		WK_MagicBound [KYWD:01CD0214]
[21:09:59:644] 		WK_MagicTime [KYWD:01CD0235]
[21:09:59:644] 		WK_MagicBuffWeapon [KYWD:FF001DA7]
[21:09:59:644] 		OCF_MgefClassAsh [KYWD:FF001C8D]
[21:09:59:644] 		OCF_MgefSpellProtect_Damage [KYWD:FF001CBA]
[21:09:59:644] 		OCF_MgefSpellSummon_Daedra [KYWD:FF001CCB]
[21:09:59:644] 		OCF_MgefSpellDamage_BloodCloak [KYWD:FF001CF2]
[21:09:59:644] 		OCF_MgefSpellEnhance_Attack [KYWD:FF001D09]
[21:09:59:644] 		OCF_MgefSpellHeal_Living [KYWD:FF001D37]
[21:09:59:644] 		OCF_MgefSpellDamage_Shock [KYWD:FF001D55]
[21:09:59:644] 		OCF_MgefSpellDamage_Holy [KYWD:FF001D61]
[21:09:59:644] 		OCF_MgefSpellDamage_FireCloak [KYWD:FF001D9B]
[21:09:59:644] 		OCF_MgefSpellDamage_HolyCloak [KYWD:FF001D9C]
[21:09:59:644] 		OCF_MgefSpellDamage_ShockCloak [KYWD:FF001D9D]
[21:09:59:644] 		OCF_MgefSpellMind_Charm [KYWD:FF001DA0]
[21:09:59:644] 		WK_MagicSummonBlood [KYWD:01CD022D]
[21:09:59:644] 		WK_MagicSummonDragon [KYWD:01CD022F]
[21:09:59:644] 		WK_MagicSummonDremora [KYWD:01CD0237]
[21:09:59:644] 		WK_MagicSummonGoblin [KYWD:01CD0231]
[21:09:59:644] 		WK_MagicSummonMage [KYWD:01CD0232]
[21:09:59:644] 		WK_MagicConfuse [KYWD:01CD0218]
[21:09:59:644] 		WK_MagicCurse [KYWD:01CD0219]
[21:09:59:644] 		WK_MagicHoly [KYWD:01CD0221]
[21:09:59:644] 		WK_MagicLink [KYWD:01CD0223]
[21:09:59:644] 		WK_MagicLight [KYWD:01CD0222]
[21:09:59:644] 		WK_MagicPoison [KYWD:01CD0227]
[21:09:59:644] 		WK_MagicSilence [KYWD:01CD0229]
[21:09:59:644] 		WK_MagicSneak [KYWD:01CD022A]
[21:09:59:644] 		WK_MagicUnlock [KYWD:01CD0236]
[21:09:59:644] 		WK_MagicDebuffArmor [KYWD:FF001DA5]
[21:09:59:644] 		OCF_MgefSpellStealth_Invisibility [KYWD:FF001CC7]
[21:09:59:644] 		OCF_MgefSpellSummon_Spirit [KYWD:FF001CCD]
[21:09:59:644] 		OCF_MgefPowerAction_Horse [KYWD:FF001CFA]
[21:09:59:644] 		OCF_MgefSpellDamage_PoisonCloak [KYWD:FF001D54]
[21:09:59:644] 		OCF_MgefClassSurvival [KYWD:FF001D99]
[21:09:59:644] 		OCF_MgefSpellEnhance_Casting [KYWD:FF001D9E]
[21:09:59:644] 		OCF_MgefSpellEnhance_SightVampire [KYWD:FF001D9F]
[21:09:59:644] 		WK_MagicSummonAnimal [KYWD:01CD022C]
[21:09:59:644] 		WK_MagicSummonPoison [KYWD:01CD0233]
[21:09:59:644] 		WK_MagicBlood [KYWD:01CD0213]
[21:09:59:644] 		WK_MagicBuff [KYWD:01CD0215]
[21:09:59:644] 		WK_MagicDebuff [KYWD:01CD021A]
[21:09:59:644] 		WK_MagicEarth [KYWD:01CD021E]
[21:09:59:644] 		WK_MagicPurify [KYWD:01CD0228]
[21:09:59:644] 		WK_MagicWater [KYWD:FF001DA3]
[21:09:59:644] 		WK_MagicWind [KYWD:FF001DA4]
[21:09:59:644] 		WK_MagicDark [KYWD:FF001DA6]
[21:09:59:644] 		OCF_MgefSpellDamage_Poison [KYWD:FF001CA3]
[21:09:59:644] 		OCF_MgefSpellBound [KYWD:FF001D9A]
[21:09:59:644] 		OCF_MgefSpellShapechange [KYWD:FF001DA1]
[21:09:59:644] 		WK_MagicSummonDaedra [KYWD:01CD022E]
[21:09:59:644] 		WK_MagicSummonDwarven [KYWD:01CD0230]
[21:09:59:644] 		OCF_MgefPowerAction [KYWD:FF001D70]
[21:09:59:644] Armor
[21:09:59:661] 	[AAA_KW-OCF_Data_KID.ini] OCF_EquipSlot30
[21:09:59:661] 	[AAA_KW-OCF_Data_KID.ini] OCF_EquipSlot31
[21:09:59:661] 	[AAA_KW-OCF_Data_KID.ini] OCF_EquipSlot32
[21:09:59:661] 	[AAA_KW-OCF_Data_KID.ini] OCF_EquipSlot33
[21:09:59:661] 	[AAA_KW-OCF_Data_KID.ini] OCF_EquipSlot34
[21:09:59:661] 	[AAA_KW-OCF_Data_KID.ini] OCF_EquipSlot35
[21:09:59:661] 	[AAA_KW-OCF_Data_KID.ini] OCF_EquipSlot36
[21:09:59:661] 	[AAA_KW-OCF_Data_KID.ini] OCF_EquipSlot37
[21:09:59:661] 	[AAA_KW-OCF_Data_KID.ini] OCF_EquipSlot38
[21:09:59:661] 	[AAA_KW-OCF_Data_KID.ini] OCF_EquipSlot39
[21:09:59:661] 	[AAA_KW-OCF_Data_KID.ini] OCF_EquipSlot40
[21:09:59:661] 	[AAA_KW-OCF_Data_KID.ini] OCF_EquipSlot41
[21:09:59:661] 	[AAA_KW-OCF_Data_KID.ini] OCF_EquipSlot42
[21:09:59:661] 	[AAA_KW-OCF_Data_KID.ini] OCF_EquipSlot43
[21:09:59:661] 	[AAA_KW-OCF_Data_KID.ini] OCF_EquipSlot44
[21:09:59:661] 	[AAA_KW-OCF_Data_KID.ini] OCF_EquipSlot45
[21:09:59:661] 	[AAA_KW-OCF_Data_KID.ini] OCF_EquipSlot46
[21:09:59:661] 	[AAA_KW-OCF_Data_KID.ini] OCF_EquipSlot47
[21:09:59:661] 	[AAA_KW-OCF_Data_KID.ini] OCF_EquipSlot48
[21:09:59:661] 	[AAA_KW-OCF_Data_KID.ini] OCF_EquipSlot49
[21:09:59:661] 	[AAA_KW-OCF_Data_KID.ini] OCF_EquipSlot50
[21:09:59:661] 	[AAA_KW-OCF_Data_KID.ini] OCF_EquipSlot51
[21:09:59:661] 	[AAA_KW-OCF_Data_KID.ini] OCF_EquipSlot52
[21:09:59:661] 	[AAA_KW-OCF_Data_KID.ini] OCF_EquipSlot53
[21:09:59:661] 	[AAA_KW-OCF_Data_KID.ini] OCF_EquipSlot54
[21:09:59:661] 	[AAA_KW-OCF_Data_KID.ini] OCF_EquipSlot55
[21:09:59:661] 	[AAA_KW-OCF_Data_KID.ini] OCF_EquipSlot56
[21:09:59:661] 	[AAA_KW-OCF_Data_KID.ini] OCF_EquipSlot57
[21:09:59:661] 	[AAA_KW-OCF_Data_KID.ini] OCF_EquipSlot58
[21:09:59:661] 	[AAA_KW-OCF_Data_KID.ini] OCF_EquipSlot59
[21:09:59:661] 	[AAA_KW-OCF_Data_KID.ini] OCF_EquipSlot60
[21:09:59:661] 	[AAA_KW-OCF_Data_KID.ini] OCF_EquipSlot61
[21:09:59:661] 	[AAA_KW-OCF_Data_KID.ini] OCF_EquipTypeShield
[21:09:59:661] 	[ABA_KW-OCF_ARMO_KID.ini] OCF_ArtifactAedric_AurielShield
[21:09:59:661] 	[ABA_KW-OCF_ARMO_KID.ini] OCF_ArtifactDaedric_EbonyMail
[21:09:59:661] 	[ABA_KW-OCF_ARMO_KID.ini] OCF_ArtifactDaedric_MasqueClavicusVile
[21:09:59:661] 	[ABA_KW-OCF_ARMO_KID.ini] OCF_ArtifactDaedric_NightingaleHelmet
[21:09:59:661] 	[ABA_KW-OCF_ARMO_KID.ini] OCF_ArtifactDaedric_NightingaleCuirass
[21:09:59:661] 	[ABA_KW-OCF_ARMO_KID.ini] OCF_ArtifactDaedric_NightingaleGauntlets
[21:09:59:661] 	[ABA_KW-OCF_ARMO_KID.ini] OCF_ArtifactDaedric_NightingaleBoots
[21:09:59:661] 	[ABA_KW-OCF_ARMO_KID.ini] OCF_ArtifactDaedric_RingHircine
[21:09:59:661] 	[ABA_KW-OCF_ARMO_KID.ini] OCF_ArtifactDaedric_RingNamira
[21:09:59:661] 	[ABA_KW-OCF_ARMO_KID.ini] OCF_ArtifactDaedric_SaviorHide
[21:09:59:661] 	[ABA_KW-OCF_ARMO_KID.ini] OCF_ArtifactDaedric_Spellbreaker
[21:09:59:661] 	[ABA_KW-OCF_ARMO_KID.ini] OCF_ArtifactDaedric
[21:09:59:661] 	[ABA_KW-OCF_ARMO_KID.ini] CRFExemptArtifactKeyword
[21:09:59:661] 	[ABA_KW-OCF_ARMO_KID.ini] OCF_ArtifactDwarven_AetherialCrown
[21:09:59:661] 	[ABA_KW-OCF_ARMO_KID.ini] OCF_ArtifactDwarven_AetherialShield
[21:09:59:661] 	[ABA_KW-OCF_ARMO_KID.ini] OCF_ArtifactDwarven_VisageMzund
[21:09:59:661] 	[ABA_KW-OCF_ARMO_KID.ini] OCF_ArtifactLegendary_DawnguardRuneShield
[21:09:59:661] 	[ABA_KW-OCF_ARMO_KID.ini] OCF_ArtifactLegendary_DragonPriestMask
[21:09:59:661] 	[ABA_KW-OCF_ARMO_KID.ini] OCF_ArtifactLegendary_GaulderAmulet
[21:09:59:661] 	[ABA_KW-OCF_ARMO_KID.ini] OCF_ArtifactLegendary_JaggedCrown
[21:09:59:661] 	[ABA_KW-OCF_ARMO_KID.ini] OCF_ArtifactLegendary_NecromancerAmulet
[21:09:59:661] 	[ABA_KW-OCF_ARMO_KID.ini] OCF_ArtifactLegendary_YsgramorShield
[21:09:59:661] 	[ABA_KW-OCF_ARMO_KID.ini] OCF_ArtifactLegendary
[21:09:59:661] 	[ABA_KW-OCF_ARMO_KID.ini] OCF_RelicFalmer
[21:09:59:661] 	[ABA_KW-OCF_ARMO_KID.ini] OCF_RelicImperial
[21:09:59:661] 	[ABA_KW-OCF_ARMO_KID.ini] OCF_RelicNordic
[21:09:59:661] 	[ABA_KW-OCF_ARMO_KID.ini] OCF_Relic
[21:09:59:661] 	[ABA_KW-OCF_ARMO_KID.ini] ClothingCirclet
[21:09:59:661] 	[ABA_KW-OCF_ARMO_KID.ini] OCF_HeadTypeBandage
[21:09:59:661] 	[ABA_KW-OCF_ARMO_KID.ini] OCF_HeadTypeBlindfold
[21:09:59:661] 	[ABA_KW-OCF_ARMO_KID.ini] OCF_HeadTypeHat_Generic
[21:09:59:661] 	[ABA_KW-OCF_ARMO_KID.ini] OCF_HeadTypeHood
[21:09:59:661] 	[ABA_KW-OCF_ARMO_KID.ini] OCF_HeadTypeHoodMasked
[21:09:59:661] 	[ABA_KW-OCF_ARMO_KID.ini] OCF_HeadTypeGag
[21:09:59:661] 	[ABA_KW-OCF_ARMO_KID.ini] OCF_HeadTypeMask_Full
[21:09:59:661] 	[ABA_KW-OCF_ARMO_KID.ini] ClothingNecklace
[21:09:59:661] 	[ABA_KW-OCF_ARMO_KID.ini] ClothingHands
[21:09:59:661] 	[ABA_KW-OCF_ARMO_KID.ini] ClothingRing
[21:09:59:661] 	[ABA_KW-OCF_ARMO_KID.ini] OCF_RingTypeWedding
[21:09:59:661] 	[ABA_KW-OCF_ARMO_KID.ini] WAF_FingerlessGauntletsBracers
[21:09:59:661] 	[ABA_KW-OCF_ARMO_KID.ini] OCF_varNotBracer
[21:09:59:662] 	[ABA_KW-OCF_ARMO_KID.ini] OCF_HandTypeBandage
[21:09:59:662] 	[ABA_KW-OCF_ARMO_KID.ini] OCF_HandTypeBracer
[21:09:59:662] 	[ABA_KW-OCF_ARMO_KID.ini] OCF_HandTypeCuffs
[21:09:59:662] 	[ABA_KW-OCF_ARMO_KID.ini] OCF_FeetTypeSandals
[21:09:59:662] 	[ABA_KW-OCF_ARMO_KID.ini] OCF_FeetTypeShoes
[21:09:59:662] 	[ABA_KW-OCF_ARMO_KID.ini] OCF_varNotShoes
[21:09:59:662] 	[ABA_KW-OCF_ARMO_KID.ini] OCF_MiscHorseGear
[21:09:59:662] 	[ABA_KW-OCF_ARMO_KID.ini] BYOHAdoptionClothesKeyword
[21:09:59:662] 	[ABA_KW-OCF_ARMO_KID.ini] OCF_ArmorBodyPart
[21:09:59:662] 	[ABA_KW-OCF_ARMO_KID.ini] OCF_ArmorDontUndress
[21:09:59:662] 	[ABA_KW-OCF_ARMO_KID.ini] OCF_varNotGreaves
[21:09:59:662] 	[ABA_KW-OCF_ARMO_KID.ini] OCF_AccessoryBag_Backpack
[21:09:59:662] 	[ABA_KW-OCF_ARMO_KID.ini] OCF_ArtifactLegendary_RingMasser
[21:09:59:662] 	[ABA_KW-OCF_ARMO_KID.ini] OCF_ArtifactLegendary_DragonboneCuirass
[21:09:59:662] 	[ABA_KW-OCF_ARMO_KID.ini] OCF_BodyTypeCloak
[21:09:59:662] 	[ABA_KW-OCF_ARMO_KID.ini] OCF_ShieldTypeTower
[21:09:59:662] 	[ABA_KW-OCF_ARMO_KID.ini] OCF_AccessoryShield
[21:09:59:662] 	[ABA_KW-OCF_ARMO_KID.ini] OCF_Placeholder_BuildingPart
[21:09:59:662] 	[ABA_KW-OCF_ARMO_KID.ini] WAF_SpikedGauntletGloves
[21:09:59:662] 	[ABA_KW-OCF_ARMO_KID.ini] OCF_ArtifactAedric_RingPhynaster
[21:09:59:662] 	[ABA_KW-OCF_ARMO_KID.ini] OCF_ArtifactAedric_RingWarlock
[21:09:59:662] 	[ABA_KW-OCF_ARMO_KID.ini] OCF_ArtifactAedric_RingWind
[21:09:59:662] 	[ABA_KW-OCF_ARMO_KID.ini] OCF_ArtifactDaedric_RingKhajiit
[21:09:59:662] 	[ABA_KW-OCF_ARMO_KID.ini] OCF_ArtifactLegendary_RingMentor
[21:09:59:662] 	[ABA_KW-OCF_ARMO_KID.ini] OCF_ArtifactLegendary_RingVampiric
[21:09:59:662] 	[ABA_KW-OCF_ARMO_KID.ini] ClothingFeet
[21:09:59:662] 	[ABA_KW-OCF_ARMO_KID.ini] ArmorClothing
[21:09:59:662] 	[ABA_KW-OCF_ARMO_KID.ini] VendorItemClothing
[21:09:59:662] 	[ABA_KW-OCF_ARMO_KID.ini] OCF_varIsHat
[21:09:59:662] 	[ABA_KW-OCF_ARMO_KID.ini] OCF_ArtifactLegendary_BloodwormHelm
[21:09:59:662] 	[ABA_KW-OCF_ARMO_KID.ini] OCF_ArtifactLegendary_HelmOreynBearclaw
[21:09:59:662] 	[ABA_KW-OCF_ARMO_KID.ini] OCF_ArtifactAedric_CrusaderHelm
[21:09:59:662] 	[ABA_KW-OCF_ARMO_KID.ini] OCF_ArtifactAedric_CrusaderCuirass
[21:09:59:662] 	[ABA_KW-OCF_ARMO_KID.ini] OCF_ArtifactAedric_CrusaderGauntlets
[21:09:59:662] 	[ABA_KW-OCF_ARMO_KID.ini] OCF_ArtifactAedric_CrusaderBoots
[21:09:59:662] 	[ABA_KW-OCF_ARMO_KID.ini] OCF_ArtifactAedric_CrusaderShield
[21:09:59:662] 	[ABA_KW-OCF_ARMO_KID.ini] OCF_ArtifactAedric_LordMail
[21:09:59:662] 	[ABA_KW-OCF_ARMO_KID.ini] OCF_ArtifactLegendary_BootsBlindingSpeed
[21:09:59:662] 	[ABA_KW-OCF_ARMO_KID.ini] OCF_ArtifactDwarven_Wraithguard
[21:09:59:662] 	[ABA_KW-OCF_ARMO_KID.ini] OCF_RelicAyleid
[21:09:59:662] 	[ABA_KW-OCF_ARMO_KID.ini] OCF_ArtifactLegendary_FistsRandagulf
[21:09:59:662] 	[ABA_KW-OCF_ARMO_KID.ini] OCF_ArtifactDaedric_GrayCowlNocturnal
[21:09:59:662] 	[ABA_KW-OCF_ARMO_KID.ini] OCF_ArmorTypeHead_Alt
[21:09:59:663] 	[ABA_KW-OCF_ARMO_KID.ini] OCF_ArmorTypeBody_Alt
[21:09:59:664] 	[ABA_KW-OCF_ARMO_KID.ini] OCF_ArmorTypeFeet_Alt
[21:09:59:664] 	[ABA_KW-OCF_ARMO_KID.ini] OCF_HeadTypeBarrette
[21:09:59:664] 	[ABA_KW-OCF_ARMO_KID.ini] OCF_BodyTypeGorget
[21:09:59:664] 	[ABA_KW-OCF_ARMO_KID.ini] OCF_HeadTypeMask_MouthOther
[21:09:59:665] 	[ABA_KW-OCF_ARMO_KID.ini] OCF_BodyTypeScarf
[21:09:59:666] 	[ABA_KW-OCF_ARMO_KID.ini] OCF_BodyTypeTasset
[21:09:59:667] 	[ABA_KW-OCF_ARMO_KID.ini] OCF_FeetTypeSabatons
[21:09:59:667] 	[ABA_KW-OCF_ARMO_KID.ini] OCF_AccessoryBag_Belt
[21:09:59:668] 	[ABA_KW-OCF_ARMO_KID.ini] OCF_AccessoryJewelry
[21:09:59:668] 	[ABA_KW-OCF_ARMO_KID.ini] OCF_HeadTypeMask_Eyes
[21:09:59:669] 	[ABA_KW-OCF_ARMO_KID.ini] OCF_BodyTypeLapels
[21:09:59:669] 	[ABA_KW-OCF_ARMO_KID.ini] OCF_BodyTypeWings_Real
[21:09:59:674] 	[ABA_KW-OCF_ARMO_KID.ini] OCF_Placeholder_Filter
[21:09:59:674] 	[ABA_KW-OCF_ARMO_KID.ini] OCF_varNotArmorMain
[21:09:59:674] 	[ABA_KW-OCF_ARMO_KID.ini] OCF_HandTypeBracelet
[21:09:59:674] 	[ABA_KW-OCF_ARMO_KID.ini] OCF_varNotArmorBody
[21:09:59:674] 	[ABA_KW-OCF_ARMO_KID.ini] OCF_AccessoryBanner
[21:09:59:674] 	[ABA_KW-OCF_ARMO_KID.ini] OCF_HeadTypeHorns
[21:09:59:674] 	[ABA_KW-OCF_ARMO_KID.ini] OCF_AccessoryBag_Bandolier
[21:09:59:674] 	[ABA_KW-OCF_ARMO_KID.ini] OCF_AccessoryBeltBook
[21:09:59:674] 	[ABA_KW-OCF_ARMO_KID.ini] OCF_MiscEmptyVessel_Flask
[21:09:59:674] 	[ABA_KW-OCF_ARMO_KID.ini] OCF_VesselFlask
[21:09:59:674] 	[ABA_KW-OCF_ARMO_KID.ini] OCF_AccessoryInstrument
[21:09:59:674] 	[ABA_KW-OCF_ARMO_KID.ini] BYOHAdoptionToyKeyword
[21:09:59:675] 	[ABA_KW-OCF_ARMO_KID.ini] OCF_HeadTypeMask_MouthCloth
[21:09:59:675] 	[ABA_KW-OCF_ARMO_KID.ini] OCF_HandTypeCestus
[21:09:59:675] 	[ABA_KW-OCF_ARMO_KID.ini] OCF_ToolWalkingStick
[21:09:59:675] 	[ABA_KW-OCF_ARMO_KID.ini] OCF_Placeholder_Separate
[21:09:59:676] 	[ABA_KW-OCF_ARMO_KID.ini] OCF_ArmorTypeBody_Main
[21:09:59:676] 	[ABA_KW-OCF_ARMO_KID.ini] OCF_BodyTypeUnderwearF_Top
[21:09:59:676] 	[ABA_KW-OCF_ARMO_KID.ini] OCF_BodyTypeUnderwearF_Bottom
[21:09:59:676] 	[ABA_KW-OCF_ARMO_KID.ini] OCF_BodyTypeUnderwearF_Full2P
[21:09:59:676] 	[ABA_KW-OCF_ARMO_KID.ini] OCF_ToolExtractor
[21:09:59:677] 	[ABA_KW-OCF_ARMO_KID.ini] OCF_ArtifactDaedric_Nightingale
[21:09:59:677] 	[ABA_KW-OCF_ARMO_KID.ini] OCF_ReplicaAedric_AurielShield
[21:09:59:677] 	[ABA_KW-OCF_ARMO_KID.ini] OCF_ReplicaDaedric_EbonyMail
[21:09:59:677] 	[ABA_KW-OCF_ARMO_KID.ini] OCF_ReplicaDaedric_MasqueClavicusVile
[21:09:59:677] 	[ABA_KW-OCF_ARMO_KID.ini] OCF_ReplicaDaedric_RingNamira
[21:09:59:677] 	[ABA_KW-OCF_ARMO_KID.ini] OCF_ReplicaDaedric_SaviorHide
[21:09:59:677] 	[ABA_KW-OCF_ARMO_KID.ini] OCF_ReplicaDaedric_Spellbreaker
[21:09:59:677] 	[ABA_KW-OCF_ARMO_KID.ini] OCF_ReplicaDaedric_NightingaleHelmet
[21:09:59:677] 	[ABA_KW-OCF_ARMO_KID.ini] OCF_ReplicaDaedric_NightingaleCuirass
[21:09:59:677] 	[ABA_KW-OCF_ARMO_KID.ini] OCF_ReplicaDaedric_NightingaleGauntlets
[21:09:59:677] 	[ABA_KW-OCF_ARMO_KID.ini] OCF_ReplicaDaedric_NightingaleBoots
[21:09:59:677] 	[ABA_KW-OCF_ARMO_KID.ini] OCF_ReplicaLegendary_YsgramorShield
[21:09:59:677] 	[ABA_KW-OCF_ARMO_KID.ini] OCF_ReplicaLegendary
[21:09:59:677] 	[ABA_KW-OCF_ARMO_KID.ini] OCF_Replica
[21:09:59:677] 	[ABA_KW-OCF_ARMO_KID.ini] OCF_HeadTypeWig
[21:09:59:677] 	[ABA_KW-OCF_ARMO_KID.ini] OCF_ArmorMainSkimpy
[21:09:59:678] 	[ABA_KW-OCF_ARMO_KID.ini] OCF_BodyTypeSkirt
[21:09:59:678] 	[ABA_KW-OCF_ARMO_KID.ini] OCF_BodyTypeTorso
[21:09:59:678] 	[ABA_KW-OCF_ARMO_KID.ini] OCF_FeetTypeHeels_Generic
[21:09:59:678] 	[ABA_KW-OCF_ARMO_KID.ini] OCF_AccessoryGarment
[21:09:59:679] 	[ABA_KW-OCF_ARMO_KID.ini] OCF_BodyTypeUnderwearF_Full1P
[21:09:59:680] 	[ABA_KW-OCF_ARMO_KID.ini] OCF_FeetTypeStockings
[21:09:59:680] 	[ABA_KW-OCF_ARMO_KID.ini] OCF_HandTypeSleeves
[21:09:59:680] 	[ABA_KW-OCF_ARMO_KID.ini] OCF_varNotArmorAlt
[21:09:59:681] 	[ABA_KW-OCF_ARMO_KID.ini] OCF_HeadTypeHat_Conical
[21:09:59:681] 	[ABA_KW-OCF_ARMO_KID.ini] OCF_BodyTypePauldronR
[21:09:59:682] 	[ABA_KW-OCF_ARMO_KID.ini] OCF_AccessoryBelt
[21:09:59:682] 	[ABA_KW-OCF_ARMO_KID.ini] OCF_AccessoryKatana
[21:09:59:683] 	[ABA_KW-OCF_ARMO_KID.ini] OCF_BodyTypePauldronL
[21:09:59:683] 	[ABA_KW-OCF_ARMO_KID.ini] OCF_BodyTypeCorset
[21:09:59:684] 	[ABA_KW-OCF_ARMO_KID.ini] OCF_FeetTypeHeels_Boots
[21:09:59:684] 	[ABA_KW-OCF_ARMO_KID.ini] OCF_BodyTypePauldronLR
[21:09:59:687] 	[ABA_KW-OCF_ARMO_KID.ini] OCF_HeadTypeHornsAntlers
[21:09:59:691] 	[ABA_KW-OCF_ARMO_KID.ini] OCF_BodyTypeRobes
[21:09:59:691] 	[ABA_KW-OCF_ARMO_KID.ini] OCF_ReplicaLegendary_DragonPriestMask
[21:09:59:692] 	[ABA_KW-OCF_ARMO_KID.ini] OCF_AccessoryMagic
[21:09:59:692] 	[ABA_KW-OCF_ARMO_KID.ini] OCF_ArmorTypeHead_Main
[21:09:59:692] 	[ABA_KW-OCF_ARMO_KID.ini] OCF_BodyTypePauldron
[21:09:59:692] 	[ABA_KW-OCF_ARMO_KID.ini] OCF_FeetTypeFootwraps
[21:09:59:692] 	[ABA_KW-OCF_ARMO_KID.ini] OCF_ToolLantern_Magic
[21:09:59:692] 	[ABA_KW-OCF_ARMO_KID.ini] OCF_BodyTypeDress
[21:09:59:693] 	[ABA_KW-OCF_ARMO_KID.ini] OCF_ArtifactAedric_Worship
[21:09:59:693] 	[ABA_KW-OCF_ARMO_KID.ini] OCF_ArtifactDaedric_Worship
[21:09:59:693] 	[ABA_KW-OCF_ARMO_KID.ini] OCF_HandTypeProsthetic
[21:09:59:693] 	[ABA_KW-OCF_ARMO_KID.ini] OCF_BodyTypeStrapOn
[21:09:59:698] 	[ABA_KW-OCF_ARMO_KID.ini] OCF_HeadTypeEars
[21:09:59:698] 	[ABA_KW-OCF_ARMO_KID.ini] OCF_BodyTypeTail_Real
[21:09:59:711] 	[ABA_KW-OCF_ARMO_KID.ini] OCF_ToolCompass
[21:09:59:711] 	[ABA_KW-OCF_ARMO_KID.ini] OCF_varArmoNotAccessory
[21:09:59:711] 	[ABA_KW-OCF_ARMO_KID.ini] OCF_BookTextMap
[21:09:59:712] 	[ABA_KW-OCF_ARMO_KID.ini] OCF_HeadTypeBandana
[21:09:59:712] 	[ABA_KW-OCF_ARMO_KID.ini] OCF_HeadTypeEarrings
[21:09:59:712] 	[ABA_KW-OCF_ARMO_KID.ini] OCF_HeadTypeEyePatch
[21:09:59:715] 	[ABA_KW-OCF_ARMO_KID.ini] OCF_BodyTypeMantle
[21:09:59:715] 	[ABA_KW-OCF_ARMO_KID.ini] OCF_BodyTypeRobes_Mage
[21:09:59:717] 	[ABA_KW-OCF_ARMO_KID.ini] OCF_HandTypeGloves
[21:09:59:717] 	[ABA_KW-OCF_ARMO_KID.ini] OCF_ShieldTypeBuckler
[21:09:59:717] 	[ABA_KW-OCF_ARMO_KID.ini] OCF_ShieldTypeKite
[21:09:59:717] 	[ABA_KW-OCF_ARMO_KID.ini] OCF_varNotCrown
[21:09:59:718] 	[ABA_KW-OCF_ARMO_KID.ini] OCF_varNotMask
[21:09:59:718] 	[ABA_KW-OCF_ARMO_KID.ini] OCF_BodyTypeWings_Jewelry
[21:09:59:719] 	[ABA_KW-OCF_ARMO_KID.ini] OCF_AccessoryPiercing
[21:09:59:719] 	[ABA_KW-OCF_ARMO_KID.ini] OCF_ArmorTypeHands_Main
[21:09:59:720] 	[ABA_KW-OCF_ARMO_KID.ini] OCF_ArmorTypeFeet_Main
[21:09:59:720] 	[ABA_KW-OCF_ARMO_KID.ini] OCF_ArmorShield
[21:09:59:722] 	[ABA_KW-OCF_ARMO_KID.ini] OCF_HeadTypeCirclet
[21:09:59:725] 	[ABA_KW-OCF_ARMO_KID.ini] OCF_ArtifactAedric_AmuletKings
[21:09:59:725] 	[ABA_KW-OCF_ARMO_KID.ini] OCF_ArtifactAedric_MorihausCuirass
[21:09:59:725] 	[ABA_KW-OCF_ARMO_KID.ini] OCF_ArtifactDaedric_SanctuaryAmulet
[21:09:59:725] 	[ABA_KW-OCF_ARMO_KID.ini] OCF_ArtifactLegendary_AdamantiumHelmTohan
[21:09:59:725] 	[ABA_KW-OCF_ARMO_KID.ini] OCF_ArtifactLegendary_BootsApostle
[21:09:59:725] 	[ABA_KW-OCF_ARMO_KID.ini] OCF_ArtifactLegendary_EleidonWard
[21:09:59:725] 	[ABA_KW-OCF_ARMO_KID.ini] OCF_ArtifactLegendary_HelmTiberSeptim
[21:09:59:725] 	[ABA_KW-OCF_ARMO_KID.ini] OCF_ArtifactLegendary_RingVipereye
[21:09:59:725] 	[ABA_KW-OCF_ARMO_KID.ini] OCF_ArtifactLegendary_RingZurinArctus
[21:09:59:725] 	[ABA_KW-OCF_ARMO_KID.ini] OCF_ArtifactLegendary_Ysgramor
[21:09:59:725] 	[ABA_KW-OCF_ARMO_KID.ini] OCF_RelicDaedric
[21:09:59:725] 	[ABA_KW-OCF_ARMO_KID.ini] OCF_RelicDunmer
[21:09:59:725] 	[ABA_KW-OCF_ARMO_KID.ini] OCF_ReplicaAedric_AmuletKings
[21:09:59:725] 	[ABA_KW-OCF_ARMO_KID.ini] OCF_ReplicaAedric_CrusaderHelm
[21:09:59:725] 	[ABA_KW-OCF_ARMO_KID.ini] OCF_ReplicaAedric_CrusaderCuirass
[21:09:59:725] 	[ABA_KW-OCF_ARMO_KID.ini] OCF_ReplicaAedric_CrusaderGauntlets
[21:09:59:725] 	[ABA_KW-OCF_ARMO_KID.ini] OCF_ReplicaAedric_CrusaderBoots
[21:09:59:725] 	[ABA_KW-OCF_ARMO_KID.ini] OCF_ReplicaAedric_CrusaderShield
[21:09:59:725] 	[ABA_KW-OCF_ARMO_KID.ini] OCF_ReplicaAedric_LordMail
[21:09:59:725] 	[ABA_KW-OCF_ARMO_KID.ini] OCF_ReplicaAedric_MorihausCuirass
[21:09:59:725] 	[ABA_KW-OCF_ARMO_KID.ini] OCF_ReplicaAedric_RingPhynaster
[21:09:59:725] 	[ABA_KW-OCF_ARMO_KID.ini] OCF_ReplicaAedric_RingWarlock
[21:09:59:725] 	[ABA_KW-OCF_ARMO_KID.ini] OCF_ReplicaAedric_RingWind
[21:09:59:725] 	[ABA_KW-OCF_ARMO_KID.ini] OCF_ReplicaAyleid
[21:09:59:726] 	[ABA_KW-OCF_ARMO_KID.ini] OCF_ReplicaDaedric_RingHircine
[21:09:59:726] 	[ABA_KW-OCF_ARMO_KID.ini] OCF_ReplicaDaedric_RingKhajiit
[21:09:59:726] 	[ABA_KW-OCF_ARMO_KID.ini] OCF_ReplicaDaedric_SanctuaryAmulet
[21:09:59:726] 	[ABA_KW-OCF_ARMO_KID.ini] OCF_ReplicaDaedric
[21:09:59:726] 	[ABA_KW-OCF_ARMO_KID.ini] OCF_ReplicaDunmer
[21:09:59:726] 	[ABA_KW-OCF_ARMO_KID.ini] OCF_ReplicaDwarven_AetherialCrown
[21:09:59:726] 	[ABA_KW-OCF_ARMO_KID.ini] OCF_ReplicaDwarven_AetherialShield
[21:09:59:726] 	[ABA_KW-OCF_ARMO_KID.ini] OCF_ReplicaDwarven_VisageMzund
[21:09:59:726] 	[ABA_KW-OCF_ARMO_KID.ini] OCF_ReplicaDwarven_Wraithguard
[21:09:59:726] 	[ABA_KW-OCF_ARMO_KID.ini] OCF_ReplicaImperial
[21:09:59:726] 	[ABA_KW-OCF_ARMO_KID.ini] OCF_ReplicaLegendary_AdamantiumHelmTohan
[21:09:59:726] 	[ABA_KW-OCF_ARMO_KID.ini] OCF_ReplicaLegendary_BloodwormHelm
[21:09:59:726] 	[ABA_KW-OCF_ARMO_KID.ini] OCF_ReplicaLegendary_BootsApostle
[21:09:59:726] 	[ABA_KW-OCF_ARMO_KID.ini] OCF_ReplicaLegendary_BootsBlindingSpeed
[21:09:59:726] 	[ABA_KW-OCF_ARMO_KID.ini] OCF_ReplicaLegendary_DragonboneCuirass
[21:09:59:726] 	[ABA_KW-OCF_ARMO_KID.ini] OCF_ReplicaLegendary_EleidonWard
[21:09:59:726] 	[ABA_KW-OCF_ARMO_KID.ini] OCF_ReplicaLegendary_FistsRandagulf
[21:09:59:726] 	[ABA_KW-OCF_ARMO_KID.ini] OCF_ReplicaLegendary_GaulderAmulet
[21:09:59:726] 	[ABA_KW-OCF_ARMO_KID.ini] OCF_ReplicaLegendary_HelmOreynBearclaw
[21:09:59:726] 	[ABA_KW-OCF_ARMO_KID.ini] OCF_ReplicaLegendary_HelmTiberSeptim
[21:09:59:726] 	[ABA_KW-OCF_ARMO_KID.ini] OCF_ReplicaLegendary_JaggedCrown
[21:09:59:726] 	[ABA_KW-OCF_ARMO_KID.ini] OCF_ReplicaLegendary_NecromancerAmulet
[21:09:59:726] 	[ABA_KW-OCF_ARMO_KID.ini] OCF_ReplicaLegendary_RingMentor
[21:09:59:726] 	[ABA_KW-OCF_ARMO_KID.ini] OCF_ReplicaLegendary_RingVampiric
[21:09:59:726] 	[ABA_KW-OCF_ARMO_KID.ini] OCF_ReplicaLegendary_RingVipereye
[21:09:59:726] 	[ABA_KW-OCF_ARMO_KID.ini] OCF_ReplicaLegendary_RingZurinArctus
[21:09:59:726] 	[ABA_KW-OCF_ARMO_KID.ini] OCF_ReplicaLegendary_Ysgramor
[21:09:59:726] 	[ABA_KW-OCF_ARMO_KID.ini] OCF_ReplicaNordic
[21:09:59:726] 	[ABA_KW-OCF_ARMO_KID.ini] OCF_HeadTypeGoggles
[21:09:59:726] 	[ABA_KW-OCF_ARMO_KID.ini] OCF_ToolSpyglass
[21:09:59:728] 	[ABA_KW-OCF_ARMO_KID.ini] OCF_BodyTypeUnderwearM
[21:09:59:729] 	[ABA_KW-OCF_ARMO_KID.ini] OCF_ArtifactDaedric_RingMoonStar
[21:09:59:729] 	[ABA_KW-OCF_ARMO_KID.ini] OCF_varNotCirclet
[21:09:59:738] 	[ABA_KW-OCF_ARMO_KID.ini] OCF_varNotArmorHands
[21:09:59:749] 	[ABA_KW-OCF_ARMO_KID.ini] OCF_varNotArmorHead
[21:09:59:749] 	[ABA_KW-OCF_ARMO_KID.ini] OCF_varNotArmorFeet
[21:09:59:749] 	[ABA_KW-OCF_ARMO_KID.ini] OCF_ToolLantern_Generic
[21:09:59:749] 	[ABA_KW-OCF_ARMO_KID.ini] ArmorHelmet
[21:09:59:751] 	[ABA_KW-OCF_ARMO_KID.ini] OCF_AccessoryTattoo
[21:09:59:752] 	[ABA_KW-OCF_ARMO_KID.ini] OCF_WeapThrowable
[21:09:59:755] 	[ABA_KW-OCF_ARMO_KID.ini] OCF_ArtifactAedric
[21:09:59:755] 	[ABA_KW-OCF_ARMO_KID.ini] OCF_RelicAedric
[21:09:59:755] 	[ABA_KW-OCF_ARMO_KID.ini] OCF_HeadTypeHalo
[21:09:59:757] 	[ABA_KW-OCF_ARMO_KID.ini] ArmorMaterialHide
[21:09:59:757] 	[ABA_KW-OCF_ARMO_KID.ini] FrostfallEnableKeywordProtection
[21:09:59:757] 	[ABA_KW-OCF_ARMO_KID.ini] FrostfallIsCloakCloth
[21:09:59:757] 	[ABA_KW-OCF_ARMO_KID.ini] FrostfallIsWeatherproofAccessory
[21:09:59:758] 	[ABA_KW-OCF_ARMO_KID.ini] OCF_ToolLantern_Bug
[21:09:59:758] 	[ABA_KW-OCF_ARMO_KID.ini] OCF_ToolLantern_BugEmpty
[21:09:59:758] 	[ABA_KW-OCF_ARMO_KID.ini] OCF_HeadTypeHat_Wizard
[21:09:59:759] 	[ABA_KW-OCF_ARMO_KID.ini] OCF_HandTypeArmlet
[21:09:59:760] 	[ABA_KW-OCF_ARMO_KID.ini] OCF_BodyTypePants
[21:09:59:760] 	[ABA_KW-OCF_ARMO_KID.ini] OCF_varNotAccessoryFlower
[21:09:59:760] 	[ABA_KW-OCF_ARMO_KID.ini] OCF_varNotCloak
[21:09:59:760] 	[ABA_KW-OCF_ARMO_KID.ini] OCF_varNotEars
[21:09:59:760] 	[ABA_KW-OCF_ARMO_KID.ini] OCF_varNotHat
[21:09:59:761] 	[ABA_KW-OCF_ARMO_KID.ini] OCF_varNotHood
[21:09:59:761] 	[ABA_KW-OCF_ARMO_KID.ini] OCF_varNotMantle
[21:09:59:761] 	[ABA_KW-OCF_ARMO_KID.ini] OCF_varNotWig
[21:09:59:761] 	[ABA_KW-OCF_ARMO_KID.ini] OCF_ToolAlchemy
[21:09:59:762] 	[ABA_KW-OCF_ARMO_KID.ini] OCF_ToolLantern
[21:09:59:762] 	[ABA_KW-OCF_ARMO_KID.ini] OCF_Tool
[21:09:59:762] 	[ABA_KW-OCF_ARMO_KID.ini] OCF_HeadTypeCrown
[21:09:59:762] 	[ABA_KW-OCF_ARMO_KID.ini] OCF_HeadTypeEarCuffs
[21:09:59:762] 	[ABA_KW-OCF_ARMO_KID.ini] OCF_HeadTypeGlasses
[21:09:59:763] 	[ABA_KW-OCF_ARMO_KID.ini] OCF_HeadTypeHat
[21:09:59:763] 	[ABA_KW-OCF_ARMO_KID.ini] OCF_HeadTypeHeadgear
[21:09:59:763] 	[ABA_KW-OCF_ARMO_KID.ini] OCF_HeadTypeHoodLowered
[21:09:59:763] 	[ABA_KW-OCF_ARMO_KID.ini] OCF_HeadTypeHorns_Antlers
[21:09:59:763] 	[ABA_KW-OCF_ARMO_KID.ini] OCF_HeadTypeHorns_Generic
[21:09:59:764] 	[ABA_KW-OCF_ARMO_KID.ini] OCF_HeadTypeMask_Mouth
[21:09:59:764] 	[ABA_KW-OCF_ARMO_KID.ini] OCF_HeadTypeMask
[21:09:59:764] 	[ABA_KW-OCF_ARMO_KID.ini] OCF_BodyTypeAbs
[21:09:59:764] 	[ABA_KW-OCF_ARMO_KID.ini] OCF_BodyTypeCuisses
[21:09:59:764] 	[ABA_KW-OCF_ARMO_KID.ini] OCF_BodyTypeHarness
[21:09:59:764] 	[ABA_KW-OCF_ARMO_KID.ini] OCF_BodyTypeHighNecklace
[21:09:59:765] 	[ABA_KW-OCF_ARMO_KID.ini] OCF_BodyTypeRobes_Generic
[21:09:59:765] 	[ABA_KW-OCF_ARMO_KID.ini] OCF_BodyTypeSpine
[21:09:59:765] 	[ABA_KW-OCF_ARMO_KID.ini] OCF_BodyTypeTorc
[21:09:59:765] 	[ABA_KW-OCF_ARMO_KID.ini] OCF_BodyTypeTail_Armor
[21:09:59:765] 	[ABA_KW-OCF_ARMO_KID.ini] OCF_BodyTypeTail
[21:09:59:766] 	[ABA_KW-OCF_ARMO_KID.ini] OCF_BodyTypeUnderwearF_Full
[21:09:59:766] 	[ABA_KW-OCF_ARMO_KID.ini] OCF_BodyTypeUnderwearF
[21:09:59:766] 	[ABA_KW-OCF_ARMO_KID.ini] OCF_BodyTypeUnderwear
[21:09:59:766] 	[ABA_KW-OCF_ARMO_KID.ini] OCF_BodyTypeWings
[21:09:59:766] 	[ABA_KW-OCF_ARMO_KID.ini] OCF_BodyTypeAmulet
[21:09:59:766] 	[ABA_KW-OCF_ARMO_KID.ini] OCF_HandTypeClaws
[21:09:59:766] 	[ABA_KW-OCF_ARMO_KID.ini] OCF_HandTypeNails
[21:09:59:766] 	[ABA_KW-OCF_ARMO_KID.ini] OCF_HandTypeRing_Slot36
[21:09:59:767] 	[ABA_KW-OCF_ARMO_KID.ini] OCF_HandTypeRing_SlotOther
[21:09:59:767] 	[ABA_KW-OCF_ARMO_KID.ini] OCF_HandTypeRing
[21:09:59:767] 	[ABA_KW-OCF_ARMO_KID.ini] OCF_FeetTypeGreaves
[21:09:59:767] 	[ABA_KW-OCF_ARMO_KID.ini] OCF_FeetTypeHeels
[21:09:59:767] 	[ABA_KW-OCF_ARMO_KID.ini] OCF_FeetTypeHooves
[21:09:59:767] 	[ABA_KW-OCF_ARMO_KID.ini] OCF_FeetTypeNails
[21:09:59:768] 	[ABA_KW-OCF_ARMO_KID.ini] OCF_FeetTypePaws
[21:09:59:768] 	[ABA_KW-OCF_ARMO_KID.ini] OCF_AccessoryBag
[21:09:59:769] 	[ABA_KW-OCF_ARMO_KID.ini] OCF_AccessoryDagger
[21:09:59:769] 	[ABA_KW-OCF_ARMO_KID.ini] OCF_AccessoryEffect
[21:09:59:769] 	[ABA_KW-OCF_ARMO_KID.ini] OCF_AccessoryFlower
[21:09:59:770] 	[ABA_KW-OCF_ARMO_KID.ini] OCF_AccessoryScabbard
[21:09:59:771] 	[ABA_KW-OCF_ARMO_KID.ini] OCF_AccessoryToy
[21:09:59:771] 	[ABA_KW-OCF_ARMO_KID.ini] OCF_varNotAccessoryGarment
[21:09:59:772] 	[ABA_KW-OCF_ARMO_KID.ini] OCF_varNotAccessoryJewelry
[21:09:59:772] 	[ABA_KW-OCF_ARMO_KID.ini] OCF_Accessory
[21:09:59:773] 	[ABA_KW-OCF_ARMO_KID.ini] OCF_ArmorTypeHands_Alt
[21:09:59:773] 	[ABA_KW-OCF_ARMO_KID.ini] OCF_ArmorTypeHead
[21:09:59:773] 	[ABA_KW-OCF_ARMO_KID.ini] OCF_ArmorTypeBody
[21:09:59:773] 	[ABA_KW-OCF_ARMO_KID.ini] OCF_ArmorTypeHands
[21:09:59:773] 	[ABA_KW-OCF_ARMO_KID.ini] OCF_ArmorTypeFeet
[21:09:59:773] 	[ABA_KW-OCF_ARMO_KID.ini] OCF_ArmorTypeOther
[21:09:59:773] 	[ABA_KW-OCF_ARMO_KID.ini] OCF_ArmorHelmet_Heavy
[21:09:59:773] 	[ABA_KW-OCF_ARMO_KID.ini] OCF_ArmorHelmet_Medium
[21:09:59:773] 	[ABA_KW-OCF_ARMO_KID.ini] OCF_ArmorHelmet_Light
[21:09:59:773] 	[ABA_KW-OCF_ARMO_KID.ini] OCF_ArmorCuirass_Heavy
[21:09:59:773] 	[ABA_KW-OCF_ARMO_KID.ini] OCF_ArmorCuirass_Medium
[21:09:59:773] 	[ABA_KW-OCF_ARMO_KID.ini] OCF_ArmorCuirass_Light
[21:09:59:773] 	[ABA_KW-OCF_ARMO_KID.ini] OCF_ArmorGauntlets_Heavy
[21:09:59:773] 	[ABA_KW-OCF_ARMO_KID.ini] OCF_ArmorGauntlets_Medium
[21:09:59:773] 	[ABA_KW-OCF_ARMO_KID.ini] OCF_ArmorGauntlets_Light
[21:09:59:773] 	[ABA_KW-OCF_ARMO_KID.ini] OCF_ArmorBoots_Heavy
[21:09:59:773] 	[ABA_KW-OCF_ARMO_KID.ini] OCF_ArmorBoots_Medium
[21:09:59:773] 	[ABA_KW-OCF_ARMO_KID.ini] OCF_ArmorBoots_Light
[21:09:59:773] 	[ABA_KW-OCF_ARMO_KID.ini] OCF_ArmorShield_Heavy
[21:09:59:774] 	[ABA_KW-OCF_ARMO_KID.ini] OCF_ArmorShield_Medium
[21:09:59:774] 	[ABA_KW-OCF_ARMO_KID.ini] OCF_ArmorShield_Light
[21:09:59:774] 	[ABA_KW-OCF_ARMO_KID.ini] OCF_ArmorBindings
[21:09:59:774] 	[ABA_KW-OCF_ARMO_KID.ini] OCF_MiscEmptyVessel_Jar
[21:09:59:774] 	[ABA_KW-OCF_ARMO_KID.ini] OCF_MiscJarBug
[21:09:59:774] 	[ABA_KW-OCF_ARMO_KID.ini] OCF_ArtifactAedric_Crusader
[21:09:59:774] 	[ABA_KW-OCF_ARMO_KID.ini] OCF_ArtifactAedric_Morihaus
[21:09:59:774] 	[ABA_KW-OCF_ARMO_KID.ini] OCF_ArtifactDwarven
[21:09:59:774] 	[ABA_KW-OCF_ARMO_KID.ini] OCF_ArtifactLegendary_Dawnguard
[21:09:59:774] 	[ABA_KW-OCF_ARMO_KID.ini] OCF_Artifact
[21:09:59:774] 	[ABA_KW-OCF_ARMO_KID.ini] OCF_ReplicaAedric_Crusader
[21:09:59:774] 	[ABA_KW-OCF_ARMO_KID.ini] OCF_ReplicaAedric_Morihaus
[21:09:59:774] 	[ABA_KW-OCF_ARMO_KID.ini] OCF_ReplicaAedric
[21:09:59:774] 	[ABA_KW-OCF_ARMO_KID.ini] OCF_ReplicaDaedric_Nightingale
[21:09:59:774] 	[ABA_KW-OCF_ARMO_KID.ini] OCF_ReplicaDwarven
[21:09:59:774] 	[ABA_KW-OCF_ARMO_KID.ini] DaedricArtifact
[21:09:59:774] 	[ABA_KW-OCF_ARMO_KID.ini] ArmorTorc
[21:09:59:774] 	[ABA_KW-OCF_ARMO_KID.ini] ClothingBra
[21:09:59:774] 	[ABA_KW-OCF_ARMO_KID.ini] ClothingBracelet
[21:09:59:774] 	[ABA_KW-OCF_ARMO_KID.ini] ClothingChoker
[21:09:59:774] 	[ABA_KW-OCF_ARMO_KID.ini] ClothingCrown
[21:09:59:774] 	[ABA_KW-OCF_ARMO_KID.ini] ClothingEarCuffs
[21:09:59:774] 	[ABA_KW-OCF_ARMO_KID.ini] ClothingEarrings
[21:09:59:774] 	[ABA_KW-OCF_ARMO_KID.ini] ClothingHighNecklace
[21:09:59:774] 	[ABA_KW-OCF_ARMO_KID.ini] ClothingPanties
[21:09:59:774] 	[ABA_KW-OCF_ARMO_KID.ini] ClothingStrapOn
[21:09:59:774] 	[ABA_KW-OCF_ARMO_KID.ini] JewelryTorc
[21:09:59:774] 	[ABA_KW-OCF_ARMO_KID.ini] WAF_ClothingAccessories
[21:09:59:774] 	[ABA_KW-OCF_ARMO_KID.ini] WAF_ClothingCloak
[21:09:59:774] 	[ABA_KW-OCF_ARMO_KID.ini] WAF_ClothingMedicalHealing
[21:09:59:774] 	[ABA_KW-OCF_ARMO_KID.ini] WAF_ClothingPouch
[21:09:59:774] 	[ABA_KW-OCF_ARMO_KID.ini] WearWhenStripped
[21:09:59:774] 	[ABA_KW-OCF_MISC_KID.ini] OCF_RingTypeWedding
[21:09:59:774] 	[ABA_KW-OCF_Material_KID.ini] OCF_MatContainsAmethyst
[21:09:59:774] 	[ABA_KW-OCF_Material_KID.ini] OCF_MatContainsDiamond
[21:09:59:774] 	[ABA_KW-OCF_Material_KID.ini] OCF_MatContainsEmerald
[21:09:59:774] 	[ABA_KW-OCF_Material_KID.ini] OCF_MatContainsGarnet
[21:09:59:774] 	[ABA_KW-OCF_Material_KID.ini] OCF_MatContainsRuby
[21:09:59:774] 	[ABA_KW-OCF_Material_KID.ini] OCF_MatContainsSapphire
[21:09:59:774] 	[ABA_KW-OCF_Material_KID.ini] OCF_MatContainsSilver
[21:09:59:774] 	[ABA_KW-OCF_Material_KID.ini] CWMission03ImperialGarb
[21:09:59:774] 	[ABA_KW-OCF_Material_KID.ini] CWMission03StormcloakGarb
[21:09:59:774] 	[ABA_KW-OCF_Material_KID.ini] OCF_MaterialDisplayChitin
[21:09:59:774] 	[ABA_KW-OCF_Material_KID.ini] OCF_MaterialDisplayDarkBrotherhood
[21:09:59:775] 	[ABA_KW-OCF_Material_KID.ini] OCF_MaterialDisplayVampire
[21:09:59:775] 	[ABA_KW-OCF_Material_KID.ini] MAG_WeapTypeBound
[21:09:59:776] 	[ABA_KW-OCF_Material_KID.ini] OCF_MaterialEthereal
[21:09:59:776] 	[ABA_KW-OCF_Material_KID.ini] OCF_MaterialDisplayLeather
[21:09:59:776] 	[ABA_KW-OCF_Material_KID.ini] OCF_MaterialDisplayAdamantium
[21:09:59:776] 	[ABA_KW-OCF_Material_KID.ini] OCF_MaterialDisplaySilver
[21:09:59:776] 	[ACA_KW-Mod_Footprints_KID.ini] Feet
[21:09:59:776] 	[BOOBIES_Armor of Intrigue_KID.ini] BoobiesArmorPouch
[21:09:59:776] 	[BOOBIES_Armor of Intrigue_KID.ini] BoobiesArmorShoulderPadLight
[21:09:59:776] 	[BOOBIES_Armor of Intrigue_KID.ini] BoobiesArmorShoulderPadHeavy
[21:09:59:776] 	[BOOBIES_Armor of Intrigue_KID.ini] BoobiesArmorCloak
[21:09:59:776] 	[BOOBIES_Armor of Intrigue_KID.ini] BoobiesArmorPouchPotion
[21:09:59:776] 	[BOOBIES_Armor of Intrigue_KID.ini] BoobiesArmorAccessories
[21:09:59:776] 	[BOOBIES_DNPCsBlanketScarf_KID.ini] BoobiesArmorScarf
[21:09:59:776] 	[BOOBIES_DX Druid Armor_KID.ini] BoobiesArmorBeltLight
[21:09:59:776] 	[BOOBIES_DX Druid Armor_KID.ini] BoobiesArmorCuisseLight
[21:09:59:776] 	[BOOBIES_DX Druid Armor_KID.ini] BoobiesArmorGreavesLight
[21:09:59:776] 	[BOOBIES_DX Druid Armor_KID.ini] BoobiesArmorHornsLight
[21:09:59:776] 	[BOOBIES_DX Druid Armor_KID.ini] BoobiesArmorPantiesLight
[21:09:59:776] 	[BOOBIES_DX Druid Armor_KID.ini] BoobiesArmorShoulderPadLight
[21:09:59:776] 	[BOOBIES_DX Druid Armor_KID.ini] BoobiesArmorSkirtLight
[21:09:59:776] 	[BOOBIES_DX Druid Armor_KID.ini] BoobiesArmorTrousersLight
[21:09:59:776] 	[BOOBIES_DX Necromancer Robes_KID.ini] BoobiesArmorBeltLight
[21:09:59:777] 	[BOOBIES_Dr_Bandolier_KID.ini] BoobiesArmorPouch
[21:09:59:777] 	[BOOBIES_Dr_Bandolier_KID.ini] BoobiesArmorBandolier
[21:09:59:777] 	[BOOBIES_Dr_Bandolier_KID.ini] BoobiesArmorAccessoriesBook
[21:09:59:777] 	[BOOBIES_Dr_Bandolier_KID.ini] BoobiesArmorPouchPotion
[21:09:59:777] 	[BOOBIES_Dr_Bandolier_KID.ini] BoobiesArmorPouchStamina
[21:09:59:777] 	[BOOBIES_GENERAL_ARMOR_KID.ini] BoobiesArmorArmlets
[21:09:59:777] 	[BOOBIES_GENERAL_ARMOR_KID.ini] BoobiesArmorBandolier
[21:09:59:777] 	[BOOBIES_GENERAL_ARMOR_KID.ini] BoobiesArmorBelt
[21:09:59:777] 	[BOOBIES_GENERAL_ARMOR_KID.ini] BoobiesArmorBra
[21:09:59:777] 	[BOOBIES_GENERAL_ARMOR_KID.ini] BoobiesArmorChoker
[21:09:59:777] 	[BOOBIES_GENERAL_ARMOR_KID.ini] BoobiesArmorCuisse
[21:09:59:777] 	[BOOBIES_GENERAL_ARMOR_KID.ini] BoobiesArmorDragonMask
[21:09:59:777] 	[BOOBIES_GENERAL_ARMOR_KID.ini] BoobiesArmorEarrings
[21:09:59:778] 	[BOOBIES_GENERAL_ARMOR_KID.ini] BoobiesArmorEars
[21:09:59:778] 	[BOOBIES_GENERAL_ARMOR_KID.ini] BoobiesArmorEyemask
[21:09:59:778] 	[BOOBIES_GENERAL_ARMOR_KID.ini] BoobiesArmorFacemask
[21:09:59:778] 	[BOOBIES_GENERAL_ARMOR_KID.ini] BoobiesArmorFullmaskHeavy
[21:09:59:778] 	[BOOBIES_GENERAL_ARMOR_KID.ini] BoobiesArmorGreaves
[21:09:59:778] 	[BOOBIES_GENERAL_ARMOR_KID.ini] BoobiesArmorHat
[21:09:59:778] 	[BOOBIES_GENERAL_ARMOR_KID.ini] BoobiesArmorHorns
[21:09:59:778] 	[BOOBIES_GENERAL_ARMOR_KID.ini] BoobiesArmorLantern
[21:09:59:778] 	[BOOBIES_GENERAL_ARMOR_KID.ini] BoobiesArmorPanties
[21:09:59:778] 	[BOOBIES_GENERAL_ARMOR_KID.ini] BoobiesArmorPauldron
[21:09:59:778] 	[BOOBIES_GENERAL_ARMOR_KID.ini] BoobiesArmorPiercing
[21:09:59:778] 	[BOOBIES_GENERAL_ARMOR_KID.ini] BoobiesArmorPouch
[21:09:59:778] 	[BOOBIES_GENERAL_ARMOR_KID.ini] BoobiesArmorRing
[21:09:59:778] 	[BOOBIES_GENERAL_ARMOR_KID.ini] BoobiesArmorScarf
[21:09:59:778] 	[BOOBIES_GENERAL_ARMOR_KID.ini] BoobiesArmorShoulderPad
[21:09:59:778] 	[BOOBIES_GENERAL_ARMOR_KID.ini] BoobiesArmorSkirt
[21:09:59:778] 	[BOOBIES_GENERAL_ARMOR_KID.ini] BoobiesArmorStockings
[21:09:59:778] 	[BOOBIES_GENERAL_ARMOR_KID.ini] BoobiesArmorTail
[21:09:59:778] 	[BOOBIES_GENERAL_ARMOR_KID.ini] BoobiesArmorTasset
[21:09:59:778] 	[BOOBIES_GENERAL_ARMOR_KID.ini] BoobiesArmorTattoo
[21:09:59:778] 	[BOOBIES_GENERAL_ARMOR_KID.ini] BoobiesArmorTrousers
[21:09:59:778] 	[BOOBIES_GENERAL_ARMOR_KID.ini] BoobiesArmorUnderwear
[21:09:59:778] 	[BOOBIES_ImmersiveIcons_KID.ini] ArmorTypeLeftHandRing
[21:09:59:778] 	[BOOBIES_KSA_vdk_KID.ini] BoobiesArmorCuisseHeavy
[21:09:59:778] 	[BOOBIES_KSA_vdk_KID.ini] BoobiesArmorTassetHeavy
[21:09:59:778] 	[BOOBIES_League of Assassins Armor_KID.ini] BoobiesArmorFacemaskLight
[21:09:59:778] 	[BOOBIES_League of Assassins Armor_KID.ini] BoobiesArmorSkirtLight
[21:09:59:778] 	[BOOBIES_League of Assassins Armor_KID.ini] BoobiesArmorAccessoriesLight
[21:09:59:778] 	[BOOBIES_League of Assassins Armor_KID.ini] BoobiesArmorShoulderPadLight
[21:09:59:778] 	[BOOBIES_LegacyoftheDragonborn_KID.ini] BoobiesArmorScarf
[21:09:59:778] 	[BOOBIES_LegacyoftheDragonborn_KID.ini] BoobiesArmorCloak
[21:09:59:778] 	[BOOBIES_LegacyoftheDragonborn_KID.ini] BoobiesArmorPouch
[21:09:59:778] 	[BOOBIES_QwibLantern_KID.ini] BoobiesArmorLantern
[21:09:59:778] 	[BOOBIES_The Legends-Breton Knight_KID.ini] BoobiesArmorAccessoriesLight
[21:09:59:778] 	[BOOBIES_Twilight_Princess_Armor_KID.ini] BoobiesArmorTasset
[21:09:59:778] 	[BOOBIES_Twilight_Princess_Armor_KID.ini] BoobiesArmorTassetLight
[21:09:59:778] 	[BOOBIES_Twilight_Princess_Armor_KID.ini] BoobiesArmorAccessoriesBook
[21:09:59:778] 	[BOOBIES_Vigilant_KID.ini] BoobiesArmorPouchPotion
[21:09:59:778] 	[BOOBIES_Vigilant_KID.ini] BoobiesArmorHeadGear
[21:09:59:778] 	[BOOBIES_Vigilant_KID.ini] BoobiesArmorCloak
[21:09:59:778] 	[BOOBIES_Vigilant_KID.ini] BoobiesArmorHatLight
[21:09:59:778] 	[BOOBIES_Vigilant_KID.ini] BoobiesArmorHat
[21:09:59:778] 	[BOOBIES_Vigilant_KID.ini] BoobiesArmorFacemaskLight
[21:09:59:778] 	[BOOBIES_Vigilant_KID.ini] BoobiesArmorFacemask
[21:09:59:778] 	[BOOBIES_Vigilant_KID.ini] BoobiesArmorFullmask
[21:09:59:778] 	[BOOBIES_Vigilant_KID.ini] BoobiesArmorFullmaskLight
[21:09:59:778] 	[BOOBIES_Vigilant_KID.ini] BoobiesArmorEyemask
[21:09:59:779] 	[BOOBIES_Vigilant_KID.ini] BoobiesArmorRose
[21:09:59:779] 	[BOOBIES_Vigilant_KID.ini] BoobiesArmorAccessories
[21:09:59:779] 	[BOOBIES_Viridian Armor - Color Variations_KID.ini] BoobiesArmorArmletsHeavy
[21:09:59:779] 	[BOOBIES_Viridian Armor - Color Variations_KID.ini] BoobiesArmorCuisseHeavy
[21:09:59:779] 	[BOOBIES_Viridian Armor - Color Variations_KID.ini] BoobiesArmorShoulderPadHeavy
[21:09:59:779] 	[BOOBIES_Viridian Armor - Color Variations_KID.ini] BoobiesArmorTassetHeavy
[21:09:59:779] 	[BOOBIES_Viridian Armor - Color Variations_KID.ini] BoobiesArmorTrousersHeavy
[21:09:59:779] 	[BOOBIES_WetandCold_KID.ini] BoobiesArmorFacemask
[21:09:59:779] 	[DESIRE - No disenchant_KID.ini] MagicDisallowEnchanting
[21:09:59:779] 	[Footprints_KID.ini] Feet
[21:09:59:779] 		Filter [0xE9EA] (Dragonborn.esm) SKIP - form doesn't exist
[21:09:59:779] 	[Helmet Toggle_KID.ini] HT_ArmorHood
[21:09:59:781] 	[Helmet Toggle_KID.ini] HT_ArmorMask
[21:09:59:782] 	[Helmet Toggle_KID.ini] HT_IgnoreHeadgear
[21:09:59:783] 	[Helmet Toggle_KID.ini] HT_ArmorVisor
[21:09:59:783] 	[Helmet Toggle_KID.ini] HT_ArmorFaceMask
[21:09:59:783] 	[Necromaster Robes - No Disenchant_KID.ini] MagicDisallowEnchanting
[21:09:59:783] 	[SimplestHorses_KID.ini] SH_SaddlesKWD
[21:09:59:783] 	[Sonders_Keyword_Distribution_KID.ini] Mask
[21:09:59:783] 	[Sonders_Keyword_Distribution_KID.ini] BallGown
[21:09:59:783] 	[Sonders_Keyword_Distribution_KID.ini] SkirtArmored
[21:09:59:783] 	[Sonders_Keyword_Distribution_KID.ini] SkirtAccessory
[21:09:59:783] 	[Sonders_Keyword_Distribution_KID.ini] SkirtPharaoh
[21:09:59:783] 	[Sonders_Keyword_Distribution_KID.ini] SkirtTight
[21:09:59:783] 	[Sonders_Keyword_Distribution_KID.ini] SkirtShortSMP
[21:09:59:783] 	[Sonders_Keyword_Distribution_KID.ini] SkirtLongSMP
[21:09:59:783] 	[Sonders_Keyword_Distribution_KID.ini] DressTight
[21:09:59:783] 	[Sonders_Keyword_Distribution_KID.ini] DressShortSMP
[21:09:59:783] 	[Sonders_Keyword_Distribution_KID.ini] DressLongSMP
[21:09:59:783] 	[Sonders_Keyword_Distribution_KID.ini] HighHeel
[21:09:59:783] 	[Ultra Enemy - Good Death - No Disenchant_KID.ini] MagicDisallowEnchanting
[21:09:59:783] 	[rmb_b_0_nordwarua_sos_keys_KID.ini] Survival_ArmorWarm
[21:09:59:783] 		Filter [0x74DC] (NW_Sons_of_Skyrim.esp) SKIP - form doesn't exist
[21:09:59:783] 		Invalid/missing filters, skipping distribution
[21:09:59:783] 		Filter [0x12CB] (NW_Sons_of_Skyrim.esp) SKIP - form doesn't exist
[21:09:59:783] 		Invalid/missing filters, skipping distribution
[21:09:59:783] 		Filter [0x12C7] (NW_Sons_of_Skyrim.esp) SKIP - form doesn't exist
[21:09:59:783] 		Invalid/missing filters, skipping distribution
[21:09:59:783] 		Filter [0x12C9] (NW_Sons_of_Skyrim.esp) SKIP - form doesn't exist
[21:09:59:783] 		Invalid/missing filters, skipping distribution
[21:09:59:783] 		Filter [0x12CF] (NW_Sons_of_Skyrim.esp) SKIP - form doesn't exist
[21:09:59:783] 		Invalid/missing filters, skipping distribution
[21:09:59:783] 		Filter [0x12CD] (NW_Sons_of_Skyrim.esp) SKIP - form doesn't exist
[21:09:59:783] 		Invalid/missing filters, skipping distribution
[21:09:59:783] 		Filter [0x12D1] (NW_Sons_of_Skyrim.esp) SKIP - form doesn't exist
[21:09:59:784] 		Invalid/missing filters, skipping distribution
[21:09:59:784] 		Filter [0x12D7] (NW_Sons_of_Skyrim.esp) SKIP - form doesn't exist
[21:09:59:784] 		Invalid/missing filters, skipping distribution
[21:09:59:784] 		Filter [0x6F6E] (NW_Sons_of_Skyrim.esp) SKIP - form doesn't exist
[21:09:59:784] 		Invalid/missing filters, skipping distribution
[21:09:59:784] 		Filter [0x7A47] (NW_Sons_of_Skyrim.esp) SKIP - form doesn't exist
[21:09:59:784] 		Invalid/missing filters, skipping distribution
[21:09:59:784] 		Filter [0x12D3] (NW_Sons_of_Skyrim.esp) SKIP - form doesn't exist
[21:09:59:784] 		Invalid/missing filters, skipping distribution
[21:09:59:784] 		Filter [0xA586] (NW_Sons_of_Skyrim.esp) SKIP - form doesn't exist
[21:09:59:784] 		Invalid/missing filters, skipping distribution
[21:09:59:784] 		Filter [0x12DF] (NW_Sons_of_Skyrim.esp) SKIP - form doesn't exist
[21:09:59:784] 		Invalid/missing filters, skipping distribution
[21:09:59:784] 		Filter [0x12D5] (NW_Sons_of_Skyrim.esp) SKIP - form doesn't exist
[21:09:59:784] 		Invalid/missing filters, skipping distribution
[21:09:59:784] 		Filter [0xB5C5] (NW_Sons_of_Skyrim.esp) SKIP - form doesn't exist
[21:09:59:784] 		Invalid/missing filters, skipping distribution
[21:09:59:784] 		Filter [0x7A58] (NW_Sons_of_Skyrim.esp) SKIP - form doesn't exist
[21:09:59:784] 		Invalid/missing filters, skipping distribution
[21:09:59:784] 		Filter [0x12DB] (NW_Sons_of_Skyrim.esp) SKIP - form doesn't exist
[21:09:59:784] 		Invalid/missing filters, skipping distribution
[21:09:59:784] 		Filter [0x6F70] (NW_Sons_of_Skyrim.esp) SKIP - form doesn't exist
[21:09:59:784] 		Invalid/missing filters, skipping distribution
[21:09:59:784] 		Filter [0x12D9] (NW_Sons_of_Skyrim.esp) SKIP - form doesn't exist
[21:09:59:784] 		Invalid/missing filters, skipping distribution
[21:09:59:784] 		Filter [0x7A49] (NW_Sons_of_Skyrim.esp) SKIP - form doesn't exist
[21:09:59:784] 		Invalid/missing filters, skipping distribution
[21:09:59:784] 		Filter [0x12DD] (NW_Sons_of_Skyrim.esp) SKIP - form doesn't exist
[21:09:59:784] 		Invalid/missing filters, skipping distribution
[21:09:59:784] 		Filter [0xA588] (NW_Sons_of_Skyrim.esp) SKIP - form doesn't exist
[21:09:59:784] 		Invalid/missing filters, skipping distribution
[21:09:59:784] 		Filter [0x12E1] (NW_Sons_of_Skyrim.esp) SKIP - form doesn't exist
[21:09:59:784] 		Invalid/missing filters, skipping distribution
[21:09:59:784] 		Filter [0xB5C3] (NW_Sons_of_Skyrim.esp) SKIP - form doesn't exist
[21:09:59:784] 		Invalid/missing filters, skipping distribution
[21:09:59:784] 		Filter [0x7A5A] (NW_Sons_of_Skyrim.esp) SKIP - form doesn't exist
[21:09:59:784] 		Invalid/missing filters, skipping distribution
[21:09:59:784] 		Filter [0x1309] (NW_Sons_of_Skyrim.esp) SKIP - form doesn't exist
[21:09:59:784] 		Invalid/missing filters, skipping distribution
[21:09:59:784] 		Filter [0x130E] (NW_Sons_of_Skyrim.esp) SKIP - form doesn't exist
[21:09:59:784] 		Invalid/missing filters, skipping distribution
[21:09:59:784] 		Filter [0x12EB] (NW_Sons_of_Skyrim.esp) SKIP - form doesn't exist
[21:09:59:784] 		Invalid/missing filters, skipping distribution
[21:09:59:784] 		Filter [0x12E6] (NW_Sons_of_Skyrim.esp) SKIP - form doesn't exist
[21:09:59:784] 		Invalid/missing filters, skipping distribution
[21:09:59:784] 		Filter [0x12F5] (NW_Sons_of_Skyrim.esp) SKIP - form doesn't exist
[21:09:59:784] 		Invalid/missing filters, skipping distribution
[21:09:59:784] 		Filter [0x12FF] (NW_Sons_of_Skyrim.esp) SKIP - form doesn't exist
[21:09:59:784] 		Invalid/missing filters, skipping distribution
[21:09:59:784] 		Filter [0x12F0] (NW_Sons_of_Skyrim.esp) SKIP - form doesn't exist
[21:09:59:784] 		Invalid/missing filters, skipping distribution
[21:09:59:784] 		Filter [0x1304] (NW_Sons_of_Skyrim.esp) SKIP - form doesn't exist
[21:09:59:784] 		Invalid/missing filters, skipping distribution
[21:09:59:784] 		Filter [0x12FA] (NW_Sons_of_Skyrim.esp) SKIP - form doesn't exist
[21:09:59:784] 		Invalid/missing filters, skipping distribution
[21:09:59:784] 		Filter [0x7A50] (NW_Sons_of_Skyrim.esp) SKIP - form doesn't exist
[21:09:59:784] 		Invalid/missing filters, skipping distribution
[21:09:59:784] 		Filter [0x187A] (NW_Sons_of_Skyrim.esp) SKIP - form doesn't exist
[21:09:59:784] 		Invalid/missing filters, skipping distribution
[21:09:59:784] 		Filter [0x1DEB] (NW_Sons_of_Skyrim.esp) SKIP - form doesn't exist
[21:09:59:784] 		Invalid/missing filters, skipping distribution
[21:09:59:784] 		Filter [0x187E] (NW_Sons_of_Skyrim.esp) SKIP - form doesn't exist
[21:09:59:784] 		Invalid/missing filters, skipping distribution
[21:09:59:784] 		Filter [0x1885] (NW_Sons_of_Skyrim.esp) SKIP - form doesn't exist
[21:09:59:784] 		Invalid/missing filters, skipping distribution
[21:09:59:784] 		Filter [0x187C] (NW_Sons_of_Skyrim.esp) SKIP - form doesn't exist
[21:09:59:784] 		Invalid/missing filters, skipping distribution
[21:09:59:784] 		Filter [0x1883] (NW_Sons_of_Skyrim.esp) SKIP - form doesn't exist
[21:09:59:784] 		Invalid/missing filters, skipping distribution
[21:09:59:784] 		Filter [0x1DED] (NW_Sons_of_Skyrim.esp) SKIP - form doesn't exist
[21:09:59:784] 		Invalid/missing filters, skipping distribution
[21:09:59:784] 		Filter [0x1DEF] (NW_Sons_of_Skyrim.esp) SKIP - form doesn't exist
[21:09:59:784] 		Invalid/missing filters, skipping distribution
[21:09:59:784] 	[rmb_b_0_nordwarua_sos_keys_KID.ini] WAF_MaterialFaction
[21:09:59:784] 	[rmb_b_0_nordwarua_sos_keys_KID.ini] SPIKEArmorSonsBear
[21:09:59:784] 	[rmb_b_0_nordwarua_sos_keys_KID.ini] WAF_ArmorMaterialGuard
[21:09:59:784] 	[rmb_b_0_nordwarua_sos_keys_KID.ini] WAF_PerkFists07
[21:09:59:784] 	[rmb_b_0_nordwarua_sos_keys_KID.ini] WAF_ClothingCloak
[21:09:59:784] 	Sorting keywords...
[21:09:59:804] 		INFO - OCF_HandTypeBracer [KYWD:FF001DED] is referencing itself
[21:09:59:890] 		INFO - ArmorTorc [KYWD:01DE33A9] and OCF_BodyTypeTorc [KYWD:FF001ED5] may depend on each other. Distribution might not work as expected. Ignore if using names as wildcards
[21:09:59:890] 			Full path: ArmorTorc [KYWD:01DE33A9] -> OCF_BodyTypeTorc [KYWD:FF001ED5] -> ArmorTorc [KYWD:01DE33A9]
[21:09:59:890] 		INFO - ClothingBra [KYWD:01AF0500] and OCF_BodyTypeUnderwearF_Top [KYWD:FF001E2F] may depend on each other. Distribution might not work as expected. Ignore if using names as wildcards
[21:09:59:890] 			Full path: ClothingBra [KYWD:01AF0500] -> OCF_BodyTypeUnderwearF_Top [KYWD:FF001E2F] -> ClothingBra [KYWD:01AF0500]
[21:09:59:890] 		INFO - ClothingBracelet [KYWD:01E814F1] and OCF_HandTypeBracelet [KYWD:FF001E21] may depend on each other. Distribution might not work as expected. Ignore if using names as wildcards
[21:09:59:890] 			Full path: ClothingBracelet [KYWD:01E814F1] -> OCF_HandTypeBracelet [KYWD:FF001E21] -> ClothingBracelet [KYWD:01E814F1]
[21:09:59:890] 		INFO - ClothingChoker [KYWD:010DD103] and OCF_BodyTypeGorget [KYWD:FF001E15] may depend on each other. Distribution might not work as expected. Ignore if using names as wildcards
[21:09:59:890] 			Full path: ClothingChoker [KYWD:010DD103] -> OCF_BodyTypeGorget [KYWD:FF001E15] -> ClothingChoker [KYWD:010DD103]
[21:09:59:890] 		INFO - ClothingCrown [KYWD:0110AB46] and OCF_HeadTypeCrown [KYWD:FF001EC5] may depend on each other. Distribution might not work as expected. Ignore if using names as wildcards
[21:09:59:890] 			Full path: ClothingCrown [KYWD:0110AB46] -> OCF_HeadTypeCrown [KYWD:FF001EC5] -> ClothingCrown [KYWD:0110AB46]
[21:09:59:890] 		INFO - ClothingEarCuffs [KYWD:010EC4C8] and OCF_HeadTypeEarCuffs [KYWD:FF001EC6] may depend on each other. Distribution might not work as expected. Ignore if using names as wildcards
[21:09:59:890] 			Full path: ClothingEarCuffs [KYWD:010EC4C8] -> OCF_HeadTypeEarCuffs [KYWD:FF001EC6] -> ClothingEarCuffs [KYWD:010EC4C8]
[21:09:59:890] 		INFO - ClothingEarrings [KYWD:01DE3FD2] and OCF_HeadTypeEarrings [KYWD:FF001E66] may depend on each other. Distribution might not work as expected. Ignore if using names as wildcards
[21:09:59:890] 			Full path: ClothingEarrings [KYWD:01DE3FD2] -> OCF_HeadTypeEarrings [KYWD:FF001E66] -> ClothingEarrings [KYWD:01DE3FD2]
[21:09:59:890] 		INFO - ClothingHighNecklace [KYWD:010FB81E] and OCF_BodyTypeHighNecklace [KYWD:FF001ED2] may depend on each other. Distribution might not work as expected. Ignore if using names as wildcards
[21:09:59:890] 			Full path: ClothingHighNecklace [KYWD:010FB81E] -> OCF_BodyTypeHighNecklace [KYWD:FF001ED2] -> ClothingHighNecklace [KYWD:010FB81E]
[21:09:59:890] 		INFO - ClothingPanties [KYWD:01AF0501] and OCF_BodyTypeUnderwearF_Bottom [KYWD:FF001E30] may depend on each other. Distribution might not work as expected. Ignore if using names as wildcards
[21:09:59:890] 			Full path: ClothingPanties [KYWD:01AF0501] -> OCF_BodyTypeUnderwearF_Bottom [KYWD:FF001E30] -> ClothingPanties [KYWD:01AF0501]
[21:09:59:890] 		INFO - JewelryTorc [KYWD:01DE3399] and OCF_BodyTypeTorc [KYWD:FF001ED5] may depend on each other. Distribution might not work as expected. Ignore if using names as wildcards
[21:09:59:890] 			Full path: JewelryTorc [KYWD:01DE3399] -> OCF_BodyTypeTorc [KYWD:FF001ED5] -> JewelryTorc [KYWD:01DE3399]
[21:09:59:902] 		INFO - WAF_ClothingPouch [KYWD:01AF0129] and OCF_AccessoryBag [KYWD:FF001EE7] may depend on each other. Distribution might not work as expected. Ignore if using names as wildcards
[21:09:59:902] 			Full path: WAF_ClothingPouch [KYWD:01AF0129] -> OCF_AccessoryBag [KYWD:FF001EE7] -> OCF_AccessoryBag_Bandolier [KYWD:FF001E25] -> OCF_AccessoryBag_Belt [KYWD:FF001E1A] -> WAF_ClothingPouch [KYWD:01AF0129]
[21:09:59:902] 		INFO - WAF_ClothingPouch [KYWD:01AF0129] and OCF_ArmorTypeOther [KYWD:FF001EF5] may depend on each other. Distribution might not work as expected. Ignore if using names as wildcards
[21:09:59:902] 			Full path: WAF_ClothingPouch [KYWD:01AF0129] -> OCF_ArmorTypeOther [KYWD:FF001EF5] -> OCF_ArmorTypeBody [KYWD:FF001EF2] -> OCF_ArmorTypeBody_Main [KYWD:FF001E2E] -> OCF_ArmorTypeBody_Alt [KYWD:FF001E12] -> OCF_BodyTypePauldron [KYWD:FF001E58] -> OCF_BodyTypePauldronL [KYWD:FF001E4F] -> OCF_Accessory [KYWD:FF001EEF] -> OCF_AccessoryBelt [KYWD:FF001E4D] -> OCF_AccessoryBag [KYWD:FF001EE7] -> OCF_AccessoryBag_Bandolier [KYWD:FF001E25] -> OCF_AccessoryBag_Belt [KYWD:FF001E1A] -> WAF_ClothingPouch [KYWD:01AF0129]
[21:09:59:902] 		INFO - WAF_FingerlessGauntletsBracers [KYWD:01AF0122] and OCF_HandTypeBracer [KYWD:FF001DED] may depend on each other. Distribution might not work as expected. Ignore if using names as wildcards
[21:09:59:902] 			Full path: WAF_FingerlessGauntletsBracers [KYWD:01AF0122] -> OCF_HandTypeBracer [KYWD:FF001DED] -> WAF_FingerlessGauntletsBracers [KYWD:01AF0122]
[21:09:59:903] 		INFO - HT_ArmorHood [KYWD:FEB56817] is referencing itself
[21:09:59:904] 		INFO - HT_ArmorFaceMask [KYWD:FEB5687E] is referencing itself
[21:09:59:904] 		INFO - Mask [KYWD:FE960D83] is referencing itself
[21:09:59:913] 	Sorted keywords: 
[21:09:59:913] 		BYOHAdoptionClothesKeyword [KYWD:0300D823]
[21:09:59:913] 		ClothingRing [KYWD:0010CD09]
[21:09:59:913] 		ClothingHands [KYWD:0010CD13]
[21:09:59:913] 		ArmorClothing [KYWD:0006BBE8]
[21:09:59:913] 		VendorItemClothing [KYWD:0008F95B]
[21:09:59:913] 		BYOHAdoptionToyKeyword [KYWD:0300D824]
[21:09:59:913] 		ClothingFeet [KYWD:0010CD12]
[21:09:59:913] 		WAF_SpikedGauntletGloves [KYWD:01AF0226]
[21:09:59:913] 		ClothingNecklace [KYWD:0010CD0A]
[21:09:59:913] 		OCF_ArtifactDaedric_NightingaleGauntlets [KYWD:FF001DCE]
[21:09:59:913] 		ClothingCirclet [KYWD:0010CD08]
[21:09:59:913] 		OCF_ArtifactLegendary_DawnguardRuneShield [KYWD:FF001DD8]
[21:09:59:913] 		OCF_ArtifactLegendary_BootsBlindingSpeed [KYWD:FF001E0C]
[21:09:59:913] 		OCF_EquipSlot30 [KYWD:FF001DA8]
[21:09:59:913] 		OCF_EquipSlot31 [KYWD:FF001DA9]
[21:09:59:913] 		OCF_EquipSlot32 [KYWD:FF001DAA]
[21:09:59:913] 		OCF_EquipSlot33 [KYWD:FF001DAB]
[21:09:59:913] 		OCF_EquipSlot34 [KYWD:FF001DAC]
[21:09:59:913] 		OCF_EquipSlot35 [KYWD:FF001DAD]
[21:09:59:913] 		OCF_EquipSlot36 [KYWD:FF001DAE]
[21:09:59:913] 		OCF_EquipSlot37 [KYWD:FF001DAF]
[21:09:59:913] 		OCF_EquipSlot38 [KYWD:FF001DB0]
[21:09:59:913] 		OCF_EquipSlot39 [KYWD:FF001DB1]
[21:09:59:913] 		OCF_EquipSlot40 [KYWD:FF001DB2]
[21:09:59:913] 		OCF_EquipSlot41 [KYWD:FF001DB3]
[21:09:59:913] 		OCF_EquipSlot42 [KYWD:FF001DB4]
[21:09:59:913] 		OCF_EquipSlot43 [KYWD:FF001DB5]
[21:09:59:913] 		OCF_EquipSlot44 [KYWD:FF001DB6]
[21:09:59:913] 		OCF_EquipSlot45 [KYWD:FF001DB7]
[21:09:59:913] 		OCF_EquipSlot46 [KYWD:FF001DB8]
[21:09:59:913] 		OCF_EquipSlot47 [KYWD:FF001DB9]
[21:09:59:913] 		OCF_EquipSlot48 [KYWD:FF001DBA]
[21:09:59:913] 		OCF_EquipSlot49 [KYWD:FF001DBB]
[21:09:59:913] 		OCF_EquipSlot50 [KYWD:FF001DBC]
[21:09:59:913] 		OCF_EquipSlot51 [KYWD:FF001DBD]
[21:09:59:913] 		OCF_EquipSlot52 [KYWD:FF001DBE]
[21:09:59:913] 		OCF_EquipSlot53 [KYWD:FF001DBF]
[21:09:59:913] 		OCF_EquipSlot54 [KYWD:FF001DC0]
[21:09:59:913] 		OCF_EquipSlot55 [KYWD:FF001DC1]
[21:09:59:913] 		OCF_EquipSlot56 [KYWD:FF001DC2]
[21:09:59:913] 		OCF_EquipSlot57 [KYWD:FF001DC3]
[21:09:59:913] 		OCF_EquipSlot58 [KYWD:FF001DC4]
[21:09:59:913] 		OCF_EquipSlot59 [KYWD:FF001DC5]
[21:09:59:913] 		OCF_EquipSlot60 [KYWD:FF001DC6]
[21:09:59:913] 		OCF_EquipSlot61 [KYWD:FF001DC7]
[21:09:59:913] 		OCF_EquipTypeShield [KYWD:FF001DC8]
[21:09:59:913] 		OCF_ArtifactAedric_AurielShield [KYWD:FF001DC9]
[21:09:59:913] 		OCF_ArtifactDaedric_EbonyMail [KYWD:FF001DCA]
[21:09:59:913] 		OCF_ArtifactDaedric_MasqueClavicusVile [KYWD:FF001DCB]
[21:09:59:913] 		OCF_ArtifactDaedric_NightingaleHelmet [KYWD:FF001DCC]
[21:09:59:913] 		OCF_ArtifactDaedric_NightingaleCuirass [KYWD:FF001DCD]
[21:09:59:913] 		OCF_ArtifactDaedric_NightingaleBoots [KYWD:FF001DCF]
[21:09:59:913] 		OCF_ArtifactDaedric_RingHircine [KYWD:FF001DD0]
[21:09:59:913] 		OCF_ArtifactDaedric_RingNamira [KYWD:FF001DD1]
[21:09:59:913] 		OCF_ArtifactDaedric_SaviorHide [KYWD:FF001DD2]
[21:09:59:913] 		OCF_ArtifactDaedric_Spellbreaker [KYWD:FF001DD3]
[21:09:59:913] 		OCF_ArtifactDwarven_AetherialCrown [KYWD:FF001DD5]
[21:09:59:913] 		OCF_ArtifactDwarven_AetherialShield [KYWD:FF001DD6]
[21:09:59:913] 		OCF_ArtifactDwarven_VisageMzund [KYWD:FF001DD7]
[21:09:59:913] 		OCF_ArtifactLegendary_DragonPriestMask [KYWD:FF001DD9]
[21:09:59:913] 		OCF_ArtifactLegendary_GaulderAmulet [KYWD:FF001DDA]
[21:09:59:913] 		OCF_ArtifactLegendary_JaggedCrown [KYWD:FF001DDB]
[21:09:59:913] 		OCF_ArtifactLegendary_NecromancerAmulet [KYWD:FF001DDC]
[21:09:59:913] 		OCF_ArtifactLegendary_YsgramorShield [KYWD:FF001DDD]
[21:09:59:913] 		OCF_RelicFalmer [KYWD:FF001DDF]
[21:09:59:913] 		OCF_RelicImperial [KYWD:FF001DE0]
[21:09:59:913] 		OCF_RelicNordic [KYWD:FF001DE1]
[21:09:59:913] 		OCF_RingTypeWedding [KYWD:FF001DEA]
[21:09:59:913] 		OCF_varNotBracer [KYWD:FF001DEB]
[21:09:59:914] 		OCF_varNotShoes [KYWD:FF001DF1]
[21:09:59:914] 		OCF_varNotGreaves [KYWD:FF001DF5]
[21:09:59:914] 		OCF_ArtifactLegendary_RingMasser [KYWD:FF001DF7]
[21:09:59:914] 		OCF_ArtifactLegendary_DragonboneCuirass [KYWD:FF001DF8]
[21:09:59:914] 		OCF_Placeholder_BuildingPart [KYWD:FF001DFC]
[21:09:59:914] 		OCF_ArtifactAedric_RingPhynaster [KYWD:FF001DFD]
[21:09:59:914] 		OCF_ArtifactAedric_RingWarlock [KYWD:FF001DFE]
[21:09:59:914] 		OCF_ArtifactAedric_RingWind [KYWD:FF001DFF]
[21:09:59:914] 		OCF_ArtifactDaedric_RingKhajiit [KYWD:FF001E00]
[21:09:59:914] 		OCF_ArtifactLegendary_RingMentor [KYWD:FF001E01]
[21:09:59:914] 		OCF_ArtifactLegendary_RingVampiric [KYWD:FF001E02]
[21:09:59:914] 		OCF_varIsHat [KYWD:FF001E03]
[21:09:59:914] 		OCF_ArtifactLegendary_BloodwormHelm [KYWD:FF001E04]
[21:09:59:914] 		OCF_ArtifactLegendary_HelmOreynBearclaw [KYWD:FF001E05]
[21:09:59:914] 		OCF_ArtifactAedric_CrusaderHelm [KYWD:FF001E06]
[21:09:59:914] 		OCF_ArtifactAedric_CrusaderCuirass [KYWD:FF001E07]
[21:09:59:914] 		OCF_ArtifactAedric_CrusaderGauntlets [KYWD:FF001E08]
[21:09:59:914] 		OCF_ArtifactAedric_CrusaderBoots [KYWD:FF001E09]
[21:09:59:914] 		OCF_ArtifactAedric_CrusaderShield [KYWD:FF001E0A]
[21:09:59:914] 		OCF_ArtifactAedric_LordMail [KYWD:FF001E0B]
[21:09:59:914] 		OCF_ArtifactDwarven_Wraithguard [KYWD:FF001E0D]
[21:09:59:914] 		OCF_RelicAyleid [KYWD:FF001E0E]
[21:09:59:914] 		OCF_ArtifactLegendary_FistsRandagulf [KYWD:FF001E0F]
[21:09:59:914] 		OCF_ArtifactDaedric_GrayCowlNocturnal [KYWD:FF001E10]
[21:09:59:914] 		OCF_Placeholder_Filter [KYWD:FF001E1F]
[21:09:59:914] 		OCF_varNotArmorMain [KYWD:FF001E20]
[21:09:59:914] 		OCF_varNotArmorBody [KYWD:FF001E22]
[21:09:59:914] 		OCF_MiscEmptyVessel_Flask [KYWD:FF001E27]
[21:09:59:914] 		OCF_VesselFlask [KYWD:FF001E28]
[21:09:59:914] 		OCF_ToolWalkingStick [KYWD:FF001E2C]
[21:09:59:914] 		OCF_Placeholder_Separate [KYWD:FF001E2D]
[21:09:59:914] 		OCF_BodyTypeUnderwearF_Full2P [KYWD:FF001E31]
[21:09:59:914] 		OCF_ToolExtractor [KYWD:FF001E32]
[21:09:59:914] 		OCF_ReplicaAedric_AurielShield [KYWD:FF001E34]
[21:09:59:914] 		OCF_ReplicaDaedric_EbonyMail [KYWD:FF001E35]
[21:09:59:914] 		OCF_ReplicaDaedric_MasqueClavicusVile [KYWD:FF001E36]
[21:09:59:914] 		OCF_ReplicaDaedric_RingNamira [KYWD:FF001E37]
[21:09:59:914] 		OCF_ReplicaDaedric_SaviorHide [KYWD:FF001E38]
[21:09:59:914] 		OCF_ReplicaDaedric_Spellbreaker [KYWD:FF001E39]
[21:09:59:914] 		OCF_ReplicaDaedric_NightingaleHelmet [KYWD:FF001E3A]
[21:09:59:914] 		OCF_ReplicaDaedric_NightingaleCuirass [KYWD:FF001E3B]
[21:09:59:914] 		OCF_ReplicaDaedric_NightingaleGauntlets [KYWD:FF001E3C]
[21:09:59:914] 		OCF_ReplicaDaedric_NightingaleBoots [KYWD:FF001E3D]
[21:09:59:914] 		OCF_ReplicaLegendary_YsgramorShield [KYWD:FF001E3E]
[21:09:59:914] 		OCF_ArmorMainSkimpy [KYWD:FF001E42]
[21:09:59:914] 		OCF_BodyTypeTorso [KYWD:FF001E44]
[21:09:59:914] 		OCF_BodyTypeUnderwearF_Full1P [KYWD:FF001E47]
[21:09:59:914] 		OCF_varNotArmorAlt [KYWD:FF001E4A]
[21:09:59:914] 		OCF_HeadTypeHornsAntlers [KYWD:FF001E53]
[21:09:59:914] 		OCF_ReplicaLegendary_DragonPriestMask [KYWD:FF001E55]
[21:09:59:914] 		OCF_ToolLantern_Magic [KYWD:FF001E5A]
[21:09:59:914] 		OCF_ArtifactAedric_Worship [KYWD:FF001E5C]
[21:09:59:914] 		OCF_ArtifactDaedric_Worship [KYWD:FF001E5D]
[21:09:59:914] 		OCF_ToolCompass [KYWD:FF001E62]
[21:09:59:914] 		OCF_varArmoNotAccessory [KYWD:FF001E63]
[21:09:59:914] 		OCF_HandTypeGloves [KYWD:FF001E6A]
[21:09:59:914] 		OCF_ArtifactAedric_AmuletKings [KYWD:FF001E75]
[21:09:59:914] 		OCF_ArtifactAedric_MorihausCuirass [KYWD:FF001E76]
[21:09:59:914] 		OCF_ArtifactDaedric_SanctuaryAmulet [KYWD:FF001E77]
[21:09:59:914] 		OCF_ArtifactLegendary_AdamantiumHelmTohan [KYWD:FF001E78]
[21:09:59:914] 		OCF_ArtifactLegendary_BootsApostle [KYWD:FF001E79]
[21:09:59:914] 		OCF_ArtifactLegendary_EleidonWard [KYWD:FF001E7A]
[21:09:59:914] 		OCF_ArtifactLegendary_HelmTiberSeptim [KYWD:FF001E7B]
[21:09:59:914] 		OCF_ArtifactLegendary_RingVipereye [KYWD:FF001E7C]
[21:09:59:914] 		OCF_ArtifactLegendary_RingZurinArctus [KYWD:FF001E7D]
[21:09:59:914] 		OCF_RelicDaedric [KYWD:FF001E7F]
[21:09:59:914] 		OCF_RelicDunmer [KYWD:FF001E80]
[21:09:59:914] 		OCF_ReplicaAedric_AmuletKings [KYWD:FF001E81]
[21:09:59:914] 		OCF_ReplicaAedric_CrusaderHelm [KYWD:FF001E82]
[21:09:59:914] 		OCF_ReplicaAedric_CrusaderCuirass [KYWD:FF001E83]
[21:09:59:914] 		OCF_ReplicaAedric_CrusaderGauntlets [KYWD:FF001E84]
[21:09:59:914] 		OCF_ReplicaAedric_CrusaderBoots [KYWD:FF001E85]
[21:09:59:914] 		OCF_ReplicaAedric_CrusaderShield [KYWD:FF001E86]
[21:09:59:914] 		OCF_ReplicaAedric_LordMail [KYWD:FF001E87]
[21:09:59:914] 		OCF_ReplicaAedric_MorihausCuirass [KYWD:FF001E88]
[21:09:59:914] 		OCF_ReplicaAedric_RingPhynaster [KYWD:FF001E89]
[21:09:59:914] 		OCF_ReplicaAedric_RingWarlock [KYWD:FF001E8A]
[21:09:59:914] 		OCF_ReplicaAedric_RingWind [KYWD:FF001E8B]
[21:09:59:914] 		OCF_ReplicaAyleid [KYWD:FF001E8C]
[21:09:59:914] 		OCF_ReplicaDaedric_RingHircine [KYWD:FF001E8D]
[21:09:59:914] 		OCF_ReplicaDaedric_RingKhajiit [KYWD:FF001E8E]
[21:09:59:914] 		OCF_ReplicaDaedric_SanctuaryAmulet [KYWD:FF001E8F]
[21:09:59:914] 		OCF_ReplicaDunmer [KYWD:FF001E91]
[21:09:59:914] 		OCF_ReplicaDwarven_AetherialCrown [KYWD:FF001E92]
[21:09:59:914] 		OCF_ReplicaDwarven_AetherialShield [KYWD:FF001E93]
[21:09:59:914] 		OCF_ReplicaDwarven_VisageMzund [KYWD:FF001E94]
[21:09:59:914] 		OCF_ReplicaDwarven_Wraithguard [KYWD:FF001E95]
[21:09:59:914] 		OCF_ReplicaImperial [KYWD:FF001E96]
[21:09:59:914] 		OCF_ReplicaLegendary_AdamantiumHelmTohan [KYWD:FF001E97]
[21:09:59:914] 		OCF_ReplicaLegendary_BloodwormHelm [KYWD:FF001E98]
[21:09:59:914] 		OCF_ReplicaLegendary_BootsApostle [KYWD:FF001E99]
[21:09:59:914] 		OCF_ReplicaLegendary_BootsBlindingSpeed [KYWD:FF001E9A]
[21:09:59:914] 		OCF_ReplicaLegendary_DragonboneCuirass [KYWD:FF001E9B]
[21:09:59:914] 		OCF_ReplicaLegendary_EleidonWard [KYWD:FF001E9C]
[21:09:59:914] 		OCF_ReplicaLegendary_FistsRandagulf [KYWD:FF001E9D]
[21:09:59:914] 		OCF_ReplicaLegendary_GaulderAmulet [KYWD:FF001E9E]
[21:09:59:914] 		OCF_ReplicaLegendary_HelmOreynBearclaw [KYWD:FF001E9F]
[21:09:59:914] 		OCF_ReplicaLegendary_HelmTiberSeptim [KYWD:FF001EA0]
[21:09:59:914] 		OCF_ReplicaLegendary_JaggedCrown [KYWD:FF001EA1]
[21:09:59:914] 		OCF_ReplicaLegendary_NecromancerAmulet [KYWD:FF001EA2]
[21:09:59:914] 		OCF_ReplicaLegendary_RingMentor [KYWD:FF001EA3]
[21:09:59:914] 		OCF_ReplicaLegendary_RingVampiric [KYWD:FF001EA4]
[21:09:59:914] 		OCF_ReplicaLegendary_RingVipereye [KYWD:FF001EA5]
[21:09:59:914] 		OCF_ReplicaLegendary_RingZurinArctus [KYWD:FF001EA6]
[21:09:59:914] 		OCF_ReplicaNordic [KYWD:FF001EA8]
[21:09:59:914] 		OCF_ToolSpyglass [KYWD:FF001EAA]
[21:09:59:914] 		OCF_ArtifactDaedric_RingMoonStar [KYWD:FF001EAC]
[21:09:59:914] 		OCF_varNotCirclet [KYWD:FF001EAD]
[21:09:59:914] 		OCF_varNotArmorHands [KYWD:FF001EAE]
[21:09:59:914] 		OCF_varNotArmorHead [KYWD:FF001EAF]
[21:09:59:914] 		OCF_varNotArmorFeet [KYWD:FF001EB0]
[21:09:59:914] 		ArmorHelmet [KYWD:0006C0EE]
[21:09:59:914] 		OCF_WeapThrowable [KYWD:FE04886C]
[21:09:59:914] 		OCF_RelicAedric [KYWD:FF001EB4]
[21:09:59:914] 		ArmorMaterialHide [KYWD:0006BBDD]
[21:09:59:914] 		FrostfallEnableKeywordProtection [KYWD:01CC0E28]
[21:09:59:914] 		FrostfallIsCloakCloth [KYWD:01CC0E1B]
[21:09:59:914] 		FrostfallIsWeatherproofAccessory [KYWD:01CC0E1F]
[21:09:59:914] 		OCF_ToolLantern_BugEmpty [KYWD:FF001EB7]
[21:09:59:914] 		OCF_BodyTypeHarness [KYWD:FF001ED1]
[21:09:59:914] 		ArmorTorc [KYWD:01DE33A9]
[21:09:59:914] 		ClothingBra [KYWD:01AF0500]
[21:09:59:914] 		ClothingBracelet [KYWD:01E814F1]
[21:09:59:914] 		ClothingChoker [KYWD:010DD103]
[21:09:59:914] 		ClothingCrown [KYWD:0110AB46]
[21:09:59:914] 		ClothingEarCuffs [KYWD:010EC4C8]
[21:09:59:914] 		ClothingEarrings [KYWD:01DE3FD2]
[21:09:59:914] 		ClothingHighNecklace [KYWD:010FB81E]
[21:09:59:914] 		ClothingPanties [KYWD:01AF0501]
[21:09:59:914] 		JewelryTorc [KYWD:01DE3399]
[21:09:59:914] 		WAF_ClothingPouch [KYWD:01AF0129]
[21:09:59:914] 		OCF_MatContainsAmethyst [KYWD:FF001F11]
[21:09:59:914] 		OCF_MatContainsDiamond [KYWD:FF001F12]
[21:09:59:914] 		OCF_MatContainsEmerald [KYWD:FF001F13]
[21:09:59:914] 		OCF_MatContainsGarnet [KYWD:FF001F14]
[21:09:59:914] 		OCF_MatContainsRuby [KYWD:FF001F15]
[21:09:59:914] 		OCF_MatContainsSapphire [KYWD:FF001F16]
[21:09:59:914] 		OCF_MatContainsSilver [KYWD:FF001F17]
[21:09:59:914] 		OCF_MaterialDisplayChitin [KYWD:FF001F18]
[21:09:59:914] 		OCF_MaterialDisplayDarkBrotherhood [KYWD:FF001F19]
[21:09:59:914] 		OCF_MaterialDisplayVampire [KYWD:FF001F1A]
[21:09:59:914] 		MAG_WeapTypeBound [KYWD:01ADA117]
[21:09:59:914] 		OCF_MaterialDisplayLeather [KYWD:FF001F1C]
[21:09:59:914] 		OCF_MaterialDisplayAdamantium [KYWD:FF001F1D]
[21:09:59:914] 		OCF_MaterialDisplaySilver [KYWD:FF001F1E]
[21:09:59:914] 		BoobiesArmorShoulderPadLight [KYWD:FF001F20]
[21:09:59:914] 		BoobiesArmorShoulderPadHeavy [KYWD:FF001F21]
[21:09:59:914] 		BoobiesArmorCloak [KYWD:FF001F22]
[21:09:59:914] 		BoobiesArmorPouchPotion [KYWD:FF001F23]
[21:09:59:914] 		BoobiesArmorAccessories [KYWD:FF001F24]
[21:09:59:914] 		BoobiesArmorScarf [KYWD:FF001F25]
[21:09:59:914] 		BoobiesArmorBeltLight [KYWD:FF001F26]
[21:09:59:914] 		BoobiesArmorCuisseLight [KYWD:FF001F27]
[21:09:59:914] 		BoobiesArmorGreavesLight [KYWD:FF001F28]
[21:09:59:914] 		BoobiesArmorHornsLight [KYWD:FF001F29]
[21:09:59:914] 		BoobiesArmorPantiesLight [KYWD:FF001F2A]
[21:09:59:914] 		BoobiesArmorSkirtLight [KYWD:FF001F2B]
[21:09:59:914] 		BoobiesArmorTrousersLight [KYWD:FF001F2C]
[21:09:59:914] 		BoobiesArmorBandolier [KYWD:FF001F2D]
[21:09:59:914] 		BoobiesArmorAccessoriesBook [KYWD:FF001F2E]
[21:09:59:914] 		BoobiesArmorPouchStamina [KYWD:FF001F2F]
[21:09:59:914] 		BoobiesArmorArmlets [KYWD:FF001F30]
[21:09:59:914] 		BoobiesArmorBelt [KYWD:FF001F31]
[21:09:59:914] 		BoobiesArmorBra [KYWD:FF001F32]
[21:09:59:914] 		BoobiesArmorChoker [KYWD:FF001F33]
[21:09:59:914] 		BoobiesArmorCuisse [KYWD:FF001F34]
[21:09:59:914] 		BoobiesArmorDragonMask [KYWD:FF001F35]
[21:09:59:914] 		BoobiesArmorEarrings [KYWD:FF001F36]
[21:09:59:914] 		BoobiesArmorEars [KYWD:FF001F37]
[21:09:59:914] 		BoobiesArmorEyemask [KYWD:FF001F38]
[21:09:59:914] 		BoobiesArmorFacemask [KYWD:FF001F39]
[21:09:59:914] 		BoobiesArmorFullmaskHeavy [KYWD:FF001F3A]
[21:09:59:914] 		BoobiesArmorGreaves [KYWD:FF001F3B]
[21:09:59:914] 		BoobiesArmorHat [KYWD:FF001F3C]
[21:09:59:914] 		BoobiesArmorHorns [KYWD:FF001F3D]
[21:09:59:914] 		BoobiesArmorLantern [KYWD:FF001F3E]
[21:09:59:914] 		BoobiesArmorPauldron [KYWD:FF001F40]
[21:09:59:914] 		BoobiesArmorPiercing [KYWD:FF001F41]
[21:09:59:914] 		BoobiesArmorShoulderPad [KYWD:FF001F43]
[21:09:59:914] 		BoobiesArmorSkirt [KYWD:FF001F44]
[21:09:59:914] 		BoobiesArmorStockings [KYWD:FF001F45]
[21:09:59:914] 		BoobiesArmorTail [KYWD:FF001F46]
[21:09:59:914] 		BoobiesArmorTasset [KYWD:FF001F47]
[21:09:59:914] 		BoobiesArmorTattoo [KYWD:FF001F48]
[21:09:59:914] 		BoobiesArmorTrousers [KYWD:FF001F49]
[21:09:59:914] 		BoobiesArmorUnderwear [KYWD:FF001F4A]
[21:09:59:914] 		ArmorTypeLeftHandRing [KYWD:FF001F4B]
[21:09:59:914] 		BoobiesArmorCuisseHeavy [KYWD:FF001F4C]
[21:09:59:914] 		BoobiesArmorTassetHeavy [KYWD:FF001F4D]
[21:09:59:915] 		BoobiesArmorFacemaskLight [KYWD:FF001F4E]
[21:09:59:915] 		BoobiesArmorAccessoriesLight [KYWD:FF001F4F]
[21:09:59:915] 		BoobiesArmorTassetLight [KYWD:FF001F50]
[21:09:59:915] 		BoobiesArmorHeadGear [KYWD:FF001F51]
[21:09:59:915] 		BoobiesArmorHatLight [KYWD:FF001F52]
[21:09:59:915] 		BoobiesArmorFullmask [KYWD:FF001F53]
[21:09:59:915] 		BoobiesArmorFullmaskLight [KYWD:FF001F54]
[21:09:59:915] 		BoobiesArmorRose [KYWD:FF001F55]
[21:09:59:915] 		BoobiesArmorArmletsHeavy [KYWD:FF001F56]
[21:09:59:915] 		BoobiesArmorTrousersHeavy [KYWD:FF001F57]
[21:09:59:915] 		MagicDisallowEnchanting [KYWD:000C27BD]
[21:09:59:915] 		HT_ArmorHood [KYWD:FEB56817]
[21:09:59:915] 		HT_ArmorMask [KYWD:FEB5682D]
[21:09:59:915] 		HT_ArmorVisor [KYWD:FEB56876]
[21:09:59:915] 		HT_ArmorFaceMask [KYWD:FEB5687E]
[21:09:59:915] 		SH_SaddlesKWD [KYWD:FEAE0DDB]
[21:09:59:915] 		Mask [KYWD:FE960D83]
[21:09:59:915] 		BallGown [KYWD:FE960D84]
[21:09:59:915] 		SkirtArmored [KYWD:FE960D8B]
[21:09:59:915] 		SkirtAccessory [KYWD:FE960D8C]
[21:09:59:915] 		SkirtPharaoh [KYWD:FE960D8D]
[21:09:59:915] 		SkirtTight [KYWD:FE960D85]
[21:09:59:915] 		SkirtShortSMP [KYWD:FE960D86]
[21:09:59:915] 		SkirtLongSMP [KYWD:FE960D87]
[21:09:59:915] 		DressTight [KYWD:FE960D88]
[21:09:59:915] 		DressShortSMP [KYWD:FE960D89]
[21:09:59:915] 		DressLongSMP [KYWD:FE960D8A]
[21:09:59:915] 		Survival_ArmorWarm [KYWD:01002ED9]
[21:09:59:915] 		SPIKEArmorSonsBear [KYWD:01DA0121]
[21:09:59:915] 		OCF_HandTypeProsthetic [KYWD:FF001E5E]
[21:09:59:915] 		OCF_HandTypeBracelet [KYWD:FF001E21]
[21:09:59:915] 		OCF_BodyTypeAbs [KYWD:FF001ECF]
[21:09:59:915] 		OCF_BodyTypeDress [KYWD:FF001E5B]
[21:09:59:915] 		OCF_BodyTypeStrapOn [KYWD:FF001E5F]
[21:09:59:915] 		OCF_BodyTypeSkirt [KYWD:FF001E43]
[21:09:59:915] 		OCF_BodyTypeCorset [KYWD:FF001E50]
[21:09:59:915] 		OCF_BodyTypeCuisses [KYWD:FF001ED0]
[21:09:59:915] 		OCF_BodyTypeHighNecklace [KYWD:FF001ED2]
[21:09:59:915] 		OCF_BodyTypeTorc [KYWD:FF001ED5]
[21:09:59:915] 		OCF_BodyTypeSpine [KYWD:FF001ED4]
[21:09:59:915] 		OCF_BodyTypeRobes_Mage [KYWD:FF001E69]
[21:09:59:915] 		OCF_BodyTypeRobes_Generic [KYWD:FF001ED3]
[21:09:59:915] 		OCF_BodyTypeRobes [KYWD:FF001E54]
[21:09:59:915] 		OCF_varNotMantle [KYWD:FF001EC0]
[21:09:59:915] 		CWMission03StormcloakGarb [KYWD:00107603]
[21:09:59:915] 		OCF_varNotCloak [KYWD:FF001EBC]
[21:09:59:915] 		OCF_BodyTypeCloak [KYWD:FF001DF9]
[21:09:59:915] 		OCF_BodyTypeMantle [KYWD:FF001E68]
[21:09:59:915] 		OCF_BodyTypeTail_Armor [KYWD:FF001ED6]
[21:09:59:915] 		OCF_BodyTypeTail_Real [KYWD:FF001E61]
[21:09:59:915] 		OCF_BodyTypeTail [KYWD:FF001ED7]
[21:09:59:915] 		OCF_BodyTypeWings_Jewelry [KYWD:FF001E6F]
[21:09:59:915] 		OCF_BodyTypeWings_Real [KYWD:FF001E1E]
[21:09:59:915] 		OCF_BodyTypeWings [KYWD:FF001EDB]
[21:09:59:915] 		OCF_BodyTypeUnderwearF_Top [KYWD:FF001E2F]
[21:09:59:915] 		OCF_BodyTypeUnderwearF_Bottom [KYWD:FF001E30]
[21:09:59:915] 		OCF_BodyTypeUnderwearF_Full [KYWD:FF001ED8]
[21:09:59:915] 		OCF_BodyTypeUnderwearF [KYWD:FF001ED9]
[21:09:59:915] 		OCF_BodyTypeUnderwearM [KYWD:FF001EAB]
[21:09:59:915] 		OCF_BodyTypeUnderwear [KYWD:FF001EDA]
[21:09:59:915] 		OCF_BodyTypePants [KYWD:FF001EBA]
[21:09:59:915] 		OCF_HeadTypeHorns_Antlers [KYWD:FF001ECB]
[21:09:59:915] 		OCF_HeadTypeHorns_Generic [KYWD:FF001ECC]
[21:09:59:915] 		OCF_HeadTypeHorns [KYWD:FF001E24]
[21:09:59:915] 		OCF_varNotWig [KYWD:FF001EC1]
[21:09:59:915] 		OCF_HeadTypeWig [KYWD:FF001E41]
[21:09:59:915] 		OCF_varNotCrown [KYWD:FF001E6D]
[21:09:59:915] 		OCF_HeadTypeCrown [KYWD:FF001EC5]
[21:09:59:915] 		OCF_varNotHat [KYWD:FF001EBE]
[21:09:59:915] 		OCF_HeadTypeHat_Conical [KYWD:FF001E4B]
[21:09:59:915] 		OCF_HeadTypeHat_Wizard [KYWD:FF001EB8]
[21:09:59:915] 		OCF_HeadTypeHat_Generic [KYWD:FF001DE5]
[21:09:59:915] 		OCF_HeadTypeHat [KYWD:FF001EC8]
[21:09:59:915] 		OCF_HeadTypeGoggles [KYWD:FF001EA9]
[21:09:59:915] 		OCF_HeadTypeGlasses [KYWD:FF001EC7]
[21:09:59:915] 		HT_IgnoreHeadgear [KYWD:FEB5682B]
[21:09:59:915] 		OCF_HeadTypeHeadgear [KYWD:FF001EC9]
[21:09:59:915] 		OCF_HeadTypeHalo [KYWD:FF001EB5]
[21:09:59:915] 		OCF_HeadTypeEarCuffs [KYWD:FF001EC6]
[21:09:59:915] 		OCF_HeadTypeEarrings [KYWD:FF001E66]
[21:09:59:915] 		OCF_varNotEars [KYWD:FF001EBD]
[21:09:59:915] 		OCF_HeadTypeEars [KYWD:FF001E60]
[21:09:59:915] 		OCF_HeadTypeEyePatch [KYWD:FF001E67]
[21:09:59:915] 		OCF_HeadTypeHoodLowered [KYWD:FF001ECA]
[21:09:59:915] 		OCF_varNotMask [KYWD:FF001E6E]
[21:09:59:915] 		OCF_HeadTypeHoodMasked [KYWD:FF001DE7]
[21:09:59:915] 		OCF_HeadTypeMask_Eyes [KYWD:FF001E1C]
[21:09:59:915] 		OCF_HeadTypeMask_MouthOther [KYWD:FF001E16]
[21:09:59:915] 		OCF_HeadTypeMask_MouthCloth [KYWD:FF001E2A]
[21:09:59:915] 		OCF_HeadTypeMask_Mouth [KYWD:FF001ECD]
[21:09:59:915] 		OCF_HeadTypeMask_Full [KYWD:FF001DE9]
[21:09:59:915] 		OCF_HeadTypeMask [KYWD:FF001ECE]
[21:09:59:915] 		OCF_HeadTypeBandana [KYWD:FF001E65]
[21:09:59:915] 		OCF_varNotHood [KYWD:FF001EBF]
[21:09:59:915] 		OCF_HeadTypeHood [KYWD:FF001DE6]
[21:09:59:915] 		OCF_HeadTypeBandage [KYWD:FF001DE3]
[21:09:59:915] 		OCF_HeadTypeBlindfold [KYWD:FF001DE4]
[21:09:59:915] 		OCF_HeadTypeGag [KYWD:FF001DE8]
[21:09:59:915] 		OCF_HeadTypeBarrette [KYWD:FF001E14]
[21:09:59:915] 		OCF_HeadTypeCirclet [KYWD:FF001E74]
[21:09:59:915] 		OCF_BodyTypeScarf [KYWD:FF001E17]
[21:09:59:915] 		OCF_BodyTypeTasset [KYWD:FF001E18]
[21:09:59:915] 		OCF_BodyTypeLapels [KYWD:FF001E1D]
[21:09:59:915] 		OCF_BodyTypeGorget [KYWD:FF001E15]
[21:09:59:915] 		OCF_BodyTypeAmulet [KYWD:FF001EDC]
[21:09:59:915] 		OCF_HandTypeArmlet [KYWD:FF001EB9]
[21:09:59:915] 		OCF_HandTypeNails [KYWD:FF001EDE]
[21:09:59:915] 		OCF_HandTypeClaws [KYWD:FF001EDD]
[21:09:59:915] 		OCF_HandTypeCestus [KYWD:FF001E2B]
[21:09:59:915] 		OCF_HandTypeSleeves [KYWD:FF001E49]
[21:09:59:915] 		OCF_HandTypeCuffs [KYWD:FF001DEE]
[21:09:59:915] 		OCF_HandTypeBandage [KYWD:FF001DEC]
[21:09:59:915] 		WAF_FingerlessGauntletsBracers [KYWD:01AF0122]
[21:09:59:915] 		OCF_HandTypeBracer [KYWD:FF001DED]
[21:09:59:915] 		OCF_HandTypeRing_Slot36 [KYWD:FF001EDF]
[21:09:59:915] 		OCF_HandTypeRing_SlotOther [KYWD:FF001EE0]
[21:09:59:915] 		OCF_HandTypeRing [KYWD:FF001EE1]
[21:09:59:915] 		OCF_FeetTypeGreaves [KYWD:FF001EE2]
[21:09:59:915] 		HighHeel [KYWD:FE960D7B]
[21:09:59:915] 		OCF_FeetTypeHeels_Boots [KYWD:FF001E51]
[21:09:59:915] 		OCF_FeetTypeHeels_Generic [KYWD:FF001E45]
[21:09:59:915] 		OCF_FeetTypeHeels [KYWD:FF001EE3]
[21:09:59:915] 		OCF_FeetTypeHooves [KYWD:FF001EE4]
[21:09:59:915] 		OCF_FeetTypeNails [KYWD:FF001EE5]
[21:09:59:915] 		OCF_FeetTypePaws [KYWD:FF001EE6]
[21:09:59:915] 		OCF_FeetTypeFootwraps [KYWD:FF001E59]
[21:09:59:915] 		OCF_BookTextMap [KYWD:FF001E64]
[21:09:59:915] 		OCF_MiscHorseGear [KYWD:FF001DF2]
[21:09:59:915] 		OCF_ShieldTypeKite [KYWD:FF001E6C]
[21:09:59:915] 		OCF_ShieldTypeBuckler [KYWD:FF001E6B]
[21:09:59:915] 		OCF_ShieldTypeTower [KYWD:FF001DFA]
[21:09:59:915] 		OCF_ArmorShield [KYWD:FF001E73]
[21:09:59:915] 		OCF_FeetTypeSabatons [KYWD:FF001E19]
[21:09:59:915] 		OCF_FeetTypeSandals [KYWD:FF001DEF]
[21:09:59:915] 		OCF_FeetTypeStockings [KYWD:FF001E48]
[21:09:59:915] 		OCF_FeetTypeShoes [KYWD:FF001DF0]
[21:09:59:915] 		OCF_AccessoryTattoo [KYWD:FF001EB2]
[21:09:59:915] 		OCF_ArmorBodyPart [KYWD:FF001DF3]
[21:09:59:915] 		OCF_ArmorDontUndress [KYWD:FF001DF4]
[21:09:59:915] 		OCF_AccessoryEffect [KYWD:FF001EE9]
[21:09:59:915] 		OCF_AccessoryDagger [KYWD:FF001EE8]
[21:09:59:915] 		OCF_varNotAccessoryFlower [KYWD:FF001EBB]
[21:09:59:915] 		OCF_AccessoryFlower [KYWD:FF001EEA]
[21:09:59:915] 		OCF_AccessoryBanner [KYWD:FF001E23]
[21:09:59:915] 		OCF_AccessoryInstrument [KYWD:FF001E29]
[21:09:59:915] 		OCF_AccessoryBag_Backpack [KYWD:FF001DF6]
[21:09:59:915] 		OCF_AccessoryBag_Belt [KYWD:FF001E1A]
[21:09:59:915] 		OCF_AccessoryBag_Bandolier [KYWD:FF001E25]
[21:09:59:915] 		OCF_AccessoryBag [KYWD:FF001EE7]
[21:09:59:915] 		OCF_AccessoryBeltBook [KYWD:FF001E26]
[21:09:59:915] 		OCF_AccessoryBelt [KYWD:FF001E4D]
[21:09:59:915] 		OCF_ToolLantern_Bug [KYWD:FF001EB6]
[21:09:59:915] 		OCF_ToolLantern_Generic [KYWD:FF001EB1]
[21:09:59:915] 		OCF_ToolLantern [KYWD:FF001EC3]
[21:09:59:915] 		OCF_ToolAlchemy [KYWD:FF001EC2]
[21:09:59:915] 		OCF_AccessoryScabbard [KYWD:FF001EEB]
[21:09:59:915] 		OCF_AccessoryToy [KYWD:FF001EEC]
[21:09:59:915] 		OCF_AccessoryMagic [KYWD:FF001E56]
[21:09:59:915] 		OCF_AccessoryKatana [KYWD:FF001E4E]
[21:09:59:915] 		OCF_AccessoryPiercing [KYWD:FF001E70]
[21:09:59:915] 		OCF_AccessoryShield [KYWD:FF001DFB]
[21:09:59:915] 		OCF_varNotAccessoryGarment [KYWD:FF001EED]
[21:09:59:915] 		ClothingStrapOn [KYWD:01AF0502]
[21:09:59:915] 		OCF_AccessoryGarment [KYWD:FF001E46]
[21:09:59:915] 		OCF_varNotAccessoryJewelry [KYWD:FF001EEE]
[21:09:59:915] 		OCF_AccessoryJewelry [KYWD:FF001E1B]
[21:09:59:915] 		OCF_Accessory [KYWD:FF001EEF]
[21:09:59:916] 		OCF_BodyTypePauldronR [KYWD:FF001E4C]
[21:09:59:916] 		OCF_BodyTypePauldronL [KYWD:FF001E4F]
[21:09:59:916] 		OCF_ArtifactLegendary_Ysgramor [KYWD:FF001E7E]
[21:09:59:916] 		OCF_ReplicaLegendary_Ysgramor [KYWD:FF001EA7]
[21:09:59:916] 		OCF_ArmorTypeHead_Alt [KYWD:FF001E11]
[21:09:59:916] 		OCF_ArmorTypeHead_Main [KYWD:FF001E57]
[21:09:59:916] 		OCF_ArmorTypeHead [KYWD:FF001EF1]
[21:09:59:916] 		OCF_BodyTypePauldronLR [KYWD:FF001E52]
[21:09:59:916] 		OCF_BodyTypePauldron [KYWD:FF001E58]
[21:09:59:916] 		OCF_ArmorTypeBody_Alt [KYWD:FF001E12]
[21:09:59:916] 		OCF_ArmorTypeBody_Main [KYWD:FF001E2E]
[21:09:59:916] 		OCF_ArmorTypeBody [KYWD:FF001EF2]
[21:09:59:916] 		OCF_ArmorTypeHands_Alt [KYWD:FF001EF0]
[21:09:59:916] 		OCF_ArmorTypeHands_Main [KYWD:FF001E71]
[21:09:59:916] 		OCF_ArmorTypeHands [KYWD:FF001EF3]
[21:09:59:916] 		OCF_ArmorTypeFeet_Alt [KYWD:FF001E13]
[21:09:59:916] 		OCF_ArmorTypeFeet_Main [KYWD:FF001E72]
[21:09:59:916] 		OCF_ArmorTypeFeet [KYWD:FF001EF4]
[21:09:59:916] 		OCF_ArmorShield_Heavy [KYWD:FF001D1C]
[21:09:59:916] 		OCF_ArmorShield_Medium [KYWD:FF001F02]
[21:09:59:916] 		OCF_ArmorShield_Light [KYWD:FF001F03]
[21:09:59:916] 		OCF_MiscEmptyVessel_Jar [KYWD:FF001F05]
[21:09:59:916] 		OCF_MiscJarBug [KYWD:FF001F06]
[21:09:59:916] 		OCF_ArtifactAedric_Morihaus [KYWD:FF001F08]
[21:09:59:916] 		OCF_ArtifactLegendary_Dawnguard [KYWD:FF001F0A]
[21:09:59:916] 		OCF_ReplicaAedric_Morihaus [KYWD:FF001F0D]
[21:09:59:916] 		OCF_ArtifactDaedric_Nightingale [KYWD:FF001E33]
[21:09:59:916] 		OCF_ArtifactDaedric [KYWD:FF001DD4]
[21:09:59:916] 		DaedricArtifact [KYWD:000A8668]
[21:09:59:916] 		WearWhenStripped [KYWD:01AF0509]
[21:09:59:916] 		OCF_MaterialEthereal [KYWD:FF001F1B]
[21:09:59:916] 		BoobiesArmorPouch [KYWD:FF001F1F]
[21:09:59:916] 		BoobiesArmorPanties [KYWD:FF001F3F]
[21:09:59:916] 		BoobiesArmorRing [KYWD:FF001F42]
[21:09:59:916] 		CRFExemptArtifactKeyword [KYWD:0101A409]
[21:09:59:916] 		OCF_ArmorHelmet_Heavy [KYWD:FF001EF6]
[21:09:59:916] 		OCF_ArmorHelmet_Medium [KYWD:FF001EF7]
[21:09:59:916] 		OCF_ArmorHelmet_Light [KYWD:FF001EF8]
[21:09:59:916] 		OCF_ArmorCuirass_Heavy [KYWD:FF001EF9]
[21:09:59:916] 		OCF_ArmorCuirass_Medium [KYWD:FF001EFA]
[21:09:59:916] 		OCF_ArmorCuirass_Light [KYWD:FF001EFB]
[21:09:59:916] 		OCF_ArmorGauntlets_Heavy [KYWD:FF001EFC]
[21:09:59:916] 		OCF_ArmorGauntlets_Medium [KYWD:FF001EFD]
[21:09:59:916] 		OCF_ArmorGauntlets_Light [KYWD:FF001EFE]
[21:09:59:916] 		OCF_ArmorBoots_Heavy [KYWD:FF001EFF]
[21:09:59:916] 		OCF_ArmorBoots_Medium [KYWD:FF001F00]
[21:09:59:916] 		OCF_ArmorBoots_Light [KYWD:FF001F01]
[21:09:59:916] 		OCF_ArmorBindings [KYWD:FF001F04]
[21:09:59:916] 		OCF_ArmorTypeOther [KYWD:FF001EF5]
[21:09:59:916] 		WAF_ClothingAccessories [KYWD:01AF0136]
[21:09:59:916] 		WAF_ClothingCloak [KYWD:01AF0128]
[21:09:59:916] 		WAF_ClothingMedicalHealing [KYWD:01AF0123]
[21:09:59:916] 		Feet [KYWD:460E550B]
[21:09:59:916] 		OCF_ArtifactDwarven [KYWD:FF001F09]
[21:09:59:916] 		OCF_ArtifactAedric_Crusader [KYWD:FF001F07]
[21:09:59:916] 		OCF_ArtifactAedric [KYWD:FF001EB3]
[21:09:59:916] 		OCF_ArtifactLegendary [KYWD:FF001DDE]
[21:09:59:916] 		OCF_Artifact [KYWD:FF001F0B]
[21:09:59:916] 		OCF_ReplicaDaedric_Nightingale [KYWD:FF001F0F]
[21:09:59:916] 		OCF_ReplicaDwarven [KYWD:FF001F10]
[21:09:59:916] 		OCF_Tool [KYWD:FF001EC4]
[21:09:59:916] 		OCF_ReplicaAedric_Crusader [KYWD:FF001F0C]
[21:09:59:916] 		OCF_Relic [KYWD:FF001DE2]
[21:09:59:916] 		WAF_ArmorMaterialGuard [KYWD:01AF0112]
[21:09:59:916] 		CWMission03ImperialGarb [KYWD:00107604]
[21:09:59:916] 		WAF_MaterialFaction [KYWD:01AF0109]
[21:09:59:916] 		WAF_PerkFists07 [KYWD:01AF0242]
[21:09:59:916] 		OCF_ReplicaAedric [KYWD:FF001F0E]
[21:09:59:916] 		OCF_ReplicaLegendary [KYWD:FF001E3F]
[21:09:59:916] 		OCF_ReplicaDaedric [KYWD:FF001E90]
[21:09:59:916] 		OCF_Replica [KYWD:FF001E40]
[21:09:59:916] Weapon
[21:09:59:925] 	[AAA_KW-OCF_Data_KID.ini] OCF_EquipTypeBothHands
[21:09:59:925] 	[AAA_KW-OCF_Data_KID.ini] OCF_EquipTypeEitherHand
[21:09:59:925] 	[AAA_KW-OCF_Data_KID.ini] OCF_EquipTypeLeftHand
[21:09:59:925] 	[AAA_KW-OCF_Data_KID.ini] OCF_EquipTypeRightHand
[21:09:59:925] 	[ABA_KW-OCF_Material_KID.ini] WeapMaterialDwarven
[21:09:59:925] 	[ABA_KW-OCF_Material_KID.ini] OCF_CanMineStalhrim
[21:09:59:932] 	[ABA_KW-OCF_Material_KID.ini] OCF_CanMineAetherium
[21:09:59:932] 	[ABA_KW-OCF_Material_KID.ini] OCF_varMagicNotBound
[21:09:59:932] 	[ABA_KW-OCF_Material_KID.ini] OCF_CanChopWood
[21:09:59:933] 	[ABA_KW-OCF_Material_KID.ini] OCF_CanMineOre
[21:09:59:933] 	[ABA_KW-OCF_WEAP_KID.ini] OCF_ArtifactAedric_AurielBow
[21:09:59:933] 	[ABA_KW-OCF_WEAP_KID.ini] OCF_ArtifactAedric_StaffMagnus
[21:09:59:933] 	[ABA_KW-OCF_WEAP_KID.ini] OCF_ArtifactDaedric_BowStagPrince
[21:09:59:933] 	[ABA_KW-OCF_WEAP_KID.ini] OCF_ArtifactDaedric_Dawnbreaker1H
[21:09:59:933] 	[ABA_KW-OCF_WEAP_KID.ini] OCF_ArtifactDaedric_Dawnbreaker2H
[21:09:59:933] 	[ABA_KW-OCF_WEAP_KID.ini] OCF_ArtifactDaedric_EbonyBlade1H
[21:09:59:933] 	[ABA_KW-OCF_WEAP_KID.ini] OCF_ArtifactDaedric_EbonyBlade2H
[21:09:59:933] 	[ABA_KW-OCF_WEAP_KID.ini] OCF_ArtifactDaedric_MaceMolagBal
[21:09:59:933] 	[ABA_KW-OCF_WEAP_KID.ini] OCF_ArtifactDaedric_MehrunesRazor
[21:09:59:933] 	[ABA_KW-OCF_WEAP_KID.ini] OCF_ArtifactDaedric_MiraakStaff
[21:09:59:933] 	[ABA_KW-OCF_WEAP_KID.ini] OCF_ArtifactDaedric_MiraakSword
[21:09:59:933] 	[ABA_KW-OCF_WEAP_KID.ini] OCF_ArtifactDaedric_NightingaleBlade
[21:09:59:933] 	[ABA_KW-OCF_WEAP_KID.ini] OCF_ArtifactDaedric_NightingaleBow
[21:09:59:933] 	[ABA_KW-OCF_WEAP_KID.ini] OCF_ArtifactDaedric_RuefulAxe
[21:09:59:933] 	[ABA_KW-OCF_WEAP_KID.ini] OCF_ArtifactDaedric_SanguineRose
[21:09:59:933] 	[ABA_KW-OCF_WEAP_KID.ini] OCF_ArtifactDaedric_SkullCorruption
[21:09:59:933] 	[ABA_KW-OCF_WEAP_KID.ini] OCF_ArtifactDaedric_Volendrung
[21:09:59:933] 	[ABA_KW-OCF_WEAP_KID.ini] OCF_ArtifactDaedric_Wabbajack
[21:09:59:933] 	[ABA_KW-OCF_WEAP_KID.ini] CRFExemptArtifactKeyword
[21:09:59:933] 	[ABA_KW-OCF_WEAP_KID.ini] OCF_ArtifactDwarven_AetherialStaff
[21:09:59:933] 	[ABA_KW-OCF_WEAP_KID.ini] OCF_ArtifactDwarven_BlackbowFate
[21:09:59:933] 	[ABA_KW-OCF_WEAP_KID.ini] OCF_ArtifactDwarven_Keening
[21:09:59:933] 	[ABA_KW-OCF_WEAP_KID.ini] OCF_ArtifactLegendary_BloodskalBlade
[21:09:59:933] 	[ABA_KW-OCF_WEAP_KID.ini] OCF_ArtifactLegendary_Chillrend
[21:09:59:933] 	[ABA_KW-OCF_WEAP_KID.ini] OCF_ArtifactLegendary_DawnguardRuneAxe
[21:09:59:933] 	[ABA_KW-OCF_WEAP_KID.ini] OCF_ArtifactLegendary_DawnguardRuneHammer
[21:09:59:933] 	[ABA_KW-OCF_WEAP_KID.ini] OCF_ArtifactLegendary_Dragonbane
[21:09:59:933] 	[ABA_KW-OCF_WEAP_KID.ini] OCF_ArtifactLegendary_KahvozeinFang
[21:09:59:933] 	[ABA_KW-OCF_WEAP_KID.ini] OCF_ArtifactLegendary_Nettlebane
[21:09:59:933] 	[ABA_KW-OCF_WEAP_KID.ini] OCF_ArtifactLegendary_Wuuthrad
[21:09:59:933] 	[ABA_KW-OCF_WEAP_KID.ini] OCF_ArtifactLegendary
[21:09:59:933] 	[ABA_KW-OCF_WEAP_KID.ini] OCF_RelicBreton
[21:09:59:933] 	[ABA_KW-OCF_WEAP_KID.ini] OCF_RelicDaedric
[21:09:59:933] 	[ABA_KW-OCF_WEAP_KID.ini] OCF_RelicNordic
[21:09:59:933] 	[ABA_KW-OCF_WEAP_KID.ini] OCF_WeapTypeWoodaxe1H
[21:09:59:933] 	[ABA_KW-OCF_WEAP_KID.ini] OCF_WeapTypeClub1H
[21:09:59:933] 	[ABA_KW-OCF_WEAP_KID.ini] OCF_WeapTypeKatana2H
[21:09:59:933] 	[ABA_KW-OCF_WEAP_KID.ini] OCF_WeapTypeWoodaxe2H
[21:09:59:933] 	[ABA_KW-OCF_WEAP_KID.ini] OCF_WeapTypeClub2H
[21:09:59:933] 	[ABA_KW-OCF_WEAP_KID.ini] OCF_WeapTypeSpear2H
[21:09:59:933] 	[ABA_KW-OCF_WEAP_KID.ini] OCF_WeapUnarmed
[21:09:59:933] 	[ABA_KW-OCF_WEAP_KID.ini] OCF_ArtifactLegendary_ArmChaosMoon
[21:09:59:933] 	[ABA_KW-OCF_WEAP_KID.ini] OCF_ArtifactLegendary_ArmChaosSun
[21:09:59:933] 	[ABA_KW-OCF_WEAP_KID.ini] OCF_ArtifactDaedric_BowShadows
[21:09:59:933] 	[ABA_KW-OCF_WEAP_KID.ini] OCF_ArtifactLegendary_Chrysamere
[21:09:59:933] 	[ABA_KW-OCF_WEAP_KID.ini] OCF_ArtifactLegendary_Bloodthirst
[21:09:59:933] 	[ABA_KW-OCF_WEAP_KID.ini] OCF_ArtifactLegendary_Dawnfang
[21:09:59:933] 	[ABA_KW-OCF_WEAP_KID.ini] OCF_ArtifactLegendary_BlackwaterBlade
[21:09:59:933] 	[ABA_KW-OCF_WEAP_KID.ini] OCF_ArtifactLegendary_CyrusSabre
[21:09:59:933] 	[ABA_KW-OCF_WEAP_KID.ini] OCF_WeapTypeRapier1H
[21:09:59:933] 	[ABA_KW-OCF_WEAP_KID.ini] OCF_ArtifactLegendary_FangHaynekhtnamet
[21:09:59:933] 	[ABA_KW-OCF_WEAP_KID.ini] OCF_ArtifactLegendary_StaffWorms
[21:09:59:933] 	[ABA_KW-OCF_WEAP_KID.ini] OCF_ArtifactLegendary_Hopesfire
[21:09:59:933] 	[ABA_KW-OCF_WEAP_KID.ini] OCF_ArtifactLegendary_Trueflame
[21:09:59:933] 	[ABA_KW-OCF_WEAP_KID.ini] OCF_WeapTypeScimitar1H
[21:09:59:933] 	[ABA_KW-OCF_WEAP_KID.ini] OCF_ArtifactDaedric_SpearBitterMercy
[21:09:59:933] 	[ABA_KW-OCF_WEAP_KID.ini] OCF_varWeapNotPike
[21:09:59:933] 	[ABA_KW-OCF_WEAP_KID.ini] OCF_ArtifactDaedric_Goldbrand
[21:09:59:933] 	[ABA_KW-OCF_WEAP_KID.ini] OCF_WeapTypeGlaive2H
[21:09:59:933] 	[ABA_KW-OCF_WEAP_KID.ini] OCF_ArtifactAedric_CrusaderMace
[21:09:59:933] 	[ABA_KW-OCF_WEAP_KID.ini] OCF_ArtifactAedric_CrusaderSword
[21:09:59:933] 	[ABA_KW-OCF_WEAP_KID.ini] OCF_ArtifactLegendary_Boneshaver
[21:09:59:933] 	[ABA_KW-OCF_WEAP_KID.ini] OCF_WeapTypeSaber1H
[21:09:59:933] 	[ABA_KW-OCF_WEAP_KID.ini] OCF_ArtifactDaedric_RuinsEdge
[21:09:59:933] 	[ABA_KW-OCF_WEAP_KID.ini] OCF_ArtifactDaedric_Nerveshatter
[21:09:59:933] 	[ABA_KW-OCF_WEAP_KID.ini] OCF_ArtifactDaedric_SwordJyggalag
[21:09:59:933] 	[ABA_KW-OCF_WEAP_KID.ini] OCF_ArtifactDaedric_ShadowrendAxe
[21:09:59:933] 	[ABA_KW-OCF_WEAP_KID.ini] OCF_ArtifactDaedric_ShadowrendSword
[21:09:59:933] 	[ABA_KW-OCF_WEAP_KID.ini] OCF_ArtifactLegendary_StaffHasedoki
[21:09:59:933] 	[ABA_KW-OCF_WEAP_KID.ini] OCF_ArtifactDaedric_ForkHorripilation
[21:09:59:933] 	[ABA_KW-OCF_WEAP_KID.ini] OCF_ArtifactDaedric_StaffSheogorath
[21:09:59:933] 	[ABA_KW-OCF_WEAP_KID.ini] OCF_WeapTypeCutlery1H
[21:09:59:933] 	[ABA_KW-OCF_WEAP_KID.ini] OCF_ArtifactAedric_StendarrHammer
[21:09:59:933] 	[ABA_KW-OCF_WEAP_KID.ini] OCF_ArtifactDwarven_Sunder
[21:09:59:933] 	[ABA_KW-OCF_WEAP_KID.ini] OCF_WeapTypeHammer1H
[21:09:59:933] 	[ABA_KW-OCF_WEAP_KID.ini] OCF_ArtifactDaedric_Scourge
[21:09:59:933] 	[ABA_KW-OCF_WEAP_KID.ini] OCF_ArtifactDaedric_Torment
[21:09:59:933] 	[ABA_KW-OCF_WEAP_KID.ini] OCF_ArtifactLegendary_IceBladeMonarch1H
[21:09:59:933] 	[ABA_KW-OCF_WEAP_KID.ini] OCF_ArtifactLegendary_IceBladeMonarch2H
[21:09:59:933] 	[ABA_KW-OCF_WEAP_KID.ini] OCF_ArtifactDaedric_Umbra1H
[21:09:59:933] 	[ABA_KW-OCF_WEAP_KID.ini] OCF_ArtifactDaedric_Umbra2H
[21:09:59:933] 	[ABA_KW-OCF_WEAP_KID.ini] OCF_ArtifactDaedric_Crescent
[21:09:59:933] 	[ABA_KW-OCF_WEAP_KID.ini] OCF_WeapTypeCrescent1H
[21:09:59:933] 	[ABA_KW-OCF_WEAP_KID.ini] OCF_varWeapNotSaber
[21:09:59:933] 	[ABA_KW-OCF_WEAP_KID.ini] OCF_WeapTypeKatana1H
[21:09:59:933] 	[ABA_KW-OCF_WEAP_KID.ini] OCF_WeapTypeQuarterstaff1H
[21:09:59:934] 	[ABA_KW-OCF_WEAP_KID.ini] OCF_WeapTypeTanto1H
[21:09:59:934] 	[ABA_KW-OCF_WEAP_KID.ini] OCF_WeapTypeCurvedSword1H
[21:09:59:937] 	[ABA_KW-OCF_WEAP_KID.ini] OCF_varWeapNotSpear
[21:09:59:949] 	[ABA_KW-OCF_WEAP_KID.ini] OCF_WeapTypeSpear1H
[21:09:59:955] 	[ABA_KW-OCF_WEAP_KID.ini] OCF_WeapTypeMace2H
[21:09:59:960] 	[ABA_KW-OCF_WEAP_KID.ini] OCF_WeapTypeCrossbow1H
[21:09:59:960] 	[ABA_KW-OCF_WEAP_KID.ini] OCF_WeapTypeMassiveSword2H
[21:09:59:960] 	[ABA_KW-OCF_WEAP_KID.ini] OCF_WeapTypeCurvedSword2H
[21:09:59:960] 	[ABA_KW-OCF_WEAP_KID.ini] OCF_WeapTypeRapier2H
[21:09:59:960] 	[ABA_KW-OCF_WEAP_KID.ini] OCF_WeapTypeScimitar2H
[21:09:59:960] 	[ABA_KW-OCF_WEAP_KID.ini] OCF_WeapBroken
[21:09:59:960] 	[ABA_KW-OCF_WEAP_KID.ini] OCF_Replica
[21:09:59:960] 	[ABA_KW-OCF_WEAP_KID.ini] OCF_WeapTypeHalberd2H
[21:09:59:960] 	[ABA_KW-OCF_WEAP_KID.ini] OCF_WeapTypeBladestaff2H
[21:09:59:961] 	[ABA_KW-OCF_WEAP_KID.ini] OCF_MiscInstrument
[21:09:59:961] 	[ABA_KW-OCF_WEAP_KID.ini] OCF_WeapTypeWoodHatchet1H
[21:09:59:961] 	[ABA_KW-OCF_WEAP_KID.ini] OCF_WeapTypeScythe2H
[21:09:59:961] 	[ABA_KW-OCF_WEAP_KID.ini] OCF_WeapTypeShiv1H
[21:09:59:962] 	[ABA_KW-OCF_WEAP_KID.ini] OCF_ReplicaAedric_AurielBow
[21:09:59:962] 	[ABA_KW-OCF_WEAP_KID.ini] OCF_ReplicaDaedric_Dawnbreaker1H
[21:09:59:962] 	[ABA_KW-OCF_WEAP_KID.ini] OCF_ReplicaDaedric_Dawnbreaker2H
[21:09:59:962] 	[ABA_KW-OCF_WEAP_KID.ini] OCF_ReplicaDaedric_EbonyBlade1H
[21:09:59:962] 	[ABA_KW-OCF_WEAP_KID.ini] OCF_ReplicaDaedric_EbonyBlade2H
[21:09:59:962] 	[ABA_KW-OCF_WEAP_KID.ini] OCF_ReplicaDaedric_MaceMolagBal
[21:09:59:962] 	[ABA_KW-OCF_WEAP_KID.ini] OCF_ReplicaDaedric_MehrunesRazor
[21:09:59:962] 	[ABA_KW-OCF_WEAP_KID.ini] OCF_ReplicaDaedric_NightingaleBlade
[21:09:59:962] 	[ABA_KW-OCF_WEAP_KID.ini] OCF_ReplicaDaedric_NightingaleBow
[21:09:59:962] 	[ABA_KW-OCF_WEAP_KID.ini] OCF_ReplicaDaedric_RuefulAxe
[21:09:59:962] 	[ABA_KW-OCF_WEAP_KID.ini] OCF_ReplicaDaedric_Volendrung
[21:09:59:962] 	[ABA_KW-OCF_WEAP_KID.ini] OCF_ReplicaDaedric
[21:09:59:962] 	[ABA_KW-OCF_WEAP_KID.ini] OCF_ReplicaDwarven_Keening
[21:09:59:962] 	[ABA_KW-OCF_WEAP_KID.ini] OCF_ReplicaLegendary_BloodskalBlade
[21:09:59:962] 	[ABA_KW-OCF_WEAP_KID.ini] OCF_ReplicaLegendary_Chillrend
[21:09:59:962] 	[ABA_KW-OCF_WEAP_KID.ini] OCF_ReplicaLegendary_DawnguardRuneAxe
[21:09:59:962] 	[ABA_KW-OCF_WEAP_KID.ini] OCF_ReplicaLegendary_DawnguardRuneHammer
[21:09:59:962] 	[ABA_KW-OCF_WEAP_KID.ini] OCF_ReplicaLegendary_Wuuthrad
[21:09:59:962] 	[ABA_KW-OCF_WEAP_KID.ini] OCF_Placeholder_Filter
[21:09:59:962] 	[ABA_KW-OCF_WEAP_KID.ini] OCF_varWeapNotWarscythe
[21:09:59:962] 		Filter [0x802] (dao jian cham set.esp) SKIP - form doesn't exist
[21:09:59:962] 		Invalid/missing filters, skipping distribution
[21:09:59:963] 	[ABA_KW-OCF_WEAP_KID.ini] OCF_varWeapNotScimitar
[21:09:59:967] 		Filter [0x818] (elden ring - Commander's Standard.esp) SKIP - form doesn't exist
[21:09:59:967] 		Invalid/missing filters, skipping distribution
[21:09:59:967] 	[ABA_KW-OCF_WEAP_KID.ini] OCF_WeapTypeCleaver2H
[21:09:59:967] 		Filter [0x800] (EldenRing_CurvedGreatswords.esp) SKIP - form doesn't exist
[21:09:59:967] 		Invalid/missing filters, skipping distribution
[21:09:59:967] 	[ABA_KW-OCF_WEAP_KID.ini] OCF_WeapTypeLance2H
[21:09:59:967] 		Filter [0x801] (EldenRing_GreatSpear.esp) SKIP - form doesn't exist
[21:09:59:967] 		Invalid/missing filters, skipping distribution
[21:09:59:967] 	[ABA_KW-OCF_WEAP_KID.ini] OCF_WeapTypePike2H
[21:09:59:967] 		Filter [0x809] (EldenRing_GreatSpear.esp) SKIP - form doesn't exist
[21:09:59:967] 		Invalid/missing filters, skipping distribution
[21:09:59:967] 	[ABA_KW-OCF_WEAP_KID.ini] OCF_WeapTypeTrident2H
[21:09:59:967] 		Filter [0x808] (EldenRing_GreatSpear.esp) SKIP - form doesn't exist
[21:09:59:967] 		Invalid/missing filters, skipping distribution
[21:09:59:967] 		Filter [0x803] (EldenRing_GreatswordAndZweihander.esp) SKIP - form doesn't exist
[21:09:59:967] 		Invalid/missing filters, skipping distribution
[21:09:59:967] 	[ABA_KW-OCF_WEAP_KID.ini] OCF_WeapTypeHalberd1H
[21:09:59:967] 		Filter [0x803] (EldenRing_Halberd.esp) SKIP - form doesn't exist
[21:09:59:967] 		Invalid/missing filters, skipping distribution
[21:09:59:967] 		Filter [0x809] (EldenRing_Halberd.esp) SKIP - form doesn't exist
[21:09:59:967] 		Invalid/missing filters, skipping distribution
[21:09:59:967] 		Filter [0x816] (EldenRing_Spear.esp) SKIP - form doesn't exist
[21:09:59:967] 		Invalid/missing filters, skipping distribution
[21:09:59:967] 	[ABA_KW-OCF_WEAP_KID.ini] OCF_WeapTypeGun1H_Basic
[21:09:59:968] 	[ABA_KW-OCF_WEAP_KID.ini] OCF_WeapTypeGreatbow2H
[21:09:59:968] 	[ABA_KW-OCF_WEAP_KID.ini] OCF_WeapTypeChakram1H
[21:09:59:969] 	[ABA_KW-OCF_WEAP_KID.ini] OCF_WeapTypeFlail1H
[21:09:59:969] 	[ABA_KW-OCF_WEAP_KID.ini] OCF_WeapTypeFlail2H
[21:09:59:970] 	[ABA_KW-OCF_WEAP_KID.ini] OCF_WeapTypeSaber2H
[21:09:59:974] 	[ABA_KW-OCF_WEAP_KID.ini] OCF_WeapTypePickaxe1H
[21:09:59:974] 	[ABA_KW-OCF_WEAP_KID.ini] WAF_WeapTypeGrenade
[21:09:59:974] 	[ABA_KW-OCF_WEAP_KID.ini] OCF_WeapTypeTwinblade1H
[21:09:59:974] 	[ABA_KW-OCF_WEAP_KID.ini] OCF_WeapTypeGreatsword2H
[21:09:59:974] 	[ABA_KW-OCF_WEAP_KID.ini] OCF_WeapTypeToolKnife1H
[21:09:59:974] 	[ABA_KW-OCF_WEAP_KID.ini] OCF_WeapTypeHuntingKnife1H
[21:09:59:974] 	[ABA_KW-OCF_WEAP_KID.ini] OCF_WeapTypeSickle1H
[21:09:59:974] 	[ABA_KW-OCF_WEAP_KID.ini] OCF_WeapTypeLance1H
[21:09:59:974] 	[ABA_KW-OCF_WEAP_KID.ini] OCF_WeapTypeWarpick1H
[21:09:59:974] 	[ABA_KW-OCF_WEAP_KID.ini] OCF_WeapTypeWarpick2H
[21:09:59:975] 	[ABA_KW-OCF_WEAP_KID.ini] OCF_WeapTypeGun1H_Energy
[21:09:59:975] 	[ABA_KW-OCF_WEAP_KID.ini] OCF_WeapTypeGun2H_Energy
[21:09:59:975] 	[ABA_KW-OCF_WEAP_KID.ini] OCF_WeapTypeLightsaber1H_1Blade
[21:09:59:975] 	[ABA_KW-OCF_WEAP_KID.ini] OCF_WeapTypeLightsaber1H_2Blade
[21:09:59:975] 	[ABA_KW-OCF_WEAP_KID.ini] OCF_WeapTypeLightsaber2H_1Blade
[21:09:59:976] 	[ABA_KW-OCF_WEAP_KID.ini] OCF_WeapTypeLightsaber2H_2Blade
[21:09:59:982] 	[ABA_KW-OCF_WEAP_KID.ini] OCF_ArtifactAedric
[21:09:59:982] 	[ABA_KW-OCF_WEAP_KID.ini] OCF_WeapTypeGun2H_Basic
[21:09:59:982] 	[ABA_KW-OCF_WEAP_KID.ini] OCF_WeapTypeWarAxe1H
[21:09:59:983] 	[ABA_KW-OCF_WEAP_KID.ini] OCF_WeapTypeGun1H_Gravity
[21:09:59:983] 	[ABA_KW-OCF_WEAP_KID.ini] WeapTypeWarAxe
[21:09:59:983] 	[ABA_KW-OCF_WEAP_KID.ini] OCF_ArtifactExternal_MjolnirMarvel
[21:09:59:986] 	[ABA_KW-OCF_WEAP_KID.ini] OCF_WeapTypeCrescent2H
[21:09:59:986] 		Filter [0x81F] (mihailwraithofcrows.esp) SKIP - form doesn't exist
[21:09:59:986] 		Invalid/missing filters, skipping distribution
[21:09:59:987] 	[ABA_KW-OCF_WEAP_KID.ini] OCF_ArtifactExternal_MjolnirNorse
[21:09:59:987] 	[ABA_KW-OCF_WEAP_KID.ini] OCF_ArtifactLegendary_MaceAevar
[21:09:59:987] 	[ABA_KW-OCF_WEAP_KID.ini] OCF_ReplicaDwarven_Sunder
[21:09:59:987] 	[ABA_KW-OCF_WEAP_KID.ini] OCF_ReplicaDaedric_Scourge
[21:09:59:987] 	[ABA_KW-OCF_WEAP_KID.ini] OCF_ReplicaDaedric_ShadowrendAxe
[21:09:59:987] 	[ABA_KW-OCF_WEAP_KID.ini] OCF_ReplicaDaedric_ShadowrendSword
[21:09:59:987] 	[ABA_KW-OCF_WEAP_KID.ini] OCF_ReplicaDaedric_Torment
[21:09:59:987] 	[ABA_KW-OCF_WEAP_KID.ini] OCF_ReplicaLegendary_BlackwaterBlade
[21:09:59:987] 	[ABA_KW-OCF_WEAP_KID.ini] OCF_ReplicaLegendary_CyrusSabre
[21:09:59:987] 	[ABA_KW-OCF_WEAP_KID.ini] OCF_WeapReverseGrip
[21:09:59:987] 	[ABA_KW-OCF_WEAP_KID.ini] OCF_WeapTypeGun2H_Launcher
[21:09:59:987] 	[ABA_KW-OCF_WEAP_KID.ini] OCF_WeapTypeGun2H_Shotgun
[21:09:59:987] 	[ABA_KW-OCF_WEAP_KID.ini] OCF_varWeapNotKatana
[21:09:59:990] 	[ABA_KW-OCF_WEAP_KID.ini] OCF_WeapTypeCestus1H
[21:09:59:991] 	[ABA_KW-OCF_WEAP_KID.ini] OCF_WeapTypeHatchet1H
[21:09:59:993] 	[ABA_KW-OCF_WEAP_KID.ini] OCF_WeapTypeMace1H
[21:09:59:993] 	[ABA_KW-OCF_WEAP_KID.ini] OCF_WeapTypeTrident1H
[21:09:59:993] 	[ABA_KW-OCF_WEAP_KID.ini] OCF_WeapTypeBattleaxe2H
[21:09:59:994] 	[ABA_KW-OCF_WEAP_KID.ini] OCF_WeapTypeQuarterstaff2H
[21:09:59:994] 		Filter [0x17A685] (RFM.esm) SKIP - form doesn't exist
[21:09:59:994] 		Invalid/missing filters, skipping distribution
[21:09:59:995] 		Filter [0x802] (RiversofBlood_and_Moonveil.esp) SKIP - form doesn't exist
[21:09:59:995] 		Filter [0x803] (RiversofBlood_and_Moonveil.esp) SKIP - form doesn't exist
[21:09:59:995] 		Invalid/missing filters, skipping distribution
[21:09:59:995] 		Invalid/missing filters, skipping distribution
[21:09:59:996] 	[ABA_KW-OCF_WEAP_KID.ini] OCF_WeapTypeTwinDagger1H
[21:09:59:996] 	[ABA_KW-OCF_WEAP_KID.ini] OCF_ArtifactDaedric
[21:09:59:998] 	[ABA_KW-OCF_WEAP_KID.ini] OCF_WeapTypeGun1H_Flamethrower
[21:09:59:998] 	[ABA_KW-OCF_WEAP_KID.ini] OCF_WeapTypeGun1H_Shockthrower
[21:10:00:001] 		Filter [0x285A] (Skyrim Weapons Expansion.esp) SKIP - form doesn't exist
[21:10:00:001] 		Invalid/missing filters, skipping distribution
[21:10:00:001] 	[ABA_KW-OCF_WEAP_KID.ini] OCF_WeapTypeHandBlade1H
[21:10:00:001] 	[ABA_KW-OCF_WEAP_KID.ini] OCF_WeapTypeSlingshot2H
[21:10:00:005] 	[ABA_KW-OCF_WEAP_KID.ini] OCF_ToolBroom
[21:10:00:005] 	[ABA_KW-OCF_WEAP_KID.ini] OCF_ReplicaDaedric_Crescent
[21:10:00:005] 	[ABA_KW-OCF_WEAP_KID.ini] OCF_WeapThrowable
[21:10:00:005] 	[ABA_KW-OCF_WEAP_KID.ini] OCF_WeapTypeGun1H_BasicSword
[21:10:00:006] 		Filter [0x800] (Ultra Greatswords.esp) SKIP - form doesn't exist
[21:10:00:007] 		Filter [0x800] (Ultra Weapons.esp) SKIP - form doesn't exist
[21:10:00:007] 	[ABA_KW-OCF_WEAP_KID.ini] OCF_WeapTypeMassiveAxe2H
[21:10:00:008] 	[ABA_KW-OCF_WEAP_KID.ini] OCF_WeapTypeMassiveHammer2H
[21:10:00:009] 	[ABA_KW-OCF_WEAP_KID.ini] OCF_RelicAedric
[21:10:00:009] 	[ABA_KW-OCF_WEAP_KID.ini] OCF_WeapTypeCleaver1H
[21:10:00:010] 	[ABA_KW-OCF_WEAP_KID.ini] OCF_WeapTypeWhip1H
[21:10:00:010] 	[ABA_KW-OCF_WEAP_KID.ini] OCF_WeapTypeGun1H_Axe
[21:10:00:010] 	[ABA_KW-OCF_WEAP_KID.ini] OCF_WeapTypeGun1H_Sword
[21:10:00:010] 	[ABA_KW-OCF_WEAP_KID.ini] OCF_WeapTypeGun2H_Spear
[21:10:00:011] 	[ABA_KW-OCF_WEAP_KID.ini] OCF_WeapTypeWarhammer2H
[21:10:00:011] 	[ABA_KW-OCF_WEAP_KID.ini] OCF_WeapTypeClaw1H
[21:10:00:011] 	[ABA_KW-OCF_WEAP_KID.ini] OCF_varWeapNotGlaive
[21:10:00:026] 	[ABA_KW-OCF_WEAP_KID.ini] OCF_varWeapNotClaw
[21:10:00:026] 	[ABA_KW-OCF_WEAP_KID.ini] OCF_varWeapNotSai
[21:10:00:026] 	[ABA_KW-OCF_WEAP_KID.ini] OCF_varWeapNotScythe
[21:10:00:026] 	[ABA_KW-OCF_WEAP_KID.ini] OCF_WeapTypeGlaive1H
[21:10:00:026] 	[ABA_KW-OCF_WEAP_KID.ini] OCF_WeapTypeJavelin1H
[21:10:00:026] 	[ABA_KW-OCF_WEAP_KID.ini] OCF_WeapTypePike1H
[21:10:00:026] 	[ABA_KW-OCF_WEAP_KID.ini] OCF_WeapTypeWarscythe1H
[21:10:00:026] 	[ABA_KW-OCF_WEAP_KID.ini] OCF_WeapTypePole1H_Swing
[21:10:00:026] 	[ABA_KW-OCF_WEAP_KID.ini] OCF_WeapTypePole1H_Thrust
[21:10:00:026] 	[ABA_KW-OCF_WEAP_KID.ini] OCF_WeapPole1H
[21:10:00:026] 	[ABA_KW-OCF_WEAP_KID.ini] OCF_WeapTypeBoomerang1H
[21:10:00:027] 	[ABA_KW-OCF_WEAP_KID.ini] OCF_WeapTypeFishingRod1H
[21:10:00:027] 	[ABA_KW-OCF_WEAP_KID.ini] OCF_WeapBlunt1H
[21:10:00:028] 	[ABA_KW-OCF_WEAP_KID.ini] OCF_WeapEdged1H
[21:10:00:028] 	[ABA_KW-OCF_WEAP_KID.ini] OCF_WeapTypeWakizashi1H
[21:10:00:028] 	[ABA_KW-OCF_WEAP_KID.ini] OCF_WeapTypeLightsaber1H
[21:10:00:028] 	[ABA_KW-OCF_WEAP_KID.ini] OCF_WeapTypeSword1H
[21:10:00:028] 	[ABA_KW-OCF_WEAP_KID.ini] OCF_WeapBladed1H
[21:10:00:028] 	[ABA_KW-OCF_WEAP_KID.ini] OCF_WeapTypeKunai1H
[21:10:00:028] 	[ABA_KW-OCF_WEAP_KID.ini] OCF_WeapTypeSai1H
[21:10:00:028] 	[ABA_KW-OCF_WEAP_KID.ini] OCF_WeapTypeShuriken1H
[21:10:00:029] 	[ABA_KW-OCF_WEAP_KID.ini] WAF_WeapTypeScalpel
[21:10:00:029] 	[ABA_KW-OCF_WEAP_KID.ini] OCF_WeapTypeRevDagger1H
[21:10:00:029] 	[ABA_KW-OCF_WEAP_KID.ini] OCF_WeapTypeDagger1H
[21:10:00:029] 	[ABA_KW-OCF_WEAP_KID.ini] OCF_WeapSmallBladed1H
[21:10:00:029] 	[ABA_KW-OCF_WEAP_KID.ini] OCF_WeapMelee
[21:10:00:029] 	[ABA_KW-OCF_WEAP_KID.ini] OCF_WeapTypeWarscythe2H
[21:10:00:029] 	[ABA_KW-OCF_WEAP_KID.ini] OCF_WeapTypePole2H_Swing
[21:10:00:029] 	[ABA_KW-OCF_WEAP_KID.ini] OCF_WeapTypePole2H_Thrust
[21:10:00:029] 	[ABA_KW-OCF_WEAP_KID.ini] OCF_WeapPole2H
[21:10:00:030] 	[ABA_KW-OCF_WEAP_KID.ini] OCF_WeapBlunt2H
[21:10:00:030] 	[ABA_KW-OCF_WEAP_KID.ini] OCF_WeapTypePickaxe2H
[21:10:00:030] 	[ABA_KW-OCF_WEAP_KID.ini] OCF_WeapEdged2H
[21:10:00:030] 	[ABA_KW-OCF_WEAP_KID.ini] OCF_WeapTypeLightsaber2H
[21:10:00:031] 	[ABA_KW-OCF_WEAP_KID.ini] OCF_WeapTypeTwinblade2H
[21:10:00:031] 	[ABA_KW-OCF_WEAP_KID.ini] OCF_WeapBladed2H
[21:10:00:031] 	[ABA_KW-OCF_WEAP_KID.ini] OCF_WeapTypeBomb1H
[21:10:00:031] 	[ABA_KW-OCF_WEAP_KID.ini] OCF_WeapTypeBlowgun2H
[21:10:00:031] 	[ABA_KW-OCF_WEAP_KID.ini] OCF_WeapTypeGun1H_Launcher
[21:10:00:031] 	[ABA_KW-OCF_WEAP_KID.ini] OCF_WeapTypeGun1H_Shotgun
[21:10:00:032] 	[ABA_KW-OCF_WEAP_KID.ini] OCF_WeapTypeGun1H
[21:10:00:032] 	[ABA_KW-OCF_WEAP_KID.ini] OCF_WeapTypeGun2H
[21:10:00:032] 	[ABA_KW-OCF_WEAP_KID.ini] OCF_WeapTypeGun
[21:10:00:032] 	[ABA_KW-OCF_WEAP_KID.ini] OCF_WeapTypeCrossbow2H
[21:10:00:032] 	[ABA_KW-OCF_WEAP_KID.ini] OCF_WeapTypeCrossbow
[21:10:00:032] 	[ABA_KW-OCF_WEAP_KID.ini] OCF_WeapTypeBowblade2H
[21:10:00:032] 	[ABA_KW-OCF_WEAP_KID.ini] OCF_WeapTypeShortbow2H
[21:10:00:032] 	[ABA_KW-OCF_WEAP_KID.ini] OCF_WeapTypeBow2H
[21:10:00:032] 	[ABA_KW-OCF_WEAP_KID.ini] OCF_WeapTypeBow
[21:10:00:032] 	[ABA_KW-OCF_WEAP_KID.ini] OCF_WeapRanged
[21:10:00:032] 	[ABA_KW-OCF_WEAP_KID.ini] OCF_WeapTypeWandBlank
[21:10:00:033] 	[ABA_KW-OCF_WEAP_KID.ini] OCF_WeapTypeWand1H
[21:10:00:033] 	[ABA_KW-OCF_WEAP_KID.ini] OCF_WeapTypeStaffBlank
[21:10:00:033] 	[ABA_KW-OCF_WEAP_KID.ini] OCF_WeapTypeStaff1H
[21:10:00:033] 	[ABA_KW-OCF_WEAP_KID.ini] OCF_WeapCasting
[21:10:00:033] 	[ABA_KW-OCF_WEAP_KID.ini] OCF_ToolShovel
[21:10:00:033] 	[ABA_KW-OCF_WEAP_KID.ini] OCF_Tool
[21:10:00:033] 	[ABA_KW-OCF_WEAP_KID.ini] OCF_ArtifactAedric_Crusader
[21:10:00:033] 	[ABA_KW-OCF_WEAP_KID.ini] OCF_ArtifactDaedric_Dawnbreaker
[21:10:00:033] 	[ABA_KW-OCF_WEAP_KID.ini] OCF_ArtifactDaedric_EbonyBlade
[21:10:00:033] 	[ABA_KW-OCF_WEAP_KID.ini] OCF_ArtifactDaedric_Nightingale
[21:10:00:033] 	[ABA_KW-OCF_WEAP_KID.ini] OCF_ArtifactDaedric_Shadowrend
[21:10:00:033] 	[ABA_KW-OCF_WEAP_KID.ini] OCF_ArtifactDaedric_Umbra
[21:10:00:033] 	[ABA_KW-OCF_WEAP_KID.ini] OCF_ArtifactDwarven
[21:10:00:033] 	[ABA_KW-OCF_WEAP_KID.ini] OCF_ArtifactLegendary_Dawnguard
[21:10:00:033] 	[ABA_KW-OCF_WEAP_KID.ini] OCF_ArtifactLegendary_IceBladeMonarch
[21:10:00:033] 	[ABA_KW-OCF_WEAP_KID.ini] OCF_ArtifactExternal_Mjolnir
[21:10:00:033] 	[ABA_KW-OCF_WEAP_KID.ini] OCF_Artifact
[21:10:00:033] 	[ABA_KW-OCF_WEAP_KID.ini] OCF_Relic
[21:10:00:034] 	[ABA_KW-OCF_WEAP_KID.ini] OCF_ReplicaAedric
[21:10:00:034] 	[ABA_KW-OCF_WEAP_KID.ini] OCF_ReplicaDaedric_Dawnbreaker
[21:10:00:034] 	[ABA_KW-OCF_WEAP_KID.ini] OCF_ReplicaDaedric_EbonyBlade
[21:10:00:034] 	[ABA_KW-OCF_WEAP_KID.ini] OCF_ReplicaDaedric_Nightingale
[21:10:00:034] 	[ABA_KW-OCF_WEAP_KID.ini] OCF_ReplicaDaedric_Shadowrend
[21:10:00:034] 	[ABA_KW-OCF_WEAP_KID.ini] OCF_ReplicaDaedric_Umbra
[21:10:00:034] 	[ABA_KW-OCF_WEAP_KID.ini] OCF_ReplicaDwarven
[21:10:00:034] 	[ABA_KW-OCF_WEAP_KID.ini] OCF_ReplicaLegendary_Dawnguard
[21:10:00:034] 	[ABA_KW-OCF_WEAP_KID.ini] OCF_ReplicaLegendary
[21:10:00:034] 	[ABA_KW-OCF_WEAP_KID.ini] DaedricArtifact
[21:10:00:034] 	[ABA_KW-OCF_WEAP_KID.ini] WeapTypeBattleaxe
[21:10:00:034] 	[ABA_KW-OCF_WEAP_KID.ini] WeapTypeBow
[21:10:00:034] 	[ABA_KW-OCF_WEAP_KID.ini] WeapTypeDagger
[21:10:00:034] 	[ABA_KW-OCF_WEAP_KID.ini] WeapTypeGreatsword
[21:10:00:034] 	[ABA_KW-OCF_WEAP_KID.ini] WeapTypeMace
[21:10:00:034] 	[ABA_KW-OCF_WEAP_KID.ini] WeapTypeStaff
[21:10:00:034] 	[ABA_KW-OCF_WEAP_KID.ini] WeapTypeSword
[21:10:00:034] 	[ABA_KW-OCF_WEAP_KID.ini] WeapTypeWarhammer
[21:10:00:034] 	[ABA_KW-OCF_WEAP_KID.ini] OCF_WeapTypePole1H
[21:10:00:034] 	[ABA_KW-OCF_WEAP_KID.ini] OCF_WeapTypePole2H
[21:10:00:034] 	[ABB_KW-OCF_Inventory_KID.ini] OCF_InvColorFire
[21:10:00:034] 	[ABB_KW-OCF_Inventory_KID.ini] OCF_InvColorFrost
[21:10:00:034] 	[ABB_KW-OCF_Inventory_KID.ini] OCF_InvColorPoison
[21:10:00:034] 	[ABB_KW-OCF_Inventory_KID.ini] OCF_InvColorShock
[21:10:00:034] 	[BOOBIES_3DNPC_KID.ini] BoobiesWeapTypeKatana
[21:10:00:034] 	[BOOBIES_3DNPC_KID.ini] BoobiesWeapTypeSaber
[21:10:00:034] 	[BOOBIES_Austio Weapons_KID.ini] BoobiesWeapTypeKatana
[21:10:00:034] 	[BOOBIES_Bruma_KID.ini] BoobiesWeapTypeKatana
[21:10:00:034] 	[BOOBIES_Bruma_KID.ini] BoobiesWeapTypeWakizashi
[21:10:00:035] 	[BOOBIES_Bruma_KID.ini] BoobiesWeapTypeTanto
[21:10:00:035] 	[BOOBIES_CCOR_KID.ini] BoobiesWeapTypeNodachi
[21:10:00:035] 	[BOOBIES_CL's Rapier_KID.ini] BoobiesWeapTypeRapier
[21:10:00:035] 	[BOOBIES_Ebony Damascus Blades_KID.ini] BoobiesWeapTypeKatana
[21:10:00:035] 	[BOOBIES_Ebony Damascus Blades_KID.ini] BoobiesWeapTypeWakizashi
[21:10:00:035] 	[BOOBIES_FGCAegeanSentinelHalberd_KID.ini] BoobiesWeapTypeHalberd
[21:10:00:035] 	[BOOBIES_InsanitySorrow Weapons Pack_KID.ini] BoobiesWeapTypeKatana
[21:10:00:035] 	[BOOBIES_InsanitySorrow Weapons Pack_KID.ini] BoobiesWeapTypeTanto
[21:10:00:035] 	[BOOBIES_InsanitySorrow Weapons Pack_KID.ini] BoobiesWeapTypeNodachi
[21:10:00:035] 	[BOOBIES_JSwords_KID.ini] BoobiesWeapTypeKatana
[21:10:00:035] 	[BOOBIES_JSwords_KID.ini] BoobiesWeapTypeNodachi
[21:10:00:035] 	[BOOBIES_JSwords_KID.ini] BoobiesWeapTypeRapier
[21:10:00:035] 	[BOOBIES_JSwords_KID.ini] BoobiesWeapTypeSaber
[21:10:00:035] 	[BOOBIES_JSwords_KID.ini] BoobiesWeapTypeWakizashi
[21:10:00:035] 	[BOOBIES_K_Honor_and_courage_KID.ini] BoobiesWeapTypeKatana
[21:10:00:035] 	[BOOBIES_LegacyoftheDragonborn_KID.ini] BoobiesWeapTypeKatana
[21:10:00:035] 	[BOOBIES_LegacyoftheDragonborn_KID.ini] BoobiesWeapTypeNodachi
[21:10:00:035] 	[BOOBIES_LegacyoftheDragonborn_KID.ini] BoobiesWeapTypeSpear
[21:10:00:035] 	[BOOBIES_LegacyoftheDragonborn_KID.ini] BoobiesWeapTypeTrident
[21:10:00:035] 	[BOOBIES_OCF_KID.ini] BoobiesWeapTypeBladeStaff
[21:10:00:035] 	[BOOBIES_OCF_KID.ini] BoobiesWeapTypeClaws
[21:10:00:035] 	[BOOBIES_OCF_KID.ini] BoobiesWeapTypeGun
[21:10:00:035] 	[BOOBIES_OCF_KID.ini] BoobiesWeapTypeHalberd
[21:10:00:035] 	[BOOBIES_OCF_KID.ini] BoobiesWeapTypeKatana
[21:10:00:035] 	[BOOBIES_OCF_KID.ini] BoobiesWeapTypeLance
[21:10:00:035] 	[BOOBIES_OCF_KID.ini] BoobiesWeapTypeNodachi
[21:10:00:035] 	[BOOBIES_OCF_KID.ini] BoobiesWeapTypePike
[21:10:00:035] 	[BOOBIES_OCF_KID.ini] BoobiesWeapTypeQuarterstaff
[21:10:00:035] 	[BOOBIES_OCF_KID.ini] BoobiesWeapTypeRapier
[21:10:00:035] 	[BOOBIES_OCF_KID.ini] BoobiesWeapTypeSaber
[21:10:00:035] 	[BOOBIES_OCF_KID.ini] BoobiesWeapTypeScythe
[21:10:00:035] 	[BOOBIES_OCF_KID.ini] BoobiesWeapTypeSpear
[21:10:00:035] 	[BOOBIES_OCF_KID.ini] BoobiesWeapTypeTrident
[21:10:00:035] 	[BOOBIES_OCF_KID.ini] BoobiesWeapTypeTwinblade
[21:10:00:035] 	[BOOBIES_PrvtI_RoyalArmory_KID.ini] BoobiesWeapTypeKatana
[21:10:00:035] 	[BOOBIES_Quarterstaff_KID.ini] BoobiesWeapTypeQuarterstaff
[21:10:00:035] 	[BOOBIES_Rapier_and_Dirk_by_Flarescale_KID.ini] BoobiesWeapTypeRapier
[21:10:00:035] 	[BOOBIES_S_Mystical_Ember_Blade_KID.ini] BoobiesWeapTypeKatana
[21:10:00:035] 	[BOOBIES_ScytheOfTheCrow_KID.ini] BoobiesWeapTypeScythe
[21:10:00:035] 	[BOOBIES_Skyrim_KID.ini] BoobiesWeapTypeSaber
[21:10:00:035] 	[BOOBIES_Skyrim_KID.ini] BoobiesWeapTypeKatana
[21:10:00:035] 	[BOOBIES_SkyrimsUniqueTreasures_KID.ini] BoobiesWeapTypeKatana
[21:10:00:035] 	[BOOBIES_SkyrimsUniqueTreasures_KID.ini] BoobiesWeapTypeTanto
[21:10:00:035] 	[BOOBIES_SpearOfLeonidas_KID.ini] BoobiesWeapTypeSpear
[21:10:00:035] 	[BOOBIES_Twilight_Princess_Armor_KID.ini] BoobiesWeapTypeKatana
[21:10:00:035] 	[BOOBIES_Twilight_Princess_Armor_KID.ini] BoobiesWeapTypeWakizashi
[21:10:00:035] 	[BOOBIES_Twilight_Princess_Armor_KID.ini] BoobiesWeapTypeTanto
[21:10:00:035] 	[BOOBIES_Unslaad_KID.ini] BoobiesWeapTypeNodachi
[21:10:00:035] 	[BOOBIES_Unslaad_KID.ini] BoobiesWeapTypeLance
[21:10:00:035] 	[BOOBIES_Unslaad_KID.ini] BoobiesWeapTypeScythe
[21:10:00:035] 	[BOOBIES_Velothi Warscythe_KID.ini] BoobiesWeapTypePike
[21:10:00:035] 	[BOOBIES_Vigilant_KID.ini] BoobiesWeapTypeKnuckles
[21:10:00:035] 	[BOOBIES_Vigilant_KID.ini] BoobiesWeapTypeKatana
[21:10:00:035] 	[BOOBIES_Vigilant_KID.ini] BoobiesWeapTypeRapier
[21:10:00:035] 	[BOOBIES_Vigilant_KID.ini] BoobiesWeapTypeNodachi
[21:10:00:035] 	[BOOBIES_Vigilant_KID.ini] BoobiesWeapTypeHalberd
[21:10:00:035] 	[BOOBIES_Vigilant_KID.ini] BoobiesWeapTypeLance
[21:10:00:035] 	[BOOBIES_Vigilant_KID.ini] BoobiesWeapTypeScythe
[21:10:00:035] 	[BOOBIES_Yol'Kreh Scythes_KID.ini] BoobiesWeapTypeScythe
[21:10:00:035] 	[BOOBIES_war scythe_KID.ini] BoobiesWeapTypeScythe
[21:10:00:035] 	[I4 Weapon Icons BattleScythe_KID.ini] ABC_I4WIO_Scythe
[21:10:00:035] 	[Nolvus Awakening Weapon Keywords_KID.ini] WeapTypeRapier
[21:10:00:035] 	[Nolvus Awakening Weapon Keywords_KID.ini] WeapTypePike
[21:10:00:035] 	[Nolvus Awakening Weapon Keywords_KID.ini] WeapTypeSpear
[21:10:00:035] 	[Nolvus Awakening Weapon Keywords_KID.ini] WeapTypeHalberd
[21:10:00:035] 	[Nolvus Awakening Weapon Keywords_KID.ini] WeapTypeQuarterStaff
[21:10:00:035] 	[Nolvus Awakening Weapon Keywords_KID.ini] WeapTypeClaw
[21:10:00:035] 	[Nolvus Awakening Weapon Keywords_KID.ini] WeapTypeJavelin
[21:10:00:035] 	[Nolvus Awakening Weapon Keywords_KID.ini] WeapTypeScythe
[21:10:00:035] 	[Nolvus Awakening Weapon Keywords_KID.ini] WeapTypeKatana
[21:10:00:035] 	[Nolvus Awakening Weapon Keywords_KID.ini] WeapTypeNodachi
[21:10:00:035] 	[Nolvus Awakening Weapon Keywords_KID.ini] WeapTypeTwinblade
[21:10:00:035] 	[Nolvus Awakening Weapon Keywords_KID.ini] WeapTypeBladeStaff
[21:10:00:035] 	[Sonders_Keyword_Distribution_KID.ini] WeapTypeScythe
[21:10:00:035] 	[Sonders_Keyword_Distribution_KID.ini] VampireScythe
[21:10:00:035] 	[Sonders_Keyword_Distribution_KID.ini] FragmentedScythe
[21:10:00:035] 	[Sonders_Keyword_Distribution_KID.ini] BoundFragmentedScythe
[21:10:00:035] 	[Sonders_Keyword_Distribution_KID.ini] WeapTypeWhip
[21:10:00:035] 	[Sonders_Keyword_Distribution_KID.ini] FragmentedWhip
[21:10:00:035] 	[Sonders_Keyword_Distribution_KID.ini] BoundFragmentedWhip
[21:10:00:035] 	Sorting keywords...
[21:10:00:038] 		INFO - OCF_WeapTypeGlaive1H [KYWD:FE048826] is referencing itself
[21:10:00:039] 		INFO - OCF_WeapTypeJavelin1H [KYWD:01777771] is referencing itself
[21:10:00:039] 		INFO - OCF_WeapTypeLance1H [KYWD:FE048829] is referencing itself
[21:10:00:039] 		INFO - OCF_WeapTypePike1H [KYWD:FE04882A] is referencing itself
[21:10:00:041] 		INFO - OCF_WeapTypeTrident1H [KYWD:FE04882C] is referencing itself
[21:10:00:042] 		INFO - OCF_WeapTypeWarscythe1H [KYWD:FE048828] is referencing itself
[21:10:00:042] 		INFO - OCF_WeapTypeHalberd1H [KYWD:FE048827] is referencing itself
[21:10:00:043] 		INFO - OCF_WeapTypeSpear1H [KYWD:FE04882B] is referencing itself
[21:10:00:044] 		INFO - OCF_WeapTypeBoomerang1H [KYWD:FE04881C] is referencing itself
[21:10:00:044] 		INFO - OCF_WeapTypeCestus1H [KYWD:FE04881D] is referencing itself
[21:10:00:045] 		INFO - OCF_WeapTypeFlail1H [KYWD:FE04887D] is referencing itself
[21:10:00:045] 		INFO - OCF_WeapTypeClub1H [KYWD:FE04881E] is referencing itself
[21:10:00:046] 		INFO - OCF_WeapTypeWhip1H [KYWD:01777778] is referencing itself
[21:10:00:046] 		INFO - OCF_WeapTypeCrescent1H [KYWD:FE048813] is referencing itself
[21:10:00:046] 		INFO - OCF_WeapTypeHatchet1H [KYWD:FE048815] is referencing itself
[21:10:00:047] 		INFO - OCF_WeapTypeSickle1H [KYWD:FE048817] is referencing itself
[21:10:00:047] 		INFO - OCF_WeapTypeWarpick1H [KYWD:FE048819] is referencing itself
[21:10:00:049] 		INFO - OCF_WeapTypeKatana1H [KYWD:01777779] is referencing itself
[21:10:00:050] 		INFO - OCF_WeapTypeWakizashi1H [KYWD:FE048822] and OCF_WeapTypeKatana1H [KYWD:01777779] may depend on each other. Distribution might not work as expected. Ignore if using names as wildcards
[21:10:00:050] 			Full path: OCF_WeapTypeWakizashi1H [KYWD:FE048822] -> OCF_WeapTypeKatana1H [KYWD:01777779] -> OCF_WeapTypeWakizashi1H [KYWD:FE048822]
[21:10:00:050] 		INFO - OCF_WeapTypeWakizashi1H [KYWD:FE048822] is referencing itself
[21:10:00:050] 		INFO - OCF_WeapTypeLightsaber1H [KYWD:FE04880B] and OCF_WeapTypeLightsaber1H_1Blade [KYWD:FE04880C] may depend on each other. Distribution might not work as expected. Ignore if using names as wildcards
[21:10:00:050] 			Full path: OCF_WeapTypeLightsaber1H [KYWD:FE04880B] -> OCF_WeapTypeLightsaber1H_1Blade [KYWD:FE04880C] -> OCF_WeapTypeLightsaber1H [KYWD:FE04880B]
[21:10:00:051] 		INFO - OCF_WeapTypeRapier1H [KYWD:01777774] is referencing itself
[21:10:00:051] 		INFO - OCF_WeapTypeSaber1H [KYWD:FE04880E] is referencing itself
[21:10:00:052] 		INFO - OCF_WeapTypeCurvedSword1H [KYWD:FE048864] is referencing itself
[21:10:00:052] 		INFO - OCF_WeapTypeCurvedSword1H [KYWD:FE048864] and OCF_WeapTypeScimitar1H [KYWD:FE04880F] may depend on each other. Distribution might not work as expected. Ignore if using names as wildcards
[21:10:00:052] 			Full path: OCF_WeapTypeCurvedSword1H [KYWD:FE048864] -> OCF_WeapTypeScimitar1H [KYWD:FE04880F] -> OCF_WeapTypeCurvedSword1H [KYWD:FE048864]
[21:10:00:052] 		INFO - OCF_WeapTypeTwinblade1H [KYWD:FE048811] is referencing itself
[21:10:00:052] 		INFO - OCF_WeapTypeChakram1H [KYWD:FE048800] is referencing itself
[21:10:00:053] 		INFO - OCF_WeapTypeKunai1H [KYWD:FE048803] is referencing itself
[21:10:00:053] 		INFO - OCF_WeapTypeShiv1H [KYWD:FE048806] is referencing itself
[21:10:00:053] 		INFO - OCF_WeapTypeSai1H [KYWD:FE048805] is referencing itself
[21:10:00:053] 		INFO - OCF_WeapTypeShuriken1H [KYWD:FE048807] is referencing itself
[21:10:00:054] 		INFO - OCF_WeapTypeTanto1H [KYWD:FE048808] and OCF_WeapTypeKatana1H [KYWD:01777779] may depend on each other. Distribution might not work as expected. Ignore if using names as wildcards
[21:10:00:054] 			Full path: OCF_WeapTypeTanto1H [KYWD:FE048808] -> OCF_WeapTypeKatana1H [KYWD:01777779] -> OCF_WeapTypeTanto1H [KYWD:FE048808]
[21:10:00:055] 		INFO - OCF_WeapTypeTanto1H [KYWD:FE048808] is referencing itself
[21:10:00:055] 		INFO - OCF_WeapTypeHuntingKnife1H [KYWD:FE04880A] is referencing itself
[21:10:00:055] 		INFO - WAF_WeapTypeScalpel [KYWD:01AF0239] is referencing itself
[21:10:00:056] 		INFO - OCF_WeapTypeWakizashi1H [KYWD:FE048822] and OCF_WeapTypeTanto1H [KYWD:FE048808] may depend on each other. Distribution might not work as expected. Ignore if using names as wildcards
[21:10:00:056] 			Full path: OCF_WeapTypeWakizashi1H [KYWD:FE048822] -> OCF_WeapTypeTanto1H [KYWD:FE048808] -> OCF_WeapTypeWakizashi1H [KYWD:FE048822]
[21:10:00:062] 		INFO - OCF_WeapTypeScythe2H [KYWD:01777777] is referencing itself
[21:10:00:062] 		INFO - OCF_WeapTypeScythe2H [KYWD:01777777] and OCF_WeapTypeSickle1H [KYWD:FE048817] may depend on each other. Distribution might not work as expected. Ignore if using names as wildcards
[21:10:00:062] 			Full path: OCF_WeapTypeScythe2H [KYWD:01777777] -> OCF_WeapTypeSickle1H [KYWD:FE048817] -> OCF_WeapTypeScythe2H [KYWD:01777777]
[21:10:00:068] 		INFO - OCF_WeapTypeBomb1H [KYWD:FE04888A] is referencing itself
[21:10:00:068] 		INFO - OCF_WeapTypeBlowgun2H [KYWD:FE04884A] is referencing itself
[21:10:00:068] 		INFO - OCF_WeapTypeSlingshot2H [KYWD:FE048861] is referencing itself
[21:10:00:069] 		INFO - OCF_WeapTypeGun1H_Shotgun [KYWD:FE04885B] is referencing itself
[21:10:00:070] 		INFO - OCF_WeapTypeBowblade2H [KYWD:FE04884D] is referencing itself
[21:10:00:070] 		INFO - OCF_WeapTypeGreatbow2H [KYWD:FE04884E] is referencing itself
[21:10:00:070] 		INFO - OCF_WeapTypeShortbow2H [KYWD:FE048850] is referencing itself
[21:10:00:071] 		INFO - WeapTypeBattleaxe [KYWD:0006D932] and OCF_WeapTypeBattleaxe2H [KYWD:FE048837] may depend on each other. Distribution might not work as expected. Ignore if using names as wildcards
[21:10:00:071] 			Full path: WeapTypeBattleaxe [KYWD:0006D932] -> OCF_WeapTypeBattleaxe2H [KYWD:FE048837] -> OCF_WeapTypeMassiveAxe2H [KYWD:FE04887B] -> WeapTypeBattleaxe [KYWD:0006D932]
[21:10:00:071] 		INFO - WeapTypeBattleaxe [KYWD:0006D932] and OCF_WeapEdged2H [KYWD:FE048883] may depend on each other. Distribution might not work as expected. Ignore if using names as wildcards
[21:10:00:071] 			Full path: WeapTypeBattleaxe [KYWD:0006D932] -> OCF_WeapEdged2H [KYWD:FE048883] -> OCF_WeapTypeBattleaxe2H [KYWD:FE048837] -> OCF_WeapTypeMassiveAxe2H [KYWD:FE04887B] -> WeapTypeBattleaxe [KYWD:0006D932]
[21:10:00:071] 		INFO - WeapTypeGreatsword [KYWD:0006D931] and OCF_WeapBladed2H [KYWD:FE048881] may depend on each other. Distribution might not work as expected. Ignore if using names as wildcards
[21:10:00:071] 			Full path: WeapTypeGreatsword [KYWD:0006D931] -> OCF_WeapBladed2H [KYWD:FE048881] -> OCF_WeapTypeGreatsword2H [KYWD:FE048867] -> OCF_WeapTypeMassiveSword2H [KYWD:FE048832] -> WeapTypeGreatsword [KYWD:0006D931]
[21:10:00:071] 		INFO - WeapTypeWarhammer [KYWD:0006D930] and OCF_WeapTypeWarhammer2H [KYWD:FE048841] may depend on each other. Distribution might not work as expected. Ignore if using names as wildcards
[21:10:00:071] 			Full path: WeapTypeWarhammer [KYWD:0006D930] -> OCF_WeapTypeWarhammer2H [KYWD:FE048841] -> OCF_WeapTypeMassiveHammer2H [KYWD:FE04887C] -> WeapTypeWarhammer [KYWD:0006D930]
[21:10:00:071] 		INFO - WeapTypeWarhammer [KYWD:0006D930] and OCF_WeapBlunt2H [KYWD:FE048882] may depend on each other. Distribution might not work as expected. Ignore if using names as wildcards
[21:10:00:071] 			Full path: WeapTypeWarhammer [KYWD:0006D930] -> OCF_WeapBlunt2H [KYWD:FE048882] -> OCF_WeapTypeMassiveHammer2H [KYWD:FE04887C] -> WeapTypeWarhammer [KYWD:0006D930]
[21:10:00:071] 		INFO - WAF_WeapTypeGrenade [KYWD:01AF0237] and OCF_WeapTypeBomb1H [KYWD:FE04888A] may depend on each other. Distribution might not work as expected. Ignore if using names as wildcards
[21:10:00:071] 			Full path: WAF_WeapTypeGrenade [KYWD:01AF0237] -> OCF_WeapTypeBomb1H [KYWD:FE04888A] -> WAF_WeapTypeGrenade [KYWD:01AF0237]
[21:10:00:072] 	Sorted keywords: 
[21:10:00:072] 		OCF_EquipTypeBothHands [KYWD:FF001F58]
[21:10:00:072] 		OCF_EquipTypeEitherHand [KYWD:FF001F59]
[21:10:00:072] 		OCF_EquipTypeLeftHand [KYWD:FF001F5A]
[21:10:00:072] 		OCF_EquipTypeRightHand [KYWD:FF001F5B]
[21:10:00:072] 		WeapMaterialDwarven [KYWD:0001E71A]
[21:10:00:072] 		OCF_CanMineStalhrim [KYWD:FE04886A]
[21:10:00:072] 		OCF_MaterialDisplayDarkBrotherhood [KYWD:FF001F19]
[21:10:00:072] 		OCF_MaterialDisplayVampire [KYWD:FF001F1A]
[21:10:00:072] 		OCF_CanMineAetherium [KYWD:FF001F5C]
[21:10:00:072] 		OCF_varMagicNotBound [KYWD:FF001F5D]
[21:10:00:072] 		OCF_MatContainsSilver [KYWD:FF001F17]
[21:10:00:072] 		OCF_ArtifactAedric_AurielBow [KYWD:FF001F5E]
[21:10:00:072] 		OCF_ArtifactAedric_StaffMagnus [KYWD:FF001F5F]
[21:10:00:072] 		OCF_ArtifactDaedric_BowStagPrince [KYWD:FF001F60]
[21:10:00:072] 		OCF_ArtifactDaedric_Dawnbreaker1H [KYWD:FF001F61]
[21:10:00:072] 		OCF_ArtifactDaedric_Dawnbreaker2H [KYWD:FF001F62]
[21:10:00:072] 		OCF_ArtifactDaedric_EbonyBlade1H [KYWD:FF001F63]
[21:10:00:072] 		OCF_ArtifactDaedric_EbonyBlade2H [KYWD:FF001F64]
[21:10:00:072] 		OCF_ArtifactDaedric_MaceMolagBal [KYWD:FF001F65]
[21:10:00:072] 		OCF_ArtifactDaedric_MehrunesRazor [KYWD:FF001F66]
[21:10:00:072] 		OCF_ArtifactDaedric_MiraakStaff [KYWD:FF001F67]
[21:10:00:072] 		OCF_ArtifactDaedric_MiraakSword [KYWD:FF001F68]
[21:10:00:072] 		OCF_ArtifactDaedric_NightingaleBlade [KYWD:FF001F69]
[21:10:00:072] 		OCF_ArtifactDaedric_NightingaleBow [KYWD:FF001F6A]
[21:10:00:072] 		OCF_ArtifactDaedric_RuefulAxe [KYWD:FF001F6B]
[21:10:00:072] 		OCF_ArtifactDaedric_SanguineRose [KYWD:FF001F6C]
[21:10:00:072] 		OCF_ArtifactDaedric_SkullCorruption [KYWD:FF001F6D]
[21:10:00:072] 		OCF_ArtifactDaedric_Volendrung [KYWD:FF001F6E]
[21:10:00:072] 		OCF_ArtifactDaedric_Wabbajack [KYWD:FF001F6F]
[21:10:00:072] 		OCF_ArtifactDwarven_AetherialStaff [KYWD:FF001F70]
[21:10:00:072] 		OCF_ArtifactDwarven_BlackbowFate [KYWD:FF001F71]
[21:10:00:072] 		OCF_ArtifactDwarven_Keening [KYWD:FF001F72]
[21:10:00:072] 		OCF_ArtifactLegendary_BloodskalBlade [KYWD:FF001F73]
[21:10:00:072] 		OCF_ArtifactLegendary_Chillrend [KYWD:FF001F74]
[21:10:00:072] 		OCF_ArtifactLegendary_DawnguardRuneAxe [KYWD:FF001F75]
[21:10:00:072] 		OCF_ArtifactLegendary_DawnguardRuneHammer [KYWD:FF001F76]
[21:10:00:072] 		OCF_ArtifactLegendary_Dragonbane [KYWD:FF001F77]
[21:10:00:072] 		OCF_ArtifactLegendary_KahvozeinFang [KYWD:FF001F78]
[21:10:00:072] 		OCF_ArtifactLegendary_Nettlebane [KYWD:FF001F79]
[21:10:00:072] 		OCF_ArtifactLegendary_Wuuthrad [KYWD:FF001F7A]
[21:10:00:072] 		OCF_RelicBreton [KYWD:FF001F7B]
[21:10:00:072] 		OCF_RelicDaedric [KYWD:FF001E7F]
[21:10:00:072] 		OCF_RelicNordic [KYWD:FF001DE1]
[21:10:00:072] 		OCF_WeapTypeWoodaxe2H [KYWD:FE04883D]
[21:10:00:072] 		OCF_WeapUnarmed [KYWD:FE04882D]
[21:10:00:072] 		OCF_ArtifactLegendary_ArmChaosMoon [KYWD:FF001F7C]
[21:10:00:072] 		OCF_ArtifactLegendary_ArmChaosSun [KYWD:FF001F7D]
[21:10:00:072] 		OCF_ArtifactDaedric_BowShadows [KYWD:FF001F7E]
[21:10:00:072] 		OCF_ArtifactLegendary_Chrysamere [KYWD:FF001F7F]
[21:10:00:072] 		OCF_ArtifactLegendary_Bloodthirst [KYWD:FF001F80]
[21:10:00:072] 		OCF_ArtifactLegendary_Dawnfang [KYWD:FF001F81]
[21:10:00:072] 		OCF_ArtifactLegendary_BlackwaterBlade [KYWD:FF001F82]
[21:10:00:072] 		OCF_ArtifactLegendary_CyrusSabre [KYWD:FF001F83]
[21:10:00:072] 		OCF_WeapTypeRapier1H [KYWD:01777774]
[21:10:00:072] 		OCF_ArtifactLegendary_FangHaynekhtnamet [KYWD:FF001F84]
[21:10:00:072] 		OCF_ArtifactLegendary_StaffWorms [KYWD:FF001F85]
[21:10:00:072] 		OCF_ArtifactLegendary_Hopesfire [KYWD:FF001F86]
[21:10:00:072] 		OCF_ArtifactLegendary_Trueflame [KYWD:FF001F87]
[21:10:00:072] 		OCF_ArtifactDaedric_SpearBitterMercy [KYWD:FF001F88]
[21:10:00:072] 		OCF_ArtifactDaedric_Goldbrand [KYWD:FF001F8A]
[21:10:00:072] 		OCF_ArtifactAedric_CrusaderMace [KYWD:FF001F8B]
[21:10:00:072] 		OCF_ArtifactAedric_CrusaderSword [KYWD:FF001F8C]
[21:10:00:072] 		OCF_ArtifactLegendary_Boneshaver [KYWD:FF001F8D]
[21:10:00:072] 		OCF_ArtifactDaedric_RuinsEdge [KYWD:FF001F8E]
[21:10:00:072] 		OCF_ArtifactDaedric_Nerveshatter [KYWD:FF001F8F]
[21:10:00:072] 		OCF_ArtifactDaedric_SwordJyggalag [KYWD:FF001F90]
[21:10:00:072] 		OCF_ArtifactDaedric_ShadowrendAxe [KYWD:FF001F91]
[21:10:00:072] 		OCF_ArtifactDaedric_ShadowrendSword [KYWD:FF001F92]
[21:10:00:072] 		OCF_ArtifactLegendary_StaffHasedoki [KYWD:FF001F93]
[21:10:00:072] 		OCF_ArtifactDaedric_ForkHorripilation [KYWD:FF001F94]
[21:10:00:072] 		OCF_ArtifactDaedric_StaffSheogorath [KYWD:FF001F95]
[21:10:00:072] 		OCF_ArtifactAedric_StendarrHammer [KYWD:FF001F96]
[21:10:00:072] 		OCF_ArtifactDwarven_Sunder [KYWD:FF001F97]
[21:10:00:072] 		OCF_ArtifactDaedric_Scourge [KYWD:FF001F98]
[21:10:00:072] 		OCF_ArtifactDaedric_Torment [KYWD:FF001F99]
[21:10:00:072] 		OCF_ArtifactLegendary_IceBladeMonarch1H [KYWD:FF001F9A]
[21:10:00:072] 		OCF_ArtifactLegendary_IceBladeMonarch2H [KYWD:FF001F9B]
[21:10:00:072] 		OCF_ArtifactDaedric_Umbra1H [KYWD:FF001F9C]
[21:10:00:072] 		OCF_ArtifactDaedric_Umbra2H [KYWD:FF001F9D]
[21:10:00:072] 		OCF_ArtifactDaedric_Crescent [KYWD:FF001F9E]
[21:10:00:072] 		OCF_WeapTypeCrescent1H [KYWD:FE048813]
[21:10:00:072] 		OCF_varWeapNotSaber [KYWD:FF001F9F]
[21:10:00:072] 		OCF_varWeapNotSpear [KYWD:FF001FA0]
[21:10:00:072] 		OCF_WeapBroken [KYWD:FF001FA1]
[21:10:00:072] 		OCF_WeapTypeBladestaff2H [KYWD:FE04883E]
[21:10:00:072] 		OCF_MiscInstrument [KYWD:FF001FA2]
[21:10:00:072] 		OCF_WeapTypeWoodHatchet1H [KYWD:FE04881B]
[21:10:00:072] 		OCF_WeapTypeShiv1H [KYWD:FE048806]
[21:10:00:072] 		OCF_ReplicaAedric_AurielBow [KYWD:FF001FA3]
[21:10:00:072] 		OCF_ReplicaDaedric_Dawnbreaker1H [KYWD:FF001FA4]
[21:10:00:072] 		OCF_ReplicaDaedric_Dawnbreaker2H [KYWD:FF001FA5]
[21:10:00:072] 		OCF_ReplicaDaedric_EbonyBlade1H [KYWD:FF001FA6]
[21:10:00:072] 		OCF_ReplicaDaedric_EbonyBlade2H [KYWD:FF001FA7]
[21:10:00:072] 		OCF_ReplicaDaedric_MaceMolagBal [KYWD:FF001FA8]
[21:10:00:072] 		OCF_ReplicaDaedric_MehrunesRazor [KYWD:FF001FA9]
[21:10:00:072] 		OCF_ReplicaDaedric_NightingaleBlade [KYWD:FF001FAA]
[21:10:00:072] 		OCF_ReplicaDaedric_NightingaleBow [KYWD:FF001FAB]
[21:10:00:072] 		OCF_ReplicaDaedric_RuefulAxe [KYWD:FF001FAC]
[21:10:00:072] 		OCF_ReplicaDaedric_Volendrung [KYWD:FF001FAD]
[21:10:00:072] 		OCF_ReplicaDwarven_Keening [KYWD:FF001FAE]
[21:10:00:072] 		OCF_ReplicaLegendary_BloodskalBlade [KYWD:FF001FAF]
[21:10:00:072] 		OCF_ReplicaLegendary_Chillrend [KYWD:FF001FB0]
[21:10:00:072] 		OCF_ReplicaLegendary_DawnguardRuneAxe [KYWD:FF001FB1]
[21:10:00:072] 		OCF_ReplicaLegendary_DawnguardRuneHammer [KYWD:FF001FB2]
[21:10:00:072] 		OCF_ReplicaLegendary_Wuuthrad [KYWD:FF001FB3]
[21:10:00:072] 		OCF_Placeholder_Filter [KYWD:FF001E1F]
[21:10:00:072] 		OCF_varWeapNotWarscythe [KYWD:FF001FB4]
[21:10:00:072] 		OCF_varWeapNotScimitar [KYWD:FF001FB5]
[21:10:00:072] 		OCF_WeapTypeGreatbow2H [KYWD:FE04884E]
[21:10:00:072] 		OCF_WeapTypeChakram1H [KYWD:FE048800]
[21:10:00:073] 		OCF_WeapTypeFlail1H [KYWD:FE04887D]
[21:10:00:073] 		WAF_WeapTypeGrenade [KYWD:01AF0237]
[21:10:00:073] 		OCF_WeapTypeTwinblade1H [KYWD:FE048811]
[21:10:00:073] 		OCF_WeapTypeHuntingKnife1H [KYWD:FE04880A]
[21:10:00:073] 		OCF_WeapTypeLance1H [KYWD:FE048829]
[21:10:00:073] 		OCF_WeapTypeWarpick1H [KYWD:FE048819]
[21:10:00:073] 		OCF_WeapTypeGun1H_Energy [KYWD:FE048856]
[21:10:00:073] 		OCF_WeapTypeGun2H_Energy [KYWD:FE04885E]
[21:10:00:073] 		OCF_WeapTypeLightsaber1H_2Blade [KYWD:FE04880D]
[21:10:00:073] 		OCF_WeapTypeLightsaber2H_2Blade [KYWD:FE048831]
[21:10:00:073] 		OCF_WeapTypeGun1H_Gravity [KYWD:FE048859]
[21:10:00:073] 		OCF_ArtifactExternal_MjolnirMarvel [KYWD:FF001FB6]
[21:10:00:073] 		OCF_ArtifactExternal_MjolnirNorse [KYWD:FF001FB7]
[21:10:00:073] 		OCF_ArtifactLegendary_MaceAevar [KYWD:FF001FB8]
[21:10:00:073] 		OCF_ReplicaDwarven_Sunder [KYWD:FF001FB9]
[21:10:00:073] 		OCF_ReplicaDaedric_Scourge [KYWD:FF001FBA]
[21:10:00:073] 		OCF_ReplicaDaedric_ShadowrendAxe [KYWD:FF001FBB]
[21:10:00:073] 		OCF_ReplicaDaedric_ShadowrendSword [KYWD:FF001FBC]
[21:10:00:073] 		OCF_ReplicaDaedric_Torment [KYWD:FF001FBD]
[21:10:00:073] 		OCF_ReplicaLegendary_BlackwaterBlade [KYWD:FF001FBE]
[21:10:00:073] 		OCF_ReplicaLegendary_CyrusSabre [KYWD:FF001FBF]
[21:10:00:073] 		OCF_WeapReverseGrip [KYWD:FE04886B]
[21:10:00:073] 		OCF_WeapTypeGun2H_Launcher [KYWD:FE04885F]
[21:10:00:073] 		OCF_varWeapNotKatana [KYWD:FF001FC0]
[21:10:00:073] 		OCF_WeapTypeTrident1H [KYWD:FE04882C]
[21:10:00:073] 		OCF_WeapTypeTwinDagger1H [KYWD:FF001FC1]
[21:10:00:073] 		OCF_WeapTypeGun1H_Flamethrower [KYWD:FE048857]
[21:10:00:073] 		OCF_WeapTypeGun1H_Shockthrower [KYWD:FE04885A]
[21:10:00:073] 		OCF_WeapTypeHandBlade1H [KYWD:FE048814]
[21:10:00:073] 		OCF_WeapTypeSlingshot2H [KYWD:FE048861]
[21:10:00:073] 		OCF_ReplicaDaedric_Crescent [KYWD:FF001FC3]
[21:10:00:073] 		OCF_WeapTypeGun1H_BasicSword [KYWD:FF001FC4]
[21:10:00:073] 		OCF_WeapTypeCleaver1H [KYWD:FE048812]
[21:10:00:073] 		OCF_WeapTypeWhip1H [KYWD:01777778]
[21:10:00:073] 		OCF_WeapTypeJavelin1H [KYWD:01777771]
[21:10:00:073] 		OCF_WeapTypeBoomerang1H [KYWD:FE04881C]
[21:10:00:073] 		OCF_WeapTypeWakizashi1H [KYWD:FE048822]
[21:10:00:073] 		OCF_WeapTypeKunai1H [KYWD:FE048803]
[21:10:00:073] 		OCF_WeapTypeShuriken1H [KYWD:FE048807]
[21:10:00:073] 		WAF_WeapTypeScalpel [KYWD:01AF0239]
[21:10:00:073] 		OCF_WeapTypeBlowgun2H [KYWD:FE04884A]
[21:10:00:073] 		OCF_WeapTypeGun1H_Launcher [KYWD:FE048858]
[21:10:00:073] 		OCF_WeapTypeGun1H_Shotgun [KYWD:FE04885B]
[21:10:00:073] 		OCF_WeapTypeBowblade2H [KYWD:FE04884D]
[21:10:00:073] 		OCF_WeapTypeShortbow2H [KYWD:FE048850]
[21:10:00:073] 		OCF_WeapCasting [KYWD:FE048880]
[21:10:00:073] 		WeapTypeBattleaxe [KYWD:0006D932]
[21:10:00:073] 		WeapTypeGreatsword [KYWD:0006D931]
[21:10:00:073] 		WeapTypeWarhammer [KYWD:0006D930]
[21:10:00:073] 		OCF_ReplicaDaedric_Umbra [KYWD:FF001FD6]
[21:10:00:073] 		BoundFragmentedScythe [KYWD:FE960D91]
[21:10:00:073] 		FragmentedWhip [KYWD:FE960D93]
[21:10:00:073] 		BoundFragmentedWhip [KYWD:FE960D94]
[21:10:00:073] 		BoobiesWeapTypeWakizashi [KYWD:FF001FDD]
[21:10:00:073] 		VampireScythe [KYWD:FE960D8F]
[21:10:00:073] 		FragmentedScythe [KYWD:FE960D90]
[21:10:00:073] 		OCF_RelicAedric [KYWD:FF001EB4]
[21:10:00:073] 		OCF_WeapTypeGun1H_Axe [KYWD:FF001FC5]
[21:10:00:073] 		OCF_WeapTypeGun1H_Sword [KYWD:FF001FC6]
[21:10:00:073] 		OCF_WeapTypeGun2H_Spear [KYWD:FF001FC7]
[21:10:00:073] 		OCF_varWeapNotGlaive [KYWD:FF001FC8]
[21:10:00:073] 		OCF_varWeapNotSai [KYWD:FF001FCA]
[21:10:00:073] 		OCF_ToolShovel [KYWD:FF001FCC]
[21:10:00:073] 		BoobiesWeapTypeTanto [KYWD:FF001FDE]
[21:10:00:073] 		BoobiesWeapTypeKnuckles [KYWD:FF001FEC]
[21:10:00:073] 		ABC_I4WIO_Scythe [KYWD:FF001FED]
[21:10:00:073] 		MAG_WeapTypeBound [KYWD:01ADA117]
[21:10:00:073] 		OCF_MaterialEthereal [KYWD:FF001F1B]
[21:10:00:073] 		OCF_WeapTypeWoodaxe1H [KYWD:FE04881A]
[21:10:00:073] 		OCF_WeapTypeClub1H [KYWD:FE04881E]
[21:10:00:073] 		OCF_varWeapNotPike [KYWD:FF001F89]
[21:10:00:073] 		OCF_WeapTypeMassiveSword2H [KYWD:FE048832]
[21:10:00:073] 		OCF_WeapTypeRapier2H [KYWD:FE048833]
[21:10:00:073] 		OCF_WeapTypeWarscythe1H [KYWD:FE048828]
[21:10:00:073] 		OCF_varWeapNotScythe [KYWD:FF001FCB]
[21:10:00:073] 		OCF_WeapTypeScythe2H [KYWD:01777777]
[21:10:00:073] 		OCF_WeapTypeFlail2H [KYWD:FE04887E]
[21:10:00:073] 		OCF_WeapTypeWarpick2H [KYWD:FE04883C]
[21:10:00:073] 		OCF_WeapTypePickaxe1H [KYWD:FE048816]
[21:10:00:073] 		OCF_WeapTypeSickle1H [KYWD:FE048817]
[21:10:00:073] 		OCF_WeapTypeHatchet1H [KYWD:FE048815]
[21:10:00:073] 		OCF_WeapTypePike1H [KYWD:FE04882A]
[21:10:00:073] 		OCF_WeapTypeGlaive1H [KYWD:FE048826]
[21:10:00:073] 		OCF_WeapTypeHalberd1H [KYWD:FE048827]
[21:10:00:073] 		OCF_WeapTypeSpear1H [KYWD:FE04882B]
[21:10:00:073] 		OCF_WeapTypePole1H_Thrust [KYWD:01CD0100]
[21:10:00:073] 		OCF_WeapTypePole1H_Swing [KYWD:FE048825]
[21:10:00:073] 		OCF_WeapPole1H [KYWD:FE048824]
[21:10:00:073] 		OCF_WeapTypePole1H [KYWD:FF001FD8]
[21:10:00:073] 		OCF_WeapTypeWarAxe1H [KYWD:FE048818]
[21:10:00:073] 		OCF_WeapEdged1H [KYWD:FE048886]
[21:10:00:073] 		WeapTypeWarAxe [KYWD:0001E712]
[21:10:00:073] 		OCF_WeapTypeCrescent2H [KYWD:FE048839]
[21:10:00:073] 		OCF_WeapTypeGun2H_Shotgun [KYWD:FE048860]
[21:10:00:073] 		OCF_WeapTypeCestus1H [KYWD:FE04881D]
[21:10:00:073] 		OCF_ToolBroom [KYWD:FF001FC2]
[21:10:00:073] 		OCF_WeapTypeBomb1H [KYWD:FE04888A]
[21:10:00:073] 		OCF_WeapThrowable [KYWD:FE04886C]
[21:10:00:073] 		OCF_WeapTypeMassiveAxe2H [KYWD:FE04887B]
[21:10:00:073] 		OCF_WeapTypeMassiveHammer2H [KYWD:FE04887C]
[21:10:00:073] 		OCF_varWeapNotClaw [KYWD:FF001FC9]
[21:10:00:073] 		OCF_WeapTypeFishingRod1H [KYWD:FE04881F]
[21:10:00:073] 		OCF_WeapTypeLightsaber1H [KYWD:FE04880B]
[21:10:00:073] 		OCF_WeapTypeSai1H [KYWD:FE048805]
[21:10:00:073] 		OCF_WeapTypeLance2H [KYWD:FE048846]
[21:10:00:073] 		OCF_WeapTypeTrident2H [KYWD:FE048849]
[21:10:00:073] 		OCF_WeapTypePickaxe2H [KYWD:FE04883A]
[21:10:00:073] 		OCF_WeapTypeGlaive2H [KYWD:FE048843]
[21:10:00:073] 		OCF_WeapTypeWarscythe2H [KYWD:FE048845]
[21:10:00:073] 		OCF_WeapTypeHalberd2H [KYWD:FE048844]
[21:10:00:073] 		OCF_WeapTypeSpear2H [KYWD:FE048848]
[21:10:00:073] 		OCF_WeapTypePike2H [KYWD:FE048847]
[21:10:00:073] 		OCF_WeapTypePole2H_Thrust [KYWD:01777772]
[21:10:00:073] 		OCF_WeapTypePole2H_Swing [KYWD:01777773]
[21:10:00:073] 		OCF_WeapPole2H [KYWD:FE048842]
[21:10:00:073] 		OCF_WeapTypePole2H [KYWD:FF001FD9]
[21:10:00:073] 		OCF_WeapTypeBattleaxe2H [KYWD:FE048837]
[21:10:00:073] 		OCF_WeapEdged2H [KYWD:FE048883]
[21:10:00:073] 		OCF_WeapTypeLightsaber2H_1Blade [KYWD:FE048830]
[21:10:00:073] 		OCF_WeapTypeLightsaber2H [KYWD:FE04882F]
[21:10:00:073] 		OCF_WeapTypeTwinblade2H [KYWD:FE048836]
[21:10:00:073] 		OCF_WeapTypeTanto1H [KYWD:FE048808]
[21:10:00:073] 		OCF_WeapTypeKatana1H [KYWD:01777779]
[21:10:00:073] 		OCF_WeapTypeKatana2H [KYWD:FE04882E]
[21:10:00:073] 		OCF_WeapTypeSaber1H [KYWD:FE04880E]
[21:10:00:073] 		OCF_WeapTypeCurvedSword1H [KYWD:FE048864]
[21:10:00:073] 		OCF_WeapTypeSaber2H [KYWD:FE048834]
[21:10:00:073] 		OCF_WeapTypeScimitar2H [KYWD:FE048835]
[21:10:00:073] 		OCF_WeapTypeGreatsword2H [KYWD:FE048867]
[21:10:00:073] 		OCF_WeapBladed2H [KYWD:FE048881]
[21:10:00:073] 		OCF_WeapTypeGun1H_Basic [KYWD:FE048855]
[21:10:00:073] 		OCF_WeapTypeGun1H [KYWD:FE048854]
[21:10:00:073] 		OCF_WeapTypeGun2H_Basic [KYWD:FE04885D]
[21:10:00:073] 		OCF_WeapTypeGun2H [KYWD:FE04885C]
[21:10:00:073] 		OCF_WeapTypeGun [KYWD:0177777A]
[21:10:00:073] 		OCF_WeapTypeCrossbow2H [KYWD:FE048853]
[21:10:00:073] 		OCF_WeapTypeCrossbow1H [KYWD:FE048852]
[21:10:00:073] 		OCF_WeapTypeCrossbow [KYWD:FE048851]
[21:10:00:073] 		OCF_WeapTypeBow2H [KYWD:FE04884C]
[21:10:00:073] 		OCF_WeapTypeBow [KYWD:FE04884B]
[21:10:00:073] 		OCF_WeapTypeScimitar1H [KYWD:FE04880F]
[21:10:00:073] 		OCF_WeapTypeSword1H [KYWD:FE048810]
[21:10:00:073] 		OCF_WeapBladed1H [KYWD:FE048884]
[21:10:00:073] 		OCF_WeapTypeCutlery1H [KYWD:FE048801]
[21:10:00:073] 		OCF_WeapTypeToolKnife1H [KYWD:FE048809]
[21:10:00:073] 		OCF_WeapTypeClaw1H [KYWD:01777776]
[21:10:00:073] 		OCF_WeapTypeRevDagger1H [KYWD:FE048804]
[21:10:00:073] 		OCF_WeapTypeDagger1H [KYWD:FE048802]
[21:10:00:073] 		OCF_WeapSmallBladed1H [KYWD:FE048887]
[21:10:00:073] 		OCF_WeapTypeHammer1H [KYWD:FE048820]
[21:10:00:073] 		OCF_WeapTypeQuarterstaff1H [KYWD:FE048823]
[21:10:00:073] 		OCF_WeapTypeMace1H [KYWD:FE048821]
[21:10:00:073] 		OCF_WeapBlunt1H [KYWD:FE048885]
[21:10:00:073] 		OCF_WeapTypeClub2H [KYWD:FE04883F]
[21:10:00:073] 		OCF_WeapTypeMace2H [KYWD:FE048840]
[21:10:00:073] 		OCF_WeapTypeQuarterstaff2H [KYWD:01777775]
[21:10:00:073] 		OCF_WeapTypeWarhammer2H [KYWD:FE048841]
[21:10:00:073] 		OCF_WeapBlunt2H [KYWD:FE048882]
[21:10:00:073] 		OCF_WeapMelee [KYWD:FE048866]
[21:10:00:073] 		OCF_WeapRanged [KYWD:FE04887F]
[21:10:00:073] 		OCF_WeapTypeStaffBlank [KYWD:FE048862]
[21:10:00:073] 		OCF_WeapTypeStaff1H [KYWD:FE048863]
[21:10:00:073] 		OCF_ReplicaAedric [KYWD:FF001F0E]
[21:10:00:073] 		OCF_ArtifactDaedric_EbonyBlade [KYWD:FF001FCE]
[21:10:00:073] 		OCF_ArtifactDaedric_Nightingale [KYWD:FF001E33]
[21:10:00:073] 		OCF_ArtifactDaedric_Dawnbreaker [KYWD:FF001FCD]
[21:10:00:073] 		OCF_ArtifactDaedric_Shadowrend [KYWD:FF001FCF]
[21:10:00:073] 		OCF_ArtifactDaedric_Umbra [KYWD:FF001FD0]
[21:10:00:073] 		OCF_ArtifactDaedric [KYWD:FF001DD4]
[21:10:00:073] 		DaedricArtifact [KYWD:000A8668]
[21:10:00:073] 		WeapTypeDagger [KYWD:0001E713]
[21:10:00:073] 		WeapTypeStaff [KYWD:0001E716]
[21:10:00:073] 		WeapTypeSword [KYWD:0001E711]
[21:10:00:073] 		BoobiesWeapTypeKatana [KYWD:FF001FDB]
[21:10:00:073] 		BoobiesWeapTypeSaber [KYWD:FF001FDC]
[21:10:00:073] 		BoobiesWeapTypeNodachi [KYWD:FF001FDF]
[21:10:00:073] 		BoobiesWeapTypeRapier [KYWD:FF001FE0]
[21:10:00:073] 		BoobiesWeapTypeHalberd [KYWD:FF001FE1]
[21:10:00:073] 		BoobiesWeapTypeSpear [KYWD:FF001FE2]
[21:10:00:073] 		BoobiesWeapTypeTrident [KYWD:FF001FE3]
[21:10:00:073] 		BoobiesWeapTypeBladeStaff [KYWD:FF001FE4]
[21:10:00:073] 		BoobiesWeapTypeClaws [KYWD:FF001FE5]
[21:10:00:073] 		BoobiesWeapTypeGun [KYWD:FF001FE6]
[21:10:00:074] 		BoobiesWeapTypeLance [KYWD:FF001FE7]
[21:10:00:074] 		BoobiesWeapTypeQuarterstaff [KYWD:FF001FE9]
[21:10:00:074] 		BoobiesWeapTypeScythe [KYWD:FF001FEA]
[21:10:00:074] 		BoobiesWeapTypeTwinblade [KYWD:FF001FEB]
[21:10:00:074] 		WeapTypeRapier [KYWD:FED88800]
[21:10:00:074] 		BoobiesWeapTypePike [KYWD:FF001FE8]
[21:10:00:074] 		WeapTypePike [KYWD:FED88801]
[21:10:00:074] 		WeapTypeSpear [KYWD:FED88802]
[21:10:00:074] 		WeapTypeHalberd [KYWD:FED88803]
[21:10:00:074] 		WeapTypeQuarterStaff [KYWD:FED88804]
[21:10:00:074] 		WeapTypeClaw [KYWD:FED88805]
[21:10:00:074] 		WeapTypeJavelin [KYWD:FED88806]
[21:10:00:074] 		WeapTypeScythe [KYWD:FED88807]
[21:10:00:074] 		WeapTypeNodachi [KYWD:FED8880C]
[21:10:00:074] 		WeapTypeTwinblade [KYWD:FED88809]
[21:10:00:074] 		WeapTypeBladeStaff [KYWD:FED8880B]
[21:10:00:074] 		WeapTypeWhip [KYWD:FE960D92]
[21:10:00:074] 		CRFExemptArtifactKeyword [KYWD:0101A409]
[21:10:00:074] 		OCF_WeapTypeLightsaber1H_1Blade [KYWD:FE04880C]
[21:10:00:074] 		OCF_WeapTypeWandBlank [KYWD:FE048889]
[21:10:00:074] 		OCF_ArtifactAedric_Crusader [KYWD:FF001F07]
[21:10:00:074] 		OCF_ArtifactLegendary_Dawnguard [KYWD:FF001F0A]
[21:10:00:074] 		OCF_ArtifactLegendary_IceBladeMonarch [KYWD:FF001FD1]
[21:10:00:074] 		OCF_ArtifactExternal_Mjolnir [KYWD:FF001FD2]
[21:10:00:074] 		OCF_ReplicaDaedric_Dawnbreaker [KYWD:FF001FD3]
[21:10:00:074] 		OCF_ReplicaDaedric_EbonyBlade [KYWD:FF001FD4]
[21:10:00:074] 		OCF_ReplicaDaedric_Nightingale [KYWD:FF001F0F]
[21:10:00:074] 		OCF_ReplicaDaedric_Shadowrend [KYWD:FF001FD5]
[21:10:00:074] 		OCF_ReplicaDwarven [KYWD:FF001F10]
[21:10:00:074] 		OCF_ReplicaLegendary_Dawnguard [KYWD:FF001FD7]
[21:10:00:074] 		WeapTypeBow [KYWD:0001E715]
[21:10:00:074] 		WeapTypeMace [KYWD:0001E714]
[21:10:00:074] 		WeapTypeKatana [KYWD:FED88808]
[21:10:00:074] 		OCF_CanChopWood [KYWD:FE048868]
[21:10:00:074] 		OCF_WeapTypeWand1H [KYWD:FE048888]
[21:10:00:074] 		OCF_CanMineOre [KYWD:FE048869]
[21:10:00:074] 		OCF_ReplicaLegendary [KYWD:FF001E3F]
[21:10:00:074] 		OCF_ReplicaDaedric [KYWD:FF001E90]
[21:10:00:074] 		OCF_Replica [KYWD:FF001E40]
[21:10:00:074] 		OCF_ArtifactAedric [KYWD:FF001EB3]
[21:10:00:074] 		OCF_ArtifactDwarven [KYWD:FF001F09]
[21:10:00:074] 		OCF_ArtifactLegendary [KYWD:FF001DDE]
[21:10:00:074] 		OCF_Artifact [KYWD:FF001F0B]
[21:10:00:074] 		OCF_Relic [KYWD:FF001DE2]
[21:10:00:074] 		OCF_InvColorFrost [KYWD:FF001CFE]
[21:10:00:074] 		OCF_InvColorPoison [KYWD:FF001FDA]
[21:10:00:074] 		OCF_InvColorShock [KYWD:FF001D3D]
[21:10:00:074] 		OCF_InvColorFire [KYWD:FF001CD7]
[21:10:00:074] 		OCF_WeapTypeCurvedSword2H [KYWD:FE048865]
[21:10:00:074] 		OCF_Tool [KYWD:FF001EC4]
[21:10:00:074] Ammo
[21:10:00:074] 	[ABA_KW-OCF_AMMO_KID.ini] OCF_varAmmoNotArrow
[21:10:00:074] 	[ABA_KW-OCF_AMMO_KID.ini] OCF_AmmoTypeGreatarrow
[21:10:00:074] 	[ABA_KW-OCF_AMMO_KID.ini] OCF_AmmoTypeBullet2H_Basic
[21:10:00:075] 	[ABA_KW-OCF_AMMO_KID.ini] OCF_AmmoTypeBullet1H_Basic
[21:10:00:075] 		Filter [0x812] (OneHand_Crossbow_Framework.esp) SKIP - form doesn't exist
[21:10:00:075] 		Invalid/missing filters, skipping distribution
[21:10:00:075] 		Filter [0x832] (OneHand_Crossbow_Framework.esp) SKIP - form doesn't exist
[21:10:00:075] 		Filter [0x835] (OneHand_Crossbow_Framework.esp) SKIP - form doesn't exist
[21:10:00:075] 		Invalid/missing filters, skipping distribution
[21:10:00:075] 	[ABA_KW-OCF_AMMO_KID.ini] OCF_AmmoTypeBullet2H_Launcher
[21:10:00:076] 		Filter [0x834] (OneHand_Crossbow_Framework.esp) SKIP - form doesn't exist
[21:10:00:076] 		Invalid/missing filters, skipping distribution
[21:10:00:076] 	[ABA_KW-OCF_AMMO_KID.ini] OCF_AmmoTypeBullet2H_Shotgun
[21:10:00:076] 		Filter [0x833] (OneHand_Crossbow_Framework.esp) SKIP - form doesn't exist
[21:10:00:076] 		Invalid/missing filters, skipping distribution
[21:10:00:076] 	[ABA_KW-OCF_AMMO_KID.ini] OCF_AmmoTypeSlingshot
[21:10:00:076] 	[ABA_KW-OCF_AMMO_KID.ini] OCF_WeapTypeDagger1H
[21:10:00:076] 	[ABA_KW-OCF_AMMO_KID.ini] OCF_WeapTypeHatchet1H
[21:10:00:076] 	[ABA_KW-OCF_AMMO_KID.ini] OCF_WeapTypeJavelin1H
[21:10:00:076] 	[ABA_KW-OCF_AMMO_KID.ini] OCF_WeapTypeBomb1H
[21:10:00:076] 	[ABA_KW-OCF_AMMO_KID.ini] OCF_WeapThrowable
[21:10:00:076] 	[ABA_KW-OCF_AMMO_KID.ini] OCF_AmmoTypeBullet1H
[21:10:00:076] 	[ABA_KW-OCF_AMMO_KID.ini] OCF_AmmoTypeBullet2H
[21:10:00:076] 	[ABA_KW-OCF_AMMO_KID.ini] OCF_AmmoTypeBullet
[21:10:00:076] 	[ABA_KW-OCF_AMMO_KID.ini] OCF_AmmoTypeDart
[21:10:00:077] 	[ABA_KW-OCF_AMMO_KID.ini] OCF_AmmoTypeBolt
[21:10:00:077] 	[ABA_KW-OCF_AMMO_KID.ini] OCF_AmmoTypeJavelin
[21:10:00:077] 	[ABA_KW-OCF_AMMO_KID.ini] OCF_AmmoTypeArrow_Basic
[21:10:00:077] 	[ABA_KW-OCF_AMMO_KID.ini] OCF_AmmoTypeArrow
[21:10:00:077] 	[ABA_KW-OCF_AMMO_KID.ini] OCF_WeapSmallBladed1H
[21:10:00:077] 	[ABA_KW-OCF_AMMO_KID.ini] OCF_WeapEdged1H
[21:10:00:077] 	[ABA_KW-OCF_AMMO_KID.ini] OCF_WeapPole1H
[21:10:00:077] 	[ABA_KW-OCF_AMMO_KID.ini] OCF_WeapMelee
[21:10:00:077] 	[ABA_KW-OCF_AMMO_KID.ini] CRFExemptArtifactKeyword
[21:10:00:077] 	[ABA_KW-OCF_Material_KID.ini] DLC1WeapMaterialDragonbone
[21:10:00:077] 	[ABB_KW-OCF_Inventory_KID.ini] OCF_InvColorAedric
[21:10:00:077] 	[ABB_KW-OCF_Inventory_KID.ini] OCF_InvColorBlood
[21:10:00:077] 	[ABB_KW-OCF_Inventory_KID.ini] OCF_InvColorSun
[21:10:00:080] 	[ABB_KW-OCF_Inventory_KID.ini] OCF_InvColorWater
[21:10:00:080] 	Sorting keywords...
[21:10:00:080] 		INFO - OCF_AmmoTypeDart [KYWD:FE048870] is referencing itself
[21:10:00:081] 		INFO - OCF_AmmoTypeGreatarrow [KYWD:FE048873] is referencing itself
[21:10:00:081] 	Sorted keywords: 
[21:10:00:081] 		OCF_varAmmoNotArrow [KYWD:FF001FEE]
[21:10:00:081] 		OCF_AmmoTypeBullet2H_Basic [KYWD:FE048878]
[21:10:00:081] 		OCF_WeapTypeDagger1H [KYWD:FE048802]
[21:10:00:081] 		OCF_WeapTypeHatchet1H [KYWD:FE048815]
[21:10:00:081] 		OCF_WeapTypeJavelin1H [KYWD:01777771]
[21:10:00:081] 		OCF_WeapTypeBomb1H [KYWD:FE04888A]
[21:10:00:081] 		OCF_WeapThrowable [KYWD:FE04886C]
[21:10:00:081] 		OCF_MaterialDisplayDarkBrotherhood [KYWD:FF001F19]
[21:10:00:081] 		OCF_MaterialDisplayVampire [KYWD:FF001F1A]
[21:10:00:081] 		DLC1WeapMaterialDragonbone [KYWD:02019822]
[21:10:00:081] 		OCF_varMagicNotBound [KYWD:FF001F5D]
[21:10:00:081] 		OCF_InvColorAedric [KYWD:FF001FEF]
[21:10:00:081] 		OCF_InvColorBlood [KYWD:FF001CD5]
[21:10:00:081] 		OCF_InvColorFire [KYWD:FF001CD7]
[21:10:00:081] 		OCF_InvColorFrost [KYWD:FF001CFE]
[21:10:00:081] 		OCF_InvColorShock [KYWD:FF001D3D]
[21:10:00:081] 		OCF_InvColorPoison [KYWD:FF001FDA]
[21:10:00:081] 		OCF_InvColorSun [KYWD:FF001FF0]
[21:10:00:081] 		OCF_InvColorWater [KYWD:FF001D3E]
[21:10:00:081] 		OCF_AmmoTypeBullet1H [KYWD:FE048875]
[21:10:00:081] 		OCF_AmmoTypeGreatarrow [KYWD:FE048873]
[21:10:00:081] 		OCF_AmmoTypeBullet2H [KYWD:FE048876]
[21:10:00:081] 		OCF_AmmoTypeBullet [KYWD:FE04886F]
[21:10:00:081] 		OCF_AmmoTypeSlingshot [KYWD:FE048871]
[21:10:00:081] 		OCF_AmmoTypeJavelin [KYWD:FE048874]
[21:10:00:081] 		OCF_AmmoTypeDart [KYWD:FE048870]
[21:10:00:081] 		OCF_AmmoTypeArrow_Basic [KYWD:FE048872]
[21:10:00:081] 		OCF_AmmoTypeArrow [KYWD:FE04886D]
[21:10:00:081] 		OCF_WeapSmallBladed1H [KYWD:FE048887]
[21:10:00:081] 		OCF_WeapEdged1H [KYWD:FE048886]
[21:10:00:081] 		OCF_WeapPole1H [KYWD:FE048824]
[21:10:00:081] 		MAG_WeapTypeBound [KYWD:01ADA117]
[21:10:00:081] 		OCF_MaterialEthereal [KYWD:FF001F1B]
[21:10:00:081] 		CRFExemptArtifactKeyword [KYWD:0101A409]
[21:10:00:081] 		OCF_AmmoTypeBolt [KYWD:FE04886E]
[21:10:00:081] 		OCF_WeapMelee [KYWD:FE048866]
[21:10:00:081] Potion
[21:10:00:089] 	[ABA_KW-OCF_ALCH_KID.ini] OCF_AlchDrugSap
[21:10:00:089] 	[ABA_KW-OCF_ALCH_KID.ini] OCF_AlchDrugSkooma
[21:10:00:089] 	[ABA_KW-OCF_ALCH_KID.ini] OCF_AlchDrinkAlcohol
[21:10:00:089] 	[ABA_KW-OCF_ALCH_KID.ini] OCF_AlchDrink_Milk
[21:10:00:089] 	[ABA_KW-OCF_ALCH_KID.ini] OCF_AlchDrink_Water
[21:10:00:089] 	[ABA_KW-OCF_ALCH_KID.ini] OCF_AlchFood_Baked
[21:10:00:089] 	[ABA_KW-OCF_ALCH_KID.ini] OCF_AlchFood_Bread
[21:10:00:089] 	[ABA_KW-OCF_ALCH_KID.ini] OCF_AlchFood_Cheese
[21:10:00:089] 	[ABA_KW-OCF_ALCH_KID.ini] OCF_AlchFood_Fish
[21:10:00:089] 	[ABA_KW-OCF_ALCH_KID.ini] OCF_AlchFood_Fruit
[21:10:00:089] 	[ABA_KW-OCF_ALCH_KID.ini] OCF_AlchFood_IngredientDry
[21:10:00:089] 	[ABA_KW-OCF_ALCH_KID.ini] OCF_AlchFood_IngredientWet
[21:10:00:089] 	[ABA_KW-OCF_ALCH_KID.ini] OCF_AlchFood_Meal
[21:10:00:089] 	[ABA_KW-OCF_ALCH_KID.ini] OCF_AlchFood_Meat
[21:10:00:089] 	[ABA_KW-OCF_ALCH_KID.ini] OCF_AlchFood_Seafood
[21:10:00:089] 	[ABA_KW-OCF_ALCH_KID.ini] OCF_AlchFood_Stew
[21:10:00:089] 	[ABA_KW-OCF_ALCH_KID.ini] OCF_AlchFood_Treat
[21:10:00:089] 	[ABA_KW-OCF_ALCH_KID.ini] OCF_AlchFood_Vegetable
[21:10:00:089] 	[ABA_KW-OCF_ALCH_KID.ini] OCF_IngrPlant_SoulHusk
[21:10:00:089] 	[ABA_KW-OCF_ALCH_KID.ini] _SHBloodDrink
[21:10:00:089] 	[ABA_KW-OCF_ALCH_KID.ini] OCF_AlchPotion_Misc
[21:10:00:089] 	[ABA_KW-OCF_ALCH_KID.ini] OCF_AlchGreenPact
[21:10:00:089] 	[ABA_KW-OCF_ALCH_KID.ini] VendorItemFoodRaw
[21:10:00:089] 	[ABA_KW-OCF_ALCH_KID.ini] VendorItemFoodUncooked
[21:10:00:089] 	[ABA_KW-OCF_ALCH_KID.ini] VendorItemFoodPrepared
[21:10:00:089] 	[ABA_KW-OCF_ALCH_KID.ini] VendorItemFoodCooked
[21:10:00:089] 	[ABA_KW-OCF_ALCH_KID.ini] _SH_SujammaBottleKeyword
[21:10:00:089] 	[ABA_KW-OCF_ALCH_KID.ini] _SH_MeadBottleKeyword
[21:10:00:089] 	[ABA_KW-OCF_ALCH_KID.ini] _SH_WineBottleKeyword
[21:10:00:089] 	[ABA_KW-OCF_ALCH_KID.ini] OCF_VesselBowl
[21:10:00:089] 	[ABA_KW-OCF_ALCH_KID.ini] OCF_VesselJug
[21:10:00:089] 	[ABA_KW-OCF_ALCH_KID.ini] OCF_VesselSack
[21:10:00:089] 	[ABA_KW-OCF_ALCH_KID.ini] OCF_ArtifactDaedric_Bittercup
[21:10:00:089] 	[ABA_KW-OCF_ALCH_KID.ini] OCF_AlchPoison_Food
[21:10:00:089] 	[ABA_KW-OCF_ALCH_KID.ini] FrostfallWarmFoodDrinkKeyword
[21:10:00:089] 	[ABA_KW-OCF_ALCH_KID.ini] OCF_MiscCampingGear
[21:10:00:090] 	[ABA_KW-OCF_ALCH_KID.ini] OCF_VesselBottleSkooma
[21:10:00:090] 	[ABA_KW-OCF_ALCH_KID.ini] OCF_RelicDwarven_Fairy
[21:10:00:090] 	[ABA_KW-OCF_ALCH_KID.ini] VendorItemAnimalPart
[21:10:00:090] 	[ABA_KW-OCF_ALCH_KID.ini] OCF_RelicAyleid_Crystal
[21:10:00:090] 	[ABA_KW-OCF_ALCH_KID.ini] OCF_AlchFood_Egg
[21:10:00:091] 	[ABA_KW-OCF_ALCH_KID.ini] OCF_AlchFood_EggMagic
[21:10:00:091] 	[ABA_KW-OCF_ALCH_KID.ini] OCF_VesselPlate
[21:10:00:093] 	[ABA_KW-OCF_ALCH_KID.ini] OCF_VesselCup
[21:10:00:099] 	[ABA_KW-OCF_ALCH_KID.ini] OCF_VesselTankard
[21:10:00:110] 	[ABA_KW-OCF_ALCH_KID.ini] OCF_AlchDrink_Tea
[21:10:00:111] 	[ABA_KW-OCF_ALCH_KID.ini] OCF_AlchDrink_Juice
[21:10:00:112] 	[ABA_KW-OCF_ALCH_KID.ini] OCF_varAlchNotGPFriendly
[21:10:00:131] 	[ABA_KW-OCF_ALCH_KID.ini] OCF_AlchDrink_Coffee
[21:10:00:131] 	[ABA_KW-OCF_ALCH_KID.ini] OCF_VesselBag
[21:10:00:131] 	[ABA_KW-OCF_ALCH_KID.ini] OCF_AlchBait
[21:10:00:131] 	[ABA_KW-OCF_ALCH_KID.ini] OCF_VesselFlask
[21:10:00:131] 	[ABA_KW-OCF_ALCH_KID.ini] OCF_WeapTypeBomb1H
[21:10:00:133] 	[ABA_KW-OCF_ALCH_KID.ini] OCF_IngrRemains_BugBee
[21:10:00:135] 	[ABA_KW-OCF_ALCH_KID.ini] OCF_VesselKettle
[21:10:00:135] 	[ABA_KW-OCF_ALCH_KID.ini] OCF_VesselWaterskin_100
[21:10:00:136] 	[ABA_KW-OCF_ALCH_KID.ini] CACO_MagicAlchWeaponOil
[21:10:00:136] 	[ABA_KW-OCF_ALCH_KID.ini] OCF_AlchDrugTonic
[21:10:00:136] 	[ABA_KW-OCF_ALCH_KID.ini] OCF_AlchFood_Ingredient
[21:10:00:136] 	[ABA_KW-OCF_ALCH_KID.ini] OCF_IngrPlant_Mushroom
[21:10:00:137] 	[ABA_KW-OCF_ALCH_KID.ini] VendorItemFoodPreserved
[21:10:00:138] 	[ABA_KW-OCF_ALCH_KID.ini] OCF_VesselFlagon
[21:10:00:143] 	[ABA_KW-OCF_ALCH_KID.ini] OCF_MiscEmptyVessel_Bottle
[21:10:00:143] 	[ABA_KW-OCF_ALCH_KID.ini] OCF_MiscWashcloth
[21:10:00:145] 	[ABA_KW-OCF_ALCH_KID.ini] OCF_varAlchNotRaw
[21:10:00:146] 	[ABA_KW-OCF_ALCH_KID.ini] OCF_AlchSpoiled
[21:10:00:150] 	[ABA_KW-OCF_ALCH_KID.ini] OCF_IngrRemains_BugDragonfly
[21:10:00:150] 	[ABA_KW-OCF_ALCH_KID.ini] OCF_IngrRemains_Fat
[21:10:00:150] 	[ABA_KW-OCF_ALCH_KID.ini] OCF_IngrRemains_OrganHeart
[21:10:00:150] 	[ABA_KW-OCF_ALCH_KID.ini] _DS_KW_Food_Soup_HasMeat
[21:10:00:151] 	[ABA_KW-OCF_ALCH_KID.ini] _DS_KW_Food_Soup_Has1Vege
[21:10:00:152] 	[ABA_KW-OCF_ALCH_KID.ini] _DS_KW_Food_Soup_Has2Vege
[21:10:00:152] 	[ABA_KW-OCF_ALCH_KID.ini] _DS_KW_Food_Soup_HasMushroom
[21:10:00:152] 	[ABA_KW-OCF_ALCH_KID.ini] _DS_KW_Food_Soup_HasSeason
[21:10:00:153] 	[ABA_KW-OCF_ALCH_KID.ini] _DS_KW_Food_SoupCold
[21:10:00:153] 	[ABA_KW-OCF_ALCH_KID.ini] _DS_KW_Food_Soup
[21:10:00:153] 	[ABA_KW-OCF_ALCH_KID.ini] OCF_IngrPlant
[21:10:00:153] 	[ABA_KW-OCF_ALCH_KID.ini] OCF_IngrPlant_Root
[21:10:00:155] 	[ABA_KW-OCF_ALCH_KID.ini] OCF_AlchBlood_Creature
[21:10:00:155] 	[ABA_KW-OCF_ALCH_KID.ini] OCF_AlchBlood_Werebeast
[21:10:00:156] 	[ABA_KW-OCF_ALCH_KID.ini] OCF_VesselBottlePotion
[21:10:00:157] 	[ABA_KW-OCF_ALCH_KID.ini] OCF_Placeholder_Learn
[21:10:00:158] 	[ABA_KW-OCF_ALCH_KID.ini] OCF_Placeholder_Dummy
[21:10:00:162] 	[ABA_KW-OCF_ALCH_KID.ini] OCF_AlchSnow
[21:10:00:162] 	[ABA_KW-OCF_ALCH_KID.ini] OCF_VesselWaterskin
[21:10:00:164] 	[ABA_KW-OCF_ALCH_KID.ini] OCF_VesselWaterskin_066
[21:10:00:164] 	[ABA_KW-OCF_ALCH_KID.ini] OCF_VesselWaterskin_033
[21:10:00:164] 	[ABA_KW-OCF_ALCH_KID.ini] OCF_MiscSoap
[21:10:00:165] 	[ABA_KW-OCF_ALCH_KID.ini] OCF_MiscEmptyVessel_Jar
[21:10:00:165] 	[ABA_KW-OCF_ALCH_KID.ini] OCF_AlchDrink_WaterRaw
[21:10:00:165] 	[ABA_KW-OCF_ALCH_KID.ini] _SHSaltWaterKeyword
[21:10:00:167] 	[ABA_KW-OCF_ALCH_KID.ini] OCF_AlchPowder_Frost
[21:10:00:170] 	[ABA_KW-OCF_ALCH_KID.ini] OCF_VesselJar
[21:10:00:172] 	[ABA_KW-OCF_ALCH_KID.ini] OCF_VesselWaterskin_000
[21:10:00:173] 	[ABA_KW-OCF_ALCH_KID.ini] VendorItemPotion
[21:10:00:178] 	[ABA_KW-OCF_ALCH_KID.ini] VendorItemFood
[21:10:00:179] 	[ABA_KW-OCF_ALCH_KID.ini] OCF_IngrRemains_Organ
[21:10:00:190] 	[ABA_KW-OCF_ALCH_KID.ini] OCF_VesselHoneyPot
[21:10:00:194] 	[ABA_KW-OCF_ALCH_KID.ini] OCF_VesselWaterskin_075
[21:10:00:194] 	[ABA_KW-OCF_ALCH_KID.ini] OCF_VesselWaterskin_050
[21:10:00:194] 	[ABA_KW-OCF_ALCH_KID.ini] OCF_VesselWaterskin_025
[21:10:00:195] 	[ABA_KW-OCF_ALCH_KID.ini] OCF_AlchFood_Sandwich
[21:10:00:196] 	[ABA_KW-OCF_ALCH_KID.ini] OCF_AlchDrug_Eversnow
[21:10:00:198] 	[ABA_KW-OCF_ALCH_KID.ini] OCF_VesselSmokingPipe
[21:10:00:209] 	[ABA_KW-OCF_ALCH_KID.ini] OCF_AlchPerfume
[21:10:00:299] 	[ABA_KW-OCF_ALCH_KID.ini] OCF_VesselVial
[21:10:00:313] 	[ABA_KW-OCF_ALCH_KID.ini] OCF_ArtifactDaedric
[21:10:00:313] 	[ABA_KW-OCF_ALCH_KID.ini] DaedricArtifact
[21:10:00:313] 	[ABA_KW-OCF_ALCH_KID.ini] CRFExemptArtifactKeyword
[21:10:00:313] 	[ABA_KW-OCF_ALCH_KID.ini] OCF_ArtifactLegendary_WhitePhial
[21:10:00:313] 	[ABA_KW-OCF_ALCH_KID.ini] OCF_ArtifactLegendary
[21:10:00:313] 	[ABA_KW-OCF_ALCH_KID.ini] OCF_Artifact
[21:10:00:313] 	[ABA_KW-OCF_ALCH_KID.ini] OCF_RelicAyleid
[21:10:00:313] 	[ABA_KW-OCF_ALCH_KID.ini] OCF_RelicDwarven
[21:10:00:313] 	[ABA_KW-OCF_ALCH_KID.ini] OCF_Relic
[21:10:00:313] 	[ABA_KW-OCF_ALCH_KID.ini] OCF_WeapThrowable
[21:10:00:313] 	[ABA_KW-OCF_ALCH_KID.ini] OCF_AlchBlood
[21:10:00:313] 	[ABA_KW-OCF_ALCH_KID.ini] OCF_AlchDrug
[21:10:00:313] 	[ABA_KW-OCF_ALCH_KID.ini] VendorItemPoison
[21:10:00:313] 	[ABA_KW-OCF_ALCH_KID.ini] OCF_AlchDrinkSoft
[21:10:00:313] 	[ABA_KW-OCF_ALCH_KID.ini] OCF_IngrRemains_Bug
[21:10:00:314] 	[ABA_KW-OCF_ALCH_KID.ini] OCF_AlchDrink
[21:10:00:314] 	[ABA_KW-OCF_ALCH_KID.ini] OCF_AlchFood
[21:10:00:314] 	[ABA_KW-OCF_ALCH_KID.ini] OCF_AlchFoodAndDrink
[21:10:00:314] 	[ABA_KW-OCF_ALCH_KID.ini] OCF_AlchDrink_MilkRaw
[21:10:00:314] 	[ABA_KW-OCF_ALCH_KID.ini] OCF_AlchFood_EggRaw
[21:10:00:314] 	[ABA_KW-OCF_ALCH_KID.ini] OCF_AlchFood_FishRaw
[21:10:00:314] 	[ABA_KW-OCF_ALCH_KID.ini] OCF_AlchFood_IngredientRaw
[21:10:00:314] 	[ABA_KW-OCF_ALCH_KID.ini] OCF_AlchFood_MeatRaw
[21:10:00:314] 	[ABA_KW-OCF_ALCH_KID.ini] OCF_AlchFood_SeafoodRaw
[21:10:00:389] 	[ABA_KW-OCF_ALCH_KID.ini] OCF_VesselBottle
[21:10:00:389] 	[ABA_KW-OCF_ALCH_KID.ini] WAF_WeapTypeGrenade
[21:10:00:389] 	[ABB_KW-OCF_Inventory_KID.ini] OCF_InvColorDaedric
[21:10:00:389] 	[ABB_KW-OCF_Inventory_KID.ini] OCF_InvColorGold
[21:10:00:389] 	[ABB_KW-OCF_Inventory_KID.ini] OCF_InvColorLegendary
[21:10:00:389] 	[ABB_KW-OCF_Inventory_KID.ini] CraftingSmithingForge
[21:10:00:389] 	[ACA_KW-Mod_SunHelm_KID.ini] _SH_LightFoodKeyword
[21:10:00:389] 	[ACA_KW-Mod_SunHelm_KID.ini] _SH_MediumFoodKeyword
[21:10:00:389] 	[ACA_KW-Mod_SunHelm_KID.ini] _SH_HeavyFoodKeyword
[21:10:00:397] 	[ACA_KW-Mod_SunHelm_KID.ini] _SH_SoupKeyword
[21:10:00:397] 	[ACA_KW-Mod_SunHelm_KID.ini] _SH_DrinkKeyword
[21:10:00:397] 	[ACA_KW-Mod_SunHelm_KID.ini] _SHFoodIgnoreKeyword
[21:10:00:398] 	[ACA_KW-Mod_SunHelm_KID.ini] _SH_AlcoholDrinkKeyword
[21:10:00:398] 	[ACA_KW-Mod_SunHelm_KID.ini] _SH_SujammaWATERBottleKeyword
[21:10:00:398] 	[ACA_KW-Mod_SunHelm_KID.ini] _SH_MeadWATERBottleKeyword
[21:10:00:398] 	[ACA_KW-Mod_SunHelm_KID.ini] _SH_WineWATERBottleKeyword
[21:10:00:398] 	[ACA_KW-Mod_SunHelm_KID.ini] _SHHotBeverage
[21:10:00:398] 	[EAS_Forgotten City_KID.ini] EASKID_All
[21:10:00:399] 	[EAS_Forgotten City_KID.ini] EASKID_Group01
[21:10:00:399] 	[EAS_Forgotten City_KID.ini] EASkey_AltoWine01
[21:10:00:399] 	[EAS_Forgotten City_KID.ini] EASkey_AltoWine02
[21:10:00:399] 	[EAS_Gourmet_KID.ini] EASKID_All
[21:10:00:399] 	[EAS_Gourmet_KID.ini] EASKID_Group03
[21:10:00:399] 	[EAS_Gourmet_KID.ini] EASkey_Dumpling
[21:10:00:399] 	[EAS_KID.ini] EASKID_All
[21:10:00:399] 	[EAS_KID.ini] EASKID_Group01
[21:10:00:399] 	[EAS_KID.ini] EASKID_Group02
[21:10:00:399] 	[EAS_KID.ini] EASKID_Group03
[21:10:00:399] 	[EAS_KID.ini] EASKID_Group04
[21:10:00:399] 	[EAS_KID.ini] EASKID_Group05
[21:10:00:399] 	[EAS_KID.ini] EASKID_Group06
[21:10:00:399] 	[EAS_KID.ini] EASKID_Group07
[21:10:00:399] 	[EAS_KID.ini] EASKID_Group08
[21:10:00:399] 	[EAS_KID.ini] EASKID_Group09
[21:10:00:399] 	[EAS_KID.ini] EASKID_Group10
[21:10:00:399] 	[EAS_KID.ini] EASkey_Ale
[21:10:00:399] 	[EAS_KID.ini] EASkey_AltoWine01
[21:10:00:399] 	[EAS_KID.ini] EASkey_AltoWine02
[21:10:00:399] 	[EAS_KID.ini] EASkey_AppleCabbageStew
[21:10:00:399] 	[EAS_KID.ini] EASkey_ArgonianBloodWine
[21:10:00:399] 	[EAS_KID.ini] EASkey_AshHopperLeg
[21:10:00:399] 	[EAS_KID.ini] EASkey_AshHopperMeat
[21:10:00:399] 	[EAS_KID.ini] EASkey_AshYam
[21:10:00:399] 	[EAS_KID.ini] EASkey_BakedPotatoes
[21:10:00:399] 	[EAS_KID.ini] EASkey_BeefStew
[21:10:00:399] 	[EAS_KID.ini] EASkey_BlackBriarMead
[21:10:00:399] 	[EAS_KID.ini] EASkey_BlackBriarMeadPrivateReserve
[21:10:00:399] 	[EAS_KID.ini] EASkey_BoarMeat
[21:10:00:399] 	[EAS_KID.ini] EASkey_BoiledCremeTreat
[21:10:00:399] 	[EAS_KID.ini] EASkey_BraidedBread
[21:10:00:399] 	[EAS_KID.ini] EASkey_Bread
[21:10:00:399] 	[EAS_KID.ini] EASkey_BreadHalf
[21:10:00:399] 	[EAS_KID.ini] EASkey_Butter
[21:10:00:399] 	[EAS_KID.ini] EASkey_Cabbage
[21:10:00:399] 	[EAS_KID.ini] EASkey_CabbagePotatoSoup
[21:10:00:399] 	[EAS_KID.ini] EASkey_CabbageSoup
[21:10:00:399] 	[EAS_KID.ini] EASkey_Carrot
[21:10:00:399] 	[EAS_KID.ini] EASkey_CharredSkeeverMeat
[21:10:00:399] 	[EAS_KID.ini] EASkey_ChickenBreast
[21:10:00:399] 	[EAS_KID.ini] EASkey_ClamChowder
[21:10:00:399] 	[EAS_KID.ini] EASkey_ClamMeat
[21:10:00:399] 	[EAS_KID.ini] EASkey_CookedBeef
[21:10:00:399] 	[EAS_KID.ini] EASkey_CookedBoarMeat
[21:10:00:399] 	[EAS_KID.ini] EASkey_DogMeat
[21:10:00:399] 	[EAS_KID.ini] EASkey_Dumpling
[21:10:00:399] 	[EAS_KID.ini] EASkey_EidarCheeseWedge
[21:10:00:399] 	[EAS_KID.ini] EASkey_EidarCheeseWheel
[21:10:00:399] 	[EAS_KID.ini] EASkey_ElsweyrFondue
[21:10:00:399] 	[EAS_KID.ini] EASkey_FirebrandWine
[21:10:00:399] 	[EAS_KID.ini] EASkey_Flin
[21:10:00:399] 	[EAS_KID.ini] EASkey_GarlicBread
[21:10:00:399] 	[EAS_KID.ini] EASkey_GoatCheeseWedge
[21:10:00:399] 	[EAS_KID.ini] EASkey_GoatCheeseWheel
[21:10:00:399] 	[EAS_KID.ini] EASkey_Gourd
[21:10:00:399] 	[EAS_KID.ini] EASkey_GreenApple
[21:10:00:399] 	[EAS_KID.ini] EASkey_GrilledChickenBreast
[21:10:00:399] 	[EAS_KID.ini] EASkey_GrilledLeeks
[21:10:00:399] 	[EAS_KID.ini] EASkey_Honey
[21:10:00:399] 	[EAS_KID.ini] EASkey_HoneyNutTreat
[21:10:00:399] 	[EAS_KID.ini] EASkey_HonningbrewMead
[21:10:00:399] 	[EAS_KID.ini] EASkey_HorkerAndAshYamStew
[21:10:00:399] 	[EAS_KID.ini] EASkey_HorkerLoaf
[21:10:00:399] 	[EAS_KID.ini] EASkey_HorkerMeat
[21:10:00:399] 	[EAS_KID.ini] EASkey_HorkerStew
[21:10:00:399] 	[EAS_KID.ini] EASkey_HorseHaunch
[21:10:00:399] 	[EAS_KID.ini] EASkey_HorseMeat
[21:10:00:399] 	[EAS_KID.ini] EASkey_JazbayCrostata
[21:10:00:399] 	[EAS_KID.ini] EASkey_JugOfMilk
[21:10:00:399] 	[EAS_KID.ini] EASkey_JuniperBerryCrostata
[21:10:00:399] 	[EAS_KID.ini] EASkey_Leek
[21:10:00:399] 	[EAS_KID.ini] EASkey_LegOfGoat
[21:10:00:399] 	[EAS_KID.ini] EASkey_LegofGoatRoast
[21:10:00:399] 	[EAS_KID.ini] EASkey_LongTaffyTreat
[21:10:00:399] 	[EAS_KID.ini] EASkey_MammothCheeseBowl
[21:10:00:399] 	[EAS_KID.ini] EASkey_MammothSnout
[21:10:00:399] 	[EAS_KID.ini] EASkey_MammothSteak
[21:10:00:399] 	[EAS_KID.ini] EASkey_Matze
[21:10:00:399] 	[EAS_KID.ini] EASkey_MudcrabLegs
[21:10:00:399] 	[EAS_KID.ini] EASkey_PheasantBreast
[21:10:00:399] 	[EAS_KID.ini] EASkey_PheasantRoast
[21:10:00:399] 	[EAS_KID.ini] EASkey_Pie
[21:10:00:399] 	[EAS_KID.ini] EASkey_Potato
[21:10:00:399] 	[EAS_KID.ini] EASkey_PotatoBread
[21:10:00:399] 	[EAS_KID.ini] EASkey_PotatoSoup
[21:10:00:399] 	[EAS_KID.ini] EASkey_RabbitHaunch
[21:10:00:399] 	[EAS_KID.ini] EASkey_RawBeef
[21:10:00:399] 	[EAS_KID.ini] EASkey_RawRabbitLeg
[21:10:00:399] 	[EAS_KID.ini] EASkey_RedApple
[21:10:00:399] 	[EAS_KID.ini] EASkey_SackOfFlour
[21:10:00:399] 	[EAS_KID.ini] EASkey_SalmonMeat
[21:10:00:399] 	[EAS_KID.ini] EASkey_SalmonSteak
[21:10:00:399] 	[EAS_KID.ini] EASkey_SalmonSteakHF
[21:10:00:399] 	[EAS_KID.ini] EASkey_SearedSlaughterfish
[21:10:00:399] 	[EAS_KID.ini] EASkey_Shein
[21:10:00:399] 	[EAS_KID.ini] EASkey_SlicedEidarCheese
[21:10:00:399] 	[EAS_KID.ini] EASkey_SlicedGoatCheese
[21:10:00:399] 	[EAS_KID.ini] EASkey_SnowberryCrostata
[21:10:00:399] 	[EAS_KID.ini] EASkey_SoulHusk
[21:10:00:399] 	[EAS_KID.ini] EASkey_SpicedWine
[21:10:00:399] 	[EAS_KID.ini] EASkey_SteamedMudcrabLegs
[21:10:00:399] 	[EAS_KID.ini] EASkey_Sujamma
[21:10:00:399] 	[EAS_KID.ini] EASkey_SurilieBrothersWine
[21:10:00:399] 	[EAS_KID.ini] EASkey_SweetRoll
[21:10:00:399] 	[EAS_KID.ini] EASkey_Tomato
[21:10:00:399] 	[EAS_KID.ini] EASkey_TomatoSoup
[21:10:00:399] 	[EAS_KID.ini] EASkey_VegetableSoup
[21:10:00:399] 	[EAS_KID.ini] EASkey_VelvetLeChance
[21:10:00:399] 	[EAS_KID.ini] EASkey_Venison
[21:10:00:399] 	[EAS_KID.ini] EASkey_VenisonChop
[21:10:00:399] 	[EAS_KID.ini] EASkey_VenisonStew
[21:10:00:399] 	[EAS_KID.ini] EASkey_Wine01
[21:10:00:399] 	[EAS_KID.ini] EASkey_Wine02
[21:10:00:399] 	[EAS_Simple Hunting Overhaul_KID.ini] EASKID_All
[21:10:00:399] 	[EAS_Simple Hunting Overhaul_KID.ini] EASKID_Group03
[21:10:00:399] 	[EAS_Simple Hunting Overhaul_KID.ini] EASkey_CookedBeef
[21:10:00:399] 	[EAS_Simple Hunting Overhaul_KID.ini] EASkey_DogMeat
[21:10:00:399] 	[EAS_Survival Mode_KID.ini] EASKID_All
[21:10:00:399] 	[EAS_Survival Mode_KID.ini] EASKID_Group01
[21:10:00:399] 	[EAS_Survival Mode_KID.ini] EASkey_AppleCabbageStew
[21:10:00:399] 	[EAS_Survival Mode_KID.ini] EASkey_BeefStew
[21:10:00:399] 	[EAS_Survival Mode_KID.ini] EASKID_Group02
[21:10:00:399] 	[EAS_Survival Mode_KID.ini] EASkey_CabbagePotatoSoup
[21:10:00:399] 	[EAS_Survival Mode_KID.ini] EASKID_Group03
[21:10:00:399] 	[EAS_Survival Mode_KID.ini] EASkey_CabbageSoup
[21:10:00:399] 	[EAS_Survival Mode_KID.ini] EASkey_ClamChowder
[21:10:00:399] 	[EAS_Survival Mode_KID.ini] EASKID_Group04
[21:10:00:399] 	[EAS_Survival Mode_KID.ini] EASkey_ElsweyrFondue
[21:10:00:399] 	[EAS_Survival Mode_KID.ini] EASKID_Group05
[21:10:00:399] 	[EAS_Survival Mode_KID.ini] EASkey_HorkerAndAshYamStew
[21:10:00:399] 	[EAS_Survival Mode_KID.ini] EASkey_HorkerStew
[21:10:00:399] 	[EAS_Survival Mode_KID.ini] EASKID_Group07
[21:10:00:399] 	[EAS_Survival Mode_KID.ini] EASkey_PotatoSoup
[21:10:00:399] 	[EAS_Survival Mode_KID.ini] EASKID_Group10
[21:10:00:399] 	[EAS_Survival Mode_KID.ini] EASkey_TomatoSoup
[21:10:00:399] 	[EAS_Survival Mode_KID.ini] EASkey_VegetableSoup
[21:10:00:399] 	[EAS_Survival Mode_KID.ini] EASkey_VenisonStew
[21:10:00:399] 	[EasSunhelmWaterskin_KID.ini] EASKID_All
[21:10:00:399] 	[EasSunhelmWaterskin_KID.ini] EASKID_Group09
[21:10:00:399] 	[EasSunhelmWaterskin_KID.ini] EASkey_Suitou
[21:10:00:399] 	[EasSunhelmWaterskin_KID.ini] EASkey_Sujamma
[21:10:00:399] 	[EasSunhelmWaterskin_KID.ini] EASKID_Group10
[21:10:00:399] 	[EasSunhelmWaterskin_KID.ini] EASkey_Wine02
[21:10:00:400] 	[EasSunhelmWaterskin_KID.ini] EASKID_Group05
[21:10:00:400] 	[EasSunhelmWaterskin_KID.ini] EASkey_HonningbrewMead
[21:10:00:400] 	Sorting keywords...
[21:10:00:402] 	Sorted keywords: 
[21:10:00:402] 		OCF_AlchDrink_Milk [KYWD:01AF101D]
[21:10:00:402] 		_SH_SujammaBottleKeyword [KYWD:01F3DD76]
[21:10:00:402] 		_SH_MeadBottleKeyword [KYWD:01F3DD70]
[21:10:00:402] 		OCF_AlchFood_Egg [KYWD:01AF100C]
[21:10:00:402] 		OCF_WeapTypeBomb1H [KYWD:FE04888A]
[21:10:00:402] 		OCF_AlchFood_IngredientDry [KYWD:01AF100E]
[21:10:00:402] 		OCF_AlchFood_IngredientWet [KYWD:01AF100D]
[21:10:00:402] 		OCF_AlchFood_Meal [KYWD:01AF1013]
[21:10:00:402] 		_SHBloodDrink [KYWD:01F3DD80]
[21:10:00:402] 		VendorItemAnimalPart [KYWD:000914EB]
[21:10:00:402] 		CACO_MagicAlchWeaponOil [KYWD:01CCA048]
[21:10:00:402] 		VendorItemFoodPreserved [KYWD:01AF1003]
[21:10:00:402] 		OCF_AlchDrugSap [KYWD:FF001FF1]
[21:10:00:402] 		OCF_IngrPlant_SoulHusk [KYWD:FF001FF2]
[21:10:00:402] 		OCF_AlchPotion_Misc [KYWD:FF001FF3]
[21:10:00:402] 		OCF_VesselJug [KYWD:FF001FF7]
[21:10:00:402] 		OCF_VesselSack [KYWD:FF001FF8]
[21:10:00:402] 		OCF_ArtifactDaedric_Bittercup [KYWD:FF001FF9]
[21:10:00:402] 		OCF_MiscCampingGear [KYWD:FF001D67]
[21:10:00:402] 		OCF_RelicDwarven_Fairy [KYWD:FF001FFC]
[21:10:00:402] 		OCF_RelicAyleid_Crystal [KYWD:FF001FFD]
[21:10:00:402] 		OCF_AlchFood_EggMagic [KYWD:FF001FFE]
[21:10:00:402] 		OCF_VesselPlate [KYWD:FF001FFF]
[21:10:00:402] 		OCF_VesselCup [KYWD:FF002000]
[21:10:00:402] 		OCF_VesselTankard [KYWD:FF002001]
[21:10:00:402] 		OCF_AlchDrink_Tea [KYWD:FF002002]
[21:10:00:402] 		OCF_AlchDrink_Juice [KYWD:FF002003]
[21:10:00:402] 		OCF_AlchDrink_Coffee [KYWD:FF002005]
[21:10:00:402] 		OCF_VesselBag [KYWD:FF002006]
[21:10:00:402] 		OCF_AlchBait [KYWD:FF002007]
[21:10:00:402] 		OCF_VesselFlask [KYWD:FF001E28]
[21:10:00:402] 		OCF_IngrRemains_BugBee [KYWD:FF002008]
[21:10:00:402] 		OCF_VesselKettle [KYWD:FF002009]
[21:10:00:402] 		OCF_VesselWaterskin_100 [KYWD:FF00200A]
[21:10:00:402] 		OCF_AlchDrugTonic [KYWD:FF00200B]
[21:10:00:402] 		OCF_IngrPlant_Mushroom [KYWD:FF00200D]
[21:10:00:402] 		OCF_VesselFlagon [KYWD:FF00200E]
[21:10:00:402] 		OCF_MiscEmptyVessel_Bottle [KYWD:FF00200F]
[21:10:00:402] 		OCF_MiscWashcloth [KYWD:FF002010]
[21:10:00:402] 		OCF_varAlchNotRaw [KYWD:FF002011]
[21:10:00:402] 		OCF_AlchSpoiled [KYWD:FF002012]
[21:10:00:402] 		OCF_IngrRemains_BugDragonfly [KYWD:FF002013]
[21:10:00:402] 		OCF_IngrRemains_Fat [KYWD:FF002014]
[21:10:00:402] 		OCF_IngrRemains_OrganHeart [KYWD:FF002015]
[21:10:00:402] 		_DS_KW_Food_Soup_HasMeat [KYWD:FF002016]
[21:10:00:402] 		_DS_KW_Food_Soup_Has1Vege [KYWD:FF002017]
[21:10:00:402] 		_DS_KW_Food_Soup_Has2Vege [KYWD:FF002018]
[21:10:00:402] 		_DS_KW_Food_Soup_HasMushroom [KYWD:FF002019]
[21:10:00:402] 		_DS_KW_Food_Soup_HasSeason [KYWD:FF00201A]
[21:10:00:402] 		_DS_KW_Food_SoupCold [KYWD:FF00201B]
[21:10:00:402] 		OCF_IngrPlant_Root [KYWD:FF00201E]
[21:10:00:402] 		OCF_AlchBlood_Creature [KYWD:FF00201F]
[21:10:00:402] 		OCF_AlchBlood_Werebeast [KYWD:FF002020]
[21:10:00:402] 		OCF_Placeholder_Learn [KYWD:FF002022]
[21:10:00:402] 		OCF_Placeholder_Dummy [KYWD:FF002023]
[21:10:00:402] 		OCF_AlchSnow [KYWD:FF002024]
[21:10:00:402] 		OCF_VesselWaterskin_066 [KYWD:FF002026]
[21:10:00:402] 		OCF_VesselWaterskin_033 [KYWD:FF002027]
[21:10:00:402] 		OCF_MiscEmptyVessel_Jar [KYWD:FF001F05]
[21:10:00:402] 		_SHSaltWaterKeyword [KYWD:01F3DD3F]
[21:10:00:402] 		OCF_AlchPowder_Frost [KYWD:FF00202A]
[21:10:00:402] 		OCF_VesselJar [KYWD:FF00202B]
[21:10:00:402] 		OCF_VesselWaterskin_000 [KYWD:FF00202C]
[21:10:00:402] 		VendorItemPotion [KYWD:0008CDEC]
[21:10:00:402] 		OCF_VesselHoneyPot [KYWD:FF00202E]
[21:10:00:402] 		OCF_VesselWaterskin_075 [KYWD:FF00202F]
[21:10:00:402] 		OCF_VesselWaterskin_050 [KYWD:FF002030]
[21:10:00:402] 		OCF_VesselWaterskin_025 [KYWD:FF002031]
[21:10:00:402] 		OCF_AlchFood_Sandwich [KYWD:FF002032]
[21:10:00:402] 		OCF_AlchDrug_Eversnow [KYWD:FF002033]
[21:10:00:402] 		OCF_VesselSmokingPipe [KYWD:FF002034]
[21:10:00:402] 		OCF_AlchPerfume [KYWD:FF002035]
[21:10:00:402] 		OCF_VesselVial [KYWD:FF002036]
[21:10:00:402] 		OCF_ArtifactLegendary_WhitePhial [KYWD:FF002037]
[21:10:00:402] 		OCF_InvColorFrost [KYWD:FF001CFE]
[21:10:00:402] 		OCF_InvColorDaedric [KYWD:FF001D82]
[21:10:00:402] 		OCF_InvColorGold [KYWD:FF002046]
[21:10:00:402] 		OCF_InvColorLegendary [KYWD:FF002047]
[21:10:00:402] 		_SH_LightFoodKeyword [KYWD:01F3DD6D]
[21:10:00:402] 		_SH_HeavyFoodKeyword [KYWD:01F3DD6F]
[21:10:00:402] 		EASKID_All [KYWD:FF002048]
[21:10:00:402] 		EASKID_Group01 [KYWD:FF002049]
[21:10:00:402] 		EASkey_AltoWine01 [KYWD:FF00204A]
[21:10:00:402] 		EASkey_AltoWine02 [KYWD:FF00204B]
[21:10:00:402] 		EASKID_Group03 [KYWD:FF00204C]
[21:10:00:402] 		EASkey_Dumpling [KYWD:FF00204D]
[21:10:00:402] 		EASKID_Group02 [KYWD:FF00204E]
[21:10:00:402] 		EASKID_Group04 [KYWD:FF00204F]
[21:10:00:402] 		EASKID_Group05 [KYWD:FF002050]
[21:10:00:402] 		EASKID_Group06 [KYWD:FF002051]
[21:10:00:402] 		EASKID_Group07 [KYWD:FF002052]
[21:10:00:402] 		EASKID_Group08 [KYWD:FF002053]
[21:10:00:402] 		EASKID_Group09 [KYWD:FF002054]
[21:10:00:402] 		EASKID_Group10 [KYWD:FF002055]
[21:10:00:402] 		EASkey_Ale [KYWD:FF002056]
[21:10:00:402] 		EASkey_AppleCabbageStew [KYWD:FF002057]
[21:10:00:402] 		EASkey_ArgonianBloodWine [KYWD:FF002058]
[21:10:00:402] 		EASkey_AshHopperLeg [KYWD:FF002059]
[21:10:00:402] 		EASkey_AshHopperMeat [KYWD:FF00205A]
[21:10:00:402] 		EASkey_AshYam [KYWD:FF00205B]
[21:10:00:402] 		EASkey_BakedPotatoes [KYWD:FF00205C]
[21:10:00:402] 		EASkey_BeefStew [KYWD:FF00205D]
[21:10:00:402] 		EASkey_BlackBriarMead [KYWD:FF00205E]
[21:10:00:402] 		EASkey_BlackBriarMeadPrivateReserve [KYWD:FF00205F]
[21:10:00:402] 		EASkey_BoarMeat [KYWD:FF002060]
[21:10:00:402] 		EASkey_BoiledCremeTreat [KYWD:FF002061]
[21:10:00:402] 		EASkey_BraidedBread [KYWD:FF002062]
[21:10:00:402] 		EASkey_Bread [KYWD:FF002063]
[21:10:00:402] 		EASkey_BreadHalf [KYWD:FF002064]
[21:10:00:402] 		EASkey_Butter [KYWD:FF002065]
[21:10:00:402] 		EASkey_Cabbage [KYWD:FF002066]
[21:10:00:402] 		EASkey_CabbagePotatoSoup [KYWD:FF002067]
[21:10:00:402] 		EASkey_CabbageSoup [KYWD:FF002068]
[21:10:00:402] 		EASkey_Carrot [KYWD:FF002069]
[21:10:00:402] 		EASkey_CharredSkeeverMeat [KYWD:FF00206A]
[21:10:00:402] 		EASkey_ChickenBreast [KYWD:FF00206B]
[21:10:00:402] 		EASkey_ClamChowder [KYWD:FF00206C]
[21:10:00:402] 		EASkey_ClamMeat [KYWD:FF00206D]
[21:10:00:402] 		EASkey_CookedBeef [KYWD:FF00206E]
[21:10:00:402] 		EASkey_CookedBoarMeat [KYWD:FF00206F]
[21:10:00:402] 		EASkey_DogMeat [KYWD:FF002070]
[21:10:00:402] 		EASkey_EidarCheeseWedge [KYWD:FF002071]
[21:10:00:402] 		EASkey_EidarCheeseWheel [KYWD:FF002072]
[21:10:00:402] 		EASkey_ElsweyrFondue [KYWD:FF002073]
[21:10:00:402] 		EASkey_FirebrandWine [KYWD:FF002074]
[21:10:00:402] 		EASkey_Flin [KYWD:FF002075]
[21:10:00:402] 		EASkey_GarlicBread [KYWD:FF002076]
[21:10:00:402] 		EASkey_GoatCheeseWedge [KYWD:FF002077]
[21:10:00:402] 		EASkey_GoatCheeseWheel [KYWD:FF002078]
[21:10:00:402] 		EASkey_Gourd [KYWD:FF002079]
[21:10:00:402] 		EASkey_GreenApple [KYWD:FF00207A]
[21:10:00:402] 		EASkey_GrilledChickenBreast [KYWD:FF00207B]
[21:10:00:402] 		EASkey_GrilledLeeks [KYWD:FF00207C]
[21:10:00:402] 		EASkey_Honey [KYWD:FF00207D]
[21:10:00:402] 		EASkey_HoneyNutTreat [KYWD:FF00207E]
[21:10:00:402] 		EASkey_HonningbrewMead [KYWD:FF00207F]
[21:10:00:402] 		EASkey_HorkerAndAshYamStew [KYWD:FF002080]
[21:10:00:402] 		EASkey_HorkerLoaf [KYWD:FF002081]
[21:10:00:402] 		EASkey_HorkerMeat [KYWD:FF002082]
[21:10:00:402] 		EASkey_HorkerStew [KYWD:FF002083]
[21:10:00:402] 		EASkey_HorseHaunch [KYWD:FF002084]
[21:10:00:402] 		EASkey_HorseMeat [KYWD:FF002085]
[21:10:00:402] 		EASkey_JazbayCrostata [KYWD:FF002086]
[21:10:00:402] 		EASkey_JugOfMilk [KYWD:FF002087]
[21:10:00:402] 		EASkey_JuniperBerryCrostata [KYWD:FF002088]
[21:10:00:402] 		EASkey_Leek [KYWD:FF002089]
[21:10:00:402] 		EASkey_LegOfGoat [KYWD:FF00208A]
[21:10:00:402] 		EASkey_LegofGoatRoast [KYWD:FF00208B]
[21:10:00:402] 		EASkey_LongTaffyTreat [KYWD:FF00208C]
[21:10:00:402] 		EASkey_MammothCheeseBowl [KYWD:FF00208D]
[21:10:00:402] 		EASkey_MammothSnout [KYWD:FF00208E]
[21:10:00:402] 		EASkey_MammothSteak [KYWD:FF00208F]
[21:10:00:402] 		EASkey_Matze [KYWD:FF002090]
[21:10:00:402] 		EASkey_MudcrabLegs [KYWD:FF002091]
[21:10:00:402] 		EASkey_PheasantBreast [KYWD:FF002092]
[21:10:00:402] 		EASkey_PheasantRoast [KYWD:FF002093]
[21:10:00:402] 		EASkey_Pie [KYWD:FF002094]
[21:10:00:402] 		EASkey_Potato [KYWD:FF002095]
[21:10:00:402] 		EASkey_PotatoBread [KYWD:FF002096]
[21:10:00:402] 		EASkey_PotatoSoup [KYWD:FF002097]
[21:10:00:402] 		EASkey_RabbitHaunch [KYWD:FF002098]
[21:10:00:402] 		EASkey_RawBeef [KYWD:FF002099]
[21:10:00:402] 		EASkey_RawRabbitLeg [KYWD:FF00209A]
[21:10:00:402] 		EASkey_RedApple [KYWD:FF00209B]
[21:10:00:402] 		EASkey_SackOfFlour [KYWD:FF00209C]
[21:10:00:403] 		EASkey_SalmonMeat [KYWD:FF00209D]
[21:10:00:403] 		EASkey_SalmonSteak [KYWD:FF00209E]
[21:10:00:403] 		EASkey_SalmonSteakHF [KYWD:FF00209F]
[21:10:00:403] 		EASkey_SearedSlaughterfish [KYWD:FF0020A0]
[21:10:00:403] 		EASkey_Shein [KYWD:FF0020A1]
[21:10:00:403] 		EASkey_SlicedEidarCheese [KYWD:FF0020A2]
[21:10:00:403] 		EASkey_SlicedGoatCheese [KYWD:FF0020A3]
[21:10:00:403] 		EASkey_SnowberryCrostata [KYWD:FF0020A4]
[21:10:00:403] 		EASkey_SoulHusk [KYWD:FF0020A5]
[21:10:00:403] 		EASkey_SpicedWine [KYWD:FF0020A6]
[21:10:00:403] 		EASkey_SteamedMudcrabLegs [KYWD:FF0020A7]
[21:10:00:403] 		EASkey_Sujamma [KYWD:FF0020A8]
[21:10:00:403] 		EASkey_SurilieBrothersWine [KYWD:FF0020A9]
[21:10:00:403] 		EASkey_SweetRoll [KYWD:FF0020AA]
[21:10:00:403] 		EASkey_Tomato [KYWD:FF0020AB]
[21:10:00:403] 		EASkey_TomatoSoup [KYWD:FF0020AC]
[21:10:00:403] 		EASkey_VegetableSoup [KYWD:FF0020AD]
[21:10:00:403] 		EASkey_VelvetLeChance [KYWD:FF0020AE]
[21:10:00:403] 		EASkey_Venison [KYWD:FF0020AF]
[21:10:00:403] 		EASkey_VenisonChop [KYWD:FF0020B0]
[21:10:00:403] 		EASkey_VenisonStew [KYWD:FF0020B1]
[21:10:00:403] 		EASkey_Wine01 [KYWD:FF0020B2]
[21:10:00:403] 		EASkey_Wine02 [KYWD:FF0020B3]
[21:10:00:403] 		EASkey_Suitou [KYWD:FF0020B4]
[21:10:00:403] 		OCF_AlchDrugSkooma [KYWD:01D9FF06]
[21:10:00:403] 		OCF_AlchDrink_Water [KYWD:01AF101C]
[21:10:00:403] 		OCF_AlchFood_Fish [KYWD:01AF1007]
[21:10:00:403] 		OCF_AlchFood_Seafood [KYWD:01AF1006]
[21:10:00:403] 		_DS_KW_Food_Soup [KYWD:FF00201C]
[21:10:00:403] 		OCF_AlchFood_Stew [KYWD:01AF1012]
[21:10:00:403] 		OCF_VesselBowl [KYWD:FF001FF6]
[21:10:00:403] 		OCF_AlchDrug [KYWD:FF00203A]
[21:10:00:403] 		OCF_AlchPoison_Food [KYWD:FF001FFA]
[21:10:00:403] 		OCF_varAlchNotGPFriendly [KYWD:FF002004]
[21:10:00:403] 		OCF_MiscSoap [KYWD:FF002028]
[21:10:00:403] 		OCF_IngrRemains_Organ [KYWD:FF00202D]
[21:10:00:403] 		OCF_ArtifactDaedric [KYWD:FF001DD4]
[21:10:00:403] 		DaedricArtifact [KYWD:000A8668]
[21:10:00:403] 		OCF_ArtifactLegendary [KYWD:FF001DDE]
[21:10:00:403] 		OCF_RelicAyleid [KYWD:FF001E0E]
[21:10:00:403] 		OCF_RelicDwarven [KYWD:FF002038]
[21:10:00:403] 		OCF_WeapThrowable [KYWD:FE04886C]
[21:10:00:403] 		WAF_WeapTypeGrenade [KYWD:01AF0237]
[21:10:00:403] 		OCF_AlchFood_Fruit [KYWD:01AF1008]
[21:10:00:403] 		_SH_MediumFoodKeyword [KYWD:01F3DD6E]
[21:10:00:403] 		OCF_VesselWaterskin [KYWD:FF002025]
[21:10:00:403] 		OCF_VesselBottleSkooma [KYWD:FF001FFB]
[21:10:00:403] 		OCF_AlchDrinkAlcohol [KYWD:01AF101A]
[21:10:00:403] 		OCF_AlchDrinkSoft [KYWD:01AF101B]
[21:10:00:403] 		OCF_AlchDrink [KYWD:FF00203C]
[21:10:00:403] 		OCF_AlchFood_Baked [KYWD:01AF1010]
[21:10:00:403] 		OCF_AlchFood_Cheese [KYWD:01AF100A]
[21:10:00:403] 		OCF_AlchFood_Bread [KYWD:01AF100F]
[21:10:00:403] 		OCF_AlchFood_Treat [KYWD:01AF1011]
[21:10:00:403] 		OCF_IngrRemains_Bug [KYWD:FF00203B]
[21:10:00:403] 		OCF_AlchFood_Meat [KYWD:01AF1004]
[21:10:00:403] 		OCF_IngrPlant [KYWD:FF00201D]
[21:10:00:403] 		OCF_AlchFood_Vegetable [KYWD:01AF1009]
[21:10:00:403] 		OCF_AlchFood_Ingredient [KYWD:FF00200C]
[21:10:00:403] 		OCF_AlchFood [KYWD:FF00203D]
[21:10:00:403] 		CraftingSmithingForge [KYWD:00088105]
[21:10:00:403] 		OCF_VesselBottlePotion [KYWD:FF002021]
[21:10:00:403] 		_SH_WineBottleKeyword [KYWD:01F3DD71]
[21:10:00:403] 		_SH_WineWATERBottleKeyword [KYWD:01F3DD78]
[21:10:00:403] 		VendorItemFoodRaw [KYWD:000A0E56]
[21:10:00:403] 		FrostfallWarmFoodDrinkKeyword [KYWD:01CC0E08]
[21:10:00:403] 		OCF_AlchDrink_WaterRaw [KYWD:FF002029]
[21:10:00:403] 		CRFExemptArtifactKeyword [KYWD:0101A409]
[21:10:00:403] 		OCF_Artifact [KYWD:FF001F0B]
[21:10:00:403] 		OCF_Relic [KYWD:FF001DE2]
[21:10:00:403] 		OCF_AlchDrink_MilkRaw [KYWD:FF00203F]
[21:10:00:403] 		OCF_AlchFood_EggRaw [KYWD:FF002040]
[21:10:00:403] 		OCF_AlchFood_FishRaw [KYWD:FF002041]
[21:10:00:403] 		OCF_AlchFood_IngredientRaw [KYWD:FF002042]
[21:10:00:403] 		OCF_AlchFood_MeatRaw [KYWD:FF002043]
[21:10:00:403] 		OCF_AlchFood_SeafoodRaw [KYWD:FF002044]
[21:10:00:403] 		OCF_VesselBottle [KYWD:FF002045]
[21:10:00:403] 		_SHFoodIgnoreKeyword [KYWD:BFABE495]
[21:10:00:403] 		_SH_SoupKeyword [KYWD:01F3DD74]
[21:10:00:403] 		_SH_AlcoholDrinkKeyword [KYWD:01F3DD73]
[21:10:00:403] 		_SH_SujammaWATERBottleKeyword [KYWD:01F3DD79]
[21:10:00:403] 		_SH_MeadWATERBottleKeyword [KYWD:01F3DD77]
[21:10:00:403] 		_SHHotBeverage [KYWD:BFA17387]
[21:10:00:403] 		VendorItemFood [KYWD:0008CDEA]
[21:10:00:403] 		OCF_AlchBlood [KYWD:FF002039]
[21:10:00:403] 		_SH_DrinkKeyword [KYWD:01F3DD72]
[21:10:00:403] 		VendorItemPoison [KYWD:0008CDED]
[21:10:00:403] 		VendorItemFoodCooked [KYWD:01AF1001]
[21:10:00:403] 		VendorItemFoodUncooked [KYWD:01AF1002]
[21:10:00:403] 		VendorItemFoodPrepared [KYWD:FF001FF5]
[21:10:00:403] 		OCF_AlchGreenPact [KYWD:FF001FF4]
[21:10:00:403] 		OCF_AlchFoodAndDrink [KYWD:FF00203E]
[21:10:00:403] Scroll
[21:10:00:403] 	[ABA_KW-OCF_SCRL_KID.ini] OCF_ScrlSpider
[21:10:00:404] 	[ABA_KW-OCF_SCRL_KID.ini] OCF_MiscPetGear_Toy
[21:10:00:405] 	[ABA_KW-OCF_SCRL_KID.ini] OCF_ScrlPowder
[21:10:00:405] 	[ABA_KW-OCF_SCRL_KID.ini] OCF_WeapTypeKunai1H
[21:10:00:405] 	[ABA_KW-OCF_SCRL_KID.ini] OCF_WeapTypeShuriken1H
[21:10:00:405] 	[ABA_KW-OCF_SCRL_KID.ini] OCF_WeapTypeDart1H
[21:10:00:406] 	[ABA_KW-OCF_SCRL_KID.ini] OCF_WeapThrowable
[21:10:00:406] 	[ABA_KW-OCF_SCRL_KID.ini] OCF_WeapSmallBladed1H
[21:10:00:406] 	[ABA_KW-OCF_SCRL_KID.ini] OCF_WeapMelee
[21:10:00:406] 	[ABA_KW-OCF_SCRL_KID.ini] OCF_MiscPetGear
[21:10:00:406] 	[ABA_KW-OCF_SCRL_KID.ini] OCF_ScrlBasic
[21:10:00:406] 	[ABA_KW-OCF_SCRL_KID.ini] WeapTypeDagger
[21:10:00:406] 	[ABA_KW-OCF_SCRL_KID.ini] CRFExemptArtifactKeyword
[21:10:00:407] 	Sorting keywords...
[21:10:00:407] 	Sorted keywords: 
[21:10:00:407] 		OCF_EquipTypeBothHands [KYWD:FF001F58]
[21:10:00:407] 		OCF_EquipTypeEitherHand [KYWD:FF001F59]
[21:10:00:407] 		OCF_EquipTypeLeftHand [KYWD:FF001F5A]
[21:10:00:407] 		OCF_EquipTypeRightHand [KYWD:FF001F5B]
[21:10:00:407] 		MAG_WeapTypeBound [KYWD:01ADA117]
[21:10:00:407] 		OCF_ScrlSpider [KYWD:FF0020B5]
[21:10:00:407] 		OCF_MiscPetGear_Toy [KYWD:FF0020B6]
[21:10:00:407] 		OCF_ScrlPowder [KYWD:FF0020B7]
[21:10:00:407] 		OCF_WeapTypeKunai1H [KYWD:FE048803]
[21:10:00:407] 		OCF_WeapTypeShuriken1H [KYWD:FE048807]
[21:10:00:407] 		OCF_WeapTypeDart1H [KYWD:FE04888B]
[21:10:00:407] 		OCF_InvColorFire [KYWD:FF001CD7]
[21:10:00:407] 		OCF_InvColorFrost [KYWD:FF001CFE]
[21:10:00:407] 		OCF_InvColorPoison [KYWD:FF001FDA]
[21:10:00:407] 		OCF_InvColorShock [KYWD:FF001D3D]
[21:10:00:407] 		OCF_MaterialEthereal [KYWD:FF001F1B]
[21:10:00:407] 		OCF_WeapSmallBladed1H [KYWD:FE048887]
[21:10:00:407] 		OCF_WeapMelee [KYWD:FE048866]
[21:10:00:407] 		OCF_MiscPetGear [KYWD:FF0020B8]
[21:10:00:407] 		WeapTypeDagger [KYWD:0001E713]
[21:10:00:407] 		CRFExemptArtifactKeyword [KYWD:0101A409]
[21:10:00:407] 		OCF_WeapThrowable [KYWD:FE04886C]
[21:10:00:407] 		OCF_ScrlBasic [KYWD:FF0020B9]
[21:10:00:407] Location
[21:10:00:407] 	[ABA_KW-OCF_LCTN_KID.ini] LocSetCave
[21:10:00:407] 	[ABA_KW-OCF_LCTN_KID.ini] LocSetDwarvenRuin
[21:10:00:407] 	[ABA_KW-OCF_LCTN_KID.ini] LocTypeBanditCamp
[21:10:00:407] 	[ABA_KW-OCF_LCTN_KID.ini] LocTypeBarracks
[21:10:00:407] 	[ABA_KW-OCF_LCTN_KID.ini] LocTypeCastle
[21:10:00:407] 	[ABA_KW-OCF_LCTN_KID.ini] LocTypeDraugrCrypt
[21:10:00:407] 	[ABA_KW-OCF_LCTN_KID.ini] LocTypeDungeon
[21:10:00:407] 	[ABA_KW-OCF_LCTN_KID.ini] LocTypeDwelling
[21:10:00:407] 	[ABA_KW-OCF_LCTN_KID.ini] LocTypeHabitation
[21:10:00:407] 	[ABA_KW-OCF_LCTN_KID.ini] LocTypeHagravenNest
[21:10:00:407] 	[ABA_KW-OCF_LCTN_KID.ini] LocTypeHoldMajor
[21:10:00:407] 	[ABA_KW-OCF_LCTN_KID.ini] LocTypeHouse
[21:10:00:407] 	[ABA_KW-OCF_LCTN_KID.ini] LocTypeJail
[21:10:00:407] 	[ABA_KW-OCF_LCTN_KID.ini] LocTypeMine
[21:10:00:407] 	[ABA_KW-OCF_LCTN_KID.ini] LocTypePlayerHouse
[21:10:00:407] 	[ABA_KW-OCF_LCTN_KID.ini] LocTypeShip
[21:10:00:407] 	[ABA_KW-OCF_LCTN_KID.ini] LocTypeStore
[21:10:00:407] 	[ABA_KW-OCF_LCTN_KID.ini] TGBusiness
[21:10:00:407] 	[ABA_KW-OCF_LCTN_KID.ini] OCF_LctnAetherius_Sovngarde
[21:10:00:407] 	[ABA_KW-OCF_LCTN_KID.ini] OCF_LctnOblivion_Apocrypha
[21:10:00:407] 	[ABA_KW-OCF_LCTN_KID.ini] OCF_LctnOblivion_Moonshadow
[21:10:00:407] 	[ABA_KW-OCF_LCTN_KID.ini] OCF_LctnOblivion_SoulCairn
[21:10:00:407] 	[ABA_KW-OCF_LCTN_KID.ini] OCF_LctnAyleidRuin
[21:10:00:407] 	[ABA_KW-OCF_LCTN_KID.ini] OCF_LctnOblivion_Deadlands
[21:10:00:407] 	[ABA_KW-OCF_LCTN_KID.ini] OCF_LctnOblivion_Quagmire
[21:10:00:408] 	[ABA_KW-OCF_LCTN_KID.ini] OCF_LctnAetherius
[21:10:00:408] 	[ABA_KW-OCF_LCTN_KID.ini] OCF_LctnOblivion
[21:10:00:408] 	[Helmet Toggle_KID.ini] HT_EquipHeadgearHere
[21:10:00:408] 	Sorting keywords...
[21:10:00:408] 	Sorted keywords: 
[21:10:00:408] 		LocSetCave [KYWD:000130EF]
[21:10:00:408] 		LocSetDwarvenRuin [KYWD:000130F0]
[21:10:00:408] 		LocTypeBanditCamp [KYWD:000130DF]
[21:10:00:408] 		LocTypeBarracks [KYWD:0001CD55]
[21:10:00:408] 		LocTypeCastle [KYWD:0001CD57]
[21:10:00:408] 		LocTypeDraugrCrypt [KYWD:000130E2]
[21:10:00:408] 		LocTypeDungeon [KYWD:000130DB]
[21:10:00:408] 		LocTypeDwelling [KYWD:000130DC]
[21:10:00:408] 		LocTypeHabitation [KYWD:00039793]
[21:10:00:408] 		LocTypeHagravenNest [KYWD:000130E6]
[21:10:00:408] 		LocTypeHoldMajor [KYWD:000868E1]
[21:10:00:408] 		LocTypeHouse [KYWD:0001CB85]
[21:10:00:408] 		LocTypeJail [KYWD:0001CD59]
[21:10:00:408] 		LocTypeMine [KYWD:00018EF1]
[21:10:00:408] 		LocTypePlayerHouse [KYWD:000FC1A3]
[21:10:00:408] 		LocTypeShip [KYWD:0001CD5B]
[21:10:00:408] 		LocTypeStore [KYWD:0001CB86]
[21:10:00:408] 		TGBusiness [KYWD:00061849]
[21:10:00:408] 		OCF_LctnAetherius_Sovngarde [KYWD:FF0020BA]
[21:10:00:408] 		OCF_LctnOblivion_Apocrypha [KYWD:FF0020BB]
[21:10:00:408] 		OCF_LctnOblivion_Moonshadow [KYWD:FF0020BC]
[21:10:00:408] 		OCF_LctnOblivion_SoulCairn [KYWD:FF0020BD]
[21:10:00:408] 		OCF_LctnOblivion_Deadlands [KYWD:FF0020BF]
[21:10:00:408] 		OCF_LctnOblivion_Quagmire [KYWD:FF0020C0]
[21:10:00:408] 		HT_EquipHeadgearHere [KYWD:FEB56855]
[21:10:00:408] 		OCF_LctnAyleidRuin [KYWD:FF0020BE]
[21:10:00:408] 		OCF_LctnAetherius [KYWD:FF0020C1]
[21:10:00:408] 		OCF_LctnOblivion [KYWD:FF0020C2]
[21:10:00:409] Ingredient
[21:10:00:412] 	[ABA_KW-OCF_INGR_KID.ini] VendorItemAnimalPart
[21:10:00:412] 	[ABA_KW-OCF_INGR_KID.ini] VendorItemFood
[21:10:00:412] 	[ABA_KW-OCF_INGR_KID.ini] VendorItemFoodRaw
[21:10:00:412] 	[ABA_KW-OCF_INGR_KID.ini] VendorItemGem
[21:10:00:412] 	[ABA_KW-OCF_INGR_KID.ini] VendorItemIngredient
[21:10:00:412] 	[ABA_KW-OCF_INGR_KID.ini] OCF_AlchFood_EggRaw
[21:10:00:412] 	[ABA_KW-OCF_INGR_KID.ini] OCF_AlchFood_Fruit
[21:10:00:412] 	[ABA_KW-OCF_INGR_KID.ini] OCF_AlchFood_Ingredient
[21:10:00:412] 	[ABA_KW-OCF_INGR_KID.ini] OCF_IngrMisc_Beehive
[21:10:00:412] 	[ABA_KW-OCF_INGR_KID.ini] OCF_IngrMisc_Honeycomb
[21:10:00:412] 	[ABA_KW-OCF_INGR_KID.ini] OCF_IngrMisc_Mineral
[21:10:00:412] 	[ABA_KW-OCF_INGR_KID.ini] OCF_IngrMisc_Oil
[21:10:00:412] 	[ABA_KW-OCF_INGR_KID.ini] OCF_IngrPlant_Berry
[21:10:00:412] 	[ABA_KW-OCF_INGR_KID.ini] OCF_IngrPlant_BriarHeart
[21:10:00:412] 	[ABA_KW-OCF_INGR_KID.ini] OCF_IngrPlant_FlowerDeathbell
[21:10:00:412] 	[ABA_KW-OCF_INGR_KID.ini] OCF_IngrPlant_Flower
[21:10:00:412] 	[ABA_KW-OCF_INGR_KID.ini] OCF_IngrPlant_Gloop
[21:10:00:412] 	[ABA_KW-OCF_INGR_KID.ini] OCF_IngrPlant_Leaf
[21:10:00:412] 	[ABA_KW-OCF_INGR_KID.ini] OCF_IngrPlant_MoonSugar
[21:10:00:412] 	[ABA_KW-OCF_INGR_KID.ini] OCF_IngrPlant_Mushroom
[21:10:00:412] 	[ABA_KW-OCF_INGR_KID.ini] OCF_IngrPlant_Root
[21:10:00:412] 	[ABA_KW-OCF_INGR_KID.ini] OCF_IngrPlant_Wood
[21:10:00:412] 	[ABA_KW-OCF_INGR_KID.ini] OCF_IngrPlant
[21:10:00:412] 	[ABA_KW-OCF_INGR_KID.ini] OCF_IngrRemains_Bone
[21:10:00:412] 	[ABA_KW-OCF_INGR_KID.ini] OCF_IngrRemains_BugBee
[21:10:00:412] 	[ABA_KW-OCF_INGR_KID.ini] OCF_IngrRemains_BugButterfly
[21:10:00:412] 	[ABA_KW-OCF_INGR_KID.ini] OCF_IngrRemains_BugDragonfly
[21:10:00:412] 	[ABA_KW-OCF_INGR_KID.ini] OCF_IngrRemains_BugFirefly
[21:10:00:412] 	[ABA_KW-OCF_INGR_KID.ini] OCF_IngrRemains_Bug
[21:10:00:412] 	[ABA_KW-OCF_INGR_KID.ini] OCF_IngrRemains_Crustacean
[21:10:00:412] 	[ABA_KW-OCF_INGR_KID.ini] OCF_IngrRemains_DustAshes
[21:10:00:412] 	[ABA_KW-OCF_INGR_KID.ini] OCF_IngrRemains_Dust
[21:10:00:412] 	[ABA_KW-OCF_INGR_KID.ini] OCF_IngrRemains_EggChaurus
[21:10:00:412] 	[ABA_KW-OCF_INGR_KID.ini] OCF_IngrRemains_EggFish
[21:10:00:412] 	[ABA_KW-OCF_INGR_KID.ini] OCF_IngrRemains_Egg
[21:10:00:412] 	[ABA_KW-OCF_INGR_KID.ini] OCF_IngrRemains_Fat
[21:10:00:412] 	[ABA_KW-OCF_INGR_KID.ini] OCF_IngrRemains_Feather
[21:10:00:412] 	[ABA_KW-OCF_INGR_KID.ini] OCF_IngrRemains_FiberSilk
[21:10:00:413] 	[ABA_KW-OCF_INGR_KID.ini] OCF_IngrRemains_Fish
[21:10:00:413] 	[ABA_KW-OCF_INGR_KID.ini] OCF_IngrRemains_FleshCooked
[21:10:00:413] 	[ABA_KW-OCF_INGR_KID.ini] OCF_IngrRemains_FleshRaw
[21:10:00:413] 	[ABA_KW-OCF_INGR_KID.ini] OCF_IngrRemains_Gloop
[21:10:00:413] 	[ABA_KW-OCF_INGR_KID.ini] OCF_IngrRemains_OrganEye
[21:10:00:413] 	[ABA_KW-OCF_INGR_KID.ini] OCF_IngrRemains_OrganHeart
[21:10:00:413] 	[ABA_KW-OCF_INGR_KID.ini] OCF_IngrRemains_Pearl
[21:10:00:413] 	[ABA_KW-OCF_INGR_KID.ini] OCF_IngrRemains_PlateScales
[21:10:00:413] 	[ABA_KW-OCF_INGR_KID.ini] OCF_IngrRemains_SharpAntler
[21:10:00:413] 	[ABA_KW-OCF_INGR_KID.ini] OCF_IngrRemains_SharpBeak
[21:10:00:413] 	[ABA_KW-OCF_INGR_KID.ini] OCF_IngrRemains_SharpClaw
[21:10:00:413] 	[ABA_KW-OCF_INGR_KID.ini] OCF_IngrRemains_SharpTeeth
[21:10:00:413] 	[ABA_KW-OCF_INGR_KID.ini] OCF_IngrRemains_SharpTusk
[21:10:00:413] 	[ABA_KW-OCF_INGR_KID.ini] OCF_AlchSpoiled
[21:10:00:413] 	[ABA_KW-OCF_INGR_KID.ini] GiftFlower
[21:10:00:415] 	[ABA_KW-OCF_INGR_KID.ini] OCF_MiscSoap
[21:10:00:415] 	[ABA_KW-OCF_INGR_KID.ini] OCF_IngrRemains_PlateHide
[21:10:00:415] 	[ABA_KW-OCF_INGR_KID.ini] OCF_AlchPoison
[21:10:00:415] 	[ABA_KW-OCF_INGR_KID.ini] OCF_IngrRemains_SharpHorn
[21:10:00:415] 	[ABA_KW-OCF_INGR_KID.ini] OCF_IngrRemains_Misc
[21:10:00:416] 	[ABA_KW-OCF_INGR_KID.ini] OCF_AlchFood_Vegetable
[21:10:00:416] 	[ABA_KW-OCF_INGR_KID.ini] OCF_VesselBag
[21:10:00:418] 	[ABA_KW-OCF_INGR_KID.ini] OCF_VesselBowl
[21:10:00:435] 	[ABA_KW-OCF_INGR_KID.ini] OCF_IngrPlant_SoulHusk
[21:10:00:436] 	[ABA_KW-OCF_INGR_KID.ini] OCF_AlchBlood_Creature
[21:10:00:436] 	[ABA_KW-OCF_INGR_KID.ini] OCF_AlchBlood_Humanoid
[21:10:00:436] 	[ABA_KW-OCF_INGR_KID.ini] OCF_AlchBlood_Werebeast
[21:10:00:439] 	[ABA_KW-OCF_INGR_KID.ini] OCF_IngrRemains_FiberHair
[21:10:00:440] 	[ABA_KW-OCF_INGR_KID.ini] OCF_IngrRemains_OrganLiver
[21:10:00:440] 	[ABA_KW-OCF_INGR_KID.ini] OCF_IngrRemains_SharpTalon
[21:10:00:445] 	[ABA_KW-OCF_INGR_KID.ini] OCF_VesselVial
[21:10:00:455] 	[ABA_KW-OCF_INGR_KID.ini] OCF_IngrMisc
[21:10:00:456] 	[ABA_KW-OCF_INGR_KID.ini] OCF_varAlchNotGPFriendly
[21:10:00:460] 	[ABA_KW-OCF_INGR_KID.ini] GiftChildSpecial
[21:10:00:488] 	[ABA_KW-OCF_INGR_KID.ini] OCF_IngrRemains_Organ
[21:10:00:489] 	[ABA_KW-OCF_INGR_KID.ini] OCF_IngrRemains_Plate
[21:10:00:490] 	[ABA_KW-OCF_INGR_KID.ini] OCF_IngrRemains_SharpHoof
[21:10:00:492] 	[ABA_KW-OCF_INGR_KID.ini] OCF_IngrRemains
[21:10:00:504] 	[ABA_KW-OCF_INGR_KID.ini] OCF_AlchFood_Treat
[21:10:00:505] 	[ABA_KW-OCF_INGR_KID.ini] _SH_WineBottleKeyword
[21:10:00:512] 	[ABA_KW-OCF_INGR_KID.ini] OCF_Placeholder_Dummy
[21:10:00:525] 	[ABA_KW-OCF_INGR_KID.ini] OCF_AlchBlood
[21:10:00:526] 	[ABA_KW-OCF_INGR_KID.ini] OCF_IngrRemains_Fiber
[21:10:00:526] 	[ABA_KW-OCF_INGR_KID.ini] OCF_IngrRemains_Flesh
[21:10:00:526] 	[ABA_KW-OCF_INGR_KID.ini] OCF_IngrRemains_Sharp
[21:10:00:526] 	[ABA_KW-OCF_INGR_KID.ini] OCF_AlchGreenPact
[21:10:00:526] 	[ABA_KW-OCF_INGR_KID.ini] OCF_VesselBottlePotion
[21:10:00:529] 	[ABA_KW-OCF_INGR_KID.ini] OCF_VesselBottleWine
[21:10:00:533] 	[ABA_KW-OCF_INGR_KID.ini] OCF_VesselBottle
[21:10:00:569] 	[ABA_KW-OCF_INGR_KID.ini] CRFExemptArtifactKeyword
[21:10:00:569] 	[ABB_KW-OCF_Inventory_KID.ini] OCF_InvColorBlue
[21:10:00:569] 	[ABB_KW-OCF_Inventory_KID.ini] OCF_InvColorDwarven
[21:10:00:570] 	[ABB_KW-OCF_Inventory_KID.ini] OCF_InvColorPurple
[21:10:00:570] 	[ABB_KW-OCF_Inventory_KID.ini] OCF_InvColorRed
[21:10:00:570] 	[ABB_KW-OCF_Inventory_KID.ini] OCF_InvColorYellow
[21:10:00:570] 	[ABB_KW-OCF_Inventory_KID.ini] OCF_InvColorGreen
[21:10:00:570] 	[ABB_KW-OCF_Inventory_KID.ini] OCF_InvColorOrange
[21:10:00:570] 	[ABB_KW-OCF_Inventory_KID.ini] OCF_InvColorPink
[21:10:00:570] 	[ABB_KW-OCF_Inventory_KID.ini] OCF_InvColorWhite
[21:10:00:571] 	[ABB_KW-OCF_Inventory_KID.ini] OCF_InvColorBlack
[21:10:00:571] 	[ABB_KW-OCF_Inventory_KID.ini] OCF_InvColorGray
[21:10:00:575] 	[ABB_KW-OCF_Inventory_KID.ini] OCF_InvColorMagenta
[21:10:00:578] 	Sorting keywords...
[21:10:00:579] 	Sorted keywords: 
[21:10:00:579] 		VendorItemAnimalPart [KYWD:000914EB]
[21:10:00:579] 		VendorItemFoodRaw [KYWD:000A0E56]
[21:10:00:579] 		VendorItemGem [KYWD:000914ED]
[21:10:00:579] 		VendorItemIngredient [KYWD:0008CDEB]
[21:10:00:579] 		OCF_AlchFood_EggRaw [KYWD:FF002040]
[21:10:00:579] 		OCF_AlchFood_Fruit [KYWD:01AF1008]
[21:10:00:579] 		OCF_IngrMisc_Beehive [KYWD:FF0020C3]
[21:10:00:579] 		OCF_IngrMisc_Honeycomb [KYWD:FF0020C4]
[21:10:00:579] 		OCF_IngrMisc_Mineral [KYWD:FF0020C5]
[21:10:00:579] 		OCF_IngrMisc_Oil [KYWD:FF0020C6]
[21:10:00:579] 		OCF_IngrPlant_Berry [KYWD:FF0020C7]
[21:10:00:579] 		OCF_IngrPlant_BriarHeart [KYWD:FF0020C8]
[21:10:00:579] 		OCF_IngrPlant_FlowerDeathbell [KYWD:FF0020C9]
[21:10:00:579] 		OCF_IngrPlant_Gloop [KYWD:FF0020CB]
[21:10:00:579] 		OCF_IngrPlant_Leaf [KYWD:FF0020CC]
[21:10:00:579] 		OCF_IngrPlant_MoonSugar [KYWD:FF0020CD]
[21:10:00:579] 		OCF_IngrPlant_Wood [KYWD:FF0020CE]
[21:10:00:579] 		OCF_IngrRemains_Bone [KYWD:FF0020CF]
[21:10:00:579] 		OCF_IngrRemains_BugButterfly [KYWD:FF0020D0]
[21:10:00:579] 		OCF_IngrRemains_BugDragonfly [KYWD:FF002013]
[21:10:00:579] 		OCF_IngrRemains_BugFirefly [KYWD:FF0020D1]
[21:10:00:579] 		OCF_IngrRemains_Crustacean [KYWD:FF0020D2]
[21:10:00:579] 		OCF_IngrRemains_DustAshes [KYWD:FF0020D3]
[21:10:00:579] 		OCF_IngrRemains_EggChaurus [KYWD:FF0020D5]
[21:10:00:579] 		OCF_IngrRemains_EggFish [KYWD:FF0020D6]
[21:10:00:579] 		OCF_IngrRemains_Feather [KYWD:FF0020D8]
[21:10:00:579] 		OCF_IngrRemains_FiberSilk [KYWD:FF0020D9]
[21:10:00:579] 		OCF_IngrRemains_Fish [KYWD:FF0020DA]
[21:10:00:579] 		OCF_IngrRemains_FleshCooked [KYWD:FF0020DB]
[21:10:00:579] 		OCF_IngrRemains_FleshRaw [KYWD:FF0020DC]
[21:10:00:579] 		OCF_IngrRemains_Gloop [KYWD:FF0020DD]
[21:10:00:579] 		OCF_IngrRemains_OrganEye [KYWD:FF0020DE]
[21:10:00:579] 		OCF_IngrRemains_OrganHeart [KYWD:FF002015]
[21:10:00:579] 		OCF_IngrRemains_Pearl [KYWD:FF0020DF]
[21:10:00:579] 		OCF_IngrRemains_PlateScales [KYWD:FF0020E0]
[21:10:00:579] 		OCF_IngrRemains_SharpAntler [KYWD:FF0020E1]
[21:10:00:579] 		OCF_IngrRemains_SharpBeak [KYWD:FF0020E2]
[21:10:00:579] 		OCF_IngrRemains_SharpClaw [KYWD:FF0020E3]
[21:10:00:579] 		OCF_IngrRemains_SharpTeeth [KYWD:FF0020E4]
[21:10:00:579] 		OCF_IngrRemains_SharpTusk [KYWD:FF0020E5]
[21:10:00:579] 		GiftFlower [KYWD:000A0E54]
[21:10:00:579] 		OCF_MiscSoap [KYWD:FF002028]
[21:10:00:579] 		OCF_IngrRemains_PlateHide [KYWD:FF0020E6]
[21:10:00:579] 		OCF_AlchPoison [KYWD:FF0020E7]
[21:10:00:579] 		OCF_IngrRemains_SharpHorn [KYWD:FF0020E8]
[21:10:00:579] 		OCF_IngrRemains_Misc [KYWD:FF0020E9]
[21:10:00:579] 		OCF_AlchBlood_Humanoid [KYWD:FF0020EA]
[21:10:00:579] 		OCF_IngrRemains_FiberHair [KYWD:FF0020EB]
[21:10:00:579] 		OCF_IngrRemains_OrganLiver [KYWD:FF0020EC]
[21:10:00:579] 		OCF_IngrRemains_SharpTalon [KYWD:FF0020ED]
[21:10:00:579] 		OCF_VesselVial [KYWD:FF002036]
[21:10:00:579] 		OCF_varAlchNotGPFriendly [KYWD:FF002004]
[21:10:00:579] 		GiftChildSpecial [KYWD:000A248C]
[21:10:00:579] 		OCF_IngrRemains_SharpHoof [KYWD:FF0020F0]
[21:10:00:579] 		OCF_AlchFood_Treat [KYWD:01AF1011]
[21:10:00:579] 		_SH_WineBottleKeyword [KYWD:01F3DD71]
[21:10:00:579] 		OCF_VesselBottleWine [KYWD:FF0020F5]
[21:10:00:579] 		OCF_InvColorBlue [KYWD:FF0020F6]
[21:10:00:579] 		OCF_InvColorDwarven [KYWD:FF0020F7]
[21:10:00:579] 		OCF_InvColorLegendary [KYWD:FF002047]
[21:10:00:579] 		OCF_InvColorRed [KYWD:FF0020F8]
[21:10:00:579] 		OCF_InvColorYellow [KYWD:FF0020F9]
[21:10:00:579] 		OCF_InvColorGreen [KYWD:FF0020FA]
[21:10:00:579] 		OCF_InvColorOrange [KYWD:FF0020FB]
[21:10:00:579] 		OCF_InvColorGray [KYWD:FF0020FC]
[21:10:00:579] 		OCF_IngrPlant_Root [KYWD:FF00201E]
[21:10:00:579] 		OCF_IngrRemains_BugBee [KYWD:FF002008]
[21:10:00:579] 		OCF_AlchSpoiled [KYWD:FF002012]
[21:10:00:579] 		OCF_VesselBag [KYWD:FF002006]
[21:10:00:579] 		OCF_VesselBowl [KYWD:FF001FF6]
[21:10:00:579] 		OCF_IngrPlant_SoulHusk [KYWD:FF001FF2]
[21:10:00:579] 		OCF_AlchBlood_Creature [KYWD:FF00201F]
[21:10:00:579] 		OCF_AlchBlood_Werebeast [KYWD:FF002020]
[21:10:00:579] 		OCF_Placeholder_Dummy [KYWD:FF002023]
[21:10:00:579] 		OCF_VesselBottlePotion [KYWD:FF002021]
[21:10:00:579] 		OCF_InvColorDaedric [KYWD:FF001D82]
[21:10:00:579] 		OCF_InvColorFire [KYWD:FF001CD7]
[21:10:00:579] 		OCF_InvColorFrost [KYWD:FF001CFE]
[21:10:00:579] 		OCF_InvColorPurple [KYWD:FF001D02]
[21:10:00:579] 		OCF_InvColorShock [KYWD:FF001D3D]
[21:10:00:579] 		OCF_InvColorPink [KYWD:FF001D01]
[21:10:00:579] 		OCF_InvColorWhite [KYWD:FF001D03]
[21:10:00:579] 		OCF_InvColorBlack [KYWD:FF001CFC]
[21:10:00:579] 		OCF_InvColorMagenta [KYWD:FF001D00]
[21:10:00:579] 		OCF_IngrPlant_Flower [KYWD:FF0020CA]
[21:10:00:579] 		OCF_IngrPlant_Mushroom [KYWD:FF00200D]
[21:10:00:579] 		OCF_IngrRemains_Dust [KYWD:FF0020D4]
[21:10:00:579] 		OCF_IngrRemains_Fat [KYWD:FF002014]
[21:10:00:579] 		OCF_AlchFood_Vegetable [KYWD:01AF1009]
[21:10:00:579] 		OCF_IngrRemains_Egg [KYWD:FF0020D7]
[21:10:00:579] 		OCF_IngrRemains_Plate [KYWD:FF0020EF]
[21:10:00:579] 		OCF_IngrRemains_Fiber [KYWD:FF0020F2]
[21:10:00:579] 		OCF_IngrRemains_Flesh [KYWD:FF0020F3]
[21:10:00:579] 		OCF_VesselBottle [KYWD:FF002045]
[21:10:00:579] 		CRFExemptArtifactKeyword [KYWD:0101A409]
[21:10:00:579] 		OCF_AlchFood_Ingredient [KYWD:FF00200C]
[21:10:00:579] 		VendorItemFood [KYWD:0008CDEA]
[21:10:00:579] 		OCF_IngrRemains_Organ [KYWD:FF00202D]
[21:10:00:579] 		OCF_AlchBlood [KYWD:FF002039]
[21:10:00:579] 		OCF_IngrRemains_Bug [KYWD:FF00203B]
[21:10:00:579] 		OCF_IngrRemains_Sharp [KYWD:FF0020F4]
[21:10:00:579] 		OCF_IngrRemains [KYWD:FF0020F1]
[21:10:00:579] 		OCF_IngrMisc [KYWD:FF0020EE]
[21:10:00:579] 		OCF_AlchGreenPact [KYWD:FF001FF4]
[21:10:00:579] 		OCF_IngrPlant [KYWD:FF00201D]
[21:10:00:579] Book
[21:10:00:583] 	[ABA_KW-OCF_BOOK_KID.ini] OCF_ArtifactAedric_ElderScroll
[21:10:00:583] 	[ABA_KW-OCF_BOOK_KID.ini] OCF_ArtifactDaedric_BlackBook
[21:10:00:583] 	[ABA_KW-OCF_BOOK_KID.ini] OCF_ArtifactDaedric_OghmaInfinium
[21:10:00:583] 	[ABA_KW-OCF_BOOK_KID.ini] OCF_BookTextDocument
[21:10:00:583] 	[ABA_KW-OCF_BOOK_KID.ini] OCF_BookTextJournal
[21:10:00:583] 	[ABA_KW-OCF_BOOK_KID.ini] OCF_BookTextManual
[21:10:00:583] 	[ABA_KW-OCF_BOOK_KID.ini] OCF_BookTextMap
[21:10:00:583] 	[ABA_KW-OCF_BOOK_KID.ini] OCF_BookTextMissive
[21:10:00:583] 	[ABA_KW-OCF_BOOK_KID.ini] OCF_BookTextRansom
[21:10:00:583] 	[ABA_KW-OCF_BOOK_KID.ini] OCF_BookTextRecipe_Cooking
[21:10:00:583] 	[ABA_KW-OCF_BOOK_KID.ini] OCF_BookTextRecipe_Crafting
[21:10:00:583] 	[ABA_KW-OCF_BOOK_KID.ini] OCF_BookTextRecipe_Daedric
[21:10:00:583] 	[ABA_KW-OCF_BOOK_KID.ini] OCF_BookTextRecipe_Spider
[21:10:00:583] 	[ABA_KW-OCF_BOOK_KID.ini] OCF_BookSpellTome_Destruction
[21:10:00:583] 	[ABA_KW-OCF_BOOK_KID.ini] OCF_BookSpellTome_Illusion
[21:10:00:583] 	[ABA_KW-OCF_BOOK_KID.ini] OCF_BookSpellTome_Alteration
[21:10:00:584] 	[ABA_KW-OCF_BOOK_KID.ini] OCF_BookTextSong
[21:10:00:585] 	[ABA_KW-OCF_BOOK_KID.ini] OCF_Placeholder_FireFuel_Beehive
[21:10:00:585] 	[ABA_KW-OCF_BOOK_KID.ini] OCF_Placeholder_FireFuel_Book
[21:10:00:585] 	[ABA_KW-OCF_BOOK_KID.ini] OCF_Placeholder_FireFuel_Cloth
[21:10:00:585] 	[ABA_KW-OCF_BOOK_KID.ini] OCF_Placeholder_FireFuel_DwarvenOil
[21:10:00:585] 	[ABA_KW-OCF_BOOK_KID.ini] OCF_Placeholder_FireFuel_Mushroom
[21:10:00:585] 	[ABA_KW-OCF_BOOK_KID.ini] OCF_Placeholder_FireFuel_Paper
[21:10:00:585] 	[ABA_KW-OCF_BOOK_KID.ini] OCF_Placeholder_FireFuel_Plant
[21:10:00:585] 	[ABA_KW-OCF_BOOK_KID.ini] OCF_Placeholder_FireFuel_Root
[21:10:00:585] 	[ABA_KW-OCF_BOOK_KID.ini] OCF_Placeholder_FireFuel_Straw
[21:10:00:585] 	[ABA_KW-OCF_BOOK_KID.ini] OCF_Placeholder_FireFuel_Wood
[21:10:00:585] 	[ABA_KW-OCF_BOOK_KID.ini] OCF_Placeholder_FireLight_Magic
[21:10:00:585] 	[ABA_KW-OCF_BOOK_KID.ini] OCF_Placeholder_FireLight_Stone
[21:10:00:585] 	[ABA_KW-OCF_BOOK_KID.ini] OCF_Placeholder_FireFuel_FireSalts
[21:10:00:586] 	[ABA_KW-OCF_BOOK_KID.ini] OCF_RelicDaedric_EldritchPage
[21:10:00:586] 	[ABA_KW-OCF_BOOK_KID.ini] OCF_RelicDaedric_EldritchTome
[21:10:00:586] 	[ABA_KW-OCF_BOOK_KID.ini] OCF_BookTextScroll
[21:10:00:586] 	[ABA_KW-OCF_BOOK_KID.ini] OCF_BookBindingScroll
[21:10:00:586] 	[ABA_KW-OCF_BOOK_KID.ini] VendorItemScroll
[21:10:00:587] 	[ABA_KW-OCF_BOOK_KID.ini] OCF_Placeholder_Craft
[21:10:00:590] 	[ABA_KW-OCF_BOOK_KID.ini] OCF_Placeholder_FireFuel_Fat
[21:10:00:590] 	[ABA_KW-OCF_BOOK_KID.ini] OCF_ReplicaAedric_ElderScroll
[21:10:00:590] 	[ABA_KW-OCF_BOOK_KID.ini] OCF_ReplicaDaedric_BlackBook
[21:10:00:590] 	[ABA_KW-OCF_BOOK_KID.ini] OCF_ReplicaDaedric_OghmaInfinium
[21:10:00:590] 	[ABA_KW-OCF_BOOK_KID.ini] OCF_Replica
[21:10:00:590] 	[ABA_KW-OCF_BOOK_KID.ini] OCF_BookBindingJournal
[21:10:00:596] 	[ABA_KW-OCF_BOOK_KID.ini] OCF_BookSpellTome_Shehai
[21:10:00:597] 	[ABA_KW-OCF_BOOK_KID.ini] OCF_varBookNotSpellTome
[21:10:00:598] 	[ABA_KW-OCF_BOOK_KID.ini] OCF_Placeholder_FireFuel_LanternOil
[21:10:00:598] 	[ABA_KW-OCF_BOOK_KID.ini] OCF_Placeholder_FireFuel
[21:10:00:598] 	[ABA_KW-OCF_BOOK_KID.ini] OCF_Placeholder_FireLight
[21:10:00:598] 	[ABA_KW-OCF_BOOK_KID.ini] OCF_BookTextRecipe_Alchemy
[21:10:00:598] 	[ABA_KW-OCF_BOOK_KID.ini] VendorItemRecipe
[21:10:00:598] 	[ABA_KW-OCF_BOOK_KID.ini] OCF_BookTextSkill
[21:10:00:598] 	[ABA_KW-OCF_BOOK_KID.ini] OCF_BookSpellTome_Conjuration
[21:10:00:598] 	[ABA_KW-OCF_BOOK_KID.ini] OCF_BookSpellTome_Restoration
[21:10:00:598] 	[ABA_KW-OCF_BOOK_KID.ini] OCF_BookSpellTome_Other
[21:10:00:613] 	[ABA_KW-OCF_BOOK_KID.ini] OCF_ArtifactAedric
[21:10:00:613] 	[ABA_KW-OCF_BOOK_KID.ini] OCF_ArtifactDaedric
[21:10:00:613] 	[ABA_KW-OCF_BOOK_KID.ini] OCF_Artifact
[21:10:00:613] 	[ABA_KW-OCF_BOOK_KID.ini] OCF_RelicDaedric
[21:10:00:613] 	[ABA_KW-OCF_BOOK_KID.ini] OCF_Relic
[21:10:00:613] 	[ABA_KW-OCF_BOOK_KID.ini] OCF_ReplicaAedric
[21:10:00:613] 	[ABA_KW-OCF_BOOK_KID.ini] OCF_ReplicaDaedric
[21:10:00:613] 	[ABA_KW-OCF_BOOK_KID.ini] DaedricArtifact
[21:10:00:613] 	[ABA_KW-OCF_BOOK_KID.ini] VendorItemSpellTome
[21:10:00:613] 	[ABA_KW-OCF_BOOK_KID.ini] CRFExemptArtifactKeyword
[21:10:00:613] 	[ABB_KW-OCF_Inventory_KID.ini] OCF_InvColorEldritch
[21:10:00:613] 	[BOOBIES_3DNPC_KID.ini] BoobiesBookTypeSpellAlteration
[21:10:00:613] 	[BOOBIES_3DNPC_KID.ini] BoobiesBookTypeSpellConjuration
[21:10:00:614] 	[BOOBIES_3DNPC_KID.ini] BoobiesBookTypeSpellDestruction
[21:10:00:614] 	[BOOBIES_AddItemMenuSE_KID.ini] BoobiesBookTypeSpellConjuration
[21:10:00:614] 	[BOOBIES_Apocalypse_KID.ini] BoobiesBookTypeSpellAlteration
[21:10:00:614] 	[BOOBIES_Apocalypse_KID.ini] BoobiesBookTypeSpellConjuration
[21:10:00:614] 	[BOOBIES_Apocalypse_KID.ini] BoobiesBookTypeSpellDestruction
[21:10:00:614] 	[BOOBIES_Apocalypse_KID.ini] BoobiesBookTypeSpellIllusion
[21:10:00:614] 	[BOOBIES_Apocalypse_KID.ini] BoobiesBookTypeSpellRestoration
[21:10:00:614] 	[BOOBIES_Arclight_KID.ini] BoobiesBookTypeSpellAlteration
[21:10:00:614] 	[BOOBIES_Arclight_KID.ini] BoobiesBookTypeSpellConjuration
[21:10:00:614] 	[BOOBIES_Arclight_KID.ini] BoobiesBookTypeSpellDestruction
[21:10:00:614] 	[BOOBIES_Astral_KID.ini] BoobiesBookTypeSpellDestruction
[21:10:00:614] 	[BOOBIES_Billyro's_Weapons_KID.ini] BoobiesBookTypeSpellConjuration
[21:10:00:614] 	[BOOBIES_Bruma_KID.ini] BoobiesBookTypeSpellAlteration
[21:10:00:614] 	[BOOBIES_Bruma_KID.ini] BoobiesBookTypeSpellRestoration
[21:10:00:614] 	[BOOBIES_Bruma_KID.ini] BoobiesBookTypeSpellIllusion
[21:10:00:614] 	[BOOBIES_Bruma_KID.ini] BoobiesBookTypeSpellConjuration
[21:10:00:614] 	[BOOBIES_Bruma_KID.ini] BoobiesBookTypeSpellDestruction
[21:10:00:614] 	[BOOBIES_CCOR_KID.ini] BoobiesBookTypeSpellAlteration
[21:10:00:614] 	[BOOBIES_CC_Content_KID.ini] BoobiesBookTypeSpellConjuration
[21:10:00:614] 	[BOOBIES_CC_Content_KID.ini] BoobiesBookTypeSpellAlteration
[21:10:00:614] 	[BOOBIES_CC_Content_KID.ini] BoobiesBookTypeSpellDestruction
[21:10:00:614] 	[BOOBIES_CC_Content_KID.ini] BoobiesBookTypeSpellIllusion
[21:10:00:615] 	[BOOBIES_CC_Content_KID.ini] BoobiesBookTypeJournal
[21:10:00:615] 	[BOOBIES_Crystalwind_Estate_KID.ini.ini] BoobiesBookTypeSpellConjuration
[21:10:00:615] 	[BOOBIES_Cutting_Room_Floor_KID.ini] BoobiesBookTypeSpellIllusion
[21:10:00:615] 	[BOOBIES_Cutting_Room_Floor_KID.ini] BoobiesBookTypeSpellRestoration
[21:10:00:615] 	[BOOBIES_DBM_RelicNotifications_KID.ini] BoobiesBookTypeSpellConjuration
[21:10:00:615] 	[BOOBIES_DS2Miracles_KID.ini] BoobiesBookTypeSpellRestoration
[21:10:00:615] 	[BOOBIES_DawnguardArsenal_KID.ini] BoobiesBookTypeSpellRestoration
[21:10:00:615] 	[BOOBIES_Elemental_Destruction_Magic_Redux_KID.ini] BoobiesBookTypeSpellDestruction
[21:10:00:615] 	[BOOBIES_Elemental_Destruction_Magic_Redux_KID.ini] BoobiesBookTypeSpellConjuration
[21:10:00:615] 	[BOOBIES_GENERAL_KID.ini] BoobiesBookTypeJournal
[21:10:00:615] 	[BOOBIES_GENERAL_KID.ini] BoobiesBookTypeCrafting
[21:10:00:615] 	[BOOBIES_GENERAL_KID.ini] BoobiesBookTypeMissive
[21:10:00:615] 	[BOOBIES_GENERAL_KID.ini] BoobiesBookTypeRecipe
[21:10:00:615] 	[BOOBIES_ImmersiveIcons_KID.ini] BookTypeJournal
[21:10:00:615] 	[BOOBIES_ImmersiveIcons_KID.ini] BookTypeNote
[21:10:00:615] 	[BOOBIES_ImmersiveIcons_KID.ini] BookTypeMissive
[21:10:00:615] 	[BOOBIES_ImmersiveIcons_KID.ini] BookTypeCrafting
[21:10:00:615] 	[BOOBIES_ImmersiveIcons_KID.ini] BookTypeRecipe
[21:10:00:615] 	[BOOBIES_Inigo_KID.ini] BoobiesBookTypeSpellConjuration
[21:10:00:615] 	[BOOBIES_Mihail_Mods_KID.ini] BoobiesBookTypeSpellConjuration
[21:10:00:615] 	[BOOBIES_Project_AHO_KID.ini] BoobiesBookTypeSpellIllusion
[21:10:00:615] 	[BOOBIES_Project_AHO_KID.ini] BoobiesBookTypeSpellRestoration
[21:10:00:615] 	[BOOBIES_Project_AHO_KID.ini] BoobiesBookTypeSpellAlteration
[21:10:00:615] 	[BOOBIES_Project_AHO_KID.ini] BoobiesBookTypeSpellConjuration
[21:10:00:615] 	[BOOBIES_RDO_KID.ini] BoobiesBookTypeSpellIllusion
[21:10:00:615] 	[BOOBIES_Shockwave_KID.ini] BoobiesBookTypeSpellDestruction
[21:10:00:615] 	[BOOBIES_Skyrim_KID.ini] BoobiesBookTypeSpellAlteration
[21:10:00:615] 	[BOOBIES_Skyrim_KID.ini] BoobiesBookTypeSpellConjuration
[21:10:00:615] 	[BOOBIES_Skyrim_KID.ini] BoobiesBookTypeSpellDestruction
[21:10:00:615] 	[BOOBIES_Skyrim_KID.ini] BoobiesBookTypeSpellIllusion
[21:10:00:616] 	[BOOBIES_Skyrim_KID.ini] BoobiesBookTypeSpellRestoration
[21:10:00:616] 	[BOOBIES_StormCalling_KID.ini] BoobiesBookTypeSpellDestruction
[21:10:00:616] 	[BOOBIES_StormCalling_KID.ini] BoobiesBookTypeSpellConjuration
[21:10:00:616] 	[BOOBIES_Triumvirate_KID.ini] BoobiesBookTypeSpellAlteration
[21:10:00:616] 	[BOOBIES_Triumvirate_KID.ini] BoobiesBookTypeSpellConjuration
[21:10:00:616] 	[BOOBIES_Triumvirate_KID.ini] BoobiesBookTypeSpellDestruction
[21:10:00:616] 	[BOOBIES_Triumvirate_KID.ini] BoobiesBookTypeSpellIllusion
[21:10:00:616] 	[BOOBIES_Triumvirate_KID.ini] BoobiesBookTypeSpellRestoration
[21:10:00:616] 	[BOOBIES_Twilight_Princess_Armor_KID.ini] BoobiesBookTypeSpellConjuration
[21:10:00:616] 	[BOOBIES_Undeath_KID.ini] BoobiesBookTypeSpellAlteration
[21:10:00:616] 	[BOOBIES_Undeath_KID.ini] BoobiesBookTypeSpellConjuration
[21:10:00:616] 	[BOOBIES_Undeath_KID.ini] BoobiesBookTypeSpellIllusion
[21:10:00:616] 	[BOOBIES_Undeath_KID.ini] BoobiesBookTypeSpellRestoration
[21:10:00:616] 	[BOOBIES_Unslaad_KID.ini] BoobiesBookTypeSpellConjuration
[21:10:00:616] 	[BOOBIES_Unslaad_KID.ini] BoobiesBookTypeSpellDestruction
[21:10:00:616] 	[BOOBIES_Vigilant_KID.ini] BoobiesBookTypeSpellIllusion
[21:10:00:616] 	[BOOBIES_Vigilant_KID.ini] BoobiesBookTypeSpellAlteration
[21:10:00:616] 	[BOOBIES_Vigilant_KID.ini] BoobiesBookTypeSpellDestruction
[21:10:00:616] 	[BOOBIES_Vigilant_KID.ini] BoobiesBookTypeSpellConjuration
[21:10:00:616] 	[BOOBIES_Wintersun_KID.ini] BoobiesBookTypeSpellAlteration
[21:10:00:616] 	[BOOBIES_Wintersun_KID.ini] BoobiesBookTypeSpellDestruction
[21:10:00:616] 	[BOOBIES_Wyrmstooth_KID.ini] BoobiesBookTypeSpellAlteration
[21:10:00:616] 	[BOOBIES_Wyrmstooth_KID.ini] BoobiesBookTypeSpellConjuration
[21:10:00:616] 	[BOOBIES_Wyrmstooth_KID.ini] BoobiesBookTypeSpellDestruction
[21:10:00:616] 	[BOOBIES_Wyrmstooth_KID.ini] BoobiesBookTypeSpellIllusion
[21:10:00:616] 	[BOOBIES_Wyrmstooth_KID.ini] BoobiesBookTypeSpellRestoration
[21:10:00:616] 	[BOOBIES_nwsFollowerFramework_KID.ini] BoobiesBookTypeSpellAlteration
[21:10:00:616] 	Sorting keywords...
[21:10:00:618] 	Sorted keywords: 
[21:10:00:618] 		OCF_ArtifactAedric_ElderScroll [KYWD:FF0020FD]
[21:10:00:618] 		OCF_ArtifactDaedric_BlackBook [KYWD:FF0020FE]
[21:10:00:618] 		OCF_ArtifactDaedric_OghmaInfinium [KYWD:FF0020FF]
[21:10:00:618] 		OCF_BookTextDocument [KYWD:FF002100]
[21:10:00:618] 		OCF_BookTextManual [KYWD:FF002102]
[21:10:00:618] 		OCF_BookTextRansom [KYWD:FF002104]
[21:10:00:618] 		OCF_BookTextRecipe_Cooking [KYWD:FF002105]
[21:10:00:618] 		OCF_BookTextRecipe_Crafting [KYWD:FF002106]
[21:10:00:618] 		OCF_BookTextRecipe_Daedric [KYWD:FF002107]
[21:10:00:618] 		OCF_BookTextRecipe_Spider [KYWD:FF002108]
[21:10:00:618] 		OCF_BookTextSong [KYWD:FF00210C]
[21:10:00:618] 		OCF_Placeholder_FireFuel_Beehive [KYWD:FF00210D]
[21:10:00:618] 		OCF_Placeholder_FireFuel_Book [KYWD:FF00210E]
[21:10:00:618] 		OCF_Placeholder_FireFuel_Cloth [KYWD:FF00210F]
[21:10:00:618] 		OCF_Placeholder_FireFuel_DwarvenOil [KYWD:FF002110]
[21:10:00:618] 		OCF_Placeholder_FireFuel_Mushroom [KYWD:FF002111]
[21:10:00:618] 		OCF_Placeholder_FireFuel_Paper [KYWD:FF002112]
[21:10:00:618] 		OCF_Placeholder_FireFuel_Plant [KYWD:FF002113]
[21:10:00:618] 		OCF_Placeholder_FireFuel_Root [KYWD:FF002114]
[21:10:00:618] 		OCF_Placeholder_FireFuel_Straw [KYWD:FF002115]
[21:10:00:618] 		OCF_Placeholder_FireFuel_Wood [KYWD:FF002116]
[21:10:00:618] 		OCF_Placeholder_FireLight_Magic [KYWD:FF002117]
[21:10:00:618] 		OCF_Placeholder_FireLight_Stone [KYWD:FF002118]
[21:10:00:618] 		OCF_Placeholder_FireFuel_FireSalts [KYWD:FF002119]
[21:10:00:618] 		OCF_RelicDaedric_EldritchPage [KYWD:FF00211A]
[21:10:00:618] 		OCF_RelicDaedric_EldritchTome [KYWD:FF00211B]
[21:10:00:618] 		OCF_BookTextScroll [KYWD:FF00211C]
[21:10:00:618] 		OCF_BookBindingScroll [KYWD:FF00211D]
[21:10:00:618] 		VendorItemScroll [KYWD:000A0E57]
[21:10:00:618] 		OCF_Placeholder_Craft [KYWD:FF00211E]
[21:10:00:618] 		OCF_Placeholder_FireFuel_Fat [KYWD:FF00211F]
[21:10:00:618] 		OCF_ReplicaAedric_ElderScroll [KYWD:FF002120]
[21:10:00:618] 		OCF_ReplicaDaedric_BlackBook [KYWD:FF002121]
[21:10:00:618] 		OCF_ReplicaDaedric_OghmaInfinium [KYWD:FF002122]
[21:10:00:618] 		OCF_BookBindingJournal [KYWD:FF002123]
[21:10:00:618] 		OCF_BookSpellTome_Shehai [KYWD:FF002124]
[21:10:00:618] 		OCF_varBookNotSpellTome [KYWD:FF002125]
[21:10:00:618] 		OCF_Placeholder_FireFuel_LanternOil [KYWD:FF002126]
[21:10:00:618] 		OCF_BookTextSkill [KYWD:FF00212A]
[21:10:00:618] 		CraftingSmithingForge [KYWD:00088105]
[21:10:00:618] 		OCF_InvColorEldritch [KYWD:FF001CD6]
[21:10:00:618] 		BoobiesBookTypeSpellAlteration [KYWD:FF00212E]
[21:10:00:618] 		BoobiesBookTypeSpellIllusion [KYWD:FF002131]
[21:10:00:618] 		BoobiesBookTypeSpellRestoration [KYWD:FF002132]
[21:10:00:618] 		BookTypeJournal [KYWD:FF002137]
[21:10:00:618] 		BookTypeMissive [KYWD:FF002139]
[21:10:00:618] 		OCF_BookTextMap [KYWD:FF001E64]
[21:10:00:618] 		OCF_BookTextMissive [KYWD:FF002103]
[21:10:00:618] 		OCF_ArtifactAedric [KYWD:FF001EB3]
[21:10:00:618] 		OCF_RelicDaedric [KYWD:FF001E7F]
[21:10:00:618] 		OCF_Relic [KYWD:FF001DE2]
[21:10:00:618] 		OCF_ReplicaAedric [KYWD:FF001F0E]
[21:10:00:618] 		OCF_ArtifactDaedric [KYWD:FF001DD4]
[21:10:00:618] 		DaedricArtifact [KYWD:000A8668]
[21:10:00:618] 		BoobiesBookTypeSpellConjuration [KYWD:FF00212F]
[21:10:00:618] 		BoobiesBookTypeJournal [KYWD:FF002133]
[21:10:00:618] 		BookTypeNote [KYWD:FF002138]
[21:10:00:618] 		BookTypeCrafting [KYWD:FF00213A]
[21:10:00:618] 		BoobiesBookTypeCrafting [KYWD:FF002134]
[21:10:00:618] 		BoobiesBookTypeMissive [KYWD:FF002135]
[21:10:00:618] 		VendorItemRecipe [KYWD:000F5CB0]
[21:10:00:618] 		BookTypeRecipe [KYWD:FF00213B]
[21:10:00:618] 		BoobiesBookTypeRecipe [KYWD:FF002136]
[21:10:00:618] 		OCF_BookSpellTome_Destruction [KYWD:FF002109]
[21:10:00:618] 		OCF_BookSpellTome_Illusion [KYWD:FF00210A]
[21:10:00:618] 		OCF_BookSpellTome_Alteration [KYWD:FF00210B]
[21:10:00:618] 		OCF_ReplicaDaedric [KYWD:FF001E90]
[21:10:00:618] 		OCF_Replica [KYWD:FF001E40]
[21:10:00:618] 		OCF_Placeholder_FireLight [KYWD:FF002128]
[21:10:00:618] 		OCF_BookSpellTome_Conjuration [KYWD:FF00212B]
[21:10:00:618] 		OCF_BookSpellTome_Restoration [KYWD:FF00212C]
[21:10:00:618] 		OCF_Artifact [KYWD:FF001F0B]
[21:10:00:618] 		CRFExemptArtifactKeyword [KYWD:0101A409]
[21:10:00:618] 		BoobiesBookTypeSpellDestruction [KYWD:FF002130]
[21:10:00:618] 		OCF_BookTextRecipe_Alchemy [KYWD:FF002129]
[21:10:00:618] 		OCF_BookSpellTome_Other [KYWD:FF00212D]
[21:10:00:618] 		VendorItemSpellTome [KYWD:000937A5]
[21:10:00:618] 		OCF_BookTextJournal [KYWD:FF002101]
[21:10:00:618] 		OCF_Placeholder_FireFuel [KYWD:FF002127]
[21:10:00:618] Misc Item
[21:10:00:626] 	[ABA_KW-OCF_MISC_KID.ini] OCF_ArtifactDaedric_BrokenRazor
[21:10:00:626] 	[ABA_KW-OCF_MISC_KID.ini] OCF_ArtifactDaedric_BrokenStar
[21:10:00:626] 	[ABA_KW-OCF_MISC_KID.ini] OCF_ArtifactDaedric_SkeletonKey
[21:10:00:626] 	[ABA_KW-OCF_MISC_KID.ini] OCF_ArtifactLegendary_BrokenWuuthrad
[21:10:00:626] 	[ABA_KW-OCF_MISC_KID.ini] OCF_ArtifactLegendary_WhitePhial
[21:10:00:626] 	[ABA_KW-OCF_MISC_KID.ini] OCF_RelicAedric
[21:10:00:626] 	[ABA_KW-OCF_MISC_KID.ini] OCF_RelicAedric_Sapling
[21:10:00:626] 	[ABA_KW-OCF_MISC_KID.ini] OCF_RelicDaedric
[21:10:00:626] 	[ABA_KW-OCF_MISC_KID.ini] OCF_RelicDaedric_SigilStone
[21:10:00:626] 	[ABA_KW-OCF_MISC_KID.ini] OCF_RelicDunmer
[21:10:00:626] 	[ABA_KW-OCF_MISC_KID.ini] OCF_RelicDwarven
[21:10:00:626] 	[ABA_KW-OCF_MISC_KID.ini] OCF_RelicFalmer
[21:10:00:626] 	[ABA_KW-OCF_MISC_KID.ini] OCF_RelicNordic
[21:10:00:626] 	[ABA_KW-OCF_MISC_KID.ini] OCF_RelicNordic_DragonClaw
[21:10:00:626] 	[ABA_KW-OCF_MISC_KID.ini] OCF_RelicNordic_SkullKey
[21:10:00:626] 	[ABA_KW-OCF_MISC_KID.ini] VendorItemAnimalHide
[21:10:00:626] 	[ABA_KW-OCF_MISC_KID.ini] OCF_AnimalHideLeather
[21:10:00:626] 	[ABA_KW-OCF_MISC_KID.ini] OCF_AnimalHideNetch
[21:10:00:626] 	[ABA_KW-OCF_MISC_KID.ini] OCF_AnimalHideStrip
[21:10:00:626] 	[ABA_KW-OCF_MISC_KID.ini] VendorItemAnimalPart
[21:10:00:626] 	[ABA_KW-OCF_MISC_KID.ini] OCF_IngrRemains_Bone
[21:10:00:626] 	[ABA_KW-OCF_MISC_KID.ini] OCF_IngrRemains_BonePelvis
[21:10:00:626] 	[ABA_KW-OCF_MISC_KID.ini] OCF_IngrRemains_BoneSkull_Bird
[21:10:00:626] 	[ABA_KW-OCF_MISC_KID.ini] OCF_IngrRemains_BoneSkull_Horse
[21:10:00:626] 	[ABA_KW-OCF_MISC_KID.ini] OCF_IngrRemains_BoneSkull_FrostGiant
[21:10:00:626] 	[ABA_KW-OCF_MISC_KID.ini] OCF_IngrRemains_BoneSkull_Troll
[21:10:00:626] 	[ABA_KW-OCF_MISC_KID.ini] OCF_IngrRemains_BoneSkull_Human
[21:10:00:626] 	[ABA_KW-OCF_MISC_KID.ini] OCF_IngrRemains_Feather
[21:10:00:626] 	[ABA_KW-OCF_MISC_KID.ini] OCF_IngrRemains_SharpHorn
[21:10:00:626] 	[ABA_KW-OCF_MISC_KID.ini] OCF_IngrRemains_SharpTalon
[21:10:00:626] 	[ABA_KW-OCF_MISC_KID.ini] OCF_IngrRemains_SharpTusk
[21:10:00:626] 	[ABA_KW-OCF_MISC_KID.ini] OCF_ScrlSpider
[21:10:00:626] 	[ABA_KW-OCF_MISC_KID.ini] WAF_MaterialChitin
[21:10:00:626] 	[ABA_KW-OCF_MISC_KID.ini] OCF_IngrRemains_PlateScales
[21:10:00:626] 	[ABA_KW-OCF_MISC_KID.ini] OCF_BookTextBook
[21:10:00:626] 	[ABA_KW-OCF_MISC_KID.ini] OCF_BookTextDocument
[21:10:00:626] 	[ABA_KW-OCF_MISC_KID.ini] OCF_BookTextMap
[21:10:00:626] 	[ABA_KW-OCF_MISC_KID.ini] OCF_BookTextNote
[21:10:00:626] 	[ABA_KW-OCF_MISC_KID.ini] OCF_BookTextRecipe_Crafting
[21:10:00:626] 	[ABA_KW-OCF_MISC_KID.ini] OCF_BookTextScroll
[21:10:00:626] 	[ABA_KW-OCF_MISC_KID.ini] OCF_MiscJarBug
[21:10:00:626] 	[ABA_KW-OCF_MISC_KID.ini] BYOHAdoptionClothesKeyword
[21:10:00:626] 	[ABA_KW-OCF_MISC_KID.ini] OCF_MiscChildToy_Doll
[21:10:00:626] 	[ABA_KW-OCF_MISC_KID.ini] VendorItemClutter
[21:10:00:626] 	[ABA_KW-OCF_MISC_KID.ini] OCF_MiscEmptyVessel_Bottle
[21:10:00:626] 	[ABA_KW-OCF_MISC_KID.ini] VendorItemGem
[21:10:00:626] 	[ABA_KW-OCF_MISC_KID.ini] VendorItemIngredient
[21:10:00:627] 	[ABA_KW-OCF_MISC_KID.ini] OCF_MiscInstrument
[21:10:00:627] 	[ABA_KW-OCF_MISC_KID.ini] OCF_MiscMaterialGeneral
[21:10:00:627] 	[ABA_KW-OCF_MISC_KID.ini] OCF_MiscMaterial_Metal
[21:10:00:627] 	[ABA_KW-OCF_MISC_KID.ini] OCF_MiscMaterial_Stone
[21:10:00:627] 	[ABA_KW-OCF_MISC_KID.ini] VendorItemFireword
[21:10:00:627] 	[ABA_KW-OCF_MISC_KID.ini] OCF_MiscMaterial_Ingot
[21:10:00:627] 	[ABA_KW-OCF_MISC_KID.ini] OCF_MiscMaterial_Ore
[21:10:00:627] 	[ABA_KW-OCF_MISC_KID.ini] OCF_MiscMaterial_Scrap
[21:10:00:627] 	[ABA_KW-OCF_MISC_KID.ini] OCF_MiscMaterial_ScrapDwarven
[21:10:00:627] 	[ABA_KW-OCF_MISC_KID.ini] OCF_MiscPackage
[21:10:00:627] 	[ABA_KW-OCF_MISC_KID.ini] OCF_MiscPetGear_Collar
[21:10:00:627] 	[ABA_KW-OCF_MISC_KID.ini] OCF_AlchPoison
[21:10:00:627] 	[ABA_KW-OCF_MISC_KID.ini] OCF_AlchPotion
[21:10:00:627] 	[ABA_KW-OCF_MISC_KID.ini] OCF_MiscPottery
[21:10:00:627] 	[ABA_KW-OCF_MISC_KID.ini] OCF_MiscPottery_Dwarven
[21:10:00:627] 	[ABA_KW-OCF_MISC_KID.ini] ClothingRing
[21:10:00:627] 	[ABA_KW-OCF_MISC_KID.ini] OCF_SlgmX0X
[21:10:00:627] 	[ABA_KW-OCF_MISC_KID.ini] OCF_SlgmX5X
[21:10:00:627] 	[ABA_KW-OCF_MISC_KID.ini] OCF_SlgmBXX
[21:10:00:627] 	[ABA_KW-OCF_MISC_KID.ini] OCF_SlgmPiece
[21:10:00:627] 	[ABA_KW-OCF_MISC_KID.ini] OCF_MiscTableware
[21:10:00:627] 	[ABA_KW-OCF_MISC_KID.ini] OCF_MiscTableware_Dwarven
[21:10:00:627] 	[ABA_KW-OCF_MISC_KID.ini] OCF_MiscTableware_Glazed
[21:10:00:627] 	[ABA_KW-OCF_MISC_KID.ini] OCF_MiscTableware_GlazedNordic
[21:10:00:627] 	[ABA_KW-OCF_MISC_KID.ini] OCF_MiscTableware_Gold
[21:10:00:627] 	[ABA_KW-OCF_MISC_KID.ini] OCF_MiscTableware_Silver
[21:10:00:627] 	[ABA_KW-OCF_MISC_KID.ini] OCF_Tool
[21:10:00:627] 	[ABA_KW-OCF_MISC_KID.ini] OCF_ToolAlembic
[21:10:00:627] 	[ABA_KW-OCF_MISC_KID.ini] OCF_ToolBroom
[21:10:00:627] 	[ABA_KW-OCF_MISC_KID.ini] OCF_ToolExtractor
[21:10:00:627] 	[ABA_KW-OCF_MISC_KID.ini] OCF_ToolLantern
[21:10:00:627] 	[ABA_KW-OCF_MISC_KID.ini] OCF_ToolLockpick
[21:10:00:627] 	[ABA_KW-OCF_MISC_KID.ini] OCF_ToolQuill
[21:10:00:627] 	[ABA_KW-OCF_MISC_KID.ini] OCF_ToolScissors
[21:10:00:627] 	[ABA_KW-OCF_MISC_KID.ini] OCF_ToolShovel
[21:10:00:627] 	[ABA_KW-OCF_MISC_KID.ini] OCF_MiscTreasure
[21:10:00:627] 	[ABA_KW-OCF_MISC_KID.ini] OCF_MiscTreasure_Coin
[21:10:00:627] 	[ABA_KW-OCF_MISC_KID.ini] OCF_MiscTreasure_Coinpurse
[21:10:00:627] 	[ABA_KW-OCF_MISC_KID.ini] OCF_MiscTreasure_Gold
[21:10:00:627] 	[ABA_KW-OCF_MISC_KID.ini] OCF_MiscTreasure_Silver
[21:10:00:627] 	[ABA_KW-OCF_MISC_KID.ini] OCF_AnimalPartDragon
[21:10:00:627] 	[ABA_KW-OCF_MISC_KID.ini] OCF_AnimalPartTroll
[21:10:00:627] 	[ABA_KW-OCF_MISC_KID.ini] ClothingCrown
[21:10:00:627] 	[ABA_KW-OCF_MISC_KID.ini] OCF_BookBindingBook
[21:10:00:627] 	[ABA_KW-OCF_MISC_KID.ini] OCF_BookBindingJournal
[21:10:00:627] 	[ABA_KW-OCF_MISC_KID.ini] OCF_BookBindingNote
[21:10:00:627] 	[ABA_KW-OCF_MISC_KID.ini] OCF_BookBindingScroll
[21:10:00:627] 	[ABA_KW-OCF_MISC_KID.ini] OCF_VesselBasket
[21:10:00:627] 	[ABA_KW-OCF_MISC_KID.ini] OCF_VesselBottleSkooma
[21:10:00:627] 	[ABA_KW-OCF_MISC_KID.ini] OCF_VesselBowl
[21:10:00:627] 	[ABA_KW-OCF_MISC_KID.ini] OCF_VesselBucket
[21:10:00:627] 	[ABA_KW-OCF_MISC_KID.ini] OCF_VesselCloth
[21:10:00:627] 	[ABA_KW-OCF_MISC_KID.ini] OCF_VesselCrate
[21:10:00:627] 	[ABA_KW-OCF_MISC_KID.ini] OCF_VesselCup
[21:10:00:627] 	[ABA_KW-OCF_MISC_KID.ini] OCF_VesselDrinkingHorn
[21:10:00:627] 	[ABA_KW-OCF_MISC_KID.ini] OCF_VesselFlagon
[21:10:00:627] 	[ABA_KW-OCF_MISC_KID.ini] OCF_VesselJug
[21:10:00:627] 	[ABA_KW-OCF_MISC_KID.ini] OCF_VesselKeg
[21:10:00:627] 	[ABA_KW-OCF_MISC_KID.ini] OCF_VesselPlate
[21:10:00:627] 	[ABA_KW-OCF_MISC_KID.ini] OCF_VesselPot
[21:10:00:627] 	[ABA_KW-OCF_MISC_KID.ini] OCF_VesselSatchel
[21:10:00:627] 	[ABA_KW-OCF_MISC_KID.ini] OCF_VesselTankard
[21:10:00:627] 	[ABA_KW-OCF_MISC_KID.ini] OCF_WeapBroken
[21:10:00:627] 	[ABA_KW-OCF_MISC_KID.ini] OCF_WeapTypeCutlery1H
[21:10:00:627] 	[ABA_KW-OCF_MISC_KID.ini] _SH_WineBottleKeyword
[21:10:00:627] 	[ABA_KW-OCF_MISC_KID.ini] ClothingNecklace
[21:10:00:627] 	[ABA_KW-OCF_MISC_KID.ini] OCF_WeapTypeStaffBlank
[21:10:00:628] 	[ABA_KW-OCF_MISC_KID.ini] OCF_ArtifactDaedric_Bittercup
[21:10:00:628] 	[ABA_KW-OCF_MISC_KID.ini] OCF_MiscEmptyVessel_Jar
[21:10:00:628] 	[ABA_KW-OCF_MISC_KID.ini] OCF_HeadTypeMask
[21:10:00:628] 	[ABA_KW-OCF_MISC_KID.ini] OCF_Placeholder_Separate
[21:10:00:628] 	[ABA_KW-OCF_MISC_KID.ini] OCF_MiscHorseGear
[21:10:00:628] 	[ABA_KW-OCF_MISC_KID.ini] OCF_MiscPottery_Silver
[21:10:00:628] 	[ABA_KW-OCF_MISC_KID.ini] OCF_MiscDye
[21:10:00:628] 	[ABA_KW-OCF_MISC_KID.ini] OCF_VesselBottlePotion
[21:10:00:628] 	[ABA_KW-OCF_MISC_KID.ini] OCF_MiscPetGear_Pack
[21:10:00:628] 	[ABA_KW-OCF_MISC_KID.ini] OCF_IngrRemains_OrganEye
[21:10:00:628] 	[ABA_KW-OCF_MISC_KID.ini] OCF_RelicAyleid_Crystal
[21:10:00:628] 	[ABA_KW-OCF_MISC_KID.ini] OCF_MiscPillow
[21:10:00:628] 	[ABA_KW-OCF_MISC_KID.ini] OCF_VesselJar
[21:10:00:628] 	[ABA_KW-OCF_MISC_KID.ini] OCF_AnimalHideFurPlate
[21:10:00:628] 	[ABA_KW-OCF_MISC_KID.ini] OCF_Placeholder_Filter
[21:10:00:629] 	[ABA_KW-OCF_MISC_KID.ini] OCF_MiscCampingGear_Bedding
[21:10:00:629] 	[ABA_KW-OCF_MISC_KID.ini] OCF_MiscCampingGear_CraftCook
[21:10:00:629] 	[ABA_KW-OCF_MISC_KID.ini] OCF_MiscCampingGear_Furniture
[21:10:00:629] 	[ABA_KW-OCF_MISC_KID.ini] OCF_MiscCampingGear_Tent
[21:10:00:629] 	[ABA_KW-OCF_MISC_KID.ini] OCF_MiscTrap
[21:10:00:629] 	[ABA_KW-OCF_MISC_KID.ini] OCF_MiscSoap
[21:10:00:629] 	[ABA_KW-OCF_MISC_KID.ini] OCF_MiscWashcloth
[21:10:00:629] 	[ABA_KW-OCF_MISC_KID.ini] OCF_IngrRemains_BoneSkull_Goblin
[21:10:00:630] 	[ABA_KW-OCF_MISC_KID.ini] OCF_RelicAyleid
[21:10:00:630] 	[ABA_KW-OCF_MISC_KID.ini] OCF_ToolMortarPestle
[21:10:00:630] 	[ABA_KW-OCF_MISC_KID.ini] OCF_IngrRemains_BoneSkull_Elf
[21:10:00:630] 	[ABA_KW-OCF_MISC_KID.ini] ClothingBody
[21:10:00:630] 	[ABA_KW-OCF_MISC_KID.ini] OCF_MiscEmptyVessel_Flask
[21:10:00:630] 	[ABA_KW-OCF_MISC_KID.ini] _SH_SujammaBottleKeyword
[21:10:00:630] 	[ABA_KW-OCF_MISC_KID.ini] _SH_MeadBottleKeyword
[21:10:00:630] 	[ABA_KW-OCF_MISC_KID.ini] OCF_VesselDice
[21:10:00:630] 	[ABA_KW-OCF_MISC_KID.ini] OCF_VesselFlask
[21:10:00:630] 	[ABA_KW-OCF_MISC_KID.ini] OCF_VesselGamePiece
[21:10:00:630] 	[ABA_KW-OCF_MISC_KID.ini] OCF_VesselKettle
[21:10:00:630] 	[ABA_KW-OCF_MISC_KID.ini] OCF_VesselPallete
[21:10:00:632] 	[ABA_KW-OCF_MISC_KID.ini] OCF_Replica
[21:10:00:632] 	[ABA_KW-OCF_MISC_KID.ini] OCF_ToolLight_Torch
[21:10:00:632] 	[ABA_KW-OCF_MISC_KID.ini] OCF_VesselTorch
[21:10:00:632] 	[ABA_KW-OCF_MISC_KID.ini] OCF_IngrRemains_Fat
[21:10:00:632] 	[ABA_KW-OCF_MISC_KID.ini] OCF_AlchDrinkAlcohol
[21:10:00:632] 	[ABA_KW-OCF_MISC_KID.ini] OCF_ToolCrucible
[21:10:00:632] 	[ABA_KW-OCF_MISC_KID.ini] OCF_ToolRetort
[21:10:00:632] 	[ABA_KW-OCF_MISC_KID.ini] OCF_MiscCampingGear_CraftEnchant
[21:10:00:632] 	[ABA_KW-OCF_MISC_KID.ini] OCF_MiscCampingGear_CraftTan
[21:10:00:632] 	[ABA_KW-OCF_MISC_KID.ini] OCF_MiscCampingGear
[21:10:00:632] 	[ABA_KW-OCF_MISC_KID.ini] OCF_Placeholder_Learn
[21:10:00:632] 	[ABA_KW-OCF_MISC_KID.ini] OCF_WeapTypePickaxe1H
[21:10:00:632] 	[ABA_KW-OCF_MISC_KID.ini] OCF_WeapTypeWoodaxe1H
[21:10:00:632] 	[ABA_KW-OCF_MISC_KID.ini] WeapTypeSword
[21:10:00:633] 	[ABA_KW-OCF_MISC_KID.ini] OCF_SlgmGold
[21:10:00:634] 	[ABA_KW-OCF_MISC_KID.ini] OCF_SlgmShapeCommon
[21:10:00:640] 	[ABA_KW-OCF_MISC_KID.ini] OCF_SlgmShapeGreater
[21:10:00:644] 	[ABA_KW-OCF_MISC_KID.ini] OCF_MiscArcana
[21:10:00:649] 	[ABA_KW-OCF_MISC_KID.ini] OCF_IngrRemains_BoneSkull_Animal
[21:10:00:649] 	[ABA_KW-OCF_MISC_KID.ini] OCF_IngrRemains_SharpAntler
[21:10:00:649] 	[ABA_KW-OCF_MISC_KID.ini] OCF_MiscOther
[21:10:00:652] 	[ABA_KW-OCF_MISC_KID.ini] OCF_WeapTypeClub2H
[21:10:00:652] 	[ABA_KW-OCF_MISC_KID.ini] OCF_WeapTypeFishingRod1H
[21:10:00:653] 	[ABA_KW-OCF_MISC_KID.ini] OCF_VesselBarrel
[21:10:00:655] 	[ABA_KW-OCF_MISC_KID.ini] OCF_VesselCandle
[21:10:00:656] 	[ABA_KW-OCF_MISC_KID.ini] OCF_MiscCampingGear_Craft
[21:10:00:656] 	[ABA_KW-OCF_MISC_KID.ini] OCF_MiscCampingGear_Storage
[21:10:00:656] 	[ABA_KW-OCF_MISC_KID.ini] OCF_MiscCampingGear_Structure
[21:10:00:657] 	[ABA_KW-OCF_MISC_KID.ini] OCF_AlchPoison_Food
[21:10:00:657] 	[ABA_KW-OCF_MISC_KID.ini] OCF_BookTextJournal
[21:10:00:657] 	[ABA_KW-OCF_MISC_KID.ini] OCF_IngrPlant_Flower
[21:10:00:657] 	[ABA_KW-OCF_MISC_KID.ini] OCF_IngrRemains_OrganHeart
[21:10:00:657] 	[ABA_KW-OCF_MISC_KID.ini] ArmorCuirass
[21:10:00:657] 	[ABA_KW-OCF_MISC_KID.ini] OCF_MiscFossil
[21:10:00:658] 	[ABA_KW-OCF_MISC_KID.ini] OCF_Placeholder_Dummy
[21:10:00:659] 	[ABA_KW-OCF_MISC_KID.ini] OCF_MiscCard
[21:10:00:659] 	[ABA_KW-OCF_MISC_KID.ini] OCF_MiscPetGear_Toy
[21:10:00:659] 	[ABA_KW-OCF_MISC_KID.ini] OCF_IngrRemains_BoneSkull_Dragon
[21:10:00:659] 	[ABA_KW-OCF_MISC_KID.ini] OCF_Placeholder_BuildingPart
[21:10:00:659] 	[ABA_KW-OCF_MISC_KID.ini] BYOHAdoptionToyKeyword
[21:10:00:659] 	[ABA_KW-OCF_MISC_KID.ini] OCF_IngrRemains_Carcass
[21:10:00:659] 	[ABA_KW-OCF_MISC_KID.ini] OCF_IngrRemains_SharpClaw
[21:10:00:659] 	[ABA_KW-OCF_MISC_KID.ini] ClothingCirclet
[21:10:00:660] 	[ABA_KW-OCF_MISC_KID.ini] OCF_AlchFood_Ingredient
[21:10:00:660] 	[ABA_KW-OCF_MISC_KID.ini] OCF_AlchSnow
[21:10:00:660] 	[ABA_KW-OCF_MISC_KID.ini] OCF_AlchDrink_Water
[21:10:00:660] 	[ABA_KW-OCF_MISC_KID.ini] VendorItemKey
[21:10:00:660] 	[ABA_KW-OCF_MISC_KID.ini] OCF_WeapTypeDagger1H
[21:10:00:665] 	[ABA_KW-OCF_MISC_KID.ini] OCF_IngrRemains_Gloop
[21:10:00:665] 	[ABA_KW-OCF_MISC_KID.ini] OCF_MiscJar
[21:10:00:665] 	[ABA_KW-OCF_MISC_KID.ini] OCF_ToolAlchemy
[21:10:00:666] 	[ABA_KW-OCF_MISC_KID.ini] OCF_AlchSpoiled
[21:10:00:666] 	[ABA_KW-OCF_MISC_KID.ini] _SHSaltWaterKeyword
[21:10:00:667] 	[ABA_KW-OCF_MISC_KID.ini] OCF_VesselWaterskin
[21:10:00:668] 	[ABA_KW-OCF_MISC_KID.ini] OCF_VesselWaterskin_100
[21:10:00:668] 	[ABA_KW-OCF_MISC_KID.ini] OCF_VesselWaterskin_000
[21:10:00:674] 	[ABA_KW-OCF_MISC_KID.ini] OCF_IngrMisc_Mineral
[21:10:00:674] 	[ABA_KW-OCF_MISC_KID.ini] OCF_IngrRemains_Dust
[21:10:00:674] 	[ABA_KW-OCF_MISC_KID.ini] OCF_Artifact
[21:10:00:674] 	[ABA_KW-OCF_MISC_KID.ini] OCF_MiscPainting
[21:10:00:674] 	[ABA_KW-OCF_MISC_KID.ini] OCF_Relic
[21:10:00:674] 	[ABA_KW-OCF_MISC_KID.ini] OCF_MiscSeashell
[21:10:00:675] 	[ABA_KW-OCF_MISC_KID.ini] OCF_ToolCompass
[21:10:00:675] 	[ABA_KW-OCF_MISC_KID.ini] OCF_ToolSpyglass
[21:10:00:675] 	[ABA_KW-OCF_MISC_KID.ini] OCF_ToolLight_Candle
[21:10:00:675] 	[ABA_KW-OCF_MISC_KID.ini] OCF_MiscPetGear
[21:10:00:676] 	[ABA_KW-OCF_MISC_KID.ini] OCF_MiscJarFish
[21:10:00:676] 	[ABA_KW-OCF_MISC_KID.ini] OCF_ToolLight_LanternBug
[21:10:00:682] 	[ABA_KW-OCF_MISC_KID.ini] VendorItemRecipe
[21:10:00:685] 		Filter [0xD61] (Realistic Camp Storage.esp) SKIP - form doesn't exist
[21:10:00:685] 		Filter [0x12C8] (Realistic Camp Storage.esp) SKIP - form doesn't exist
[21:10:00:685] 		Filter [0x1835] (Realistic Camp Storage.esp) SKIP - form doesn't exist
[21:10:00:685] 		Filter [0x2DC5] (Realistic Camp Storage.esp) SKIP - form doesn't exist
[21:10:00:685] 		Filter [0x2DCC] (Realistic Camp Storage.esp) SKIP - form doesn't exist
[21:10:00:685] 		Filter [0x3DF9] (Realistic Camp Storage.esp) SKIP - form doesn't exist
[21:10:00:686] 		Filter [0x3DFA] (Realistic Camp Storage.esp) SKIP - form doesn't exist
[21:10:00:686] 		Filter [0x3E07] (Realistic Camp Storage.esp) SKIP - form doesn't exist
[21:10:00:686] 		Filter [0x4E2F] (Realistic Camp Storage.esp) SKIP - form doesn't exist
[21:10:00:686] 		Filter [0x5909] (Realistic Camp Storage.esp) SKIP - form doesn't exist
[21:10:00:686] 		Filter [0x590A] (Realistic Camp Storage.esp) SKIP - form doesn't exist
[21:10:00:686] 		Filter [0x590B] (Realistic Camp Storage.esp) SKIP - form doesn't exist
[21:10:00:686] 		Filter [0x590C] (Realistic Camp Storage.esp) SKIP - form doesn't exist
[21:10:00:686] 		Filter [0x590D] (Realistic Camp Storage.esp) SKIP - form doesn't exist
[21:10:00:686] 		Filter [0x590E] (Realistic Camp Storage.esp) SKIP - form doesn't exist
[21:10:00:686] 		Filter [0x590F] (Realistic Camp Storage.esp) SKIP - form doesn't exist
[21:10:00:686] 		Filter [0x5910] (Realistic Camp Storage.esp) SKIP - form doesn't exist
[21:10:00:686] 		Filter [0x5911] (Realistic Camp Storage.esp) SKIP - form doesn't exist
[21:10:00:686] 	[ABA_KW-OCF_MISC_KID.ini] OCF_VesselBag
[21:10:00:688] 	[ABA_KW-OCF_MISC_KID.ini] OCF_IngrRemains_SharpTeeth
[21:10:00:688] 	[ABA_KW-OCF_MISC_KID.ini] OCF_AmmoTypeArrow
[21:10:00:688] 	[ABA_KW-OCF_MISC_KID.ini] OCF_BookTextManual
[21:10:00:689] 		Filter [0x10088] (SimpleCampfireAdditions.esp) SKIP - form doesn't exist
[21:10:00:690] 		Filter [0x10087] (SimpleCampfireAdditions.esp) SKIP - form doesn't exist
[21:10:00:690] 		Filter [0xAF7B] (SimpleCampfireAdditions.esp) SKIP - form doesn't exist
[21:10:00:690] 		Filter [0xAF7C] (SimpleCampfireAdditions.esp) SKIP - form doesn't exist
[21:10:00:690] 		Filter [0xAF7D] (SimpleCampfireAdditions.esp) SKIP - form doesn't exist
[21:10:00:690] 		Filter [0xD65] (SimpleCampfireAdditions.esp) SKIP - form doesn't exist
[21:10:00:690] 		Invalid/missing filters, skipping distribution
[21:10:00:690] 	[ABA_KW-OCF_MISC_KID.ini] OCF_MiscCampingGear_CraftSmelt
[21:10:00:690] 		Filter [0x1A290] (SimpleCampfireAdditions.esp) SKIP - form doesn't exist
[21:10:00:690] 		Invalid/missing filters, skipping distribution
[21:10:00:690] 	[ABA_KW-OCF_MISC_KID.ini] OCF_MiscCampingGear_CraftSmith
[21:10:00:690] 		Filter [0xAF78] (SimpleCampfireAdditions.esp) SKIP - form doesn't exist
[21:10:00:690] 		Filter [0xAF73] (SimpleCampfireAdditions.esp) SKIP - form doesn't exist
[21:10:00:690] 		Filter [0x5E6F] (SimpleCampfireAdditions.esp) SKIP - form doesn't exist
[21:10:00:690] 		Invalid/missing filters, skipping distribution
[21:10:00:690] 	[ABA_KW-OCF_MISC_KID.ini] OCF_MiscCampingGear_FurnitureChair
[21:10:00:690] 		Filter [0xD61] (SimpleCampfireAdditions.esp) SKIP - form doesn't exist
[21:10:00:690] 		Invalid/missing filters, skipping distribution
[21:10:00:690] 	[ABA_KW-OCF_MISC_KID.ini] OCF_MiscCampingGear_FurnitureTable
[21:10:00:690] 		Filter [0x5E6A] (SimpleCampfireAdditions.esp) SKIP - form doesn't exist
[21:10:00:690] 		Invalid/missing filters, skipping distribution
[21:10:00:691] 		Filter [0x3334] (alesCampBedrollsSupplies.esp) SKIP - form doesn't exist
[21:10:00:691] 		Filter [0x3335] (alesCampBedrollsSupplies.esp) SKIP - form doesn't exist
[21:10:00:691] 		Filter [0x3336] (alesCampBedrollsSupplies.esp) SKIP - form doesn't exist
[21:10:00:691] 		Filter [0x3337] (alesCampBedrollsSupplies.esp) SKIP - form doesn't exist
[21:10:00:691] 		Filter [0x3338] (alesCampBedrollsSupplies.esp) SKIP - form doesn't exist
[21:10:00:691] 		Filter [0x3339] (alesCampBedrollsSupplies.esp) SKIP - form doesn't exist
[21:10:00:691] 		Invalid/missing filters, skipping distribution
[21:10:00:691] 		Filter [0xD62] (alesCampBedrollsSupplies.esp) SKIP - form doesn't exist
[21:10:00:691] 		Invalid/missing filters, skipping distribution
[21:10:00:692] 		Filter [0x1D96] (alesCampBedrollsSupplies.esp) SKIP - form doesn't exist
[21:10:00:692] 		Invalid/missing filters, skipping distribution
[21:10:00:692] 		Filter [0xD63] (alesCampBedrollsSupplies.esp) SKIP - form doesn't exist
[21:10:00:692] 		Invalid/missing filters, skipping distribution
[21:10:00:692] 		Filter [0xD64] (alesCampBedrollsSupplies.esp) SKIP - form doesn't exist
[21:10:00:692] 		Invalid/missing filters, skipping distribution
[21:10:00:692] 		Filter [0x1D9F] (alesCampBedrollsSupplies.esp) SKIP - form doesn't exist
[21:10:00:692] 		Filter [0x1D9E] (alesCampBedrollsSupplies.esp) SKIP - form doesn't exist
[21:10:00:692] 		Invalid/missing filters, skipping distribution
[21:10:00:692] 		Invalid/missing filters, skipping distribution
[21:10:00:693] 	[ABA_KW-OCF_MISC_KID.ini] OCF_ToolParaglider
[21:10:00:693] 	[ABA_KW-OCF_MISC_KID.ini] OCF_ArtifactLegendary
[21:10:00:693] 	[ABA_KW-OCF_MISC_KID.ini] OCF_ReplicaLegendary
[21:10:00:693] 	[ABA_KW-OCF_MISC_KID.ini] OCF_ScrlTypeShalidor
[21:10:00:694] 	[ABA_KW-OCF_MISC_KID.ini] OCF_BookTextAncient
[21:10:00:694] 	[ABA_KW-OCF_MISC_KID.ini] OCF_BookTextGrimoire
[21:10:00:694] 	[ABA_KW-OCF_MISC_KID.ini] OCF_BookTextThesis
[21:10:00:694] 	[ABA_KW-OCF_MISC_KID.ini] OCF_ToolCauldron
[21:10:00:694] 	[ABA_KW-OCF_MISC_KID.ini] OCF_SlgmPiece_Filled
[21:10:00:694] 	[ABA_KW-OCF_MISC_KID.ini] OCF_VesselVial
[21:10:00:694] 	[ABA_KW-OCF_MISC_KID.ini] OCF_IngrRemains_DustAshes
[21:10:00:695] 	[ABA_KW-OCF_MISC_KID.ini] OCF_ArtifactDaedric_ObsidianHusk
[21:10:00:695] 	[ABA_KW-OCF_MISC_KID.ini] OCF_IngrRemains_BoneSkull_Argonian
[21:10:00:696] 	[ABA_KW-OCF_MISC_KID.ini] OCF_IngrRemains_BoneSkull_Khajiit
[21:10:00:696] 	[ABA_KW-OCF_MISC_KID.ini] OCF_IngrRemains_BoneSkull_Orc
[21:10:00:697] 	[ABA_KW-OCF_MISC_KID.ini] OCF_MiscEmptyVessel_Jug
[21:10:00:698] 	[ABA_KW-OCF_MISC_KID.ini] OCF_ToolSextant
[21:10:00:699] 	[ABA_KW-OCF_MISC_KID.ini] OCF_HeadTypeGlasses
[21:10:00:701] 	[ABA_KW-OCF_MISC_KID.ini] OCF_VesselBottlePerfume
[21:10:00:705] 	[ABA_KW-OCF_MISC_KID.ini] OCF_VesselBottlePoison
[21:10:00:752] 	[ABA_KW-OCF_MISC_KID.ini] OCF_MiscCampingGear_CraftAlchemy
[21:10:00:752] 	[ABA_KW-OCF_MISC_KID.ini] OCF_MiscCampingGear_FurnitureBathtub
[21:10:00:753] 	[ABA_KW-OCF_MISC_KID.ini] OCF_MiscCampingGear_FurnitureDecoration
[21:10:00:753] 	[ABA_KW-OCF_MISC_KID.ini] OCF_MiscCampingGear_FurniturePillow
[21:10:00:753] 	[ABA_KW-OCF_MISC_KID.ini] OCF_MiscCampingGear_Shrine
[21:10:00:755] 	[ABA_KW-OCF_MISC_KID.ini] OCF_MiscPetGear_Bedding
[21:10:00:758] 	[ABA_KW-OCF_MISC_KID.ini] OCF_AmmoTypeBullet1H_Basic
[21:10:00:771] 	[ABA_KW-OCF_MISC_KID.ini] OCF_VesselHoneyPot
[21:10:00:772] 	[ABA_KW-OCF_MISC_KID.ini] OCF_MiscOil
[21:10:00:772] 	[ABA_KW-OCF_MISC_KID.ini] OCF_BodyTypePants
[21:10:00:773] 		Filter [0x80C] (RCS-Wildlander.esp) SKIP - form doesn't exist
[21:10:00:773] 		Filter [0x80B] (RCS-Wildlander.esp) SKIP - form doesn't exist
[21:10:00:773] 		Invalid/missing filters, skipping distribution
[21:10:00:773] 		Invalid/missing filters, skipping distribution
[21:10:00:773] 	[ABA_KW-OCF_MISC_KID.ini] OCF_AmmoTypeBullet
[21:10:00:773] 	[ABA_KW-OCF_MISC_KID.ini] OCF_AmmoTypeBullet1H
[21:10:00:773] 	[ABA_KW-OCF_MISC_KID.ini] OCF_IngrRemains_BoneSkull_Creature
[21:10:00:773] 	[ABA_KW-OCF_MISC_KID.ini] OCF_IngrRemains_BoneSkull_Hominid
[21:10:00:773] 	[ABA_KW-OCF_MISC_KID.ini] OCF_IngrRemains_BoneSkull
[21:10:00:773] 	[ABA_KW-OCF_MISC_KID.ini] OCF_IngrRemains_Organ
[21:10:00:773] 	[ABA_KW-OCF_MISC_KID.ini] OCF_IngrRemains_Plate
[21:10:00:773] 	[ABA_KW-OCF_MISC_KID.ini] OCF_IngrRemains_Sharp
[21:10:00:773] 	[ABA_KW-OCF_MISC_KID.ini] OCF_BookTextRecipe
[21:10:00:773] 	[ABA_KW-OCF_MISC_KID.ini] OCF_IngrPlant
[21:10:00:773] 	[ABA_KW-OCF_MISC_KID.ini] OCF_MiscMaterialSmithing
[21:10:00:773] 	[ABA_KW-OCF_MISC_KID.ini] OCF_MiscMaterial
[21:10:00:775] 	[ABA_KW-OCF_MISC_KID.ini] OCF_VesselBottle
[21:10:00:779] 	[ABA_KW-OCF_MISC_KID.ini] OCF_ArtifactDaedric
[21:10:00:779] 	[ABA_KW-OCF_MISC_KID.ini] DaedricArtifact
[21:10:00:779] 	[ABA_KW-OCF_MISC_KID.ini] WeapTypeDagger
[21:10:00:779] 	[ABA_KW-OCF_MISC_KID.ini] WeapTypeStaff
[21:10:00:779] 	[ABA_KW-OCF_MISC_KID.ini] CRFExemptArtifactKeyword
[21:10:00:780] 	[ABB_KW-OCF_Inventory_KID.ini] OCF_InvColorCopper
[21:10:00:782] 	[ABB_KW-OCF_Inventory_KID.ini] OCF_InvColorSilver
[21:10:00:782] 	[ABB_KW-OCF_Inventory_KID.ini] OCF_InvColorNecromancy
[21:10:00:783] 	Sorting keywords...
[21:10:00:792] 	Sorted keywords: 
[21:10:00:792] 		OCF_ArtifactDaedric_BrokenRazor [KYWD:FF00213C]
[21:10:00:792] 		OCF_ArtifactDaedric_BrokenStar [KYWD:FF00213D]
[21:10:00:792] 		OCF_ArtifactDaedric_SkeletonKey [KYWD:FF00213E]
[21:10:00:792] 		OCF_ArtifactLegendary_BrokenWuuthrad [KYWD:FF00213F]
[21:10:00:792] 		OCF_ArtifactLegendary_WhitePhial [KYWD:FF002037]
[21:10:00:792] 		OCF_RelicDaedric_SigilStone [KYWD:FF002141]
[21:10:00:792] 		OCF_RelicNordic_SkullKey [KYWD:FF002143]
[21:10:00:792] 		OCF_IngrRemains_BoneSkull_Bird [KYWD:FF002148]
[21:10:00:792] 		OCF_IngrRemains_BoneSkull_Horse [KYWD:FF002149]
[21:10:00:792] 		OCF_IngrRemains_BoneSkull_FrostGiant [KYWD:FF00214A]
[21:10:00:792] 		OCF_IngrRemains_BoneSkull_Human [KYWD:FF00214C]
[21:10:00:792] 		OCF_IngrRemains_SharpHorn [KYWD:FF0020E8]
[21:10:00:792] 		OCF_IngrRemains_SharpTalon [KYWD:FF0020ED]
[21:10:00:792] 		OCF_IngrRemains_SharpTusk [KYWD:FF0020E5]
[21:10:00:792] 		WAF_MaterialChitin [KYWD:01AF0133]
[21:10:00:792] 		OCF_IngrRemains_PlateScales [KYWD:FF0020E0]
[21:10:00:792] 		BYOHAdoptionClothesKeyword [KYWD:0300D823]
[21:10:00:792] 		OCF_MiscEmptyVessel_Bottle [KYWD:FF00200F]
[21:10:00:792] 		VendorItemGem [KYWD:000914ED]
[21:10:00:792] 		VendorItemIngredient [KYWD:0008CDEB]
[21:10:00:792] 		VendorItemFireword [KYWD:000BECD7]
[21:10:00:792] 		OCF_MiscMaterial_ScrapDwarven [KYWD:FF002156]
[21:10:00:792] 		OCF_RelicNordic_DragonClaw [KYWD:FF002142]
[21:10:00:792] 		OCF_HandTypeClaws [KYWD:FF001EDD]
[21:10:00:792] 		OCF_RelicAedric_Sapling [KYWD:FF002140]
[21:10:00:792] 		OCF_RelicDunmer [KYWD:FF001E80]
[21:10:00:792] 		OCF_RelicDwarven [KYWD:FF002038]
[21:10:00:792] 		OCF_RelicFalmer [KYWD:FF001DDF]
[21:10:00:792] 		OCF_AnimalHideLeather [KYWD:FF002144]
[21:10:00:792] 		OCF_AnimalHideNetch [KYWD:FF002145]
[21:10:00:792] 		OCF_AnimalHideStrip [KYWD:FF002146]
[21:10:00:792] 		OCF_IngrRemains_BonePelvis [KYWD:FF002147]
[21:10:00:792] 		OCF_IngrRemains_BoneSkull_Troll [KYWD:FF00214B]
[21:10:00:792] 		OCF_IngrRemains_Feather [KYWD:FF0020D8]
[21:10:00:792] 		OCF_ScrlSpider [KYWD:FF0020B5]
[21:10:00:792] 		OCF_BookTextBook [KYWD:FF00214D]
[21:10:00:792] 		OCF_BookTextDocument [KYWD:FF002100]
[21:10:00:792] 		OCF_BookTextMap [KYWD:FF001E64]
[21:10:00:792] 		OCF_BookTextNote [KYWD:FF00214E]
[21:10:00:792] 		OCF_BookTextRecipe_Crafting [KYWD:FF002106]
[21:10:00:792] 		OCF_BookTextScroll [KYWD:FF00211C]
[21:10:00:792] 		OCF_MiscJarBug [KYWD:FF001F06]
[21:10:00:792] 		OCF_MiscChildToy_Doll [KYWD:FF00214F]
[21:10:00:792] 		OCF_MiscInstrument [KYWD:FF001FA2]
[21:10:00:792] 		OCF_MiscMaterial_Metal [KYWD:FF002151]
[21:10:00:792] 		OCF_MiscMaterial_Stone [KYWD:FF002152]
[21:10:00:792] 		OCF_MiscMaterial_Ingot [KYWD:FF002153]
[21:10:00:792] 		OCF_MiscMaterial_Ore [KYWD:FF002154]
[21:10:00:792] 		OCF_MiscPackage [KYWD:FF002157]
[21:10:00:792] 		OCF_MiscPetGear_Collar [KYWD:FF002158]
[21:10:00:792] 		OCF_AlchPoison [KYWD:FF0020E7]
[21:10:00:792] 		OCF_AlchPotion [KYWD:FF002159]
[21:10:00:792] 		OCF_MiscPottery_Dwarven [KYWD:FF00215B]
[21:10:00:792] 		OCF_SlgmX0X [KYWD:FF00215C]
[21:10:00:792] 		OCF_SlgmX5X [KYWD:FF00215D]
[21:10:00:792] 		OCF_SlgmBXX [KYWD:FF00215E]
[21:10:00:792] 		OCF_MiscTableware_Dwarven [KYWD:FF002161]
[21:10:00:792] 		OCF_MiscTableware_Glazed [KYWD:FF002162]
[21:10:00:792] 		OCF_MiscTableware_GlazedNordic [KYWD:FF002163]
[21:10:00:792] 		OCF_MiscTableware_Gold [KYWD:FF002164]
[21:10:00:792] 		OCF_MiscTableware_Silver [KYWD:FF002165]
[21:10:00:792] 		OCF_ToolAlembic [KYWD:FF002166]
[21:10:00:792] 		OCF_ToolBroom [KYWD:FF001FC2]
[21:10:00:792] 		OCF_ToolExtractor [KYWD:FF001E32]
[21:10:00:792] 		OCF_ToolLantern [KYWD:FF001EC3]
[21:10:00:792] 		OCF_ToolLockpick [KYWD:FF002167]
[21:10:00:792] 		OCF_ToolQuill [KYWD:FF002168]
[21:10:00:792] 		OCF_ToolScissors [KYWD:FF002169]
[21:10:00:792] 		OCF_ToolShovel [KYWD:FF001FCC]
[21:10:00:792] 		OCF_MiscTreasure_Coin [KYWD:FF00216B]
[21:10:00:792] 		OCF_MiscTreasure_Coinpurse [KYWD:FF00216C]
[21:10:00:792] 		OCF_MiscTreasure_Gold [KYWD:FF00216D]
[21:10:00:792] 		OCF_MiscTreasure_Silver [KYWD:FF00216E]
[21:10:00:792] 		OCF_AnimalPartDragon [KYWD:FF00216F]
[21:10:00:792] 		OCF_AnimalPartTroll [KYWD:FF002170]
[21:10:00:792] 		ClothingCrown [KYWD:0110AB46]
[21:10:00:792] 		OCF_BookBindingBook [KYWD:FF002171]
[21:10:00:792] 		OCF_BookBindingJournal [KYWD:FF002123]
[21:10:00:792] 		OCF_BookBindingNote [KYWD:FF002172]
[21:10:00:793] 		OCF_BookBindingScroll [KYWD:FF00211D]
[21:10:00:793] 		OCF_VesselBasket [KYWD:FF002173]
[21:10:00:793] 		OCF_VesselBottleSkooma [KYWD:FF001FFB]
[21:10:00:793] 		OCF_VesselBucket [KYWD:FF002174]
[21:10:00:793] 		OCF_VesselCloth [KYWD:FF002175]
[21:10:00:793] 		OCF_VesselCrate [KYWD:FF002176]
[21:10:00:793] 		OCF_VesselCup [KYWD:FF002000]
[21:10:00:793] 		OCF_VesselDrinkingHorn [KYWD:FF002177]
[21:10:00:793] 		OCF_VesselJug [KYWD:FF001FF7]
[21:10:00:793] 		OCF_VesselKeg [KYWD:FF002178]
[21:10:00:793] 		OCF_VesselPlate [KYWD:FF001FFF]
[21:10:00:793] 		OCF_VesselPot [KYWD:FF002179]
[21:10:00:793] 		OCF_VesselSatchel [KYWD:FF00217A]
[21:10:00:793] 		OCF_VesselTankard [KYWD:FF002001]
[21:10:00:793] 		OCF_WeapTypeCutlery1H [KYWD:FE048801]
[21:10:00:793] 		_SH_WineBottleKeyword [KYWD:01F3DD71]
[21:10:00:793] 		ClothingNecklace [KYWD:0010CD0A]
[21:10:00:793] 		OCF_WeapTypeStaffBlank [KYWD:FE048862]
[21:10:00:793] 		OCF_ArtifactDaedric_Bittercup [KYWD:FF001FF9]
[21:10:00:793] 		OCF_MiscEmptyVessel_Jar [KYWD:FF001F05]
[21:10:00:793] 		OCF_HeadTypeMask [KYWD:FF001ECE]
[21:10:00:793] 		OCF_Placeholder_Separate [KYWD:FF001E2D]
[21:10:00:793] 		OCF_MiscHorseGear [KYWD:FF001DF2]
[21:10:00:793] 		OCF_MiscPottery_Silver [KYWD:FF00217B]
[21:10:00:793] 		OCF_MiscDye [KYWD:FF00217C]
[21:10:00:793] 		OCF_VesselBottlePotion [KYWD:FF002021]
[21:10:00:793] 		OCF_MiscPetGear_Pack [KYWD:FF00217D]
[21:10:00:793] 		OCF_IngrRemains_OrganEye [KYWD:FF0020DE]
[21:10:00:793] 		OCF_RelicAyleid_Crystal [KYWD:FF001FFD]
[21:10:00:793] 		OCF_MiscPillow [KYWD:FF00217E]
[21:10:00:793] 		OCF_VesselJar [KYWD:FF00202B]
[21:10:00:793] 		OCF_AnimalHideFurPlate [KYWD:FF00217F]
[21:10:00:793] 		OCF_Placeholder_Filter [KYWD:FF001E1F]
[21:10:00:793] 		OCF_MiscCampingGear_Bedding [KYWD:FF002180]
[21:10:00:793] 		OCF_MiscCampingGear_CraftCook [KYWD:FF002181]
[21:10:00:793] 		OCF_MiscCampingGear_Tent [KYWD:FF002183]
[21:10:00:793] 		OCF_MiscTrap [KYWD:FF002184]
[21:10:00:793] 		OCF_MiscSoap [KYWD:FF002028]
[21:10:00:793] 		OCF_MiscWashcloth [KYWD:FF002010]
[21:10:00:793] 		OCF_IngrRemains_BoneSkull_Goblin [KYWD:FF002185]
[21:10:00:793] 		OCF_ToolMortarPestle [KYWD:FF002186]
[21:10:00:793] 		OCF_IngrRemains_BoneSkull_Elf [KYWD:FF002187]
[21:10:00:793] 		ClothingBody [KYWD:000A8657]
[21:10:00:793] 		OCF_MiscEmptyVessel_Flask [KYWD:FF001E27]
[21:10:00:793] 		_SH_SujammaBottleKeyword [KYWD:01F3DD76]
[21:10:00:793] 		_SH_MeadBottleKeyword [KYWD:01F3DD70]
[21:10:00:793] 		OCF_VesselDice [KYWD:FF002188]
[21:10:00:793] 		OCF_VesselFlask [KYWD:FF001E28]
[21:10:00:793] 		OCF_VesselGamePiece [KYWD:FF002189]
[21:10:00:793] 		OCF_VesselKettle [KYWD:FF002009]
[21:10:00:793] 		OCF_VesselPallete [KYWD:FF00218A]
[21:10:00:793] 		OCF_ToolLight_Torch [KYWD:FF00218B]
[21:10:00:793] 		OCF_VesselTorch [KYWD:FF00218C]
[21:10:00:793] 		OCF_IngrRemains_Fat [KYWD:FF002014]
[21:10:00:793] 		OCF_AlchDrinkAlcohol [KYWD:01AF101A]
[21:10:00:793] 		OCF_ToolCrucible [KYWD:FF00218D]
[21:10:00:793] 		OCF_ToolRetort [KYWD:FF00218E]
[21:10:00:793] 		OCF_MiscCampingGear_CraftEnchant [KYWD:FF00218F]
[21:10:00:793] 		OCF_MiscCampingGear_CraftTan [KYWD:FF002190]
[21:10:00:793] 		OCF_Placeholder_Learn [KYWD:FF002022]
[21:10:00:793] 		OCF_WeapTypePickaxe1H [KYWD:FE048816]
[21:10:00:793] 		OCF_WeapTypeWoodaxe1H [KYWD:FE04881A]
[21:10:00:793] 		WeapTypeSword [KYWD:0001E711]
[21:10:00:793] 		OCF_SlgmGold [KYWD:FF002191]
[21:10:00:793] 		OCF_SlgmShapeCommon [KYWD:FF002192]
[21:10:00:793] 		OCF_SlgmShapeGreater [KYWD:FF002193]
[21:10:00:793] 		OCF_MiscArcana [KYWD:FF002194]
[21:10:00:793] 		OCF_IngrRemains_SharpAntler [KYWD:FF0020E1]
[21:10:00:793] 		OCF_MiscOther [KYWD:FF002196]
[21:10:00:793] 		OCF_WeapTypeClub2H [KYWD:FE04883F]
[21:10:00:793] 		OCF_WeapTypeFishingRod1H [KYWD:FE04881F]
[21:10:00:793] 		OCF_VesselBarrel [KYWD:FF002197]
[21:10:00:793] 		OCF_VesselCandle [KYWD:FF002198]
[21:10:00:793] 		OCF_MiscCampingGear_Storage [KYWD:FF00219A]
[21:10:00:793] 		OCF_MiscCampingGear_Structure [KYWD:FF00219B]
[21:10:00:793] 		OCF_MiscPetGear_Toy [KYWD:FF0020B6]
[21:10:00:793] 		OCF_IngrRemains_Carcass [KYWD:FF00219F]
[21:10:00:793] 		OCF_AlchPoison_Food [KYWD:FF001FFA]
[21:10:00:793] 		OCF_BookTextJournal [KYWD:FF002101]
[21:10:00:793] 		OCF_IngrPlant_Flower [KYWD:FF0020CA]
[21:10:00:793] 		OCF_IngrRemains_OrganHeart [KYWD:FF002015]
[21:10:00:793] 		ArmorCuirass [KYWD:0006C0EC]
[21:10:00:793] 		OCF_Placeholder_Dummy [KYWD:FF002023]
[21:10:00:793] 		OCF_MiscCard [KYWD:FF00219D]
[21:10:00:793] 		OCF_IngrRemains_BoneSkull_Dragon [KYWD:FF00219E]
[21:10:00:793] 		OCF_IngrRemains_SharpClaw [KYWD:FF0020E3]
[21:10:00:793] 		ClothingCirclet [KYWD:0010CD08]
[21:10:00:793] 		OCF_AlchFood_Ingredient [KYWD:FF00200C]
[21:10:00:793] 		OCF_AlchSnow [KYWD:FF002024]
[21:10:00:793] 		VendorItemKey [KYWD:000914EF]
[21:10:00:793] 		OCF_WeapTypeDagger1H [KYWD:FE048802]
[21:10:00:793] 		OCF_IngrRemains_Gloop [KYWD:FF0020DD]
[21:10:00:793] 		OCF_MiscJar [KYWD:FF0021A0]
[21:10:00:793] 		OCF_AlchSpoiled [KYWD:FF002012]
[21:10:00:793] 		_SHSaltWaterKeyword [KYWD:01F3DD3F]
[21:10:00:793] 		OCF_VesselWaterskin_100 [KYWD:FF00200A]
[21:10:00:793] 		OCF_VesselWaterskin_000 [KYWD:FF00202C]
[21:10:00:793] 		OCF_IngrMisc_Mineral [KYWD:FF0020C5]
[21:10:00:793] 		OCF_MiscPainting [KYWD:FF0021A1]
[21:10:00:793] 		OCF_MiscSeashell [KYWD:FF0021A2]
[21:10:00:793] 		OCF_ToolCompass [KYWD:FF001E62]
[21:10:00:793] 		OCF_ToolSpyglass [KYWD:FF001EAA]
[21:10:00:793] 		OCF_ToolLight_Candle [KYWD:FF0021A3]
[21:10:00:793] 		OCF_MiscJarFish [KYWD:FF0021A4]
[21:10:00:793] 		OCF_ToolLight_LanternBug [KYWD:FF0021A5]
[21:10:00:793] 		VendorItemRecipe [KYWD:000F5CB0]
[21:10:00:793] 		OCF_VesselBag [KYWD:FF002006]
[21:10:00:793] 		OCF_IngrRemains_SharpTeeth [KYWD:FF0020E4]
[21:10:00:793] 		OCF_AmmoTypeArrow [KYWD:FE04886D]
[21:10:00:793] 		OCF_BookTextManual [KYWD:FF002102]
[21:10:00:793] 		OCF_MiscCampingGear_CraftSmelt [KYWD:FF0021A6]
[21:10:00:793] 		OCF_MiscCampingGear_CraftSmith [KYWD:FF0021A7]
[21:10:00:793] 		OCF_MiscCampingGear_FurnitureChair [KYWD:FF0021A8]
[21:10:00:793] 		OCF_MiscCampingGear_FurnitureTable [KYWD:FF0021A9]
[21:10:00:793] 		OCF_ToolParaglider [KYWD:FF0021AA]
[21:10:00:793] 		OCF_ReplicaLegendary [KYWD:FF001E3F]
[21:10:00:793] 		OCF_ScrlTypeShalidor [KYWD:FF0021AB]
[21:10:00:793] 		OCF_BookTextAncient [KYWD:FF0021AC]
[21:10:00:793] 		OCF_BookTextGrimoire [KYWD:FF0021AD]
[21:10:00:793] 		OCF_BookTextThesis [KYWD:FF0021AE]
[21:10:00:793] 		OCF_ToolCauldron [KYWD:FF0021AF]
[21:10:00:793] 		OCF_SlgmPiece_Filled [KYWD:FF0021B0]
[21:10:00:793] 		OCF_VesselVial [KYWD:FF002036]
[21:10:00:793] 		OCF_IngrRemains_DustAshes [KYWD:FF0020D3]
[21:10:00:793] 		OCF_ArtifactDaedric_ObsidianHusk [KYWD:FF0021B1]
[21:10:00:793] 		OCF_IngrRemains_BoneSkull_Argonian [KYWD:FF0021B2]
[21:10:00:793] 		OCF_IngrRemains_BoneSkull_Khajiit [KYWD:FF0021B3]
[21:10:00:793] 		OCF_IngrRemains_BoneSkull_Orc [KYWD:FF0021B4]
[21:10:00:793] 		OCF_MiscEmptyVessel_Jug [KYWD:FF0021B5]
[21:10:00:793] 		OCF_ToolSextant [KYWD:FF0021B6]
[21:10:00:793] 		OCF_HeadTypeGlasses [KYWD:FF001EC7]
[21:10:00:793] 		OCF_VesselBottlePerfume [KYWD:FF0021B7]
[21:10:00:793] 		OCF_VesselBottlePoison [KYWD:FF0021B8]
[21:10:00:793] 		OCF_MiscCampingGear_CraftAlchemy [KYWD:FF0021B9]
[21:10:00:793] 		OCF_MiscCampingGear_FurnitureBathtub [KYWD:FF0021BA]
[21:10:00:793] 		OCF_MiscCampingGear_FurnitureDecoration [KYWD:FF0021BB]
[21:10:00:793] 		OCF_MiscCampingGear_FurniturePillow [KYWD:FF0021BC]
[21:10:00:793] 		OCF_MiscCampingGear_Shrine [KYWD:FF0021BD]
[21:10:00:793] 		OCF_MiscPetGear_Bedding [KYWD:FF0021BE]
[21:10:00:793] 		OCF_AmmoTypeBullet1H_Basic [KYWD:FE048877]
[21:10:00:793] 		OCF_VesselHoneyPot [KYWD:FF00202E]
[21:10:00:793] 		OCF_MiscOil [KYWD:FF0021BF]
[21:10:00:793] 		OCF_BodyTypePants [KYWD:FF001EBA]
[21:10:00:793] 		OCF_InvColorCopper [KYWD:FF0021C6]
[21:10:00:793] 		OCF_InvColorSilver [KYWD:FF0021C7]
[21:10:00:793] 		OCF_InvColorNecromancy [KYWD:FF0021C8]
[21:10:00:793] 		OCF_InvColorDaedric [KYWD:FF001D82]
[21:10:00:793] 		OCF_InvColorRed [KYWD:FF0020F8]
[21:10:00:793] 		OCF_InvColorEldritch [KYWD:FF001CD6]
[21:10:00:793] 		OCF_InvColorBlood [KYWD:FF001CD5]
[21:10:00:793] 		OCF_RelicAedric [KYWD:FF001EB4]
[21:10:00:793] 		OCF_RelicDaedric [KYWD:FF001E7F]
[21:10:00:793] 		OCF_MiscMaterial_Scrap [KYWD:FF002155]
[21:10:00:793] 		ClothingRing [KYWD:0010CD09]
[21:10:00:793] 		OCF_SlgmPiece [KYWD:FF00215F]
[21:10:00:793] 		OCF_VesselBowl [KYWD:FF001FF6]
[21:10:00:793] 		OCF_AlchDrink_Water [KYWD:01AF101C]
[21:10:00:793] 		OCF_VesselFlagon [KYWD:FF00200E]
[21:10:00:793] 		OCF_WeapBroken [KYWD:FF001FA1]
[21:10:00:793] 		OCF_RelicAyleid [KYWD:FF001E0E]
[21:10:00:793] 		OCF_Replica [KYWD:FF001E40]
[21:10:00:793] 		BYOHAdoptionToyKeyword [KYWD:0300D824]
[21:10:00:793] 		OCF_IngrRemains_Dust [KYWD:FF0020D4]
[21:10:00:793] 		OCF_AmmoTypeBullet1H [KYWD:FE048875]
[21:10:00:793] 		OCF_IngrPlant [KYWD:FF00201D]
[21:10:00:793] 		OCF_ArtifactDaedric [KYWD:FF001DD4]
[21:10:00:793] 		DaedricArtifact [KYWD:000A8668]
[21:10:00:793] 		WeapTypeDagger [KYWD:0001E713]
[21:10:00:793] 		OCF_RelicNordic [KYWD:FF001DE1]
[21:10:00:793] 		OCF_IngrRemains_BoneSkull_Animal [KYWD:FF002195]
[21:10:00:793] 		OCF_IngrRemains_BoneSkull_Creature [KYWD:FF0021C0]
[21:10:00:793] 		OCF_IngrRemains_BoneSkull_Hominid [KYWD:FF0021C1]
[21:10:00:793] 		OCF_IngrRemains_BoneSkull [KYWD:FF0021C2]
[21:10:00:793] 		OCF_IngrRemains_Bone [KYWD:FF0020CF]
[21:10:00:793] 		OCF_MiscPottery [KYWD:FF00215A]
[21:10:00:793] 		OCF_ArtifactLegendary [KYWD:FF001DDE]
[21:10:00:793] 		OCF_AmmoTypeBullet [KYWD:FE04886F]
[21:10:00:793] 		OCF_IngrRemains_Organ [KYWD:FF00202D]
[21:10:00:793] 		OCF_IngrRemains_Plate [KYWD:FF0020EF]
[21:10:00:793] 		OCF_MiscMaterialGeneral [KYWD:FF002150]
[21:10:00:793] 		OCF_MiscMaterialSmithing [KYWD:FF0021C4]
[21:10:00:793] 		OCF_MiscMaterial [KYWD:FF0021C5]
[21:10:00:793] 		WeapTypeStaff [KYWD:0001E716]
[21:10:00:793] 		CRFExemptArtifactKeyword [KYWD:0101A409]
[21:10:00:793] 		OCF_InvColorGold [KYWD:FF002046]
[21:10:00:793] 		OCF_IngrRemains_Sharp [KYWD:FF0020F4]
[21:10:00:793] 		OCF_Placeholder_BuildingPart [KYWD:FF001DFC]
[21:10:00:793] 		OCF_Artifact [KYWD:FF001F0B]
[21:10:00:793] 		VendorItemAnimalHide [KYWD:000914EA]
[21:10:00:793] 		OCF_MiscTreasure [KYWD:FF00216A]
[21:10:00:794] 		OCF_MiscFossil [KYWD:FF00219C]
[21:10:00:794] 		OCF_MiscPetGear [KYWD:FF0020B8]
[21:10:00:794] 		OCF_MiscCampingGear_Furniture [KYWD:FF002182]
[21:10:00:794] 		OCF_MiscCampingGear_Craft [KYWD:FF002199]
[21:10:00:794] 		OCF_MiscCampingGear [KYWD:FF001D67]
[21:10:00:794] 		CraftingSmithingForge [KYWD:00088105]
[21:10:00:794] 		VendorItemClutter [KYWD:000914E9]
[21:10:00:794] 		OCF_MiscTableware [KYWD:FF002160]
[21:10:00:794] 		OCF_BookTextRecipe [KYWD:FF0021C3]
[21:10:00:794] 		OCF_ToolAlchemy [KYWD:FF001EC2]
[21:10:00:794] 		OCF_VesselWaterskin [KYWD:FF002025]
[21:10:00:794] 		OCF_Relic [KYWD:FF001DE2]
[21:10:00:794] 		OCF_VesselBottle [KYWD:FF002045]
[21:10:00:794] 		VendorItemAnimalPart [KYWD:000914EB]
[21:10:00:794] 		OCF_Tool [KYWD:FF001EC4]
[21:10:00:794] Key
[21:10:00:794] 	[ABA_KW-OCF_KEYM_KID.ini] OCF_KeyPlayerHome
[21:10:00:794] 	[ABA_KW-OCF_KEYM_KID.ini] OCF_RelicDaedric_SigilStone
[21:10:00:794] 	[ABA_KW-OCF_KEYM_KID.ini] OCF_IngrRemains_BoneSkull_Human
[21:10:00:794] 	[ABA_KW-OCF_KEYM_KID.ini] OCF_IngrRemains_BoneSkull_Hominid
[21:10:00:794] 	[ABA_KW-OCF_KEYM_KID.ini] OCF_IngrRemains_BoneSkull
[21:10:00:794] 	[ABA_KW-OCF_KEYM_KID.ini] OCF_IngrRemains_Bone
[21:10:00:794] 	[ABA_KW-OCF_KEYM_KID.ini] OCF_RelicDaedric
[21:10:00:794] 	[ABA_KW-OCF_KEYM_KID.ini] OCF_Relic
[21:10:00:794] 	[ABA_KW-OCF_KEYM_KID.ini] CRFExemptArtifactKeyword
[21:10:00:794] 	Sorting keywords...
[21:10:00:794] 	Sorted keywords: 
[21:10:00:794] 		OCF_KeyPlayerHome [KYWD:FF0021C9]
[21:10:00:794] 		OCF_RelicDaedric_SigilStone [KYWD:FF002141]
[21:10:00:794] 		OCF_IngrRemains_BoneSkull_Human [KYWD:FF00214C]
[21:10:00:794] 		OCF_RelicDaedric [KYWD:FF001E7F]
[21:10:00:794] 		OCF_Relic [KYWD:FF001DE2]
[21:10:00:794] 		OCF_IngrRemains_BoneSkull_Hominid [KYWD:FF0021C1]
[21:10:00:794] 		OCF_IngrRemains_BoneSkull [KYWD:FF0021C2]
[21:10:00:794] 		OCF_IngrRemains_Bone [KYWD:FF0020CF]
[21:10:00:794] 		CRFExemptArtifactKeyword [KYWD:0101A409]
[21:10:00:794] Soul Gem
[21:10:00:795] 	[AAA_KW-OCF_Data_KID.ini] OCF_SlgmColorWhite
[21:10:00:795] 	[AAA_KW-OCF_Data_KID.ini] OCF_SlgmColorBlack
[21:10:00:795] 	[AAA_KW-OCF_Data_KID.ini] OCF_SlgmGemNone
[21:10:00:795] 	[AAA_KW-OCF_Data_KID.ini] OCF_SlgmGemPetty
[21:10:00:795] 	[AAA_KW-OCF_Data_KID.ini] OCF_SlgmGemLesser
[21:10:00:795] 	[AAA_KW-OCF_Data_KID.ini] OCF_SlgmGemCommon
[21:10:00:795] 	[AAA_KW-OCF_Data_KID.ini] OCF_SlgmGemGreater
[21:10:00:795] 	[AAA_KW-OCF_Data_KID.ini] OCF_SlgmGemGrand
[21:10:00:795] 	[AAA_KW-OCF_Data_KID.ini] OCF_SlgmSoulNone
[21:10:00:795] 	[AAA_KW-OCF_Data_KID.ini] OCF_SlgmSoulPetty
[21:10:00:795] 	[AAA_KW-OCF_Data_KID.ini] OCF_SlgmSoulLesser
[21:10:00:795] 	[AAA_KW-OCF_Data_KID.ini] OCF_SlgmSoulCommon
[21:10:00:795] 	[AAA_KW-OCF_Data_KID.ini] OCF_SlgmSoulGreater
[21:10:00:795] 	[AAA_KW-OCF_Data_KID.ini] OCF_SlgmSoulGrand
[21:10:00:795] 	[ABA_KW-OCF_SLGM_KID.ini] OCF_ArtifactDaedric_AzuraStar
[21:10:00:795] 	[ABA_KW-OCF_SLGM_KID.ini] OCF_ArtifactDaedric_BlackStar
[21:10:00:795] 	[ABA_KW-OCF_SLGM_KID.ini] OCF_RelicAyleid_Crystal
[21:10:00:799] 	[ABA_KW-OCF_SLGM_KID.ini] OCF_RelicDaedric_SoulTomato
[21:10:00:805] 	[ABA_KW-OCF_SLGM_KID.ini] OCF_MiscChildToy_Doll
[21:10:00:805] 	[ABA_KW-OCF_SLGM_KID.ini] OCF_ReplicaDaedric_AzuraStar
[21:10:00:805] 	[ABA_KW-OCF_SLGM_KID.ini] OCF_ReplicaDaedric_BlackStar
[21:10:00:805] 	[ABA_KW-OCF_SLGM_KID.ini] OCF_AmmoTypeBullet1H
[21:10:00:818] 	[ABA_KW-OCF_SLGM_KID.ini] OCF_SlgmShapeCommon
[21:10:00:826] 	[ABA_KW-OCF_SLGM_KID.ini] OCF_SlgmShapeGreater
[21:10:00:829] 	[ABA_KW-OCF_SLGM_KID.ini] OCF_SlgmBasic_Blood
[21:10:00:829] 	[ABA_KW-OCF_SLGM_KID.ini] OCF_SlgmBasic_Rose
[21:10:00:829] 	[ABA_KW-OCF_SLGM_KID.ini] OCF_InvColorBlood
[21:10:00:829] 	[ABA_KW-OCF_SLGM_KID.ini] OCF_InvColorPink
[21:10:00:830] 	[ABA_KW-OCF_SLGM_KID.ini] OCF_ArtifactDaedric
[21:10:00:830] 	[ABA_KW-OCF_SLGM_KID.ini] OCF_Artifact
[21:10:00:830] 	[ABA_KW-OCF_SLGM_KID.ini] OCF_RelicAyleid
[21:10:00:830] 	[ABA_KW-OCF_SLGM_KID.ini] OCF_RelicDaedric_SigilStone
[21:10:00:830] 	[ABA_KW-OCF_SLGM_KID.ini] OCF_RelicDaedric
[21:10:00:830] 	[ABA_KW-OCF_SLGM_KID.ini] OCF_Relic
[21:10:00:830] 	[ABA_KW-OCF_SLGM_KID.ini] OCF_ReplicaDaedric
[21:10:00:830] 	[ABA_KW-OCF_SLGM_KID.ini] OCF_Replica
[21:10:00:830] 	[ABA_KW-OCF_SLGM_KID.ini] OCF_AmmoTypeBullet
[21:10:00:830] 	[ABA_KW-OCF_SLGM_KID.ini] OCF_SlgmBasic
[21:10:00:843] 	[ABA_KW-OCF_SLGM_KID.ini] OCF_SlgmShapeStar
[21:10:00:847] 	[ABA_KW-OCF_SLGM_KID.ini] BYOHAdoptionToyKeyword
[21:10:00:847] 	[ABA_KW-OCF_SLGM_KID.ini] DaedricArtifact
[21:10:00:847] 	[ABA_KW-OCF_SLGM_KID.ini] CRFExemptArtifactKeyword
[21:10:00:847] 	Sorting keywords...
[21:10:00:848] 	Sorted keywords: 
[21:10:00:848] 		OCF_SlgmColorWhite [KYWD:FF0021CA]
[21:10:00:848] 		OCF_SlgmColorBlack [KYWD:FF0021CB]
[21:10:00:848] 		OCF_SlgmGemNone [KYWD:FF0021CC]
[21:10:00:848] 		OCF_SlgmGemPetty [KYWD:FF0021CD]
[21:10:00:848] 		OCF_SlgmGemLesser [KYWD:FF0021CE]
[21:10:00:848] 		OCF_SlgmGemCommon [KYWD:FF0021CF]
[21:10:00:848] 		OCF_SlgmGemGreater [KYWD:FF0021D0]
[21:10:00:848] 		OCF_SlgmGemGrand [KYWD:FF0021D1]
[21:10:00:848] 		OCF_SlgmSoulNone [KYWD:FF0021D2]
[21:10:00:848] 		OCF_SlgmSoulPetty [KYWD:FF0021D3]
[21:10:00:848] 		OCF_SlgmSoulLesser [KYWD:FF0021D4]
[21:10:00:848] 		OCF_SlgmSoulCommon [KYWD:FF0021D5]
[21:10:00:848] 		OCF_SlgmSoulGreater [KYWD:FF0021D6]
[21:10:00:848] 		OCF_SlgmSoulGrand [KYWD:FF0021D7]
[21:10:00:848] 		OCF_ArtifactDaedric_AzuraStar [KYWD:FF0021D8]
[21:10:00:848] 		OCF_ArtifactDaedric_BlackStar [KYWD:FF0021D9]
[21:10:00:848] 		OCF_RelicAyleid_Crystal [KYWD:FF001FFD]
[21:10:00:848] 		OCF_MiscChildToy_Doll [KYWD:FF00214F]
[21:10:00:848] 		OCF_ReplicaDaedric_AzuraStar [KYWD:FF0021DB]
[21:10:00:848] 		OCF_ReplicaDaedric_BlackStar [KYWD:FF0021DC]
[21:10:00:848] 		OCF_AmmoTypeBullet1H [KYWD:FE048875]
[21:10:00:848] 		OCF_SlgmShapeCommon [KYWD:FF002192]
[21:10:00:848] 		OCF_SlgmShapeGreater [KYWD:FF002193]
[21:10:00:848] 		OCF_SlgmBasic_Blood [KYWD:FF0021DD]
[21:10:00:848] 		OCF_SlgmBasic_Rose [KYWD:FF0021DE]
[21:10:00:848] 		OCF_InvColorBlood [KYWD:FF001CD5]
[21:10:00:848] 		OCF_InvColorPink [KYWD:FF001D01]
[21:10:00:848] 		OCF_RelicDaedric_SigilStone [KYWD:FF002141]
[21:10:00:848] 		OCF_SlgmShapeStar [KYWD:FF0021E0]
[21:10:00:848] 		OCF_RelicDaedric_SoulTomato [KYWD:FF0021DA]
[21:10:00:848] 		OCF_ArtifactDaedric [KYWD:FF001DD4]
[21:10:00:848] 		OCF_Artifact [KYWD:FF001F0B]
[21:10:00:848] 		OCF_RelicAyleid [KYWD:FF001E0E]
[21:10:00:848] 		OCF_ReplicaDaedric [KYWD:FF001E90]
[21:10:00:848] 		OCF_Replica [KYWD:FF001E40]
[21:10:00:848] 		OCF_AmmoTypeBullet [KYWD:FE04886F]
[21:10:00:848] 		BYOHAdoptionToyKeyword [KYWD:0300D824]
[21:10:00:848] 		DaedricArtifact [KYWD:000A8668]
[21:10:00:848] 		OCF_RelicDaedric [KYWD:FF001E7F]
[21:10:00:848] 		OCF_Relic [KYWD:FF001DE2]
[21:10:00:848] 		CRFExemptArtifactKeyword [KYWD:0101A409]
[21:10:00:848] 		OCF_SlgmBasic [KYWD:FF0021DF]
[21:10:00:848] Spell
[21:10:00:854] 	[AAA_KW-OCF_Data_KID.ini] OCF_EquipTypeVoice
[21:10:00:854] 	[ABA_KW-OCF_SPEL_KID.ini] OCF_MgefPowerGrand
[21:10:00:854] 	[ABA_KW-OCF_SPEL_KID.ini] OCF_MgefClassArtificer
[21:10:00:854] 	[ABA_KW-OCF_SPEL_KID.ini] OCF_MgefClassAsh
[21:10:00:854] 	[ABA_KW-OCF_SPEL_KID.ini] OCF_MgefClassBard
[21:10:00:854] 	[ABA_KW-OCF_SPEL_KID.ini] OCF_MgefClassDruid
[21:10:00:854] 	[ABA_KW-OCF_SPEL_KID.ini] OCF_MgefClassEarth
[21:10:00:854] 	[ABA_KW-OCF_SPEL_KID.ini] OCF_MgefClassEldritch
[21:10:00:854] 	[ABA_KW-OCF_SPEL_KID.ini] OCF_MgefClassFire
[21:10:00:854] 	[ABA_KW-OCF_SPEL_KID.ini] OCF_MgefClassFrost
[21:10:00:854] 	[ABA_KW-OCF_SPEL_KID.ini] OCF_MgefClassHoly
[21:10:00:854] 	[ABA_KW-OCF_SPEL_KID.ini] OCF_MgefClassRace_Altmer
[21:10:00:854] 	[ABA_KW-OCF_SPEL_KID.ini] OCF_MgefClassRace_Argonian
[21:10:00:854] 	[ABA_KW-OCF_SPEL_KID.ini] OCF_MgefClassRace_Breton
[21:10:00:854] 	[ABA_KW-OCF_SPEL_KID.ini] OCF_MgefClassRace_Orsimer
[21:10:00:854] 	[ABA_KW-OCF_SPEL_KID.ini] OCF_MgefClassRace_Redguard
[21:10:00:854] 	[ABA_KW-OCF_SPEL_KID.ini] OCF_MgefClassRace_Vampire
[21:10:00:854] 	[ABA_KW-OCF_SPEL_KID.ini] OCF_MgefClassRace_Werebeast
[21:10:00:854] 	[ABA_KW-OCF_SPEL_KID.ini] OCF_MgefClassWater
[21:10:00:854] 	[ABA_KW-OCF_SPEL_KID.ini] OCF_MgefSpellBound_Weapon
[21:10:00:854] 	[ABA_KW-OCF_SPEL_KID.ini] OCF_MgefSpellDamage_Blood
[21:10:00:854] 	[ABA_KW-OCF_SPEL_KID.ini] OCF_MgefSpellDamage_Fire
[21:10:00:854] 	[ABA_KW-OCF_SPEL_KID.ini] OCF_MgefSpellDamage_FireCloakDunmer
[21:10:00:854] 	[ABA_KW-OCF_SPEL_KID.ini] OCF_MgefSpellDamage_Force
[21:10:00:854] 	[ABA_KW-OCF_SPEL_KID.ini] OCF_MgefSpellDamage_Frost
[21:10:00:854] 	[ABA_KW-OCF_SPEL_KID.ini] OCF_MgefSpellDamage_Poison
[21:10:00:854] 	[ABA_KW-OCF_SPEL_KID.ini] OCF_MgefSpellDamage_PoisonDoomstone
[21:10:00:854] 	[ABA_KW-OCF_SPEL_KID.ini] OCF_MgefSpellDamage_PoisonEldritch
[21:10:00:854] 	[ABA_KW-OCF_SPEL_KID.ini] OCF_MgefSpellDamage_Shadow
[21:10:00:854] 	[ABA_KW-OCF_SPEL_KID.ini] OCF_MgefSpellDamage_Steam
[21:10:00:854] 	[ABA_KW-OCF_SPEL_KID.ini] OCF_MgefSpellDamage_WindCloak
[21:10:00:854] 	[ABA_KW-OCF_SPEL_KID.ini] OCF_MgefSpellDivination
[21:10:00:854] 	[ABA_KW-OCF_SPEL_KID.ini] OCF_MgefSpellEnhance_AttackEldritch
[21:10:00:854] 	[ABA_KW-OCF_SPEL_KID.ini] OCF_MgefSpellEnhance_Damage
[21:10:00:854] 	[ABA_KW-OCF_SPEL_KID.ini] OCF_MgefSpellEnhance_Fall
[21:10:00:854] 	[ABA_KW-OCF_SPEL_KID.ini] OCF_MgefSpellEnhance_CastingDruid
[21:10:00:854] 	[ABA_KW-OCF_SPEL_KID.ini] OCF_MgefSpellEnhance_CastingEldritch
[21:10:00:854] 	[ABA_KW-OCF_SPEL_KID.ini] OCF_MgefSpellEthereal
[21:10:00:854] 	[ABA_KW-OCF_SPEL_KID.ini] OCF_MgefSpellHeal_LivingWater
[21:10:00:854] 	[ABA_KW-OCF_SPEL_KID.ini] OCF_MgefSpellHeal_Self
[21:10:00:854] 	[ABA_KW-OCF_SPEL_KID.ini] OCF_MgefSpellHeal_Undead
[21:10:00:854] 	[ABA_KW-OCF_SPEL_KID.ini] OCF_MgefSpellMind_CharmImperial
[21:10:00:854] 	[ABA_KW-OCF_SPEL_KID.ini] OCF_MgefSpellMind_Control
[21:10:00:854] 	[ABA_KW-OCF_SPEL_KID.ini] OCF_MgefSpellMind_ControlBosmer
[21:10:00:854] 	[ABA_KW-OCF_SPEL_KID.ini] OCF_MgefSpellMind_FearNord
[21:10:00:854] 	[ABA_KW-OCF_SPEL_KID.ini] OCF_MgefSpellMind_FrenzyShadow
[21:10:00:854] 	[ABA_KW-OCF_SPEL_KID.ini] OCF_MgefSpellMind_Paralysis
[21:10:00:854] 	[ABA_KW-OCF_SPEL_KID.ini] OCF_MgefSpellParalysis
[21:10:00:854] 	[ABA_KW-OCF_SPEL_KID.ini] OCF_MgefSpellProtect_Damage
[21:10:00:854] 	[ABA_KW-OCF_SPEL_KID.ini] OCF_MgefSpellProtect_DamageEldritch
[21:10:00:854] 	[ABA_KW-OCF_SPEL_KID.ini] OCF_MgefSpellProtect_Magic
[21:10:00:854] 	[ABA_KW-OCF_SPEL_KID.ini] OCF_MgefSpellReanimate
[21:10:00:854] 	[ABA_KW-OCF_SPEL_KID.ini] OCF_MgefSpellReanimateDoomstone
[21:10:00:854] 	[ABA_KW-OCF_SPEL_KID.ini] OCF_MgefSpellRestore_Magicka
[21:10:00:854] 	[ABA_KW-OCF_SPEL_KID.ini] OCF_MgefSpellRestore_Stamina
[21:10:00:854] 	[ABA_KW-OCF_SPEL_KID.ini] OCF_MgefSpellSacrifice_Blood
[21:10:00:854] 	[ABA_KW-OCF_SPEL_KID.ini] OCF_MgefSpellShapechange_Creature
[21:10:00:854] 	[ABA_KW-OCF_SPEL_KID.ini] OCF_MgefSpellShapechange_Vampire
[21:10:00:854] 	[ABA_KW-OCF_SPEL_KID.ini] OCF_MgefSpellShapechange_Werebeast
[21:10:00:854] 	[ABA_KW-OCF_SPEL_KID.ini] OCF_MgefSpellSoulTrap
[21:10:00:854] 	[ABA_KW-OCF_SPEL_KID.ini] OCF_MgefSpellSpace
[21:10:00:854] 	[ABA_KW-OCF_SPEL_KID.ini] OCF_MgefSpellStealth_Invisibility
[21:10:00:854] 	[ABA_KW-OCF_SPEL_KID.ini] OCF_MgefSpellStealth_InvisibilityDoomstone
[21:10:00:854] 	[ABA_KW-OCF_SPEL_KID.ini] OCF_MgefSpellSummon_Construct
[21:10:00:854] 	[ABA_KW-OCF_SPEL_KID.ini] OCF_MgefSpellSummon_Creature
[21:10:00:854] 	[ABA_KW-OCF_SPEL_KID.ini] OCF_MgefSpellSummon_Daedra
[21:10:00:854] 	[ABA_KW-OCF_SPEL_KID.ini] OCF_MgefSpellSummon_DaedraEldritch
[21:10:00:854] 	[ABA_KW-OCF_SPEL_KID.ini] OCF_MgefSpellSummon_Spirit
[21:10:00:854] 	[ABA_KW-OCF_SPEL_KID.ini] OCF_MgefSpellSummon_SpiritFrost
[21:10:00:854] 	[ABA_KW-OCF_SPEL_KID.ini] OCF_MgefSpellSummon_SpiritShadow
[21:10:00:854] 	[ABA_KW-OCF_SPEL_KID.ini] OCF_MgefSpellSummon_Undead
[21:10:00:854] 	[ABA_KW-OCF_SPEL_KID.ini] OCF_MgefSpellTime
[21:10:00:854] 	[ABA_KW-OCF_SPEL_KID.ini] OCF_MgefSpellTransmute
[21:10:00:854] 	[ABA_KW-OCF_SPEL_KID.ini] OCF_MgefSpellTurnUndeadCircle
[21:10:00:854] 	[ABA_KW-OCF_SPEL_KID.ini] OCF_AmmoTypeArrow
[21:10:00:854] 	[ABA_KW-OCF_SPEL_KID.ini] OCF_WeapTypeBattleaxe2H
[21:10:00:854] 	[ABA_KW-OCF_SPEL_KID.ini] OCF_WeapTypeBow2H
[21:10:00:854] 	[ABA_KW-OCF_SPEL_KID.ini] OCF_WeapTypeDagger1H
[21:10:00:854] 	[ABA_KW-OCF_SPEL_KID.ini] OCF_WeapTypeSword1H
[21:10:00:854] 	[ABA_KW-OCF_SPEL_KID.ini] OCF_InvColorArcane
[21:10:00:854] 	[ABA_KW-OCF_SPEL_KID.ini] OCF_InvColorBlood
[21:10:00:854] 	[ABA_KW-OCF_SPEL_KID.ini] OCF_InvColorEldritch
[21:10:00:854] 	[ABA_KW-OCF_SPEL_KID.ini] OCF_InvColorFire
[21:10:00:854] 	[ABA_KW-OCF_SPEL_KID.ini] OCF_InvColorShadow
[21:10:00:854] 	[ABA_KW-OCF_SPEL_KID.ini] OCF_MgefSpellBound_Ammo
[21:10:00:854] 	[ABA_KW-OCF_SPEL_KID.ini] OCF_MgefSpellForce
[21:10:00:854] 	[ABA_KW-OCF_SPEL_KID.ini] OCF_MgefClassNecromancy
[21:10:00:854] 	[ABA_KW-OCF_SPEL_KID.ini] OCF_MgefSpellSpace_Teleport
[21:10:00:854] 	[ABA_KW-OCF_SPEL_KID.ini] OCF_MgefSpellSacrifice_Summon
[21:10:00:854] 	[ABA_KW-OCF_SPEL_KID.ini] CCSM_RestoreHungerLarge
[21:10:00:854] 	[ABA_KW-OCF_SPEL_KID.ini] CCSM_RestoreHungerMedium
[21:10:00:854] 	[ABA_KW-OCF_SPEL_KID.ini] CCSM_RestoreHungerSmall
[21:10:00:854] 	[ABA_KW-OCF_SPEL_KID.ini] CCSM_RestoreHungerTiny
[21:10:00:854] 	[ABA_KW-OCF_SPEL_KID.ini] CCSM_RestoreCold
[21:10:00:854] 	[ABA_KW-OCF_SPEL_KID.ini] CCSM_FortifyWarmth
[21:10:00:854] 	[ABA_KW-OCF_SPEL_KID.ini] OCF_MgefPowerCheat
[21:10:00:854] 	[ABA_KW-OCF_SPEL_KID.ini] OCF_MgefPowerAction_CommandFollower
[21:10:00:854] 	[ABA_KW-OCF_SPEL_KID.ini] OCF_MgefPowerConfig
[21:10:00:854] 	[ABA_KW-OCF_SPEL_KID.ini] OCF_MgefClassShadow
[21:10:00:855] 	[ABA_KW-OCF_SPEL_KID.ini] OCF_MgefSpellSummon_Object
[21:10:00:855] 	[ABA_KW-OCF_SPEL_KID.ini] OCF_MgefClassBlood
[21:10:00:855] 	[ABA_KW-OCF_SPEL_KID.ini] OCF_MgefPowerAction_Bag
[21:10:00:855] 	[ABA_KW-OCF_SPEL_KID.ini] OCF_MgefPowerAction_Potion
[21:10:00:855] 	[ABA_KW-OCF_SPEL_KID.ini] OCF_MgefPowerAction_Bard
[21:10:00:857] 	[ABA_KW-OCF_SPEL_KID.ini] MAG_MagicDamagePoison
[21:10:00:857] 	[ABA_KW-OCF_SPEL_KID.ini] OCF_MgefSpellDamage_PoisonBug
[21:10:00:857] 	[ABA_KW-OCF_SPEL_KID.ini] OCF_MgefSpellEnhance_Dodge
[21:10:00:857] 	[ABA_KW-OCF_SPEL_KID.ini] OCF_MgefSpellEnhance_WaterWalk
[21:10:00:857] 	[ABA_KW-OCF_SPEL_KID.ini] OCF_MgefSpellHeal_SelfCloak
[21:10:00:857] 	[ABA_KW-OCF_SPEL_KID.ini] OCF_MgefSpellUnlock
[21:10:00:857] 	[ABA_KW-OCF_SPEL_KID.ini] OCF_WeapTypeGreatsword2H
[21:10:00:857] 	[ABA_KW-OCF_SPEL_KID.ini] OCF_WeapTypeMace1H
[21:10:00:857] 	[ABA_KW-OCF_SPEL_KID.ini] OCF_MgefSpellDamage_BloodCloak
[21:10:00:857] 	[ABA_KW-OCF_SPEL_KID.ini] OCF_MgefSpellDamage_FrostFire
[21:10:00:857] 	[ABA_KW-OCF_SPEL_KID.ini] OCF_MgefSpellLight
[21:10:00:857] 	[ABA_KW-OCF_SPEL_KID.ini] OCF_MgefClassSurvival_Wilderness
[21:10:00:857] 	[ABA_KW-OCF_SPEL_KID.ini] OCF_MgefPowerAction_Campfire
[21:10:00:857] 	[ABA_KW-OCF_SPEL_KID.ini] OCF_MgefPowerAction_Craft
[21:10:00:857] 	[ABA_KW-OCF_SPEL_KID.ini] OCF_MgefPowerAction_HarvestWood
[21:10:00:857] 	[ABA_KW-OCF_SPEL_KID.ini] OCF_MgefPowerAction_Instincts
[21:10:00:857] 	[ABA_KW-OCF_SPEL_KID.ini] OCF_MgefPowerAction_Horse
[21:10:00:857] 	[ABA_KW-OCF_SPEL_KID.ini] OCF_MgefPowerAction_Coin
[21:10:00:863] 	[ABA_KW-OCF_SPEL_KID.ini] OCF_InvColorBlack
[21:10:00:863] 	[ABA_KW-OCF_SPEL_KID.ini] OCF_InvColorDruid
[21:10:00:864] 	[ABA_KW-OCF_SPEL_KID.ini] OCF_InvColorFrost
[21:10:00:864] 	[ABA_KW-OCF_SPEL_KID.ini] OCF_InvColorHoly
[21:10:00:864] 	[ABA_KW-OCF_SPEL_KID.ini] OCF_InvColorMagenta
[21:10:00:864] 	[ABA_KW-OCF_SPEL_KID.ini] OCF_InvColorPink
[21:10:00:865] 	[ABA_KW-OCF_SPEL_KID.ini] OCF_InvColorPurple
[21:10:00:865] 	[ABA_KW-OCF_SPEL_KID.ini] OCF_InvColorWhite
[21:10:00:865] 	[ABA_KW-OCF_SPEL_KID.ini] OCF_MgefPowerAction_HorseHorn
[21:10:00:865] 	[ABA_KW-OCF_SPEL_KID.ini] OCF_MgefPowerAction_HorseWhistle
[21:10:00:865] 	[ABA_KW-OCF_SPEL_KID.ini] OCF_MgefDeliverTouch
[21:10:00:866] 	[ABA_KW-OCF_SPEL_KID.ini] OCF_MgefSpellCurse_Shadow
[21:10:00:866] 	[ABA_KW-OCF_SPEL_KID.ini] OCF_MgefSpellDamage_ShadowCloak
[21:10:00:866] 	[ABA_KW-OCF_SPEL_KID.ini] OCF_MgefSpellEnhance_Attack
[21:10:00:866] 	[ABA_KW-OCF_SPEL_KID.ini] OCF_MgefSpellEnhance_CritShadowInvis
[21:10:00:866] 	[ABA_KW-OCF_SPEL_KID.ini] OCF_MgefSpellEnhance_DamageShadow
[21:10:00:866] 	[ABA_KW-OCF_SPEL_KID.ini] OCF_MgefSpellEnhance_RegenShadowInvis
[21:10:00:866] 	[ABA_KW-OCF_SPEL_KID.ini] OCF_MgefClassArcane
[21:10:00:866] 	[ABA_KW-OCF_SPEL_KID.ini] OCF_MgefSpellDamage_Arcane
[21:10:00:867] 	[ABA_KW-OCF_SPEL_KID.ini] OCF_MgefSpellDamage_ArcaneCloak
[21:10:00:867] 	[ABA_KW-OCF_SPEL_KID.ini] OCF_MgefSpellEnhance_DamageArcane
[21:10:00:868] 	[ABA_KW-OCF_SPEL_KID.ini] OCF_MgefClassShock
[21:10:00:868] 	[ABA_KW-OCF_SPEL_KID.ini] OCF_MgefSpellDamage_ShockArc
[21:10:00:868] 	[ABA_KW-OCF_SPEL_KID.ini] OCF_MgefSpellDamage_ShockArcCloak
[21:10:00:868] 	[ABA_KW-OCF_SPEL_KID.ini] OCF_MgefSpellEnhance_DamageShockArc
[21:10:00:868] 	[ABA_KW-OCF_SPEL_KID.ini] OCF_InvColorShockArc
[21:10:00:869] 	[ABA_KW-OCF_SPEL_KID.ini] OCF_MgefSpellEnhance_DamageBlood
[21:10:00:869] 	[ABA_KW-OCF_SPEL_KID.ini] OCF_MgefSpellEnhance_Regen
[21:10:00:869] 	[ABA_KW-OCF_SPEL_KID.ini] OCF_MgefSpellDamage_NecroticFire
[21:10:00:869] 	[ABA_KW-OCF_SPEL_KID.ini] OCF_MgefSpellDamage_NecroticFireCloak
[21:10:00:870] 	[ABA_KW-OCF_SPEL_KID.ini] OCF_MgefSpellDamage_FrostFireCloak
[21:10:00:870] 	[ABA_KW-OCF_SPEL_KID.ini] OCF_MgefSpellBound_Armor
[21:10:00:870] 	[ABA_KW-OCF_SPEL_KID.ini] OCF_ArmorShield_Heavy
[21:10:00:871] 	[ABA_KW-OCF_SPEL_KID.ini] OCF_WeapTypeWarAxe1H
[21:10:00:871] 	[ABA_KW-OCF_SPEL_KID.ini] OCF_WeapTypeWarhammer2H
[21:10:00:871] 	[ABA_KW-OCF_SPEL_KID.ini] OCF_MgefSpellDamage_HolyLunar
[21:10:00:872] 	[ABA_KW-OCF_SPEL_KID.ini] OCF_MgefSpellDamage_HolyLunarCloak
[21:10:00:872] 	[ABA_KW-OCF_SPEL_KID.ini] OCF_MgefSpellEnhance_DamageHolyLunar
[21:10:00:874] 	[ABA_KW-OCF_SPEL_KID.ini] OCF_MgefClassWind
[21:10:00:874] 	[ABA_KW-OCF_SPEL_KID.ini] OCF_MgefSpellAssist_DamageDruid
[21:10:00:874] 	[ABA_KW-OCF_SPEL_KID.ini] OCF_MgefSpellAssist_MovementSpeedDruid
[21:10:00:874] 	[ABA_KW-OCF_SPEL_KID.ini] OCF_MgefSpellCounter_BloodDruid
[21:10:00:874] 	[ABA_KW-OCF_SPEL_KID.ini] OCF_MgefSpellCounter_Druid
[21:10:00:874] 	[ABA_KW-OCF_SPEL_KID.ini] OCF_MgefSpellCounter_DruidHeal
[21:10:00:874] 	[ABA_KW-OCF_SPEL_KID.ini] OCF_MgefSpellCounter_Fire
[21:10:00:874] 	[ABA_KW-OCF_SPEL_KID.ini] OCF_MgefSpellCurse_DruidRoot
[21:10:00:874] 	[ABA_KW-OCF_SPEL_KID.ini] OCF_MgefSpellDamage_Earth
[21:10:00:875] 	[ABA_KW-OCF_SPEL_KID.ini] OCF_MgefSpellDamage_EarthCloak
[21:10:00:876] 	[ABA_KW-OCF_SPEL_KID.ini] OCF_MgefSpellDamage_PoisonBugCloak
[21:10:00:876] 	[ABA_KW-OCF_SPEL_KID.ini] OCF_MgefSpellDamage_Water
[21:10:00:876] 	[ABA_KW-OCF_SPEL_KID.ini] OCF_MgefSpellDamage_WaterCloak
[21:10:00:877] 	[ABA_KW-OCF_SPEL_KID.ini] OCF_MgefSpellDamage_Wind
[21:10:00:877] 	[ABA_KW-OCF_SPEL_KID.ini] OCF_MgefSpellEnhance_DamageBloodDruid
[21:10:00:877] 	[ABA_KW-OCF_SPEL_KID.ini] OCF_MgefSpellEnhance_DamageDruidHunter
[21:10:00:877] 	[ABA_KW-OCF_SPEL_KID.ini] OCF_MgefSpellEnhance_DamageFire
[21:10:00:878] 	[ABA_KW-OCF_SPEL_KID.ini] OCF_MgefSpellEnhance_DamageFrost
[21:10:00:878] 	[ABA_KW-OCF_SPEL_KID.ini] OCF_MgefSpellEnhance_DamagePoison
[21:10:00:878] 	[ABA_KW-OCF_SPEL_KID.ini] OCF_MgefSpellEnhance_DamageShock
[21:10:00:878] 	[ABA_KW-OCF_SPEL_KID.ini] OCF_MgefSpellEnhance_EvasionDruid
[21:10:00:878] 	[ABA_KW-OCF_SPEL_KID.ini] OCF_MgefSpellEnhance_MovementSpeedDruid
[21:10:00:878] 	[ABA_KW-OCF_SPEL_KID.ini] OCF_MgefSpellEnhance_StaminaDruid
[21:10:00:878] 	[ABA_KW-OCF_SPEL_KID.ini] OCF_MgefSpellHeal_Living
[21:10:00:879] 	[ABA_KW-OCF_SPEL_KID.ini] OCF_MgefSpellParalysis_Druid
[21:10:00:879] 	[ABA_KW-OCF_SPEL_KID.ini] OCF_MgefSpellReflect_Druid
[21:10:00:879] 	[ABA_KW-OCF_SPEL_KID.ini] OCF_MgefSpellRestore_MagickaWater
[21:10:00:879] 	[ABA_KW-OCF_SPEL_KID.ini] OCF_MgefSpellRestore_StaminaDruid
[21:10:00:879] 	[ABA_KW-OCF_SPEL_KID.ini] OCF_MgefSpellStealth_InvisibilityDruid
[21:10:00:881] 	[ABA_KW-OCF_SPEL_KID.ini] OCF_InvColorShock
[21:10:00:881] 	[ABA_KW-OCF_SPEL_KID.ini] OCF_InvColorWater
[21:10:00:882] 	[ABA_KW-OCF_SPEL_KID.ini] OCF_MgefSpellDamage_PoisonEldritchCloak
[21:10:00:882] 	[ABA_KW-OCF_SPEL_KID.ini] OCF_MgefSpellEnhance_DamagePoisonEldritch
[21:10:00:882] 	[ABA_KW-OCF_SPEL_KID.ini] OCF_MgefSpellEnhance_EldritchTome
[21:10:00:885] 	[ABA_KW-OCF_SPEL_KID.ini] OCF_MgefSpellAssist_Necromancy
[21:10:00:886] 	[ABA_KW-OCF_SPEL_KID.ini] OCF_MgefSpellCurse_Necromancy
[21:10:00:887] 	[ABA_KW-OCF_SPEL_KID.ini] OCF_MgefSpellDamage_Necrotic
[21:10:00:887] 	[ABA_KW-OCF_SPEL_KID.ini] OCF_MgefSpellEnhance_AttackNecromancy
[21:10:00:887] 	[ABA_KW-OCF_SPEL_KID.ini] OCF_MgefSpellSacrifice_Corpse
[21:10:00:890] 	[ABA_KW-OCF_SPEL_KID.ini] OCF_MgefClassAstral
[21:10:00:890] 	[ABA_KW-OCF_SPEL_KID.ini] OCF_MgefSpellCounter_Astral
[21:10:00:890] 	[ABA_KW-OCF_SPEL_KID.ini] OCF_MgefSpellDamage_HolyAstral
[21:10:00:891] 	[ABA_KW-OCF_SPEL_KID.ini] OCF_MgefSpellDamage_HolyAstralCloak
[21:10:00:891] 	[ABA_KW-OCF_SPEL_KID.ini] OCF_MgefSpellEnhance_DamageHolyAstral
[21:10:00:892] 	[ABA_KW-OCF_SPEL_KID.ini] OCF_MgefSpellDamage_AshFire
[21:10:00:892] 	[ABA_KW-OCF_SPEL_KID.ini] OCF_MgefSpellDamage_AshFireCloak
[21:10:00:892] 	[ABA_KW-OCF_SPEL_KID.ini] OCF_MgefSpellEnhance_DamageAshFire
[21:10:00:892] 	[ABA_KW-OCF_SPEL_KID.ini] OCF_InvColorFireVolcanic
[21:10:00:892] 	[ABA_KW-OCF_SPEL_KID.ini] OCF_MgefClassSurvival_Needs
[21:10:00:892] 	[ABA_KW-OCF_SPEL_KID.ini] OCF_MgefPowerAction_Bathe
[21:10:00:892] 	[ABA_KW-OCF_SPEL_KID.ini] OCF_MgefPowerAction_Relax
[21:10:00:892] 	[ABA_KW-OCF_SPEL_KID.ini] OCF_MgefClassPoison
[21:10:00:892] 	[ABA_KW-OCF_SPEL_KID.ini] OCF_MgefSpellDamage_PoisonCloak
[21:10:00:892] 	[ABA_KW-OCF_SPEL_KID.ini] OCF_MgefSpellDamage_Shock
[21:10:00:893] 	[ABA_KW-OCF_SPEL_KID.ini] OCF_MgefSpellEnhance_MovementSpeed
[21:10:00:893] 	[ABA_KW-OCF_SPEL_KID.ini] OCF_MgefSpellParalysisCloakAsh
[21:10:00:893] 	[ABA_KW-OCF_SPEL_KID.ini] OCF_MgefSpellProject
[21:10:00:893] 	[ABA_KW-OCF_SPEL_KID.ini] OCF_MgefSpellRestore_MagickaCircle
[21:10:00:893] 	[ABA_KW-OCF_SPEL_KID.ini] OCF_MgefSpellSacrifice
[21:10:00:893] 	[ABA_KW-OCF_SPEL_KID.ini] OCF_MgefSpellSpace_Banish
[21:10:00:893] 	[ABA_KW-OCF_SPEL_KID.ini] OCF_MgefSpellWard
[21:10:00:893] 	[ABA_KW-OCF_SPEL_KID.ini] OCF_MgefSpellEnhance_Sight
[21:10:00:893] 	[ABA_KW-OCF_SPEL_KID.ini] OCF_MgefSpellMind_ControlVampire
[21:10:00:893] 	[ABA_KW-OCF_SPEL_KID.ini] OCF_MgefSpellStealth
[21:10:00:894] 	[ABA_KW-OCF_SPEL_KID.ini] OCF_MgefPowerAction_Pray
[21:10:00:894] 	[ABA_KW-OCF_SPEL_KID.ini] OCF_MgefSpellDamage_Holy
[21:10:00:894] 	[ABA_KW-OCF_SPEL_KID.ini] OCF_MgefSpellEnhance_Flight
[21:10:00:895] 	[ABA_KW-OCF_SPEL_KID.ini] OCF_MgefPowerAction_StatusFrostfall
[21:10:00:895] 	[ABA_KW-OCF_SPEL_KID.ini] OCF_MgefSpellRestore_Exposure
[21:10:00:895] 	[ABA_KW-OCF_SPEL_KID.ini] OCF_MgefSpellRestore_Warmth
[21:10:00:895] 	[ABA_KW-OCF_SPEL_KID.ini] OCF_MgefSpellShield_Warmth
[21:10:00:895] 	[ABA_KW-OCF_SPEL_KID.ini] OCF_MiscCampingGear
[21:10:00:896] 	[ABA_KW-OCF_SPEL_KID.ini] WAF_ClothingCloak
[21:10:00:896] 	[ABA_KW-OCF_SPEL_KID.ini] OCF_MgefPowerAction_Speech
[21:10:00:896] 	[ABA_KW-OCF_SPEL_KID.ini] OCF_MgefPowerAction_Bless
[21:10:00:896] 	[ABA_KW-OCF_SPEL_KID.ini] OCF_MgefPowerAction_HarvestCorpse
[21:10:00:897] 	[ABA_KW-OCF_SPEL_KID.ini] OCF_MgefPowerAction_HarvestGather
[21:10:00:897] 	[ABA_KW-OCF_SPEL_KID.ini] OCF_WeapTypeHuntingKnife1H
[21:10:00:897] 	[ABA_KW-OCF_SPEL_KID.ini] OCF_MgefClassUtility
[21:10:00:897] 	[ABA_KW-OCF_SPEL_KID.ini] OCF_MgefSpellEnchant
[21:10:00:897] 	[ABA_KW-OCF_SPEL_KID.ini] OCF_MgefPowerAction_FillWater
[21:10:00:897] 	[ABA_KW-OCF_SPEL_KID.ini] OCF_MgefPowerAction_StatusLastSeed
[21:10:00:898] 	[ABA_KW-OCF_SPEL_KID.ini] OCF_MgefPowerAction
[21:10:00:898] 	[ABA_KW-OCF_SPEL_KID.ini] OCF_MgefSpellHarvest
[21:10:00:898] 	[ABA_KW-OCF_SPEL_KID.ini] OCF_MgefPowerAction_WeaponGrip
[21:10:00:898] 	[ABA_KW-OCF_SPEL_KID.ini] OCF_MgefPowerAction_Influence
[21:10:00:898] 	[ABA_KW-OCF_SPEL_KID.ini] OCF_MgefPowerAction_InfluenceCancelRetreat
[21:10:00:898] 	[ABA_KW-OCF_SPEL_KID.ini] OCF_MgefPowerConfigWeatherChanger
[21:10:00:899] 	[ABA_KW-OCF_SPEL_KID.ini] OCF_MgefSpellDispel
[21:10:00:899] 	[ABA_KW-OCF_SPEL_KID.ini] OCF_WeapTypeKunai1H
[21:10:00:900] 	[ABA_KW-OCF_SPEL_KID.ini] OCF_WeapTypeShuriken1H
[21:10:00:900] 	[ABA_KW-OCF_SPEL_KID.ini] OCF_MgefPowerAction_InfluenceEngage
[21:10:00:900] 	[ABA_KW-OCF_SPEL_KID.ini] OCF_MgefSpellAbsorb_Magicka
[21:10:00:900] 	[ABA_KW-OCF_SPEL_KID.ini] OCF_MgefSpellAbsorb_MagickaCloak
[21:10:00:900] 	[ABA_KW-OCF_SPEL_KID.ini] OCF_MgefSpellAbsorb_Stamina
[21:10:00:900] 	[ABA_KW-OCF_SPEL_KID.ini] OCF_MgefSpellAbsorb_StaminaCloak
[21:10:00:900] 	[ABA_KW-OCF_SPEL_KID.ini] OCF_MgefSpellDamage_Deconstruct
[21:10:00:900] 	[ABA_KW-OCF_SPEL_KID.ini] OCF_MgefSpellEnhance_Health
[21:10:00:900] 	[ABA_KW-OCF_SPEL_KID.ini] OCF_MgefSpellEnhance_Swim
[21:10:00:900] 	[ABA_KW-OCF_SPEL_KID.ini] OCF_MgefSpellHeal_Daedra
[21:10:00:900] 	[ABA_KW-OCF_SPEL_KID.ini] OCF_MgefSpellRestore_StaminaCircle
[21:10:00:900] 	[ABA_KW-OCF_SPEL_KID.ini] OCF_MgefSpellEnhance_Jump
[21:10:00:901] 	[ABA_KW-OCF_SPEL_KID.ini] OCF_InvColorDaedric
[21:10:00:901] 	[ABA_KW-OCF_SPEL_KID.ini] OCF_MgefSpellDamage_BloodCloakVampire
[21:10:00:902] 	[ABA_KW-OCF_SPEL_KID.ini] OCF_MgefSpellEnhance_SightVampireShadow
[21:10:00:902] 	[ABA_KW-OCF_SPEL_KID.ini] OCF_MgefSpellMind_FearVampire
[21:10:00:902] 	[ABA_KW-OCF_SPEL_KID.ini] OCF_MgefSpellStealth_InvisibilityVampire
[21:10:00:902] 	[ABA_KW-OCF_SPEL_KID.ini] OCF_MgefPowerAction_BuryCorpse
[21:10:00:902] 	[ABA_KW-OCF_SPEL_KID.ini] OCF_MgefPowerAction_TameAnimal
[21:10:00:903] 	[ABA_KW-OCF_SPEL_KID.ini] OCF_MgefSpellCurse_Deconstruct
[21:10:00:903] 	[ABA_KW-OCF_SPEL_KID.ini] OCF_MgefSpellDamage_Light
[21:10:00:903] 	[ABA_KW-OCF_SPEL_KID.ini] OCF_MgefSpellDamage_Sonic
[21:10:00:903] 	[ABA_KW-OCF_SPEL_KID.ini] OCF_MgefPowerAction_Train
[21:10:00:903] 	[ABA_KW-OCF_SPEL_KID.ini] MagicSummonFrost
[21:10:00:903] 	[ABA_KW-OCF_SPEL_KID.ini] OCF_MgefPowerAction_StatusSunhelm
[21:10:00:903] 	[ABA_KW-OCF_SPEL_KID.ini] OCF_MgefPowerAction_PeekKeyhole
[21:10:00:904] 	[ABA_KW-OCF_SPEL_KID.ini] OCF_MgefPowerAction_PitchTent
[21:10:00:904] 	[ABA_KW-OCF_SPEL_KID.ini] OCF_MgefSpellDamage_ArcaneFire
[21:10:00:904] 	[ABA_KW-OCF_SPEL_KID.ini] OCF_MgefSpellDamage_ArcaneFireCloak
[21:10:00:905] 	[ABA_KW-OCF_SPEL_KID.ini] OCF_MgefPowerAction_Broom
[21:10:00:905] 	[ABA_KW-OCF_SPEL_KID.ini] OCF_MgefPowerAction_Goggles
[21:10:00:905] 	[ABA_KW-OCF_SPEL_KID.ini] OCF_MgefPowerAction_GogglesSight
[21:10:00:906] 	[ABA_KW-OCF_SPEL_KID.ini] OCF_MgefSpellEnhance_SightKhajiit
[21:10:00:906] 	[ABA_KW-OCF_SPEL_KID.ini] OCF_MgefSpellEnhance_SightVampireBlood
[21:10:00:906] 	[ABA_KW-OCF_SPEL_KID.ini] OCF_MgefSpellEnhance_SightWerebeast
[21:10:00:906] 	[ABA_KW-OCF_SPEL_KID.ini] OCF_MgefPowerAction_Lantern
[21:10:00:906] 	[ABA_KW-OCF_SPEL_KID.ini] OCF_MgefClassSurvival
[21:10:00:907] 	[ABA_KW-OCF_SPEL_KID.ini] OCF_MgefSpellBound
[21:10:00:907] 	[ABA_KW-OCF_SPEL_KID.ini] OCF_MgefSpellDamage_FireCloak
[21:10:00:907] 	[ABA_KW-OCF_SPEL_KID.ini] OCF_MgefSpellDamage_HolyCloak
[21:10:00:907] 	[ABA_KW-OCF_SPEL_KID.ini] OCF_MgefSpellDamage_ShockCloak
[21:10:00:907] 	[ABA_KW-OCF_SPEL_KID.ini] OCF_MgefSpellEnhance_Casting
[21:10:00:907] 	[ABA_KW-OCF_SPEL_KID.ini] OCF_MgefSpellEnhance_SightVampire
[21:10:00:908] 	[ABA_KW-OCF_SPEL_KID.ini] OCF_MgefSpellMind_Charm
[21:10:00:908] 	[ABA_KW-OCF_SPEL_KID.ini] OCF_MgefSpellShapechange
[21:10:00:908] 	Sorting keywords...
[21:10:00:908] 	Sorted keywords: 
[21:10:00:908] 		OCF_EquipTypeBothHands [KYWD:FF001F58]
[21:10:00:908] 		OCF_EquipTypeEitherHand [KYWD:FF001F59]
[21:10:00:908] 		OCF_EquipTypeLeftHand [KYWD:FF001F5A]
[21:10:00:908] 		OCF_EquipTypeRightHand [KYWD:FF001F5B]
[21:10:00:908] 		OCF_EquipTypeVoice [KYWD:FF0021E1]
[21:10:00:908] 		OCF_CanMineStalhrim [KYWD:FE04886A]
[21:10:00:908] 		OCF_MgefPowerGrand [KYWD:FF001C8B]
[21:10:00:908] 		OCF_MgefClassArtificer [KYWD:FF001C8C]
[21:10:00:908] 		OCF_MgefClassBard [KYWD:FF001C8E]
[21:10:00:908] 		OCF_MgefClassDruid [KYWD:FF001C8F]
[21:10:00:908] 		OCF_MgefClassEarth [KYWD:FF001C90]
[21:10:00:908] 		OCF_MgefClassEldritch [KYWD:FF001C91]
[21:10:00:908] 		OCF_MgefClassFire [KYWD:FF001C92]
[21:10:00:908] 		OCF_MgefClassFrost [KYWD:FF001C93]
[21:10:00:908] 		OCF_MgefClassHoly [KYWD:FF001C94]
[21:10:00:908] 		OCF_MgefClassRace_Altmer [KYWD:FF001C95]
[21:10:00:908] 		OCF_MgefClassRace_Argonian [KYWD:FF001C96]
[21:10:00:908] 		OCF_MgefClassRace_Breton [KYWD:FF001C97]
[21:10:00:908] 		OCF_MgefClassRace_Orsimer [KYWD:FF001C98]
[21:10:00:908] 		OCF_MgefClassRace_Redguard [KYWD:FF001C99]
[21:10:00:908] 		OCF_MgefClassRace_Vampire [KYWD:FF001C9A]
[21:10:00:908] 		OCF_MgefClassRace_Werebeast [KYWD:FF001C9B]
[21:10:00:908] 		OCF_MgefClassWater [KYWD:FF001C9C]
[21:10:00:908] 		OCF_MgefSpellBound_Weapon [KYWD:FF001C9D]
[21:10:00:908] 		OCF_MgefSpellDamage_Blood [KYWD:FF001C9E]
[21:10:00:908] 		OCF_MgefSpellDamage_Fire [KYWD:FF001C9F]
[21:10:00:908] 		OCF_MgefSpellDamage_FireCloakDunmer [KYWD:FF001CA0]
[21:10:00:908] 		OCF_MgefSpellDamage_Force [KYWD:FF001CA1]
[21:10:00:908] 		OCF_MgefSpellDamage_Frost [KYWD:FF001CA2]
[21:10:00:908] 		OCF_MgefSpellDamage_PoisonDoomstone [KYWD:FF001CA4]
[21:10:00:908] 		OCF_MgefSpellDamage_PoisonEldritch [KYWD:FF001CA5]
[21:10:00:908] 		OCF_MgefSpellDamage_Shadow [KYWD:FF001CA6]
[21:10:00:908] 		OCF_MgefSpellDamage_Steam [KYWD:FF001CA7]
[21:10:00:908] 		OCF_MgefSpellDamage_WindCloak [KYWD:FF001CA8]
[21:10:00:908] 		OCF_MgefSpellDivination [KYWD:FF001CA9]
[21:10:00:908] 		OCF_MgefSpellEnhance_AttackEldritch [KYWD:FF001CAA]
[21:10:00:908] 		OCF_MgefSpellEnhance_Damage [KYWD:FF001CAB]
[21:10:00:908] 		OCF_MgefSpellEnhance_Fall [KYWD:FF001CAC]
[21:10:00:908] 		OCF_MgefSpellEnhance_CastingDruid [KYWD:FF001CAD]
[21:10:00:908] 		OCF_MgefSpellEnhance_CastingEldritch [KYWD:FF001CAE]
[21:10:00:908] 		OCF_MgefSpellEthereal [KYWD:FF001CAF]
[21:10:00:908] 		OCF_MgefSpellHeal_LivingWater [KYWD:FF001CB0]
[21:10:00:908] 		OCF_MgefSpellHeal_Self [KYWD:FF001CB1]
[21:10:00:908] 		OCF_MgefSpellHeal_Undead [KYWD:FF001CB2]
[21:10:00:908] 		OCF_MgefSpellMind_CharmImperial [KYWD:FF001CB3]
[21:10:00:908] 		OCF_MgefSpellMind_Control [KYWD:FF001CB4]
[21:10:00:908] 		OCF_MgefSpellMind_ControlBosmer [KYWD:FF001CB5]
[21:10:00:908] 		OCF_MgefSpellMind_FearNord [KYWD:FF001CB6]
[21:10:00:908] 		OCF_MgefSpellMind_FrenzyShadow [KYWD:FF001CB7]
[21:10:00:909] 		OCF_MgefSpellMind_Paralysis [KYWD:FF001CB8]
[21:10:00:909] 		OCF_MgefSpellParalysis [KYWD:FF001CB9]
[21:10:00:909] 		OCF_MgefSpellProtect_DamageEldritch [KYWD:FF001CBB]
[21:10:00:909] 		OCF_MgefSpellProtect_Magic [KYWD:FF001CBC]
[21:10:00:909] 		OCF_MgefSpellReanimate [KYWD:FF001CBD]
[21:10:00:909] 		OCF_MgefSpellReanimateDoomstone [KYWD:FF001CBE]
[21:10:00:909] 		OCF_MgefSpellRestore_Magicka [KYWD:FF001CBF]
[21:10:00:909] 		OCF_MgefSpellRestore_Stamina [KYWD:FF001CC0]
[21:10:00:909] 		OCF_MgefSpellSacrifice_Blood [KYWD:FF001CC1]
[21:10:00:909] 		OCF_MgefSpellShapechange_Creature [KYWD:FF001CC2]
[21:10:00:909] 		OCF_MgefSpellShapechange_Vampire [KYWD:FF001CC3]
[21:10:00:909] 		OCF_MgefSpellShapechange_Werebeast [KYWD:FF001CC4]
[21:10:00:909] 		OCF_MgefSpellSoulTrap [KYWD:FF001CC5]
[21:10:00:909] 		OCF_MgefSpellSpace [KYWD:FF001CC6]
[21:10:00:909] 		OCF_MgefSpellStealth_InvisibilityDoomstone [KYWD:FF001CC8]
[21:10:00:909] 		OCF_MgefSpellSummon_Construct [KYWD:FF001CC9]
[21:10:00:909] 		OCF_MgefSpellSummon_Creature [KYWD:FF001CCA]
[21:10:00:909] 		OCF_MgefSpellSummon_DaedraEldritch [KYWD:FF001CCC]
[21:10:00:909] 		OCF_MgefSpellSummon_SpiritFrost [KYWD:FF001CCE]
[21:10:00:909] 		OCF_MgefSpellSummon_SpiritShadow [KYWD:FF001CCF]
[21:10:00:909] 		OCF_MgefSpellSummon_Undead [KYWD:FF001CD0]
[21:10:00:909] 		OCF_WeapTypeBattleaxe2H [KYWD:FE048837]
[21:10:00:909] 		OCF_MgefSpellSacrifice_Summon [KYWD:FF001CDD]
[21:10:00:909] 		OCF_MgefSpellTime [KYWD:FF001CD1]
[21:10:00:909] 		OCF_MgefSpellTransmute [KYWD:FF001CD2]
[21:10:00:909] 		OCF_MgefSpellTurnUndeadCircle [KYWD:FF001CD3]
[21:10:00:909] 		OCF_AmmoTypeArrow [KYWD:FE04886D]
[21:10:00:909] 		OCF_WeapTypeBow2H [KYWD:FE04884C]
[21:10:00:909] 		OCF_WeapTypeDagger1H [KYWD:FE048802]
[21:10:00:909] 		OCF_WeapTypeSword1H [KYWD:FE048810]
[21:10:00:909] 		OCF_InvColorArcane [KYWD:FF001CD4]
[21:10:00:909] 		OCF_InvColorBlood [KYWD:FF001CD5]
[21:10:00:909] 		OCF_InvColorEldritch [KYWD:FF001CD6]
[21:10:00:909] 		OCF_InvColorFire [KYWD:FF001CD7]
[21:10:00:909] 		OCF_InvColorShadow [KYWD:FF001CD8]
[21:10:00:909] 		OCF_MgefSpellBound_Ammo [KYWD:FF001CD9]
[21:10:00:909] 		OCF_MgefSpellForce [KYWD:FF001CDA]
[21:10:00:909] 		OCF_MgefClassNecromancy [KYWD:FF001CDB]
[21:10:00:909] 		OCF_MgefSpellSpace_Teleport [KYWD:FF001CDC]
[21:10:00:909] 		CCSM_RestoreHungerLarge [KYWD:FF001CDE]
[21:10:00:909] 		CCSM_RestoreHungerMedium [KYWD:FF001CDF]
[21:10:00:909] 		CCSM_RestoreHungerSmall [KYWD:FF001CE0]
[21:10:00:909] 		CCSM_RestoreHungerTiny [KYWD:FF001CE1]
[21:10:00:909] 		CCSM_RestoreCold [KYWD:FF001CE2]
[21:10:00:909] 		CCSM_FortifyWarmth [KYWD:FF001CE3]
[21:10:00:909] 		OCF_MgefPowerCheat [KYWD:FF001CE4]
[21:10:00:909] 		OCF_MgefPowerAction_CommandFollower [KYWD:FF001CE5]
[21:10:00:909] 		OCF_MgefPowerConfig [KYWD:FF001CE6]
[21:10:00:909] 		OCF_MgefClassShadow [KYWD:FF001CE7]
[21:10:00:909] 		OCF_MgefSpellSummon_Object [KYWD:FF001CE8]
[21:10:00:909] 		OCF_MgefClassBlood [KYWD:FF001CE9]
[21:10:00:909] 		OCF_MgefPowerAction_Bag [KYWD:FF001CEA]
[21:10:00:909] 		OCF_MgefPowerAction_Potion [KYWD:FF001CEB]
[21:10:00:909] 		OCF_MgefPowerAction_Bard [KYWD:FF001CEC]
[21:10:00:909] 		MAG_MagicDamagePoison [KYWD:01ADA001]
[21:10:00:909] 		OCF_MgefSpellDamage_PoisonBug [KYWD:FF001CED]
[21:10:00:909] 		OCF_MgefSpellEnhance_Dodge [KYWD:FF001CEE]
[21:10:00:909] 		OCF_MgefSpellEnhance_WaterWalk [KYWD:FF001CEF]
[21:10:00:909] 		OCF_MgefSpellHeal_SelfCloak [KYWD:FF001CF0]
[21:10:00:909] 		OCF_MgefSpellUnlock [KYWD:FF001CF1]
[21:10:00:909] 		OCF_WeapTypeGreatsword2H [KYWD:FE048867]
[21:10:00:909] 		OCF_WeapTypeMace1H [KYWD:FE048821]
[21:10:00:909] 		OCF_MgefSpellDamage_FrostFire [KYWD:FF001CF3]
[21:10:00:909] 		OCF_MgefSpellLight [KYWD:FF001CF4]
[21:10:00:909] 		OCF_MgefClassSurvival_Wilderness [KYWD:FF001CF5]
[21:10:00:909] 		OCF_MgefPowerAction_Campfire [KYWD:FF001CF6]
[21:10:00:909] 		OCF_MgefPowerAction_Craft [KYWD:FF001CF7]
[21:10:00:909] 		OCF_MgefPowerAction_HarvestWood [KYWD:FF001CF8]
[21:10:00:909] 		OCF_MgefPowerAction_Instincts [KYWD:FF001CF9]
[21:10:00:909] 		OCF_MgefPowerAction_Coin [KYWD:FF001CFB]
[21:10:00:909] 		OCF_InvColorBlack [KYWD:FF001CFC]
[21:10:00:909] 		OCF_InvColorDruid [KYWD:FF001CFD]
[21:10:00:909] 		OCF_InvColorFrost [KYWD:FF001CFE]
[21:10:00:909] 		OCF_InvColorHoly [KYWD:FF001CFF]
[21:10:00:909] 		OCF_InvColorMagenta [KYWD:FF001D00]
[21:10:00:909] 		OCF_InvColorPink [KYWD:FF001D01]
[21:10:00:909] 		OCF_InvColorPurple [KYWD:FF001D02]
[21:10:00:909] 		OCF_InvColorWhite [KYWD:FF001D03]
[21:10:00:909] 		OCF_MgefPowerAction_HorseHorn [KYWD:FF001D04]
[21:10:00:909] 		OCF_MgefPowerAction_HorseWhistle [KYWD:FF001D05]
[21:10:00:909] 		OCF_MgefDeliverTouch [KYWD:FF001D06]
[21:10:00:909] 		OCF_MgefSpellCurse_Shadow [KYWD:FF001D07]
[21:10:00:909] 		OCF_MgefSpellDamage_ShadowCloak [KYWD:FF001D08]
[21:10:00:909] 		OCF_MgefSpellEnhance_CritShadowInvis [KYWD:FF001D0A]
[21:10:00:909] 		OCF_MgefSpellEnhance_DamageShadow [KYWD:FF001D0B]
[21:10:00:909] 		OCF_MgefSpellEnhance_RegenShadowInvis [KYWD:FF001D0C]
[21:10:00:909] 		OCF_MgefClassArcane [KYWD:FF001D0D]
[21:10:00:909] 		OCF_MgefSpellDamage_Arcane [KYWD:FF001D0E]
[21:10:00:909] 		OCF_MgefSpellDamage_ArcaneCloak [KYWD:FF001D0F]
[21:10:00:909] 		OCF_MgefSpellEnhance_DamageArcane [KYWD:FF001D10]
[21:10:00:909] 		OCF_MgefClassShock [KYWD:FF001D11]
[21:10:00:909] 		OCF_MgefSpellDamage_ShockArc [KYWD:FF001D12]
[21:10:00:909] 		OCF_MgefSpellDamage_ShockArcCloak [KYWD:FF001D13]
[21:10:00:909] 		OCF_MgefSpellEnhance_DamageShockArc [KYWD:FF001D14]
[21:10:00:909] 		OCF_InvColorShockArc [KYWD:FF001D15]
[21:10:00:909] 		OCF_MgefSpellEnhance_DamageBlood [KYWD:FF001D16]
[21:10:00:909] 		OCF_MgefSpellEnhance_Regen [KYWD:FF001D17]
[21:10:00:909] 		OCF_MgefSpellDamage_NecroticFire [KYWD:FF001D18]
[21:10:00:909] 		OCF_MgefSpellDamage_NecroticFireCloak [KYWD:FF001D19]
[21:10:00:909] 		OCF_MgefSpellDamage_FrostFireCloak [KYWD:FF001D1A]
[21:10:00:909] 		OCF_MgefSpellBound_Armor [KYWD:FF001D1B]
[21:10:00:909] 		OCF_ArmorShield_Heavy [KYWD:FF001D1C]
[21:10:00:909] 		OCF_WeapTypeWarAxe1H [KYWD:FE048818]
[21:10:00:909] 		OCF_WeapTypeWarhammer2H [KYWD:FE048841]
[21:10:00:909] 		OCF_MgefSpellDamage_HolyLunar [KYWD:FF001D1D]
[21:10:00:909] 		OCF_MgefSpellDamage_HolyLunarCloak [KYWD:FF001D1E]
[21:10:00:909] 		OCF_MgefSpellEnhance_DamageHolyLunar [KYWD:FF001D1F]
[21:10:00:909] 		OCF_MgefClassWind [KYWD:FF001D20]
[21:10:00:909] 		OCF_MgefSpellAssist_DamageDruid [KYWD:FF001D21]
[21:10:00:909] 		OCF_MgefSpellAssist_MovementSpeedDruid [KYWD:FF001D22]
[21:10:00:909] 		OCF_MgefSpellCounter_BloodDruid [KYWD:FF001D23]
[21:10:00:909] 		OCF_MgefSpellCounter_Druid [KYWD:FF001D24]
[21:10:00:909] 		OCF_MgefSpellCounter_DruidHeal [KYWD:FF001D25]
[21:10:00:909] 		OCF_MgefSpellCounter_Fire [KYWD:FF001D26]
[21:10:00:909] 		OCF_MgefSpellCurse_DruidRoot [KYWD:FF001D27]
[21:10:00:909] 		OCF_MgefSpellDamage_Earth [KYWD:FF001D28]
[21:10:00:909] 		OCF_MgefSpellDamage_EarthCloak [KYWD:FF001D29]
[21:10:00:909] 		OCF_MgefSpellDamage_PoisonBugCloak [KYWD:FF001D2A]
[21:10:00:909] 		OCF_MgefSpellDamage_Water [KYWD:FF001D2B]
[21:10:00:909] 		OCF_MgefSpellDamage_WaterCloak [KYWD:FF001D2C]
[21:10:00:909] 		OCF_MgefSpellDamage_Wind [KYWD:FF001D2D]
[21:10:00:909] 		OCF_MgefSpellEnhance_DamageBloodDruid [KYWD:FF001D2E]
[21:10:00:909] 		OCF_MgefSpellEnhance_DamageDruidHunter [KYWD:FF001D2F]
[21:10:00:909] 		OCF_MgefSpellEnhance_DamageFire [KYWD:FF001D30]
[21:10:00:909] 		OCF_MgefSpellEnhance_DamageFrost [KYWD:FF001D31]
[21:10:00:909] 		OCF_MgefSpellEnhance_DamagePoison [KYWD:FF001D32]
[21:10:00:909] 		OCF_MgefSpellEnhance_DamageShock [KYWD:FF001D33]
[21:10:00:909] 		OCF_MgefSpellEnhance_EvasionDruid [KYWD:FF001D34]
[21:10:00:909] 		OCF_MgefSpellEnhance_MovementSpeedDruid [KYWD:FF001D35]
[21:10:00:910] 		OCF_MgefSpellEnhance_StaminaDruid [KYWD:FF001D36]
[21:10:00:910] 		OCF_MgefSpellParalysis_Druid [KYWD:FF001D38]
[21:10:00:910] 		OCF_MgefSpellReflect_Druid [KYWD:FF001D39]
[21:10:00:910] 		OCF_MgefSpellRestore_MagickaWater [KYWD:FF001D3A]
[21:10:00:910] 		OCF_MgefSpellRestore_StaminaDruid [KYWD:FF001D3B]
[21:10:00:910] 		OCF_MgefSpellStealth_InvisibilityDruid [KYWD:FF001D3C]
[21:10:00:910] 		OCF_InvColorShock [KYWD:FF001D3D]
[21:10:00:910] 		OCF_InvColorWater [KYWD:FF001D3E]
[21:10:00:910] 		OCF_MgefSpellDamage_PoisonEldritchCloak [KYWD:FF001D3F]
[21:10:00:910] 		OCF_MgefSpellEnhance_DamagePoisonEldritch [KYWD:FF001D40]
[21:10:00:910] 		OCF_MgefSpellEnhance_EldritchTome [KYWD:FF001D41]
[21:10:00:910] 		OCF_MgefSpellAssist_Necromancy [KYWD:FF001D42]
[21:10:00:910] 		OCF_MgefSpellCurse_Necromancy [KYWD:FF001D43]
[21:10:00:910] 		OCF_MgefSpellDamage_Necrotic [KYWD:FF001D44]
[21:10:00:910] 		OCF_MgefSpellEnhance_AttackNecromancy [KYWD:FF001D45]
[21:10:00:910] 		OCF_MgefSpellSacrifice_Corpse [KYWD:FF001D46]
[21:10:00:910] 		OCF_MgefClassAstral [KYWD:FF001D47]
[21:10:00:910] 		OCF_MgefSpellCounter_Astral [KYWD:FF001D48]
[21:10:00:910] 		OCF_MgefSpellDamage_HolyAstral [KYWD:FF001D49]
[21:10:00:910] 		OCF_MgefSpellDamage_HolyAstralCloak [KYWD:FF001D4A]
[21:10:00:910] 		OCF_MgefSpellEnhance_DamageHolyAstral [KYWD:FF001D4B]
[21:10:00:910] 		OCF_MgefSpellDamage_AshFire [KYWD:FF001D4C]
[21:10:00:910] 		OCF_MgefSpellDamage_AshFireCloak [KYWD:FF001D4D]
[21:10:00:910] 		OCF_MgefSpellEnhance_DamageAshFire [KYWD:FF001D4E]
[21:10:00:910] 		OCF_InvColorFireVolcanic [KYWD:FF001D4F]
[21:10:00:910] 		OCF_MgefClassSurvival_Needs [KYWD:FF001D50]
[21:10:00:910] 		OCF_MgefPowerAction_Bathe [KYWD:FF001D51]
[21:10:00:910] 		OCF_MgefPowerAction_Relax [KYWD:FF001D52]
[21:10:00:910] 		OCF_MgefClassPoison [KYWD:FF001D53]
[21:10:00:910] 		OCF_MgefSpellEnhance_MovementSpeed [KYWD:FF001D56]
[21:10:00:910] 		OCF_MgefSpellParalysisCloakAsh [KYWD:FF001D57]
[21:10:00:910] 		OCF_MgefSpellProject [KYWD:FF001D58]
[21:10:00:910] 		OCF_MgefSpellRestore_MagickaCircle [KYWD:FF001D59]
[21:10:00:910] 		OCF_MgefSpellSacrifice [KYWD:FF001D5A]
[21:10:00:910] 		OCF_MgefSpellSpace_Banish [KYWD:FF001D5B]
[21:10:00:910] 		OCF_MgefSpellWard [KYWD:FF001D5C]
[21:10:00:910] 		OCF_MgefSpellEnhance_Sight [KYWD:FF001D5D]
[21:10:00:910] 		OCF_MgefSpellMind_ControlVampire [KYWD:FF001D5E]
[21:10:00:910] 		OCF_MgefSpellStealth [KYWD:FF001D5F]
[21:10:00:910] 		OCF_MgefPowerAction_Pray [KYWD:FF001D60]
[21:10:00:910] 		OCF_MgefSpellEnhance_Flight [KYWD:FF001D62]
[21:10:00:910] 		OCF_MgefPowerAction_StatusFrostfall [KYWD:FF001D63]
[21:10:00:910] 		OCF_MgefSpellRestore_Exposure [KYWD:FF001D64]
[21:10:00:910] 		OCF_MgefSpellRestore_Warmth [KYWD:FF001D65]
[21:10:00:910] 		OCF_MgefSpellShield_Warmth [KYWD:FF001D66]
[21:10:00:910] 		OCF_MiscCampingGear [KYWD:FF001D67]
[21:10:00:910] 		WAF_ClothingCloak [KYWD:01AF0128]
[21:10:00:910] 		OCF_MgefPowerAction_Speech [KYWD:FF001D68]
[21:10:00:910] 		OCF_MgefPowerAction_Bless [KYWD:FF001D69]
[21:10:00:910] 		OCF_MgefPowerAction_HarvestCorpse [KYWD:FF001D6A]
[21:10:00:910] 		OCF_MgefPowerAction_HarvestGather [KYWD:FF001D6B]
[21:10:00:910] 		OCF_WeapTypeHuntingKnife1H [KYWD:FE04880A]
[21:10:00:910] 		OCF_MgefClassUtility [KYWD:FF001D6C]
[21:10:00:910] 		OCF_MgefSpellEnchant [KYWD:FF001D6D]
[21:10:00:910] 		OCF_MgefPowerAction_FillWater [KYWD:FF001D6E]
[21:10:00:910] 		OCF_MgefPowerAction_StatusLastSeed [KYWD:FF001D6F]
[21:10:00:910] 		OCF_MgefSpellHarvest [KYWD:FF001D71]
[21:10:00:910] 		OCF_MgefPowerAction_WeaponGrip [KYWD:FF001D72]
[21:10:00:910] 		OCF_MgefPowerAction_Influence [KYWD:FF001D73]
[21:10:00:910] 		OCF_MgefPowerAction_InfluenceCancelRetreat [KYWD:FF001D74]
[21:10:00:910] 		OCF_MgefPowerConfigWeatherChanger [KYWD:FF001D75]
[21:10:00:910] 		OCF_MgefSpellDispel [KYWD:FF001D76]
[21:10:00:910] 		OCF_WeapTypeKunai1H [KYWD:FE048803]
[21:10:00:910] 		OCF_WeapTypeShuriken1H [KYWD:FE048807]
[21:10:00:910] 		OCF_MgefPowerAction_InfluenceEngage [KYWD:FF001D77]
[21:10:00:910] 		OCF_MgefSpellAbsorb_Magicka [KYWD:FF001D78]
[21:10:00:910] 		OCF_MgefSpellAbsorb_MagickaCloak [KYWD:FF001D79]
[21:10:00:910] 		OCF_MgefSpellAbsorb_Stamina [KYWD:FF001D7A]
[21:10:00:910] 		OCF_MgefSpellAbsorb_StaminaCloak [KYWD:FF001D7B]
[21:10:00:910] 		OCF_MgefSpellDamage_Deconstruct [KYWD:FF001D7C]
[21:10:00:910] 		OCF_MgefSpellEnhance_Health [KYWD:FF001D7D]
[21:10:00:910] 		OCF_MgefSpellEnhance_Swim [KYWD:FF001D7E]
[21:10:00:910] 		OCF_MgefSpellHeal_Daedra [KYWD:FF001D7F]
[21:10:00:910] 		OCF_MgefSpellRestore_StaminaCircle [KYWD:FF001D80]
[21:10:00:910] 		OCF_MgefSpellEnhance_Jump [KYWD:FF001D81]
[21:10:00:910] 		OCF_InvColorDaedric [KYWD:FF001D82]
[21:10:00:910] 		OCF_MgefSpellDamage_BloodCloakVampire [KYWD:FF001D83]
[21:10:00:910] 		OCF_MgefSpellEnhance_SightVampireShadow [KYWD:FF001D84]
[21:10:00:910] 		OCF_MgefSpellMind_FearVampire [KYWD:FF001D85]
[21:10:00:910] 		OCF_MgefSpellStealth_InvisibilityVampire [KYWD:FF001D86]
[21:10:00:910] 		OCF_MgefPowerAction_BuryCorpse [KYWD:FF001D87]
[21:10:00:910] 		OCF_MgefPowerAction_TameAnimal [KYWD:FF001D88]
[21:10:00:910] 		OCF_MgefSpellCurse_Deconstruct [KYWD:FF001D89]
[21:10:00:910] 		OCF_MgefSpellDamage_Light [KYWD:FF001D8A]
[21:10:00:910] 		OCF_MgefSpellDamage_Sonic [KYWD:FF001D8B]
[21:10:00:910] 		OCF_MgefPowerAction_Train [KYWD:FF001D8C]
[21:10:00:910] 		MagicSummonFrost [KYWD:00024829]
[21:10:00:910] 		OCF_MgefPowerAction_StatusSunhelm [KYWD:FF001D8D]
[21:10:00:910] 		OCF_MgefPowerAction_PeekKeyhole [KYWD:FF001D8E]
[21:10:00:910] 		OCF_MgefPowerAction_PitchTent [KYWD:FF001D8F]
[21:10:00:910] 		OCF_MgefSpellDamage_ArcaneFire [KYWD:FF001D90]
[21:10:00:910] 		OCF_MgefSpellDamage_ArcaneFireCloak [KYWD:FF001D91]
[21:10:00:910] 		OCF_MgefPowerAction_Broom [KYWD:FF001D92]
[21:10:00:910] 		OCF_MgefPowerAction_Goggles [KYWD:FF001D93]
[21:10:00:910] 		OCF_MgefPowerAction_GogglesSight [KYWD:FF001D94]
[21:10:00:910] 		OCF_MgefSpellEnhance_SightKhajiit [KYWD:FF001D95]
[21:10:00:910] 		OCF_MgefSpellEnhance_SightVampireBlood [KYWD:FF001D96]
[21:10:00:910] 		OCF_MgefSpellEnhance_SightWerebeast [KYWD:FF001D97]
[21:10:00:910] 		OCF_MgefPowerAction_Lantern [KYWD:FF001D98]
[21:10:00:910] 		OCF_MgefClassAsh [KYWD:FF001C8D]
[21:10:00:910] 		OCF_MgefSpellProtect_Damage [KYWD:FF001CBA]
[21:10:00:910] 		OCF_MgefSpellSummon_Daedra [KYWD:FF001CCB]
[21:10:00:910] 		OCF_MgefSpellDamage_BloodCloak [KYWD:FF001CF2]
[21:10:00:910] 		OCF_MgefSpellEnhance_Attack [KYWD:FF001D09]
[21:10:00:910] 		OCF_MgefSpellHeal_Living [KYWD:FF001D37]
[21:10:00:910] 		OCF_MgefSpellDamage_Shock [KYWD:FF001D55]
[21:10:00:910] 		OCF_MgefSpellDamage_Holy [KYWD:FF001D61]
[21:10:00:910] 		OCF_MgefSpellDamage_FireCloak [KYWD:FF001D9B]
[21:10:00:910] 		OCF_MgefSpellDamage_HolyCloak [KYWD:FF001D9C]
[21:10:00:910] 		OCF_MgefSpellDamage_ShockCloak [KYWD:FF001D9D]
[21:10:00:910] 		OCF_MgefSpellMind_Charm [KYWD:FF001DA0]
[21:10:00:910] 		OCF_CanMineOre [KYWD:FE048869]
[21:10:00:910] 		OCF_MgefSpellStealth_Invisibility [KYWD:FF001CC7]
[21:10:00:910] 		OCF_MgefSpellSummon_Spirit [KYWD:FF001CCD]
[21:10:00:910] 		OCF_MgefPowerAction_Horse [KYWD:FF001CFA]
[21:10:00:910] 		OCF_MgefSpellDamage_PoisonCloak [KYWD:FF001D54]
[21:10:00:910] 		OCF_MgefClassSurvival [KYWD:FF001D99]
[21:10:00:910] 		OCF_MgefSpellEnhance_Casting [KYWD:FF001D9E]
[21:10:00:910] 		OCF_MgefSpellEnhance_SightVampire [KYWD:FF001D9F]
[21:10:00:910] 		OCF_MgefSpellDamage_Poison [KYWD:FF001CA3]
[21:10:00:910] 		OCF_MgefSpellBound [KYWD:FF001D9A]
[21:10:00:910] 		OCF_MgefSpellShapechange [KYWD:FF001DA1]
[21:10:00:910] 		OCF_MgefPowerAction [KYWD:FF001D70]
[21:10:00:910] Activator
[21:10:00:914] 	[ABA_KW-OCF_ACTI_KID.ini] OCF_ActiAllMakerStone
[21:10:00:914] 	[ABA_KW-OCF_ACTI_KID.ini] OCF_ActiAshPile
[21:10:00:914] 	[ABA_KW-OCF_ACTI_KID.ini] OCF_ActiBird
[21:10:00:914] 	[ABA_KW-OCF_ACTI_KID.ini] OCF_ActiBlackBook
[21:10:00:915] 	[ABA_KW-OCF_ACTI_KID.ini] OCF_ActiCritter_BugBee
[21:10:00:915] 	[ABA_KW-OCF_ACTI_KID.ini] OCF_ActiCritter_BugButterfly
[21:10:00:915] 	[ABA_KW-OCF_ACTI_KID.ini] OCF_ActiCritter_BugDragonfly
[21:10:00:915] 	[ABA_KW-OCF_ACTI_KID.ini] OCF_ActiCritter_BugFirefly
[21:10:00:915] 	[ABA_KW-OCF_ACTI_KID.ini] OCF_ActiCritter_FishFood
[21:10:00:915] 	[ABA_KW-OCF_ACTI_KID.ini] OCF_ActiCritter_FishIngr
[21:10:00:915] 	[ABA_KW-OCF_ACTI_KID.ini] OCF_ActiDisplay_Bookshelf
[21:10:00:915] 	[ABA_KW-OCF_ACTI_KID.ini] OCF_ActiDisplay_Bust
[21:10:00:915] 	[ABA_KW-OCF_ACTI_KID.ini] OCF_ActiDisplay_Mannequin
[21:10:00:915] 	[ABA_KW-OCF_ACTI_KID.ini] OCF_ActiDisplay_Rack
[21:10:00:915] 	[ABA_KW-OCF_ACTI_KID.ini] OCF_ActiDoomstone
[21:10:00:915] 	[ABA_KW-OCF_ACTI_KID.ini] OCF_ActiHeatSource_FireHuge
[21:10:00:915] 	[ABA_KW-OCF_ACTI_KID.ini] OCF_ActiHeatSource_FireMedium
[21:10:00:915] 	[ABA_KW-OCF_ACTI_KID.ini] OCF_ActiHeatSource_OtherHuge
[21:10:00:915] 	[ABA_KW-OCF_ACTI_KID.ini] OCF_ActiHeatSource_OtherMedium
[21:10:00:915] 	[ABA_KW-OCF_ACTI_KID.ini] OCF_ActiLava
[21:10:00:915] 	[ABA_KW-OCF_ACTI_KID.ini] OCF_ActiMapMarker
[21:10:00:915] 	[ABA_KW-OCF_ACTI_KID.ini] OCF_ActiShrine
[21:10:00:915] 	[ABA_KW-OCF_ACTI_KID.ini] OCF_ActiSoil
[21:10:00:915] 	[ABA_KW-OCF_ACTI_KID.ini] OCF_ActiTorchSconce
[21:10:00:915] 	[ABA_KW-OCF_ACTI_KID.ini] OCF_ActiThrallCattle
[21:10:00:915] 	[ABA_KW-OCF_ACTI_KID.ini] OCF_ActiTrap
[21:10:00:915] 	[ABA_KW-OCF_ACTI_KID.ini] OCF_ActiTrigger_Button
[21:10:00:915] 	[ABA_KW-OCF_ACTI_KID.ini] OCF_ActiTrigger_ClawDoorRing_Small
[21:10:00:915] 	[ABA_KW-OCF_ACTI_KID.ini] OCF_ActiTrigger_ClawDoorRing_Medium
[21:10:00:915] 	[ABA_KW-OCF_ACTI_KID.ini] OCF_ActiTrigger_ClawDoorRing_Large
[21:10:00:915] 	[ABA_KW-OCF_ACTI_KID.ini] OCF_ActiTrigger_ClawKeyhole
[21:10:00:915] 	[ABA_KW-OCF_ACTI_KID.ini] OCF_ActiTrigger_DoorBar
[21:10:00:915] 	[ABA_KW-OCF_ACTI_KID.ini] OCF_ActiTrigger_Lever
[21:10:00:915] 	[ABA_KW-OCF_ACTI_KID.ini] OCF_ActiTrigger_Pillar
[21:10:00:915] 	[ABA_KW-OCF_ACTI_KID.ini] OCF_ActiTrigger_PullBar
[21:10:00:915] 	[ABA_KW-OCF_ACTI_KID.ini] OCF_ActiTrigger_PullChain
[21:10:00:915] 	[ABA_KW-OCF_ACTI_KID.ini] OCF_ActiTrigger_Valve
[21:10:00:915] 	[ABA_KW-OCF_ACTI_KID.ini] OCF_ActiVein_Chitin
[21:10:00:915] 	[ABA_KW-OCF_ACTI_KID.ini] OCF_ActiVein_Mineral
[21:10:00:915] 	[ABA_KW-OCF_ACTI_KID.ini] OCF_FlorCoinpile
[21:10:00:915] 	[ABA_KW-OCF_ACTI_KID.ini] OCF_FlorOther_Ingr
[21:10:00:915] 	[ABA_KW-OCF_ACTI_KID.ini] OCF_FlorOther_Other
[21:10:00:915] 	[ABA_KW-OCF_ACTI_KID.ini] OCF_FlorPlant_Ingr
[21:10:00:915] 	[ABA_KW-OCF_ACTI_KID.ini] OCF_FlorPlant_Nirnroot
[21:10:00:915] 	[ABA_KW-OCF_ACTI_KID.ini] OCF_ActiCritter_Crab
[21:10:00:916] 	[ABA_KW-OCF_ACTI_KID.ini] OCF_ActiCritter_Bug
[21:10:00:917] 	[ABA_KW-OCF_ACTI_KID.ini] OCF_ActiItem
[21:10:00:921] 	[ABA_KW-OCF_ACTI_KID.ini] OCF_ActiVein_Relic
[21:10:00:929] 	[ABA_KW-OCF_ACTI_KID.ini] OCF_ActiHeatSource_FireLarge
[21:10:00:930] 	[ABA_KW-OCF_ACTI_KID.ini] OCF_ActiHeatSource_FireSmall
[21:10:00:930] 	[ABA_KW-OCF_ACTI_KID.ini] OCF_ActiHeatSource_OtherSmall
[21:10:00:933] 	[ABA_KW-OCF_ACTI_KID.ini] OCF_FlorPlant_Mushroom
[21:10:00:933] 	[ABA_KW-OCF_ACTI_KID.ini] OCF_ActiCritter_Fish
[21:10:00:933] 	[ABA_KW-OCF_ACTI_KID.ini] OCF_ActiCritter
[21:10:00:933] 	[ABA_KW-OCF_ACTI_KID.ini] OCF_ActiDisplay
[21:10:00:933] 	[ABA_KW-OCF_ACTI_KID.ini] OCF_ActiHeatSource_Fire
[21:10:00:933] 	[ABA_KW-OCF_ACTI_KID.ini] OCF_ActiHeatSource_Other
[21:10:00:933] 	[ABA_KW-OCF_ACTI_KID.ini] OCF_ActiHeatSource
[21:10:00:933] 	[ABA_KW-OCF_ACTI_KID.ini] OCF_ActiShelter
[21:10:00:933] 	[ABA_KW-OCF_ACTI_KID.ini] OCF_ActiTrigger_ClawDoorRing
[21:10:00:933] 	[ABA_KW-OCF_ACTI_KID.ini] OCF_ActiTrigger
[21:10:00:933] 	[ABA_KW-OCF_ACTI_KID.ini] OCF_ActiVein
[21:10:00:933] 	[ABA_KW-OCF_ACTI_KID.ini] OCF_FlorOther
[21:10:00:933] 	[ABA_KW-OCF_ACTI_KID.ini] OCF_FlorPlant
[21:10:00:933] 	[ABA_KW-OCF_ACTI_KID.ini] OCF_Flor
[21:10:00:933] 	[FirstPersonInteractions_KID.ini] FP_Shrine
[21:10:00:934] 	Sorting keywords...
[21:10:00:935] 	Sorted keywords: 
[21:10:00:935] 		OCF_ActiAllMakerStone [KYWD:FF0021E2]
[21:10:00:935] 		OCF_ActiAshPile [KYWD:FF0021E3]
[21:10:00:935] 		OCF_ActiBird [KYWD:FF0021E4]
[21:10:00:935] 		OCF_ActiBlackBook [KYWD:FF0021E5]
[21:10:00:935] 		OCF_ActiCritter_BugBee [KYWD:FF0021E6]
[21:10:00:935] 		OCF_ActiCritter_BugButterfly [KYWD:FF0021E7]
[21:10:00:935] 		OCF_ActiCritter_BugDragonfly [KYWD:FF0021E8]
[21:10:00:935] 		OCF_ActiCritter_BugFirefly [KYWD:FF0021E9]
[21:10:00:935] 		OCF_ActiCritter_FishFood [KYWD:FF0021EA]
[21:10:00:935] 		OCF_ActiCritter_FishIngr [KYWD:FF0021EB]
[21:10:00:935] 		OCF_ActiDisplay_Bookshelf [KYWD:FF0021EC]
[21:10:00:935] 		OCF_ActiDisplay_Bust [KYWD:FF0021ED]
[21:10:00:935] 		OCF_ActiDisplay_Mannequin [KYWD:FF0021EE]
[21:10:00:935] 		OCF_ActiDisplay_Rack [KYWD:FF0021EF]
[21:10:00:935] 		OCF_ActiDoomstone [KYWD:FF0021F0]
[21:10:00:935] 		OCF_ActiHeatSource_FireHuge [KYWD:FF0021F1]
[21:10:00:935] 		OCF_ActiHeatSource_FireMedium [KYWD:FF0021F2]
[21:10:00:935] 		OCF_ActiHeatSource_OtherHuge [KYWD:FF0021F3]
[21:10:00:935] 		OCF_ActiHeatSource_OtherMedium [KYWD:FF0021F4]
[21:10:00:935] 		OCF_ActiLava [KYWD:FF0021F5]
[21:10:00:935] 		OCF_ActiMapMarker [KYWD:FF0021F6]
[21:10:00:935] 		OCF_ActiShrine [KYWD:FF0021F7]
[21:10:00:935] 		OCF_ActiSoil [KYWD:FF0021F8]
[21:10:00:935] 		OCF_ActiTorchSconce [KYWD:FF0021F9]
[21:10:00:935] 		OCF_ActiThrallCattle [KYWD:FF0021FA]
[21:10:00:935] 		OCF_ActiTrap [KYWD:FF0021FB]
[21:10:00:935] 		OCF_ActiTrigger_Button [KYWD:FF0021FC]
[21:10:00:935] 		OCF_ActiTrigger_ClawDoorRing_Small [KYWD:FF0021FD]
[21:10:00:935] 		OCF_ActiTrigger_ClawDoorRing_Medium [KYWD:FF0021FE]
[21:10:00:935] 		OCF_ActiTrigger_ClawDoorRing_Large [KYWD:FF0021FF]
[21:10:00:935] 		OCF_ActiTrigger_ClawKeyhole [KYWD:FF002200]
[21:10:00:935] 		OCF_ActiTrigger_DoorBar [KYWD:FF002201]
[21:10:00:935] 		OCF_ActiTrigger_Lever [KYWD:FF002202]
[21:10:00:935] 		OCF_ActiTrigger_Pillar [KYWD:FF002203]
[21:10:00:935] 		OCF_ActiTrigger_PullBar [KYWD:FF002204]
[21:10:00:935] 		OCF_ActiTrigger_PullChain [KYWD:FF002205]
[21:10:00:935] 		OCF_ActiTrigger_Valve [KYWD:FF002206]
[21:10:00:935] 		OCF_ActiVein_Chitin [KYWD:FF002207]
[21:10:00:935] 		OCF_ActiVein_Mineral [KYWD:FF002208]
[21:10:00:935] 		OCF_FlorCoinpile [KYWD:FF002209]
[21:10:00:935] 		OCF_FlorOther_Ingr [KYWD:FF00220A]
[21:10:00:935] 		OCF_FlorOther_Other [KYWD:FF00220B]
[21:10:00:935] 		OCF_FlorPlant_Ingr [KYWD:FF00220C]
[21:10:00:935] 		OCF_FlorPlant_Nirnroot [KYWD:FF00220D]
[21:10:00:935] 		OCF_ActiCritter_Crab [KYWD:FF00220E]
[21:10:00:935] 		OCF_ActiItem [KYWD:FF002210]
[21:10:00:935] 		OCF_ActiVein_Relic [KYWD:FF002211]
[21:10:00:935] 		OCF_ActiHeatSource_FireLarge [KYWD:FF002212]
[21:10:00:935] 		OCF_ActiHeatSource_FireSmall [KYWD:FF002213]
[21:10:00:935] 		OCF_ActiHeatSource_OtherSmall [KYWD:FF002214]
[21:10:00:935] 		OCF_FlorPlant_Mushroom [KYWD:FF002215]
[21:10:00:935] 		OCF_ActiShelter [KYWD:FF00221C]
[21:10:00:935] 		FP_Shrine [KYWD:FE963818]
[21:10:00:935] 		OCF_ActiCritter_Fish [KYWD:FF002216]
[21:10:00:935] 		OCF_ActiHeatSource_Fire [KYWD:FF002219]
[21:10:00:935] 		OCF_ActiHeatSource_Other [KYWD:FF00221A]
[21:10:00:935] 		OCF_ActiHeatSource [KYWD:FF00221B]
[21:10:00:935] 		OCF_FlorOther [KYWD:FF002220]
[21:10:00:935] 		OCF_FlorPlant [KYWD:FF002221]
[21:10:00:935] 		OCF_Flor [KYWD:FF002222]
[21:10:00:935] 		OCF_ActiCritter_Bug [KYWD:FF00220F]
[21:10:00:935] 		OCF_ActiCritter [KYWD:FF002217]
[21:10:00:935] 		OCF_ActiTrigger_ClawDoorRing [KYWD:FF00221D]
[21:10:00:935] 		OCF_ActiVein [KYWD:FF00221F]
[21:10:00:935] 		OCF_ActiDisplay [KYWD:FF002218]
[21:10:00:935] 		OCF_ActiTrigger [KYWD:FF00221E]
[21:10:00:935] Flora
[21:10:00:937] 	[ABA_KW-OCF_FLOR_KID.ini] OCF_FlorBirdNest
[21:10:00:937] 	[ABA_KW-OCF_FLOR_KID.ini] OCF_FlorCarcass_Animal
[21:10:00:937] 	[ABA_KW-OCF_FLOR_KID.ini] OCF_FlorCarcass_Fish
[21:10:00:937] 	[ABA_KW-OCF_FLOR_KID.ini] OCF_FlorCoinpurse
[21:10:00:937] 	[ABA_KW-OCF_FLOR_KID.ini] OCF_FlorContainer_Food
[21:10:00:937] 	[ABA_KW-OCF_FLOR_KID.ini] OCF_FlorEggSac
[21:10:00:938] 	[ABA_KW-OCF_FLOR_KID.ini] OCF_FlorOyster
[21:10:00:938] 	[ABA_KW-OCF_FLOR_KID.ini] OCF_FlorPlant_Hanging
[21:10:00:938] 	[ABA_KW-OCF_FLOR_KID.ini] OCF_FlorPlant_Ingr
[21:10:00:938] 	[ABA_KW-OCF_FLOR_KID.ini] OCF_FlorPlant_Mushroom
[21:10:00:938] 	[ABA_KW-OCF_FLOR_KID.ini] OCF_FlorPlant_SoulHusk
[21:10:00:938] 	[ABA_KW-OCF_FLOR_KID.ini] OCF_FlorWater
[21:10:00:938] 	[ABA_KW-OCF_FLOR_KID.ini] OCF_FlorCarcass_Crab
[21:10:00:938] 	[ABA_KW-OCF_FLOR_KID.ini] OCF_FlorOther_Ingr
[21:10:00:938] 	[ABA_KW-OCF_FLOR_KID.ini] OCF_FlorContainer_Ingr
[21:10:00:938] 	[ABA_KW-OCF_FLOR_KID.ini] OCF_FlorOther_Other
[21:10:00:938] 		Filter [0x804] (Campfire collectable wood.esp) SKIP - form doesn't exist
[21:10:00:939] 		Filter [0x806] (Campfire collectable wood.esp) SKIP - form doesn't exist
[21:10:00:939] 		Filter [0x807] (Campfire collectable wood.esp) SKIP - form doesn't exist
[21:10:00:939] 		Filter [0x808] (Campfire collectable wood.esp) SKIP - form doesn't exist
[21:10:00:939] 		Filter [0x809] (Campfire collectable wood.esp) SKIP - form doesn't exist
[21:10:00:939] 		Invalid/missing filters, skipping distribution
[21:10:00:942] 	[ABA_KW-OCF_FLOR_KID.ini] OCF_FlorPlant_Food
[21:10:00:946] 	[ABA_KW-OCF_FLOR_KID.ini] OCF_FlorContainer_Other
[21:10:00:950] 	[ABA_KW-OCF_FLOR_KID.ini] OCF_FlorCoinpile
[21:10:00:951] 		Filter [0x927] (HSResources.esl) SKIP - form doesn't exist
[21:10:00:951] 		Invalid/missing filters, skipping distribution
[21:10:00:958] 	[ABA_KW-OCF_FLOR_KID.ini] OCF_FlorCarcass
[21:10:00:958] 	[ABA_KW-OCF_FLOR_KID.ini] OCF_FlorContainer
[21:10:00:958] 	[ABA_KW-OCF_FLOR_KID.ini] OCF_FlorOther
[21:10:00:958] 	[ABA_KW-OCF_FLOR_KID.ini] OCF_FlorPlant
[21:10:00:958] 	[FirstPersonInteractions_KID.ini] FP_HarvestFirewood
[21:10:00:958] 	Sorting keywords...
[21:10:00:960] 	Sorted keywords: 
[21:10:00:960] 		FP_HarvestFirewood [KYWD:FF002233]
[21:10:00:960] 		OCF_FlorBirdNest [KYWD:FF002223]
[21:10:00:960] 		OCF_FlorCarcass_Fish [KYWD:FF002225]
[21:10:00:960] 		OCF_FlorCoinpurse [KYWD:FF002226]
[21:10:00:960] 		OCF_FlorContainer_Food [KYWD:FF002227]
[21:10:00:960] 		OCF_FlorEggSac [KYWD:FF002228]
[21:10:00:960] 		OCF_FlorOyster [KYWD:FF002229]
[21:10:00:960] 		OCF_FlorPlant_Hanging [KYWD:FF00222A]
[21:10:00:960] 		OCF_FlorPlant_Ingr [KYWD:FF00220C]
[21:10:00:960] 		OCF_FlorPlant_Mushroom [KYWD:FF002215]
[21:10:00:960] 		OCF_FlorPlant_SoulHusk [KYWD:FF00222B]
[21:10:00:960] 		OCF_FlorWater [KYWD:FF00222C]
[21:10:00:960] 		OCF_FlorCarcass_Crab [KYWD:FF00222D]
[21:10:00:960] 		OCF_FlorOther_Ingr [KYWD:FF00220A]
[21:10:00:960] 		OCF_FlorContainer_Ingr [KYWD:FF00222E]
[21:10:00:960] 		OCF_FlorPlant_Food [KYWD:FF00222F]
[21:10:00:960] 		OCF_FlorContainer_Other [KYWD:FF002230]
[21:10:00:960] 		OCF_FlorOther_Other [KYWD:FF00220B]
[21:10:00:960] 		OCF_FlorCoinpile [KYWD:FF002209]
[21:10:00:960] 		OCF_FlorCarcass_Animal [KYWD:FF002224]
[21:10:00:960] 		OCF_FlorOther [KYWD:FF002220]
[21:10:00:960] 		OCF_FlorCarcass [KYWD:FF002231]
[21:10:00:960] 		OCF_FlorContainer [KYWD:FF002232]
[21:10:00:960] 		OCF_FlorPlant [KYWD:FF002221]
[21:10:00:960] Furniture
[21:10:00:960] 	[ABA_KW-OCF_FURN_KID.ini] OCF_ActiHeatSource_FireLarge
[21:10:00:960] 	[ABA_KW-OCF_FURN_KID.ini] OCF_ActiHeatSource_FireMedium
[21:10:00:961] 	[ABA_KW-OCF_FURN_KID.ini] OCF_ActiHeatSource_Fire
[21:10:00:961] 	[ABA_KW-OCF_FURN_KID.ini] OCF_ActiHeatSource_Other
[21:10:00:961] 	[ABA_KW-OCF_FURN_KID.ini] OCF_ActiHeatSource
[21:10:00:961] 	[Sonders_Keyword_Distribution_KID.ini] BarFurnTypeStool
[21:10:00:961] 	[Sonders_Keyword_Distribution_KID.ini] ChairTypeAll
[21:10:00:961] 	[Sonders_Keyword_Distribution_KID.ini] ChairTypeCommon
[21:10:00:961] 	[Sonders_Keyword_Distribution_KID.ini] ChairTypeNoble
[21:10:00:961] 	[Sonders_Keyword_Distribution_KID.ini] ChairTypeNobleArm
[21:10:00:961] 	[Sonders_Keyword_Distribution_KID.ini] ChairTypeUpperClass
[21:10:00:961] 	[Sonders_Keyword_Distribution_KID.ini] ChairTypeDwemer
[21:10:00:961] 	[Sonders_Keyword_Distribution_KID.ini] ChairTypeDwemerNoBack
[21:10:00:961] 	[Sonders_Keyword_Distribution_KID.ini] ChairTypeOrc
[21:10:00:961] 	[Sonders_Keyword_Distribution_KID.ini] ChairTypeCrate
[21:10:00:961] 	[Sonders_Keyword_Distribution_KID.ini] BenchTypeAll
[21:10:00:961] 	[Sonders_Keyword_Distribution_KID.ini] BenchTypeBacked
[21:10:00:961] 	[Sonders_Keyword_Distribution_KID.ini] BenchTypeNoBack
[21:10:00:961] 	[Sonders_Keyword_Distribution_KID.ini] BenchTypeCommon
[21:10:00:961] 	[Sonders_Keyword_Distribution_KID.ini] BenchTypeRuins
[21:10:00:961] 	[Sonders_Keyword_Distribution_KID.ini] BenchTypeUpperClass
[21:10:00:961] 	[Sonders_Keyword_Distribution_KID.ini] BenchTypeWRTemple
[21:10:00:961] 	[Sonders_Keyword_Distribution_KID.ini] BenchTypeNoble
[21:10:00:961] 	[Sonders_Keyword_Distribution_KID.ini] BenchTypeDwemer
[21:10:00:961] 	[Sonders_Keyword_Distribution_KID.ini] BenchTypeSovengarde
[21:10:00:961] 	[Sonders_Keyword_Distribution_KID.ini] ThroneRegionFalkreath
[21:10:00:961] 	[Sonders_Keyword_Distribution_KID.ini] ThroneRegionWhiterun
[21:10:00:961] 	[Sonders_Keyword_Distribution_KID.ini] ThroneRegionMorthal
[21:10:00:961] 	[Sonders_Keyword_Distribution_KID.ini] ThroneRegionDawnstar
[21:10:00:961] 	[Sonders_Keyword_Distribution_KID.ini] ThroneRegionWinterhold
[21:10:00:961] 	[Sonders_Keyword_Distribution_KID.ini] ThroneRegionSolitude
[21:10:00:961] 	[Sonders_Keyword_Distribution_KID.ini] ThroneRegionRiften
[21:10:00:961] 	[Sonders_Keyword_Distribution_KID.ini] ThroneRegionMarkarth
[21:10:00:961] 	[Sonders_Keyword_Distribution_KID.ini] ThroneRegionWindhelm
[21:10:00:961] 	[Sonders_Keyword_Distribution_KID.ini] ThroneRegionSovengarde
[21:10:00:961] 	[Sonders_Keyword_Distribution_KID.ini] ThroneKatariahShip
[21:10:00:961] 	[Sonders_Keyword_Distribution_KID.ini] ThroneNorShadow
[21:10:00:961] 	Sorting keywords...
[21:10:00:967] 	Sorted keywords: 
[21:10:00:967] 		OCF_ActiHeatSource_FireLarge [KYWD:FF002212]
[21:10:00:967] 		OCF_ActiHeatSource_FireMedium [KYWD:FF0021F2]
[21:10:00:967] 		BarFurnTypeStool [KYWD:FE960D96]
[21:10:00:967] 		ChairTypeAll [KYWD:FE960800]
[21:10:00:967] 		ChairTypeCommon [KYWD:FE960801]
[21:10:00:967] 		ChairTypeNoble [KYWD:FE960802]
[21:10:00:967] 		ChairTypeNobleArm [KYWD:FE960803]
[21:10:00:967] 		ChairTypeUpperClass [KYWD:FE960804]
[21:10:00:967] 		ChairTypeDwemer [KYWD:FE960805]
[21:10:00:967] 		ChairTypeDwemerNoBack [KYWD:FE960806]
[21:10:00:967] 		ChairTypeOrc [KYWD:FE960D82]
[21:10:00:967] 		BenchTypeAll [KYWD:FE960807]
[21:10:00:967] 		BenchTypeBacked [KYWD:FE960808]
[21:10:00:967] 		BenchTypeNoBack [KYWD:FE960809]
[21:10:00:967] 		BenchTypeCommon [KYWD:FE96080A]
[21:10:00:967] 		BenchTypeRuins [KYWD:FE96080B]
[21:10:00:967] 		BenchTypeUpperClass [KYWD:FE96080C]
[21:10:00:967] 		BenchTypeWRTemple [KYWD:FE96080D]
[21:10:00:967] 		BenchTypeNoble [KYWD:FE96080E]
[21:10:00:967] 		BenchTypeDwemer [KYWD:FE96080F]
[21:10:00:967] 		BenchTypeSovengarde [KYWD:FE960810]
[21:10:00:967] 		ThroneRegionFalkreath [KYWD:FE960D75]
[21:10:00:967] 		ThroneRegionWhiterun [KYWD:FE960D74]
[21:10:00:967] 		ThroneRegionMorthal [KYWD:FE960D76]
[21:10:00:967] 		ThroneRegionDawnstar [KYWD:FE960D77]
[21:10:00:967] 		ThroneRegionWinterhold [KYWD:FE960D78]
[21:10:00:967] 		ThroneRegionSolitude [KYWD:FE960811]
[21:10:00:967] 		ThroneRegionRiften [KYWD:FE960D79]
[21:10:00:967] 		ThroneRegionMarkarth [KYWD:FE960D7A]
[21:10:00:967] 		ThroneRegionWindhelm [KYWD:FE960D7C]
[21:10:00:967] 		ThroneRegionSovengarde [KYWD:FE960D7D]
[21:10:00:967] 		ThroneKatariahShip [KYWD:FE960D7E]
[21:10:00:967] 		ThroneNorShadow [KYWD:FE960D7F]
[21:10:00:967] 		ChairTypeCrate [KYWD:FF002234]
[21:10:00:967] 		OCF_ActiHeatSource_Fire [KYWD:FF002219]
[21:10:00:967] 		OCF_ActiHeatSource_Other [KYWD:FF00221A]
[21:10:00:967] 		OCF_ActiHeatSource [KYWD:FF00221B]
[21:10:00:967] Race
[21:10:00:967] 	[ABA_KW-OCF_RACE_KID.ini] ActorTypeCreature
[21:10:00:967] 	[ABA_KW-OCF_RACE_KID.ini] ActorTypeDaedra
[21:10:00:967] 	[ABA_KW-OCF_RACE_KID.ini] ActorTypeTroll
[21:10:00:967] 	[ABA_KW-OCF_RACE_KID.ini] ActorTypeUndead
[21:10:00:967] 	[ABA_KW-OCF_RACE_KID.ini] DLC1WerewolfFeedExclude
[21:10:00:967] 	[ABA_KW-OCF_RACE_KID.ini] DLC2NetchKeyword
[21:10:00:967] 	[ABA_KW-OCF_RACE_KID.ini] MagicNoReanimate
[21:10:00:967] 	[ABA_KW-OCF_RACE_KID.ini] Vampire
[21:10:00:967] 	Sorting keywords...
[21:10:00:967] 	Sorted keywords: 
[21:10:00:967] 		ActorTypeCreature [KYWD:00013795]
[21:10:00:967] 		ActorTypeDaedra [KYWD:00013797]
[21:10:00:967] 		ActorTypeTroll [KYWD:000F5D16]
[21:10:00:967] 		ActorTypeUndead [KYWD:00013796]
[21:10:00:967] 		DLC1WerewolfFeedExclude [KYWD:02015FD3]
[21:10:00:967] 		DLC2NetchKeyword [KYWD:0403A157]
[21:10:00:967] 		MagicNoReanimate [KYWD:0006F6FB]
[21:10:00:967] 		Vampire [KYWD:000A82BB]
[21:10:00:967] ********************PROCESSING********************
[21:10:00:967] Adding 774/774 keywords to magic effects
[21:10:00:967] Adding 1338/1381 keywords to armors
[21:10:00:967] Adding 908/923 keywords to weapons
[21:10:00:967] Adding 73/77 keywords to ammo
[21:10:00:967] Adding 827/827 keywords to potions
[21:10:00:967] Adding 45/45 keywords to scrolls
[21:10:00:967] Adding 29/29 keywords to location
[21:10:00:967] Adding 489/489 keywords to ingredients
[21:10:00:967] Adding 843/843 keywords to books
[21:10:00:967] Adding 1102/1116 keywords to misc items
[21:10:00:967] Adding 19/19 keywords to keys
[21:10:00:967] Adding 64/64 keywords to soul gems
[21:10:00:967] Adding 649/649 keywords to spells
[21:10:00:967] Adding 173/173 keywords to activators
[21:10:00:967] Adding 86/88 keywords to flora
[21:10:00:967] Adding 49/49 keywords to furniture
[21:10:00:967] Adding 9/9 keywords to races
[21:10:00:969] Form lookup took 1385682μs / 1385ms
[21:10:07:285] **********************RESULT**********************
[21:10:07:285] Magic Effect
[21:10:07:285] 	OCF_MgefPowerGrand [0xFF001C8B] added to 9/15922
[21:10:07:285] 	OCF_MgefClassArtificer [0xFF001C8C] added to 7/15922
[21:10:07:285] 	OCF_MgefClassBard [0xFF001C8E] added to 1/15922
[21:10:07:285] 	OCF_MgefClassDruid [0xFF001C8F] added to 2/15922
[21:10:07:285] 	OCF_MgefClassEarth [0xFF001C90] added to 5/15922
[21:10:07:285] 	OCF_MgefClassEldritch [0xFF001C91] added to 10/15922
[21:10:07:285] 	OCF_MgefClassFire [0xFF001C92] added to 3/15922
[21:10:07:285] 	OCF_MgefClassFrost [0xFF001C93] added to 4/15922
[21:10:07:285] 	OCF_MgefClassHoly [0xFF001C94] added to 2/15922
[21:10:07:285] 	OCF_MgefClassRace_Altmer [0xFF001C95] added to 1/15922
[21:10:07:285] 	OCF_MgefClassRace_Argonian [0xFF001C96] added to 1/15922
[21:10:07:285] 	OCF_MgefClassRace_Breton [0xFF001C97] added to 1/15922
[21:10:07:285] 	OCF_MgefClassRace_Orsimer [0xFF001C98] added to 1/15922
[21:10:07:285] 	OCF_MgefClassRace_Redguard [0xFF001C99] added to 1/15922
[21:10:07:285] 	OCF_MgefClassRace_Vampire [0xFF001C9A] added to 38/15922
[21:10:07:285] 	OCF_MgefClassRace_Werebeast [0xFF001C9B] added to 2/15922
[21:10:07:285] 	OCF_MgefClassWater [0xFF001C9C] added to 4/15922
[21:10:07:285] 	OCF_MgefSpellBound_Weapon [0xFF001C9D] added to 24/15922
[21:10:07:285] 	OCF_MgefSpellDamage_Blood [0xFF001C9E] added to 16/15922
[21:10:07:285] 	OCF_MgefSpellDamage_Fire [0xFF001C9F] added to 3/15922
[21:10:07:285] 	OCF_MgefSpellDamage_FireCloakDunmer [0xFF001CA0] added to 1/15922
[21:10:07:285] 	OCF_MgefSpellDamage_Force [0xFF001CA1] added to 1/15922
[21:10:07:285] 	OCF_MgefSpellDamage_Frost [0xFF001CA2] added to 2/15922
[21:10:07:285] 	OCF_MgefSpellDamage_PoisonDoomstone [0xFF001CA4] added to 1/15922
[21:10:07:285] 	OCF_MgefSpellDamage_PoisonEldritch [0xFF001CA5] added to 1/15922
[21:10:07:285] 	OCF_MgefSpellDamage_Shadow [0xFF001CA6] added to 15/15922
[21:10:07:285] 	OCF_MgefSpellDamage_Steam [0xFF001CA7] added to 1/15922
[21:10:07:285] 	OCF_MgefSpellDamage_WindCloak [0xFF001CA8] added to 2/15922
[21:10:07:285] 	OCF_MgefSpellDivination [0xFF001CA9] added to 3/15922
[21:10:07:285] 	OCF_MgefSpellEnhance_AttackEldritch [0xFF001CAA] added to 1/15922
[21:10:07:285] 	OCF_MgefSpellEnhance_Damage [0xFF001CAB] added to 1/15922
[21:10:07:285] 	OCF_MgefSpellEnhance_Fall [0xFF001CAC] added to 4/15922
[21:10:07:285] 	OCF_MgefSpellEnhance_CastingDruid [0xFF001CAD] added to 1/15922
[21:10:07:285] 	OCF_MgefSpellEnhance_CastingEldritch [0xFF001CAE] added to 1/15922
[21:10:07:285] 	OCF_MgefSpellEthereal [0xFF001CAF] added to 3/15922
[21:10:07:285] 	OCF_MgefSpellHeal_LivingWater [0xFF001CB0] added to 1/15922
[21:10:07:285] 	OCF_MgefSpellHeal_Self [0xFF001CB1] added to 3/15922
[21:10:07:285] 	OCF_MgefSpellHeal_Undead [0xFF001CB2] added to 2/15922
[21:10:07:285] 	OCF_MgefSpellMind_CharmImperial [0xFF001CB3] added to 1/15922
[21:10:07:285] 	OCF_MgefSpellMind_Control [0xFF001CB4] added to 6/15922
[21:10:07:285] 	OCF_MgefSpellMind_ControlBosmer [0xFF001CB5] added to 1/15922
[21:10:07:285] 	OCF_MgefSpellMind_FearNord [0xFF001CB6] added to 1/15922
[21:10:07:285] 	OCF_MgefSpellMind_FrenzyShadow [0xFF001CB7] added to 1/15922
[21:10:07:285] 	OCF_MgefSpellMind_Paralysis [0xFF001CB8] added to 6/15922
[21:10:07:285] 	OCF_MgefSpellParalysis [0xFF001CB9] added to 2/15922
[21:10:07:285] 	OCF_MgefSpellProtect_DamageEldritch [0xFF001CBB] added to 1/15922
[21:10:07:285] 	OCF_MgefSpellProtect_Magic [0xFF001CBC] added to 1/15922
[21:10:07:285] 	OCF_MgefSpellReanimate [0xFF001CBD] added to 2/15922
[21:10:07:285] 	OCF_MgefSpellReanimateDoomstone [0xFF001CBE] added to 1/15922
[21:10:07:285] 	OCF_MgefSpellRestore_Magicka [0xFF001CBF] added to 1/15922
[21:10:07:285] 	OCF_MgefSpellRestore_Stamina [0xFF001CC0] added to 2/15922
[21:10:07:285] 	OCF_MgefSpellSacrifice_Blood [0xFF001CC1] added to 4/15922
[21:10:07:285] 	OCF_MgefSpellShapechange_Creature [0xFF001CC2] added to 1/15922
[21:10:07:285] 	OCF_MgefSpellShapechange_Vampire [0xFF001CC3] added to 3/15922
[21:10:07:285] 	OCF_MgefSpellShapechange_Werebeast [0xFF001CC4] added to 1/15922
[21:10:07:285] 	OCF_MgefSpellSoulTrap [0xFF001CC5] added to 1/15922
[21:10:07:285] 	OCF_MgefSpellSpace [0xFF001CC6] added to 3/15922
[21:10:07:285] 	OCF_MgefSpellStealth_InvisibilityDoomstone [0xFF001CC8] added to 1/15922
[21:10:07:285] 	OCF_MgefSpellSummon_Construct [0xFF001CC9] added to 5/15922
[21:10:07:285] 	OCF_MgefSpellSummon_Creature [0xFF001CCA] added to 1/15922
[21:10:07:285] 	OCF_MgefSpellSummon_DaedraEldritch [0xFF001CCC] added to 2/15922
[21:10:07:285] 	OCF_MgefSpellSummon_SpiritFrost [0xFF001CCE] added to 3/15922
[21:10:07:285] 	OCF_MgefSpellSummon_SpiritShadow [0xFF001CCF] added to 1/15922
[21:10:07:285] 	OCF_MgefSpellSummon_Undead [0xFF001CD0] added to 8/15922
[21:10:07:285] 	OCF_MgefSpellTime [0xFF001CD1] added to 2/15922
[21:10:07:285] 	OCF_MgefSpellTransmute [0xFF001CD2] added to 3/15922
[21:10:07:285] 	OCF_MgefSpellTurnUndeadCircle [0xFF001CD3] added to 1/15922
[21:10:07:285] 	OCF_AmmoTypeArrow [0x86D~OCF.esp] added to 3/15922
[21:10:07:285] 	OCF_WeapTypeBattleaxe2H [0x837~OCF.esp] added to 2/15922
[21:10:07:285] 	OCF_WeapTypeBow2H [0x84C~OCF.esp] added to 2/15922
[21:10:07:285] 	OCF_WeapTypeDagger1H [0x802~OCF.esp] added to 4/15922
[21:10:07:285] 	OCF_WeapTypeSword1H [0x810~OCF.esp] added to 2/15922
[21:10:07:285] 	OCF_InvColorArcane [0xFF001CD4] added to 1/15922
[21:10:07:285] 	OCF_InvColorBlood [0xFF001CD5] added to 6/15922
[21:10:07:285] 	OCF_InvColorEldritch [0xFF001CD6] added to 1/15922
[21:10:07:285] 	OCF_InvColorFire [0xFF001CD7] added to 2/15922
[21:10:07:285] 	OCF_InvColorShadow [0xFF001CD8] added to 10/15922
[21:10:07:285] 	OCF_MgefSpellBound_Ammo [0xFF001CD9] added to 2/15922
[21:10:07:285] 	OCF_MgefSpellForce [0xFF001CDA] added to 2/15922
[21:10:07:285] 	OCF_MgefClassNecromancy [0xFF001CDB] added to 5/15922
[21:10:07:285] 	OCF_MgefSpellSpace_Teleport [0xFF001CDC] added to 19/15922
[21:10:07:285] 	OCF_MgefSpellSacrifice_Summon [0xFF001CDD] added to 2/15922
[21:10:07:285] 	CCSM_RestoreHungerLarge [0xFF001CDE] added to 1/15922
[21:10:07:285] 	CCSM_RestoreHungerMedium [0xFF001CDF] added to 1/15922
[21:10:07:285] 	CCSM_RestoreHungerSmall [0xFF001CE0] added to 1/15922
[21:10:07:285] 	CCSM_RestoreHungerTiny [0xFF001CE1] added to 1/15922
[21:10:07:285] 	CCSM_RestoreCold [0xFF001CE2] added to 1/15922
[21:10:07:285] 	CCSM_FortifyWarmth [0xFF001CE3] added to 1/15922
[21:10:07:285] 	OCF_MgefPowerCheat [0xFF001CE4] added to 0/15922
[21:10:07:285] 	OCF_MgefPowerAction_CommandFollower [0xFF001CE5] added to 1/15922
[21:10:07:285] 	OCF_MgefPowerConfig [0xFF001CE6] added to 6/15922
[21:10:07:285] 	OCF_MgefClassShadow [0xFF001CE7] added to 4/15922
[21:10:07:285] 	OCF_MgefSpellSummon_Object [0xFF001CE8] added to 1/15922
[21:10:07:285] 	OCF_MgefClassBlood [0xFF001CE9] added to 5/15922
[21:10:07:285] 	OCF_MgefPowerAction_Bag [0xFF001CEA] added to 0/15922
[21:10:07:285] 	OCF_MgefPowerAction_Potion [0xFF001CEB] added to 0/15922
[21:10:07:285] 	OCF_MgefPowerAction_Bard [0xFF001CEC] added to 0/15922
[21:10:07:285] 	MAG_MagicDamagePoison [0x1A92001~OCF.esp] added to 5/15922
[21:10:07:285] 	OCF_MgefSpellDamage_PoisonBug [0xFF001CED] added to 1/15922
[21:10:07:285] 	OCF_MgefSpellEnhance_Dodge [0xFF001CEE] added to 2/15922
[21:10:07:285] 	OCF_MgefSpellEnhance_WaterWalk [0xFF001CEF] added to 1/15922
[21:10:07:285] 	OCF_MgefSpellHeal_SelfCloak [0xFF001CF0] added to 1/15922
[21:10:07:285] 	OCF_MgefSpellUnlock [0xFF001CF1] added to 1/15922
[21:10:07:285] 	OCF_WeapTypeGreatsword2H [0x867~OCF.esp] added to 4/15922
[21:10:07:285] 	OCF_WeapTypeMace1H [0x821~OCF.esp] added to 4/15922
[21:10:07:285] 	OCF_MgefSpellDamage_FrostFire [0xFF001CF3] added to 3/15922
[21:10:07:285] 	OCF_MgefSpellLight [0xFF001CF4] added to 2/15922
[21:10:07:285] 	OCF_MgefClassSurvival_Wilderness [0xFF001CF5] added to 5/15922
[21:10:07:285] 	OCF_MgefPowerAction_Campfire [0xFF001CF6] added to 2/15922
[21:10:07:285] 	OCF_MgefPowerAction_Craft [0xFF001CF7] added to 1/15922
[21:10:07:285] 	OCF_MgefPowerAction_HarvestWood [0xFF001CF8] added to 1/15922
[21:10:07:285] 	OCF_MgefPowerAction_Instincts [0xFF001CF9] added to 3/15922
[21:10:07:285] 	OCF_MgefPowerAction_Coin [0xFF001CFB] added to 0/15922
[21:10:07:285] 	OCF_InvColorBlack [0xFF001CFC] added to 0/15922
[21:10:07:285] 	OCF_InvColorDruid [0xFF001CFD] added to 0/15922
[21:10:07:285] 	OCF_InvColorFrost [0xFF001CFE] added to 0/15922
[21:10:07:285] 	OCF_InvColorHoly [0xFF001CFF] added to 0/15922
[21:10:07:285] 	OCF_InvColorMagenta [0xFF001D00] added to 0/15922
[21:10:07:285] 	OCF_InvColorPink [0xFF001D01] added to 0/15922
[21:10:07:285] 	OCF_InvColorPurple [0xFF001D02] added to 0/15922
[21:10:07:285] 	OCF_InvColorWhite [0xFF001D03] added to 0/15922
[21:10:07:285] 	OCF_MgefPowerAction_HorseHorn [0xFF001D04] added to 0/15922
[21:10:07:285] 	OCF_MgefPowerAction_HorseWhistle [0xFF001D05] added to 0/15922
[21:10:07:286] 	OCF_MgefDeliverTouch [0xFF001D06] added to 16/15922
[21:10:07:286] 	OCF_MgefSpellCurse_Shadow [0xFF001D07] added to 5/15922
[21:10:07:286] 	OCF_MgefSpellDamage_ShadowCloak [0xFF001D08] added to 1/15922
[21:10:07:286] 	OCF_MgefSpellEnhance_CritShadowInvis [0xFF001D0A] added to 1/15922
[21:10:07:286] 	OCF_MgefSpellEnhance_DamageShadow [0xFF001D0B] added to 1/15922
[21:10:07:286] 	OCF_MgefSpellEnhance_RegenShadowInvis [0xFF001D0C] added to 0/15922
[21:10:07:286] 	OCF_MgefClassArcane [0xFF001D0D] added to 1/15922
[21:10:07:286] 	OCF_MgefSpellDamage_Arcane [0xFF001D0E] added to 0/15922
[21:10:07:286] 	OCF_MgefSpellDamage_ArcaneCloak [0xFF001D0F] added to 0/15922
[21:10:07:286] 	OCF_MgefSpellEnhance_DamageArcane [0xFF001D10] added to 0/15922
[21:10:07:286] 	OCF_MgefClassShock [0xFF001D11] added to 2/15922
[21:10:07:286] 	OCF_MgefSpellDamage_ShockArc [0xFF001D12] added to 15/15922
[21:10:07:286] 	OCF_MgefSpellDamage_ShockArcCloak [0xFF001D13] added to 1/15922
[21:10:07:286] 	OCF_MgefSpellEnhance_DamageShockArc [0xFF001D14] added to 1/15922
[21:10:07:286] 	OCF_InvColorShockArc [0xFF001D15] added to 2/15922
[21:10:07:286] 	OCF_MgefSpellEnhance_DamageBlood [0xFF001D16] added to 0/15922
[21:10:07:286] 	OCF_MgefSpellEnhance_Regen [0xFF001D17] added to 0/15922
[21:10:07:286] 	OCF_MgefSpellDamage_NecroticFire [0xFF001D18] added to 15/15922
[21:10:07:286] 	OCF_MgefSpellDamage_NecroticFireCloak [0xFF001D19] added to 1/15922
[21:10:07:286] 	OCF_MgefSpellDamage_FrostFireCloak [0xFF001D1A] added to 0/15922
[21:10:07:286] 	OCF_MgefSpellBound_Armor [0xFF001D1B] added to 2/15922
[21:10:07:286] 	OCF_ArmorShield_Heavy [0xFF001D1C] added to 2/15922
[21:10:07:286] 	OCF_WeapTypeWarAxe1H [0x818~OCF.esp] added to 2/15922
[21:10:07:286] 	OCF_WeapTypeWarhammer2H [0x841~OCF.esp] added to 2/15922
[21:10:07:286] 	OCF_MgefSpellDamage_HolyLunar [0xFF001D1D] added to 0/15922
[21:10:07:286] 	OCF_MgefSpellDamage_HolyLunarCloak [0xFF001D1E] added to 0/15922
[21:10:07:286] 	OCF_MgefSpellEnhance_DamageHolyLunar [0xFF001D1F] added to 0/15922
[21:10:07:286] 	OCF_MgefClassWind [0xFF001D20] added to 4/15922
[21:10:07:286] 	OCF_MgefSpellAssist_DamageDruid [0xFF001D21] added to 0/15922
[21:10:07:286] 	OCF_MgefSpellAssist_MovementSpeedDruid [0xFF001D22] added to 0/15922
[21:10:07:286] 	OCF_MgefSpellCounter_BloodDruid [0xFF001D23] added to 0/15922
[21:10:07:286] 	OCF_MgefSpellCounter_Druid [0xFF001D24] added to 0/15922
[21:10:07:286] 	OCF_MgefSpellCounter_DruidHeal [0xFF001D25] added to 0/15922
[21:10:07:286] 	OCF_MgefSpellCounter_Fire [0xFF001D26] added to 0/15922
[21:10:07:286] 	OCF_MgefSpellCurse_DruidRoot [0xFF001D27] added to 0/15922
[21:10:07:286] 	OCF_MgefSpellDamage_Earth [0xFF001D28] added to 8/15922
[21:10:07:286] 	OCF_MgefSpellDamage_EarthCloak [0xFF001D29] added to 1/15922
[21:10:07:286] 	OCF_MgefSpellDamage_PoisonBugCloak [0xFF001D2A] added to 0/15922
[21:10:07:286] 	OCF_MgefSpellDamage_Water [0xFF001D2B] added to 7/15922
[21:10:07:286] 	OCF_MgefSpellDamage_WaterCloak [0xFF001D2C] added to 1/15922
[21:10:07:286] 	OCF_MgefSpellDamage_Wind [0xFF001D2D] added to 7/15922
[21:10:07:286] 	OCF_MgefSpellEnhance_DamageBloodDruid [0xFF001D2E] added to 0/15922
[21:10:07:286] 	OCF_MgefSpellEnhance_DamageDruidHunter [0xFF001D2F] added to 0/15922
[21:10:07:286] 	OCF_MgefSpellEnhance_DamageFire [0xFF001D30] added to 0/15922
[21:10:07:286] 	OCF_MgefSpellEnhance_DamageFrost [0xFF001D31] added to 0/15922
[21:10:07:286] 	OCF_MgefSpellEnhance_DamagePoison [0xFF001D32] added to 0/15922
[21:10:07:286] 	OCF_MgefSpellEnhance_DamageShock [0xFF001D33] added to 0/15922
[21:10:07:286] 	OCF_MgefSpellEnhance_EvasionDruid [0xFF001D34] added to 0/15922
[21:10:07:286] 	OCF_MgefSpellEnhance_MovementSpeedDruid [0xFF001D35] added to 0/15922
[21:10:07:286] 	OCF_MgefSpellEnhance_StaminaDruid [0xFF001D36] added to 0/15922
[21:10:07:286] 	OCF_MgefSpellParalysis_Druid [0xFF001D38] added to 0/15922
[21:10:07:286] 	OCF_MgefSpellReflect_Druid [0xFF001D39] added to 0/15922
[21:10:07:286] 	OCF_MgefSpellRestore_MagickaWater [0xFF001D3A] added to 0/15922
[21:10:07:286] 	OCF_MgefSpellRestore_StaminaDruid [0xFF001D3B] added to 0/15922
[21:10:07:286] 	OCF_MgefSpellStealth_InvisibilityDruid [0xFF001D3C] added to 0/15922
[21:10:07:286] 	OCF_InvColorShock [0xFF001D3D] added to 0/15922
[21:10:07:286] 	OCF_InvColorWater [0xFF001D3E] added to 0/15922
[21:10:07:286] 	OCF_MgefSpellDamage_PoisonEldritchCloak [0xFF001D3F] added to 0/15922
[21:10:07:286] 	OCF_MgefSpellEnhance_DamagePoisonEldritch [0xFF001D40] added to 0/15922
[21:10:07:286] 	OCF_MgefSpellEnhance_EldritchTome [0xFF001D41] added to 0/15922
[21:10:07:286] 	OCF_MgefSpellAssist_Necromancy [0xFF001D42] added to 0/15922
[21:10:07:286] 	OCF_MgefSpellCurse_Necromancy [0xFF001D43] added to 0/15922
[21:10:07:286] 	OCF_MgefSpellDamage_Necrotic [0xFF001D44] added to 0/15922
[21:10:07:286] 	OCF_MgefSpellEnhance_AttackNecromancy [0xFF001D45] added to 0/15922
[21:10:07:286] 	OCF_MgefSpellSacrifice_Corpse [0xFF001D46] added to 0/15922
[21:10:07:286] 	OCF_MgefClassAstral [0xFF001D47] added to 0/15922
[21:10:07:286] 	OCF_MgefSpellCounter_Astral [0xFF001D48] added to 0/15922
[21:10:07:286] 	OCF_MgefSpellDamage_HolyAstral [0xFF001D49] added to 0/15922
[21:10:07:286] 	OCF_MgefSpellDamage_HolyAstralCloak [0xFF001D4A] added to 0/15922
[21:10:07:286] 	OCF_MgefSpellEnhance_DamageHolyAstral [0xFF001D4B] added to 0/15922
[21:10:07:286] 	OCF_MgefSpellDamage_AshFire [0xFF001D4C] added to 18/15922
[21:10:07:286] 	OCF_MgefSpellDamage_AshFireCloak [0xFF001D4D] added to 1/15922
[21:10:07:286] 	OCF_MgefSpellEnhance_DamageAshFire [0xFF001D4E] added to 1/15922
[21:10:07:286] 	OCF_InvColorFireVolcanic [0xFF001D4F] added to 4/15922
[21:10:07:286] 	OCF_MgefClassSurvival_Needs [0xFF001D50] added to 4/15922
[21:10:07:286] 	OCF_MgefPowerAction_Bathe [0xFF001D51] added to 2/15922
[21:10:07:286] 	OCF_MgefPowerAction_Relax [0xFF001D52] added to 0/15922
[21:10:07:286] 	OCF_MgefClassPoison [0xFF001D53] added to 0/15922
[21:10:07:286] 	OCF_MgefSpellEnhance_MovementSpeed [0xFF001D56] added to 0/15922
[21:10:07:286] 	OCF_MgefSpellParalysisCloakAsh [0xFF001D57] added to 0/15922
[21:10:07:286] 	OCF_MgefSpellProject [0xFF001D58] added to 0/15922
[21:10:07:286] 	OCF_MgefSpellRestore_MagickaCircle [0xFF001D59] added to 2/15922
[21:10:07:286] 	OCF_MgefSpellSacrifice [0xFF001D5A] added to 0/15922
[21:10:07:286] 	OCF_MgefSpellSpace_Banish [0xFF001D5B] added to 0/15922
[21:10:07:286] 	OCF_MgefSpellWard [0xFF001D5C] added to 0/15922
[21:10:07:286] 	OCF_MgefSpellEnhance_Sight [0xFF001D5D] added to 2/15922
[21:10:07:286] 	OCF_MgefSpellMind_ControlVampire [0xFF001D5E] added to 1/15922
[21:10:07:286] 	OCF_MgefSpellStealth [0xFF001D5F] added to 1/15922
[21:10:07:286] 	OCF_MgefPowerAction_Pray [0xFF001D60] added to 1/15922
[21:10:07:286] 	OCF_MgefSpellEnhance_Flight [0xFF001D62] added to 0/15922
[21:10:07:286] 	OCF_MgefPowerAction_StatusFrostfall [0xFF001D63] added to 0/15922
[21:10:07:286] 	OCF_MgefSpellRestore_Exposure [0xFF001D64] added to 0/15922
[21:10:07:286] 	OCF_MgefSpellRestore_Warmth [0xFF001D65] added to 0/15922
[21:10:07:286] 	OCF_MgefSpellShield_Warmth [0xFF001D66] added to 0/15922
[21:10:07:286] 	OCF_MiscCampingGear [0xFF001D67] added to 0/15922
[21:10:07:286] 	WAF_ClothingCloak [0x1AB0128~OCF.esp] added to 0/15922
[21:10:07:286] 	OCF_MgefPowerAction_Speech [0xFF001D68] added to 2/15922
[21:10:07:286] 	OCF_MgefPowerAction_Bless [0xFF001D69] added to 1/15922
[21:10:07:286] 	OCF_MgefPowerAction_HarvestCorpse [0xFF001D6A] added to 0/15922
[21:10:07:286] 	OCF_MgefPowerAction_HarvestGather [0xFF001D6B] added to 0/15922
[21:10:07:286] 	OCF_WeapTypeHuntingKnife1H [0x80A~OCF.esp] added to 0/15922
[21:10:07:286] 	OCF_MgefClassUtility [0xFF001D6C] added to 4/15922
[21:10:07:286] 	OCF_MgefSpellEnchant [0xFF001D6D] added to 0/15922
[21:10:07:286] 	OCF_MgefPowerAction_FillWater [0xFF001D6E] added to 1/15922
[21:10:07:286] 	OCF_MgefPowerAction_StatusLastSeed [0xFF001D6F] added to 0/15922
[21:10:07:286] 	OCF_MgefSpellHarvest [0xFF001D71] added to 0/15922
[21:10:07:286] 	OCF_MgefPowerAction_WeaponGrip [0xFF001D72] added to 0/15922
[21:10:07:286] 	OCF_MgefPowerAction_Influence [0xFF001D73] added to 2/15922
[21:10:07:286] 	OCF_MgefPowerAction_InfluenceCancelRetreat [0xFF001D74] added to 1/15922
[21:10:07:286] 	OCF_MgefPowerConfigWeatherChanger [0xFF001D75] added to 0/15922
[21:10:07:286] 	OCF_MgefSpellDispel [0xFF001D76] added to 1/15922
[21:10:07:286] 	OCF_WeapTypeKunai1H [0x803~OCF.esp] added to 0/15922
[21:10:07:286] 	OCF_WeapTypeShuriken1H [0x807~OCF.esp] added to 0/15922
[21:10:07:286] 	OCF_MgefPowerAction_InfluenceEngage [0xFF001D77] added to 0/15922
[21:10:07:286] 	OCF_MgefSpellAbsorb_Magicka [0xFF001D78] added to 2/15922
[21:10:07:286] 	OCF_MgefSpellAbsorb_MagickaCloak [0xFF001D79] added to 1/15922
[21:10:07:286] 	OCF_MgefSpellAbsorb_Stamina [0xFF001D7A] added to 2/15922
[21:10:07:286] 	OCF_MgefSpellAbsorb_StaminaCloak [0xFF001D7B] added to 1/15922
[21:10:07:286] 	OCF_MgefSpellDamage_Deconstruct [0xFF001D7C] added to 2/15922
[21:10:07:286] 	OCF_MgefSpellEnhance_Health [0xFF001D7D] added to 2/15922
[21:10:07:286] 	OCF_MgefSpellEnhance_Swim [0xFF001D7E] added to 1/15922
[21:10:07:286] 	OCF_MgefSpellHeal_Daedra [0xFF001D7F] added to 2/15922
[21:10:07:286] 	OCF_MgefSpellRestore_StaminaCircle [0xFF001D80] added to 2/15922
[21:10:07:286] 	OCF_MgefSpellEnhance_Jump [0xFF001D81] added to 2/15922
[21:10:07:286] 	OCF_InvColorDaedric [0xFF001D82] added to 0/15922
[21:10:07:286] 	OCF_MgefSpellDamage_BloodCloakVampire [0xFF001D83] added to 0/15922
[21:10:07:286] 	OCF_MgefSpellEnhance_SightVampireShadow [0xFF001D84] added to 0/15922
[21:10:07:286] 	OCF_MgefSpellMind_FearVampire [0xFF001D85] added to 0/15922
[21:10:07:286] 	OCF_MgefSpellStealth_InvisibilityVampire [0xFF001D86] added to 0/15922
[21:10:07:286] 	OCF_MgefPowerAction_BuryCorpse [0xFF001D87] added to 0/15922
[21:10:07:286] 	OCF_MgefPowerAction_TameAnimal [0xFF001D88] added to 0/15922
[21:10:07:286] 	OCF_MgefSpellCurse_Deconstruct [0xFF001D89] added to 0/15922
[21:10:07:286] 	OCF_MgefSpellDamage_Light [0xFF001D8A] added to 0/15922
[21:10:07:286] 	OCF_MgefSpellDamage_Sonic [0xFF001D8B] added to 0/15922
[21:10:07:286] 	OCF_MgefPowerAction_Train [0xFF001D8C] added to 0/15922
[21:10:07:286] 	MagicSummonFrost [0x24829~Skyrim.esm] added to 0/15922
[21:10:07:286] 	OCF_MgefPowerAction_StatusSunhelm [0xFF001D8D] added to 1/15922
[21:10:07:286] 	OCF_MgefPowerAction_PeekKeyhole [0xFF001D8E] added to 1/15922
[21:10:07:286] 	OCF_MgefPowerAction_PitchTent [0xFF001D8F] added to 0/15922
[21:10:07:286] 	OCF_MgefSpellDamage_ArcaneFire [0xFF001D90] added to 1/15922
[21:10:07:286] 	OCF_MgefSpellDamage_ArcaneFireCloak [0xFF001D91] added to 0/15922
[21:10:07:286] 	OCF_MgefPowerAction_Broom [0xFF001D92] added to 0/15922
[21:10:07:286] 	OCF_MgefPowerAction_Goggles [0xFF001D93] added to 0/15922
[21:10:07:286] 	OCF_MgefPowerAction_GogglesSight [0xFF001D94] added to 0/15922
[21:10:07:286] 	OCF_MgefSpellEnhance_SightKhajiit [0xFF001D95] added to 0/15922
[21:10:07:286] 	OCF_MgefSpellEnhance_SightVampireBlood [0xFF001D96] added to 0/15922
[21:10:07:286] 	OCF_MgefSpellEnhance_SightWerebeast [0xFF001D97] added to 0/15922
[21:10:07:286] 	OCF_MgefPowerAction_Lantern [0xFF001D98] added to 0/15922
[21:10:07:286] 	Stress_Reduce25 [0xFF001DA2] added to 0/15922
[21:10:07:286] 	WK_MagicBanish [0x1C90212~OCF.esp] added to 1/15922
[21:10:07:286] 	WK_MagicBuffAlly [0x1C90216~OCF.esp] added to 2/15922
[21:10:07:286] 	WK_MagicBuffSummon [0x1C90217~OCF.esp] added to 6/15922
[21:10:07:286] 	WK_MagicDemi [0x1C9021B~OCF.esp] added to 3/15922
[21:10:07:286] 	WK_MagicDisease [0x1C9021C~OCF.esp] added to 3/15922
[21:10:07:286] 	WK_MagicDispel [0x1C9021D~OCF.esp] added to 1/15922
[21:10:07:286] 	WK_MagicGhost [0x1C9021F~OCF.esp] added to 4/15922
[21:10:07:286] 	WK_MagicGravity [0x1C90220~OCF.esp] added to 3/15922
[21:10:07:286] 	WK_MagicMimic [0x1C90224~OCF.esp] added to 2/15922
[21:10:07:286] 	WK_MagicNecromancy [0x1C90225~OCF.esp] added to 12/15922
[21:10:07:286] 	WK_MagicOsmoose [0x1C90226~OCF.esp] added to 6/15922
[21:10:07:286] 	WK_MagicSprint [0x1C9022B~OCF.esp] added to 3/15922
[21:10:07:286] 	WK_MagicTeleport [0x1C90234~OCF.esp] added to 1/15922
[21:10:07:286] 	WK_MagicBound [0x1C90214~OCF.esp] added to 8/15922
[21:10:07:286] 	WK_MagicTime [0x1C90235~OCF.esp] added to 0/15922
[21:10:07:286] 	WK_MagicBuffWeapon [0xFF001DA7] added to 1/15922
[21:10:07:286] 	OCF_MgefClassAsh [0xFF001C8D] added to 15/15922
[21:10:07:286] 	OCF_MgefSpellProtect_Damage [0xFF001CBA] added to 2/15922
[21:10:07:286] 	OCF_MgefSpellSummon_Daedra [0xFF001CCB] added to 21/15922
[21:10:07:286] 	OCF_MgefSpellDamage_BloodCloak [0xFF001CF2] added to 1/15922
[21:10:07:286] 	OCF_MgefSpellEnhance_Attack [0xFF001D09] added to 2/15922
[21:10:07:286] 	OCF_MgefSpellHeal_Living [0xFF001D37] added to 1/15922
[21:10:07:286] 	OCF_MgefSpellDamage_Shock [0xFF001D55] added to 15/15922
[21:10:07:286] 	OCF_MgefSpellDamage_Holy [0xFF001D61] added to 1/15922
[21:10:07:286] 	OCF_MgefSpellDamage_FireCloak [0xFF001D9B] added to 1/15922
[21:10:07:286] 	OCF_MgefSpellDamage_HolyCloak [0xFF001D9C] added to 0/15922
[21:10:07:286] 	OCF_MgefSpellDamage_ShockCloak [0xFF001D9D] added to 1/15922
[21:10:07:286] 	OCF_MgefSpellMind_Charm [0xFF001DA0] added to 1/15922
[21:10:07:286] 	WK_MagicSummonBlood [0x1C9022D~OCF.esp] added to 10/15922
[21:10:07:286] 	WK_MagicSummonDragon [0x1C9022F~OCF.esp] added to 12/15922
[21:10:07:286] 	WK_MagicSummonDremora [0x1C90237~OCF.esp] added to 34/15922
[21:10:07:286] 	WK_MagicSummonGoblin [0x1C90231~OCF.esp] added to 2/15922
[21:10:07:286] 	WK_MagicSummonMage [0x1C90232~OCF.esp] added to 38/15922
[21:10:07:286] 	WK_MagicConfuse [0x1C90218~OCF.esp] added to 23/15922
[21:10:07:286] 	WK_MagicCurse [0x1C90219~OCF.esp] added to 9/15922
[21:10:07:286] 	WK_MagicHoly [0x1C90221~OCF.esp] added to 21/15922
[21:10:07:286] 	WK_MagicLink [0x1C90223~OCF.esp] added to 6/15922
[21:10:07:286] 	WK_MagicLight [0x1C90222~OCF.esp] added to 39/15922
[21:10:07:286] 	WK_MagicPoison [0x1C90227~OCF.esp] added to 76/15922
[21:10:07:286] 	WK_MagicSilence [0x1C90229~OCF.esp] added to 25/15922
[21:10:07:286] 	WK_MagicSneak [0x1C9022A~OCF.esp] added to 13/15922
[21:10:07:286] 	WK_MagicUnlock [0x1C90236~OCF.esp] added to 7/15922
[21:10:07:286] 	WK_MagicDebuffArmor [0xFF001DA5] added to 1/15922
[21:10:07:286] 	OCF_MgefSpellStealth_Invisibility [0xFF001CC7] added to 4/15922
[21:10:07:286] 	OCF_MgefSpellSummon_Spirit [0xFF001CCD] added to 19/15922
[21:10:07:286] 	OCF_MgefPowerAction_Horse [0xFF001CFA] added to 0/15922
[21:10:07:286] 	OCF_MgefSpellDamage_PoisonCloak [0xFF001D54] added to 0/15922
[21:10:07:286] 	OCF_MgefClassSurvival [0xFF001D99] added to 9/15922
[21:10:07:286] 	OCF_MgefSpellEnhance_Casting [0xFF001D9E] added to 2/15922
[21:10:07:286] 	OCF_MgefSpellEnhance_SightVampire [0xFF001D9F] added to 0/15922
[21:10:07:286] 	WK_MagicSummonAnimal [0x1C9022C~OCF.esp] added to 37/15922
[21:10:07:286] 	WK_MagicSummonPoison [0x1C90233~OCF.esp] added to 17/15922
[21:10:07:286] 	WK_MagicBlood [0x1C90213~OCF.esp] added to 88/15922
[21:10:07:286] 	WK_MagicBuff [0x1C90215~OCF.esp] added to 87/15922
[21:10:07:286] 	WK_MagicDebuff [0x1C9021A~OCF.esp] added to 27/15922
[21:10:07:286] 	WK_MagicEarth [0x1C9021E~OCF.esp] added to 50/15922
[21:10:07:286] 	WK_MagicPurify [0x1C90228~OCF.esp] added to 59/15922
[21:10:07:286] 	WK_MagicWater [0xFF001DA3] added to 59/15922
[21:10:07:286] 	WK_MagicWind [0xFF001DA4] added to 36/15922
[21:10:07:286] 	WK_MagicDark [0xFF001DA6] added to 20/15922
[21:10:07:286] 	OCF_MgefSpellDamage_Poison [0xFF001CA3] added to 4/15922
[21:10:07:286] 	OCF_MgefSpellBound [0xFF001D9A] added to 28/15922
[21:10:07:286] 	OCF_MgefSpellShapechange [0xFF001DA1] added to 5/15922
[21:10:07:286] 	WK_MagicSummonDaedra [0x1C9022E~OCF.esp] added to 51/15922
[21:10:07:286] 	WK_MagicSummonDwarven [0x1C90230~OCF.esp] added to 11/15922
[21:10:07:286] 	OCF_MgefPowerAction [0xFF001D70] added to 17/15922
[21:10:07:286] Armor
[21:10:07:287] 	BYOHAdoptionClothesKeyword [0xD823~HearthFires.esm] added to 15/20104
[21:10:07:287] 	ClothingRing [0x10CD09~Skyrim.esm] added to 0/20104
[21:10:07:287] 	ClothingHands [0x10CD13~Skyrim.esm] added to 0/20104
[21:10:07:287] 	ArmorClothing [0x6BBE8~Skyrim.esm] added to 1/20104
[21:10:07:287] 	VendorItemClothing [0x8F95B~Skyrim.esm] added to 1/20104
[21:10:07:287] 	BYOHAdoptionToyKeyword [0xD824~HearthFires.esm] added to 0/20104
[21:10:07:287] 	ClothingFeet [0x10CD12~Skyrim.esm] added to 0/20104
[21:10:07:287] 	WAF_SpikedGauntletGloves [0x1AB0226~OCF.esp] added to 0/20104
[21:10:07:287] 	ClothingNecklace [0x10CD0A~Skyrim.esm] added to 1/20104
[21:10:07:287] 	OCF_ArtifactDaedric_NightingaleGauntlets [0xFF001DCE] added to 4/20104
[21:10:07:287] 	ClothingCirclet [0x10CD08~Skyrim.esm] added to 0/20104
[21:10:07:287] 	OCF_ArtifactLegendary_DawnguardRuneShield [0xFF001DD8] added to 1/20104
[21:10:07:287] 	OCF_ArtifactLegendary_BootsBlindingSpeed [0xFF001E0C] added to 2/20104
[21:10:07:287] 	OCF_EquipSlot30 [0xFF001DA8] added to 1431/20104
[21:10:07:287] 	OCF_EquipSlot31 [0xFF001DA9] added to 3172/20104
[21:10:07:287] 	OCF_EquipSlot32 [0xFF001DAA] added to 5895/20104
[21:10:07:287] 	OCF_EquipSlot33 [0xFF001DAB] added to 2524/20104
[21:10:07:287] 	OCF_EquipSlot34 [0xFF001DAC] added to 265/20104
[21:10:07:287] 	OCF_EquipSlot35 [0xFF001DAD] added to 1000/20104
[21:10:07:287] 	OCF_EquipSlot36 [0xFF001DAE] added to 693/20104
[21:10:07:287] 	OCF_EquipSlot37 [0xFF001DAF] added to 2221/20104
[21:10:07:287] 	OCF_EquipSlot38 [0xFF001DB0] added to 135/20104
[21:10:07:287] 	OCF_EquipSlot39 [0xFF001DB1] added to 1215/20104
[21:10:07:287] 	OCF_EquipSlot40 [0xFF001DB2] added to 281/20104
[21:10:07:287] 	OCF_EquipSlot41 [0xFF001DB3] added to 552/20104
[21:10:07:287] 	OCF_EquipSlot42 [0xFF001DB4] added to 2888/20104
[21:10:07:287] 	OCF_EquipSlot43 [0xFF001DB5] added to 973/20104
[21:10:07:287] 	OCF_EquipSlot44 [0xFF001DB6] added to 49/20104
[21:10:07:287] 	OCF_EquipSlot45 [0xFF001DB7] added to 182/20104
[21:10:07:287] 	OCF_EquipSlot46 [0xFF001DB8] added to 460/20104
[21:10:07:287] 	OCF_EquipSlot47 [0xFF001DB9] added to 215/20104
[21:10:07:287] 	OCF_EquipSlot48 [0xFF001DBA] added to 170/20104
[21:10:07:287] 	OCF_EquipSlot49 [0xFF001DBB] added to 70/20104
[21:10:07:287] 	OCF_EquipSlot50 [0xFF001DBC] added to 29/20104
[21:10:07:287] 	OCF_EquipSlot51 [0xFF001DBD] added to 175/20104
[21:10:07:287] 	OCF_EquipSlot52 [0xFF001DBE] added to 32/20104
[21:10:07:287] 	OCF_EquipSlot53 [0xFF001DBF] added to 56/20104
[21:10:07:287] 	OCF_EquipSlot54 [0xFF001DC0] added to 27/20104
[21:10:07:287] 	OCF_EquipSlot55 [0xFF001DC1] added to 158/20104
[21:10:07:287] 	OCF_EquipSlot56 [0xFF001DC2] added to 129/20104
[21:10:07:287] 	OCF_EquipSlot57 [0xFF001DC3] added to 137/20104
[21:10:07:287] 	OCF_EquipSlot58 [0xFF001DC4] added to 123/20104
[21:10:07:287] 	OCF_EquipSlot59 [0xFF001DC5] added to 55/20104
[21:10:07:287] 	OCF_EquipSlot60 [0xFF001DC6] added to 149/20104
[21:10:07:287] 	OCF_EquipSlot61 [0xFF001DC7] added to 27/20104
[21:10:07:287] 	OCF_EquipTypeShield [0xFF001DC8] added to 1203/20104
[21:10:07:287] 	OCF_ArtifactAedric_AurielShield [0xFF001DC9] added to 1/20104
[21:10:07:287] 	OCF_ArtifactDaedric_EbonyMail [0xFF001DCA] added to 2/20104
[21:10:07:287] 	OCF_ArtifactDaedric_MasqueClavicusVile [0xFF001DCB] added to 1/20104
[21:10:07:287] 	OCF_ArtifactDaedric_NightingaleHelmet [0xFF001DCC] added to 4/20104
[21:10:07:287] 	OCF_ArtifactDaedric_NightingaleCuirass [0xFF001DCD] added to 4/20104
[21:10:07:287] 	OCF_ArtifactDaedric_NightingaleBoots [0xFF001DCF] added to 4/20104
[21:10:07:287] 	OCF_ArtifactDaedric_RingHircine [0xFF001DD0] added to 2/20104
[21:10:07:287] 	OCF_ArtifactDaedric_RingNamira [0xFF001DD1] added to 1/20104
[21:10:07:287] 	OCF_ArtifactDaedric_SaviorHide [0xFF001DD2] added to 1/20104
[21:10:07:287] 	OCF_ArtifactDaedric_Spellbreaker [0xFF001DD3] added to 1/20104
[21:10:07:287] 	OCF_ArtifactDwarven_AetherialCrown [0xFF001DD5] added to 1/20104
[21:10:07:287] 	OCF_ArtifactDwarven_AetherialShield [0xFF001DD6] added to 1/20104
[21:10:07:287] 	OCF_ArtifactDwarven_VisageMzund [0xFF001DD7] added to 1/20104
[21:10:07:287] 	OCF_ArtifactLegendary_DragonPriestMask [0xFF001DD9] added to 32/20104
[21:10:07:287] 	OCF_ArtifactLegendary_GaulderAmulet [0xFF001DDA] added to 4/20104
[21:10:07:287] 	OCF_ArtifactLegendary_JaggedCrown [0xFF001DDB] added to 1/20104
[21:10:07:287] 	OCF_ArtifactLegendary_NecromancerAmulet [0xFF001DDC] added to 2/20104
[21:10:07:287] 	OCF_ArtifactLegendary_YsgramorShield [0xFF001DDD] added to 1/20104
[21:10:07:287] 	OCF_RelicFalmer [0xFF001DDF] added to 8/20104
[21:10:07:287] 	OCF_RelicImperial [0xFF001DE0] added to 2/20104
[21:10:07:287] 	OCF_RelicNordic [0xFF001DE1] added to 5/20104
[21:10:07:287] 	OCF_RingTypeWedding [0xFF001DEA] added to 1/20104
[21:10:07:287] 	OCF_varNotBracer [0xFF001DEB] added to 138/20104
[21:10:07:287] 	OCF_varNotShoes [0xFF001DF1] added to 1/20104
[21:10:07:287] 	OCF_varNotGreaves [0xFF001DF5] added to 1/20104
[21:10:07:287] 	OCF_ArtifactLegendary_RingMasser [0xFF001DF7] added to 1/20104
[21:10:07:287] 	OCF_ArtifactLegendary_DragonboneCuirass [0xFF001DF8] added to 2/20104
[21:10:07:287] 	OCF_Placeholder_BuildingPart [0xFF001DFC] added to 7/20104
[21:10:07:287] 	OCF_ArtifactAedric_RingPhynaster [0xFF001DFD] added to 2/20104
[21:10:07:287] 	OCF_ArtifactAedric_RingWarlock [0xFF001DFE] added to 2/20104
[21:10:07:287] 	OCF_ArtifactAedric_RingWind [0xFF001DFF] added to 2/20104
[21:10:07:287] 	OCF_ArtifactDaedric_RingKhajiit [0xFF001E00] added to 3/20104
[21:10:07:287] 	OCF_ArtifactLegendary_RingMentor [0xFF001E01] added to 2/20104
[21:10:07:287] 	OCF_ArtifactLegendary_RingVampiric [0xFF001E02] added to 2/20104
[21:10:07:287] 	OCF_varIsHat [0xFF001E03] added to 1/20104
[21:10:07:287] 	OCF_ArtifactLegendary_BloodwormHelm [0xFF001E04] added to 3/20104
[21:10:07:287] 	OCF_ArtifactLegendary_HelmOreynBearclaw [0xFF001E05] added to 2/20104
[21:10:07:287] 	OCF_ArtifactAedric_CrusaderHelm [0xFF001E06] added to 4/20104
[21:10:07:287] 	OCF_ArtifactAedric_CrusaderCuirass [0xFF001E07] added to 4/20104
[21:10:07:287] 	OCF_ArtifactAedric_CrusaderGauntlets [0xFF001E08] added to 4/20104
[21:10:07:287] 	OCF_ArtifactAedric_CrusaderBoots [0xFF001E09] added to 4/20104
[21:10:07:287] 	OCF_ArtifactAedric_CrusaderShield [0xFF001E0A] added to 4/20104
[21:10:07:287] 	OCF_ArtifactAedric_LordMail [0xFF001E0B] added to 3/20104
[21:10:07:287] 	OCF_ArtifactDwarven_Wraithguard [0xFF001E0D] added to 2/20104
[21:10:07:287] 	OCF_RelicAyleid [0xFF001E0E] added to 3/20104
[21:10:07:287] 	OCF_ArtifactLegendary_FistsRandagulf [0xFF001E0F] added to 2/20104
[21:10:07:287] 	OCF_ArtifactDaedric_GrayCowlNocturnal [0xFF001E10] added to 1/20104
[21:10:07:287] 	OCF_Placeholder_Filter [0xFF001E1F] added to 54/20104
[21:10:07:287] 	OCF_varNotArmorMain [0xFF001E20] added to 4/20104
[21:10:07:287] 	OCF_varNotArmorBody [0xFF001E22] added to 1/20104
[21:10:07:287] 	OCF_MiscEmptyVessel_Flask [0xFF001E27] added to 0/20104
[21:10:07:287] 	OCF_VesselFlask [0xFF001E28] added to 0/20104
[21:10:07:287] 	OCF_ToolWalkingStick [0xFF001E2C] added to 1/20104
[21:10:07:287] 	OCF_Placeholder_Separate [0xFF001E2D] added to 30/20104
[21:10:07:287] 	OCF_BodyTypeUnderwearF_Full2P [0xFF001E31] added to 0/20104
[21:10:07:287] 	OCF_ToolExtractor [0xFF001E32] added to 0/20104
[21:10:07:287] 	OCF_ReplicaAedric_AurielShield [0xFF001E34] added to 2/20104
[21:10:07:287] 	OCF_ReplicaDaedric_EbonyMail [0xFF001E35] added to 3/20104
[21:10:07:287] 	OCF_ReplicaDaedric_MasqueClavicusVile [0xFF001E36] added to 2/20104
[21:10:07:287] 	OCF_ReplicaDaedric_RingNamira [0xFF001E37] added to 2/20104
[21:10:07:287] 	OCF_ReplicaDaedric_SaviorHide [0xFF001E38] added to 2/20104
[21:10:07:287] 	OCF_ReplicaDaedric_Spellbreaker [0xFF001E39] added to 2/20104
[21:10:07:287] 	OCF_ReplicaDaedric_NightingaleHelmet [0xFF001E3A] added to 2/20104
[21:10:07:287] 	OCF_ReplicaDaedric_NightingaleCuirass [0xFF001E3B] added to 2/20104
[21:10:07:287] 	OCF_ReplicaDaedric_NightingaleGauntlets [0xFF001E3C] added to 2/20104
[21:10:07:287] 	OCF_ReplicaDaedric_NightingaleBoots [0xFF001E3D] added to 2/20104
[21:10:07:287] 	OCF_ReplicaLegendary_YsgramorShield [0xFF001E3E] added to 2/20104
[21:10:07:287] 	OCF_ArmorMainSkimpy [0xFF001E42] added to 1/20104
[21:10:07:287] 	OCF_BodyTypeTorso [0xFF001E44] added to 0/20104
[21:10:07:287] 	OCF_BodyTypeUnderwearF_Full1P [0xFF001E47] added to 0/20104
[21:10:07:287] 	OCF_varNotArmorAlt [0xFF001E4A] added to 1/20104
[21:10:07:287] 	OCF_HeadTypeHornsAntlers [0xFF001E53] added to 6/20104
[21:10:07:287] 	OCF_ReplicaLegendary_DragonPriestMask [0xFF001E55] added to 18/20104
[21:10:07:287] 	OCF_ToolLantern_Magic [0xFF001E5A] added to 2/20104
[21:10:07:287] 	OCF_ArtifactAedric_Worship [0xFF001E5C] added to 3/20104
[21:10:07:287] 	OCF_ArtifactDaedric_Worship [0xFF001E5D] added to 2/20104
[21:10:07:287] 	OCF_ToolCompass [0xFF001E62] added to 0/20104
[21:10:07:287] 	OCF_varArmoNotAccessory [0xFF001E63] added to 0/20104
[21:10:07:287] 	OCF_HandTypeGloves [0xFF001E6A] added to 0/20104
[21:10:07:287] 	OCF_ArtifactAedric_AmuletKings [0xFF001E75] added to 2/20104
[21:10:07:287] 	OCF_ArtifactAedric_MorihausCuirass [0xFF001E76] added to 3/20104
[21:10:07:287] 	OCF_ArtifactDaedric_SanctuaryAmulet [0xFF001E77] added to 1/20104
[21:10:07:287] 	OCF_ArtifactLegendary_AdamantiumHelmTohan [0xFF001E78] added to 1/20104
[21:10:07:287] 	OCF_ArtifactLegendary_BootsApostle [0xFF001E79] added to 1/20104
[21:10:07:287] 	OCF_ArtifactLegendary_EleidonWard [0xFF001E7A] added to 1/20104
[21:10:07:287] 	OCF_ArtifactLegendary_HelmTiberSeptim [0xFF001E7B] added to 4/20104
[21:10:07:287] 	OCF_ArtifactLegendary_RingVipereye [0xFF001E7C] added to 1/20104
[21:10:07:287] 	OCF_ArtifactLegendary_RingZurinArctus [0xFF001E7D] added to 1/20104
[21:10:07:287] 	OCF_RelicDaedric [0xFF001E7F] added to 5/20104
[21:10:07:287] 	OCF_RelicDunmer [0xFF001E80] added to 5/20104
[21:10:07:287] 	OCF_ReplicaAedric_AmuletKings [0xFF001E81] added to 1/20104
[21:10:07:287] 	OCF_ReplicaAedric_CrusaderHelm [0xFF001E82] added to 1/20104
[21:10:07:287] 	OCF_ReplicaAedric_CrusaderCuirass [0xFF001E83] added to 1/20104
[21:10:07:287] 	OCF_ReplicaAedric_CrusaderGauntlets [0xFF001E84] added to 1/20104
[21:10:07:287] 	OCF_ReplicaAedric_CrusaderBoots [0xFF001E85] added to 1/20104
[21:10:07:287] 	OCF_ReplicaAedric_CrusaderShield [0xFF001E86] added to 1/20104
[21:10:07:287] 	OCF_ReplicaAedric_LordMail [0xFF001E87] added to 1/20104
[21:10:07:287] 	OCF_ReplicaAedric_MorihausCuirass [0xFF001E88] added to 3/20104
[21:10:07:287] 	OCF_ReplicaAedric_RingPhynaster [0xFF001E89] added to 1/20104
[21:10:07:287] 	OCF_ReplicaAedric_RingWarlock [0xFF001E8A] added to 1/20104
[21:10:07:287] 	OCF_ReplicaAedric_RingWind [0xFF001E8B] added to 1/20104
[21:10:07:287] 	OCF_ReplicaAyleid [0xFF001E8C] added to 1/20104
[21:10:07:287] 	OCF_ReplicaDaedric_RingHircine [0xFF001E8D] added to 1/20104
[21:10:07:287] 	OCF_ReplicaDaedric_RingKhajiit [0xFF001E8E] added to 1/20104
[21:10:07:287] 	OCF_ReplicaDaedric_SanctuaryAmulet [0xFF001E8F] added to 1/20104
[21:10:07:287] 	OCF_ReplicaDunmer [0xFF001E91] added to 1/20104
[21:10:07:287] 	OCF_ReplicaDwarven_AetherialCrown [0xFF001E92] added to 1/20104
[21:10:07:287] 	OCF_ReplicaDwarven_AetherialShield [0xFF001E93] added to 1/20104
[21:10:07:287] 	OCF_ReplicaDwarven_VisageMzund [0xFF001E94] added to 1/20104
[21:10:07:287] 	OCF_ReplicaDwarven_Wraithguard [0xFF001E95] added to 2/20104
[21:10:07:287] 	OCF_ReplicaImperial [0xFF001E96] added to 1/20104
[21:10:07:287] 	OCF_ReplicaLegendary_AdamantiumHelmTohan [0xFF001E97] added to 1/20104
[21:10:07:287] 	OCF_ReplicaLegendary_BloodwormHelm [0xFF001E98] added to 1/20104
[21:10:07:287] 	OCF_ReplicaLegendary_BootsApostle [0xFF001E99] added to 1/20104
[21:10:07:287] 	OCF_ReplicaLegendary_BootsBlindingSpeed [0xFF001E9A] added to 1/20104
[21:10:07:287] 	OCF_ReplicaLegendary_DragonboneCuirass [0xFF001E9B] added to 1/20104
[21:10:07:287] 	OCF_ReplicaLegendary_EleidonWard [0xFF001E9C] added to 1/20104
[21:10:07:287] 	OCF_ReplicaLegendary_FistsRandagulf [0xFF001E9D] added to 1/20104
[21:10:07:287] 	OCF_ReplicaLegendary_GaulderAmulet [0xFF001E9E] added to 1/20104
[21:10:07:287] 	OCF_ReplicaLegendary_HelmOreynBearclaw [0xFF001E9F] added to 1/20104
[21:10:07:287] 	OCF_ReplicaLegendary_HelmTiberSeptim [0xFF001EA0] added to 3/20104
[21:10:07:287] 	OCF_ReplicaLegendary_JaggedCrown [0xFF001EA1] added to 1/20104
[21:10:07:287] 	OCF_ReplicaLegendary_NecromancerAmulet [0xFF001EA2] added to 1/20104
[21:10:07:287] 	OCF_ReplicaLegendary_RingMentor [0xFF001EA3] added to 1/20104
[21:10:07:287] 	OCF_ReplicaLegendary_RingVampiric [0xFF001EA4] added to 1/20104
[21:10:07:287] 	OCF_ReplicaLegendary_RingVipereye [0xFF001EA5] added to 1/20104
[21:10:07:287] 	OCF_ReplicaLegendary_RingZurinArctus [0xFF001EA6] added to 1/20104
[21:10:07:287] 	OCF_ReplicaNordic [0xFF001EA8] added to 6/20104
[21:10:07:287] 	OCF_ToolSpyglass [0xFF001EAA] added to 2/20104
[21:10:07:287] 	OCF_ArtifactDaedric_RingMoonStar [0xFF001EAC] added to 1/20104
[21:10:07:287] 	OCF_varNotCirclet [0xFF001EAD] added to 1/20104
[21:10:07:287] 	OCF_varNotArmorHands [0xFF001EAE] added to 0/20104
[21:10:07:287] 	OCF_varNotArmorHead [0xFF001EAF] added to 25/20104
[21:10:07:287] 	OCF_varNotArmorFeet [0xFF001EB0] added to 0/20104
[21:10:07:287] 	ArmorHelmet [0x6C0EE~Skyrim.esm] added to 1/20104
[21:10:07:287] 	OCF_WeapThrowable [0x86C~OCF.esp] added to 0/20104
[21:10:07:287] 	OCF_RelicAedric [0xFF001EB4] added to 6/20104
[21:10:07:287] 	ArmorMaterialHide [0x6BBDD~Skyrim.esm] added to 1/20104
[21:10:07:287] 	FrostfallEnableKeywordProtection [0x1C00E28~Wyrmstooth - Craftable Sets.esp] added to 1/20104
[21:10:07:287] 	FrostfallIsCloakCloth [0x1C80E1B~OCF.esp] added to 1/20104
[21:10:07:287] 	FrostfallIsWeatherproofAccessory [0x1C80E1F~OCF.esp] added to 1/20104
[21:10:07:287] 	OCF_ToolLantern_BugEmpty [0xFF001EB7] added to 0/20104
[21:10:07:287] 	OCF_BodyTypeHarness [0xFF001ED1] added to 0/20104
[21:10:07:287] 	ArmorTorc [0x1DA33A9~OCF.esp] added to 0/20104
[21:10:07:287] 	ClothingBra [0x1AB0500~OCF.esp] added to 0/20104
[21:10:07:288] 	ClothingBracelet [0x1E814F1~OCF.esp] added to 0/20104
[21:10:07:288] 	ClothingChoker [0x1095103~OCF.esp] added to 0/20104
[21:10:07:288] 	ClothingCrown [0x1102B46~OCF.esp] added to 0/20104
[21:10:07:288] 	ClothingEarCuffs [0x10A44C8~OCF.esp] added to 0/20104
[21:10:07:288] 	ClothingEarrings [0x1DA3FD2~OCF.esp] added to 0/20104
[21:10:07:288] 	ClothingHighNecklace [0x10B381E~OCF.esp] added to 0/20104
[21:10:07:288] 	ClothingPanties [0x1AB0501~OCF.esp] added to 0/20104
[21:10:07:288] 	JewelryTorc [0x1DA3399~OCF.esp] added to 0/20104
[21:10:07:288] 	WAF_ClothingPouch [0x1AB0129~OCF.esp] added to 0/20104
[21:10:07:288] 	OCF_MatContainsAmethyst [0xFF001F11] added to 2/20104
[21:10:07:288] 	OCF_MatContainsDiamond [0xFF001F12] added to 2/20104
[21:10:07:288] 	OCF_MatContainsEmerald [0xFF001F13] added to 2/20104
[21:10:07:288] 	OCF_MatContainsGarnet [0xFF001F14] added to 2/20104
[21:10:07:288] 	OCF_MatContainsRuby [0xFF001F15] added to 2/20104
[21:10:07:288] 	OCF_MatContainsSapphire [0xFF001F16] added to 3/20104
[21:10:07:288] 	OCF_MatContainsSilver [0xFF001F17] added to 56/20104
[21:10:07:288] 	OCF_MaterialDisplayChitin [0xFF001F18] added to 9/20104
[21:10:07:288] 	OCF_MaterialDisplayDarkBrotherhood [0xFF001F19] added to 0/20104
[21:10:07:288] 	OCF_MaterialDisplayVampire [0xFF001F1A] added to 0/20104
[21:10:07:288] 	MAG_WeapTypeBound [0x1A92117~OCF.esp] added to 0/20104
[21:10:07:288] 	OCF_MaterialDisplayLeather [0xFF001F1C] added to 9/20104
[21:10:07:288] 	OCF_MaterialDisplayAdamantium [0xFF001F1D] added to 1/20104
[21:10:07:288] 	OCF_MaterialDisplaySilver [0xFF001F1E] added to 5/20104
[21:10:07:288] 	BoobiesArmorShoulderPadLight [0xFF001F20] added to 4/20104
[21:10:07:288] 	BoobiesArmorShoulderPadHeavy [0xFF001F21] added to 6/20104
[21:10:07:288] 	BoobiesArmorCloak [0xFF001F22] added to 5/20104
[21:10:07:288] 	BoobiesArmorPouchPotion [0xFF001F23] added to 14/20104
[21:10:07:288] 	BoobiesArmorAccessories [0xFF001F24] added to 17/20104
[21:10:07:288] 	BoobiesArmorScarf [0xFF001F25] added to 22/20104
[21:10:07:288] 	BoobiesArmorBeltLight [0xFF001F26] added to 1/20104
[21:10:07:288] 	BoobiesArmorCuisseLight [0xFF001F27] added to 1/20104
[21:10:07:288] 	BoobiesArmorGreavesLight [0xFF001F28] added to 1/20104
[21:10:07:288] 	BoobiesArmorHornsLight [0xFF001F29] added to 1/20104
[21:10:07:288] 	BoobiesArmorPantiesLight [0xFF001F2A] added to 1/20104
[21:10:07:288] 	BoobiesArmorSkirtLight [0xFF001F2B] added to 4/20104
[21:10:07:288] 	BoobiesArmorTrousersLight [0xFF001F2C] added to 1/20104
[21:10:07:288] 	BoobiesArmorBandolier [0xFF001F2D] added to 20/20104
[21:10:07:288] 	BoobiesArmorAccessoriesBook [0xFF001F2E] added to 25/20104
[21:10:07:288] 	BoobiesArmorPouchStamina [0xFF001F2F] added to 0/20104
[21:10:07:288] 	BoobiesArmorArmlets [0xFF001F30] added to 0/20104
[21:10:07:288] 	BoobiesArmorBelt [0xFF001F31] added to 0/20104
[21:10:07:288] 	BoobiesArmorBra [0xFF001F32] added to 0/20104
[21:10:07:288] 	BoobiesArmorChoker [0xFF001F33] added to 0/20104
[21:10:07:288] 	BoobiesArmorCuisse [0xFF001F34] added to 0/20104
[21:10:07:288] 	BoobiesArmorDragonMask [0xFF001F35] added to 0/20104
[21:10:07:288] 	BoobiesArmorEarrings [0xFF001F36] added to 0/20104
[21:10:07:288] 	BoobiesArmorEars [0xFF001F37] added to 0/20104
[21:10:07:288] 	BoobiesArmorEyemask [0xFF001F38] added to 2/20104
[21:10:07:288] 	BoobiesArmorFacemask [0xFF001F39] added to 16/20104
[21:10:07:288] 	BoobiesArmorFullmaskHeavy [0xFF001F3A] added to 0/20104
[21:10:07:288] 	BoobiesArmorGreaves [0xFF001F3B] added to 0/20104
[21:10:07:288] 	BoobiesArmorHat [0xFF001F3C] added to 5/20104
[21:10:07:288] 	BoobiesArmorHorns [0xFF001F3D] added to 0/20104
[21:10:07:288] 	BoobiesArmorLantern [0xFF001F3E] added to 3/20104
[21:10:07:288] 	BoobiesArmorPauldron [0xFF001F40] added to 0/20104
[21:10:07:288] 	BoobiesArmorPiercing [0xFF001F41] added to 0/20104
[21:10:07:288] 	BoobiesArmorShoulderPad [0xFF001F43] added to 0/20104
[21:10:07:288] 	BoobiesArmorSkirt [0xFF001F44] added to 0/20104
[21:10:07:288] 	BoobiesArmorStockings [0xFF001F45] added to 0/20104
[21:10:07:288] 	BoobiesArmorTail [0xFF001F46] added to 0/20104
[21:10:07:288] 	BoobiesArmorTasset [0xFF001F47] added to 4/20104
[21:10:07:288] 	BoobiesArmorTattoo [0xFF001F48] added to 0/20104
[21:10:07:288] 	BoobiesArmorTrousers [0xFF001F49] added to 0/20104
[21:10:07:288] 	BoobiesArmorUnderwear [0xFF001F4A] added to 0/20104
[21:10:07:288] 	ArmorTypeLeftHandRing [0xFF001F4B] added to 153/20104
[21:10:07:288] 	BoobiesArmorCuisseHeavy [0xFF001F4C] added to 6/20104
[21:10:07:288] 	BoobiesArmorTassetHeavy [0xFF001F4D] added to 6/20104
[21:10:07:288] 	BoobiesArmorFacemaskLight [0xFF001F4E] added to 7/20104
[21:10:07:288] 	BoobiesArmorAccessoriesLight [0xFF001F4F] added to 6/20104
[21:10:07:288] 	BoobiesArmorTassetLight [0xFF001F50] added to 4/20104
[21:10:07:288] 	BoobiesArmorHeadGear [0xFF001F51] added to 5/20104
[21:10:07:288] 	BoobiesArmorHatLight [0xFF001F52] added to 2/20104
[21:10:07:288] 	BoobiesArmorFullmask [0xFF001F53] added to 4/20104
[21:10:07:288] 	BoobiesArmorFullmaskLight [0xFF001F54] added to 14/20104
[21:10:07:288] 	BoobiesArmorRose [0xFF001F55] added to 2/20104
[21:10:07:288] 	BoobiesArmorArmletsHeavy [0xFF001F56] added to 5/20104
[21:10:07:288] 	BoobiesArmorTrousersHeavy [0xFF001F57] added to 5/20104
[21:10:07:288] 	MagicDisallowEnchanting [0xC27BD~Skyrim.esm] added to 1077/20104
[21:10:07:288] 	HT_ArmorHood [0x817~Helmet Toggle 2.esp] added to 1022/20104
[21:10:07:288] 	HT_ArmorMask [0x82D~Helmet Toggle 2.esp] added to 54/20104
[21:10:07:288] 	HT_ArmorVisor [0x876~Helmet Toggle 2.esp] added to 1/20104
[21:10:07:288] 	HT_ArmorFaceMask [0x87E~Helmet Toggle 2.esp] added to 23/20104
[21:10:07:288] 	SH_SaddlesKWD [0xDDB~SimplestHorses.esp] added to 3/20104
[21:10:07:288] 	Mask [0xD83~Sonders_Keyword_Distribution.esp] added to 422/20104
[21:10:07:288] 	BallGown [0xD84~Sonders_Keyword_Distribution.esp] added to 0/20104
[21:10:07:288] 	SkirtArmored [0xD8B~Sonders_Keyword_Distribution.esp] added to 2/20104
[21:10:07:288] 	SkirtAccessory [0xD8C~Sonders_Keyword_Distribution.esp] added to 2/20104
[21:10:07:288] 	SkirtPharaoh [0xD8D~Sonders_Keyword_Distribution.esp] added to 6/20104
[21:10:07:288] 	SkirtTight [0xD85~Sonders_Keyword_Distribution.esp] added to 0/20104
[21:10:07:288] 	SkirtShortSMP [0xD86~Sonders_Keyword_Distribution.esp] added to 0/20104
[21:10:07:288] 	SkirtLongSMP [0xD87~Sonders_Keyword_Distribution.esp] added to 0/20104
[21:10:07:288] 	DressTight [0xD88~Sonders_Keyword_Distribution.esp] added to 0/20104
[21:10:07:288] 	DressShortSMP [0xD89~Sonders_Keyword_Distribution.esp] added to 0/20104
[21:10:07:288] 	DressLongSMP [0xD8A~Sonders_Keyword_Distribution.esp] added to 0/20104
[21:10:07:288] 	Survival_ArmorWarm [0x2ED9~Update.esm] added to 1/20104
[21:10:07:288] 	SPIKEArmorSonsBear [0x1DA0121~OCF.esp] added to 0/20104
[21:10:07:288] 	OCF_HandTypeProsthetic [0xFF001E5E] added to 0/20104
[21:10:07:288] 	OCF_HandTypeBracelet [0xFF001E21] added to 9/20104
[21:10:07:288] 	OCF_BodyTypeAbs [0xFF001ECF] added to 0/20104
[21:10:07:288] 	OCF_BodyTypeDress [0xFF001E5B] added to 190/20104
[21:10:07:288] 	OCF_BodyTypeStrapOn [0xFF001E5F] added to 0/20104
[21:10:07:288] 	OCF_BodyTypeSkirt [0xFF001E43] added to 15/20104
[21:10:07:288] 	OCF_BodyTypeCorset [0xFF001E50] added to 3/20104
[21:10:07:288] 	OCF_BodyTypeCuisses [0xFF001ED0] added to 10/20104
[21:10:07:288] 	OCF_BodyTypeHighNecklace [0xFF001ED2] added to 0/20104
[21:10:07:288] 	OCF_BodyTypeTorc [0xFF001ED5] added to 0/20104
[21:10:07:288] 	OCF_BodyTypeSpine [0xFF001ED4] added to 0/20104
[21:10:07:288] 	OCF_BodyTypeRobes_Mage [0xFF001E69] added to 76/20104
[21:10:07:288] 	OCF_BodyTypeRobes_Generic [0xFF001ED3] added to 809/20104
[21:10:07:288] 	OCF_BodyTypeRobes [0xFF001E54] added to 885/20104
[21:10:07:288] 	OCF_varNotMantle [0xFF001EC0] added to 0/20104
[21:10:07:288] 	CWMission03StormcloakGarb [0x107603~Skyrim.esm] added to 6/20104
[21:10:07:288] 	OCF_varNotCloak [0xFF001EBC] added to 10/20104
[21:10:07:288] 	OCF_BodyTypeCloak [0xFF001DF9] added to 410/20104
[21:10:07:288] 	OCF_BodyTypeMantle [0xFF001E68] added to 6/20104
[21:10:07:288] 	OCF_BodyTypeTail_Armor [0xFF001ED6] added to 0/20104
[21:10:07:288] 	OCF_BodyTypeTail_Real [0xFF001E61] added to 12/20104
[21:10:07:288] 	OCF_BodyTypeTail [0xFF001ED7] added to 12/20104
[21:10:07:288] 	OCF_BodyTypeWings_Jewelry [0xFF001E6F] added to 0/20104
[21:10:07:288] 	OCF_BodyTypeWings_Real [0xFF001E1E] added to 1/20104
[21:10:07:288] 	OCF_BodyTypeWings [0xFF001EDB] added to 1/20104
[21:10:07:288] 	OCF_BodyTypeUnderwearF_Top [0xFF001E2F] added to 0/20104
[21:10:07:288] 	OCF_BodyTypeUnderwearF_Bottom [0xFF001E30] added to 10/20104
[21:10:07:288] 	OCF_BodyTypeUnderwearF_Full [0xFF001ED8] added to 0/20104
[21:10:07:288] 	OCF_BodyTypeUnderwearF [0xFF001ED9] added to 10/20104
[21:10:07:288] 	OCF_BodyTypeUnderwearM [0xFF001EAB] added to 0/20104
[21:10:07:288] 	OCF_BodyTypeUnderwear [0xFF001EDA] added to 10/20104
[21:10:07:288] 	OCF_BodyTypePants [0xFF001EBA] added to 5/20104
[21:10:07:288] 	OCF_HeadTypeHorns_Antlers [0xFF001ECB] added to 6/20104
[21:10:07:288] 	OCF_HeadTypeHorns_Generic [0xFF001ECC] added to 2/20104
[21:10:07:288] 	OCF_HeadTypeHorns [0xFF001E24] added to 8/20104
[21:10:07:288] 	OCF_varNotWig [0xFF001EC1] added to 4/20104
[21:10:07:288] 	OCF_HeadTypeWig [0xFF001E41] added to 25/20104
[21:10:07:288] 	OCF_varNotCrown [0xFF001E6D] added to 0/20104
[21:10:07:288] 	OCF_HeadTypeCrown [0xFF001EC5] added to 61/20104
[21:10:07:288] 	OCF_varNotHat [0xFF001EBE] added to 15/20104
[21:10:07:288] 	OCF_HeadTypeHat_Conical [0xFF001E4B] added to 0/20104
[21:10:07:288] 	OCF_HeadTypeHat_Wizard [0xFF001EB8] added to 0/20104
[21:10:07:288] 	OCF_HeadTypeHat_Generic [0xFF001DE5] added to 244/20104
[21:10:07:288] 	OCF_HeadTypeHat [0xFF001EC8] added to 244/20104
[21:10:07:288] 	OCF_HeadTypeGoggles [0xFF001EA9] added to 12/20104
[21:10:07:288] 	OCF_HeadTypeGlasses [0xFF001EC7] added to 1/20104
[21:10:07:288] 	HT_IgnoreHeadgear [0x82B~Helmet Toggle 2.esp] added to 41/20104
[21:10:07:288] 	OCF_HeadTypeHeadgear [0xFF001EC9] added to 8/20104
[21:10:07:288] 	OCF_HeadTypeHalo [0xFF001EB5] added to 0/20104
[21:10:07:288] 	OCF_HeadTypeEarCuffs [0xFF001EC6] added to 0/20104
[21:10:07:288] 	OCF_HeadTypeEarrings [0xFF001E66] added to 27/20104
[21:10:07:288] 	OCF_varNotEars [0xFF001EBD] added to 210/20104
[21:10:07:288] 	OCF_HeadTypeEars [0xFF001E60] added to 2/20104
[21:10:07:288] 	OCF_HeadTypeEyePatch [0xFF001E67] added to 7/20104
[21:10:07:288] 	OCF_HeadTypeHoodLowered [0xFF001ECA] added to 7/20104
[21:10:07:288] 	OCF_varNotMask [0xFF001E6E] added to 22/20104
[21:10:07:288] 	OCF_HeadTypeHoodMasked [0xFF001DE7] added to 25/20104
[21:10:07:288] 	OCF_HeadTypeMask_Eyes [0xFF001E1C] added to 2/20104
[21:10:07:288] 	OCF_HeadTypeMask_MouthOther [0xFF001E16] added to 0/20104
[21:10:07:288] 	OCF_HeadTypeMask_MouthCloth [0xFF001E2A] added to 23/20104
[21:10:07:288] 	OCF_HeadTypeMask_Mouth [0xFF001ECD] added to 23/20104
[21:10:07:288] 	OCF_HeadTypeMask_Full [0xFF001DE9] added to 358/20104
[21:10:07:288] 	OCF_HeadTypeMask [0xFF001ECE] added to 408/20104
[21:10:07:288] 	OCF_HeadTypeBandana [0xFF001E65] added to 3/20104
[21:10:07:288] 	OCF_varNotHood [0xFF001EBF] added to 5/20104
[21:10:07:288] 	OCF_HeadTypeHood [0xFF001DE6] added to 623/20104
[21:10:07:288] 	OCF_HeadTypeBandage [0xFF001DE3] added to 5/20104
[21:10:07:288] 	OCF_HeadTypeBlindfold [0xFF001DE4] added to 9/20104
[21:10:07:288] 	OCF_HeadTypeGag [0xFF001DE8] added to 1/20104
[21:10:07:288] 	OCF_HeadTypeBarrette [0xFF001E14] added to 0/20104
[21:10:07:288] 	OCF_HeadTypeCirclet [0xFF001E74] added to 339/20104
[21:10:07:288] 	OCF_BodyTypeScarf [0xFF001E17] added to 65/20104
[21:10:07:288] 	OCF_BodyTypeTasset [0xFF001E18] added to 17/20104
[21:10:07:288] 	OCF_BodyTypeLapels [0xFF001E1D] added to 0/20104
[21:10:07:288] 	OCF_BodyTypeGorget [0xFF001E15] added to 45/20104
[21:10:07:288] 	OCF_BodyTypeAmulet [0xFF001EDC] added to 893/20104
[21:10:07:288] 	OCF_HandTypeArmlet [0xFF001EB9] added to 24/20104
[21:10:07:288] 	OCF_HandTypeNails [0xFF001EDE] added to 3/20104
[21:10:07:288] 	OCF_HandTypeClaws [0xFF001EDD] added to 10/20104
[21:10:07:288] 	OCF_HandTypeCestus [0xFF001E2B] added to 0/20104
[21:10:07:288] 	OCF_HandTypeSleeves [0xFF001E49] added to 0/20104
[21:10:07:288] 	OCF_HandTypeCuffs [0xFF001DEE] added to 4/20104
[21:10:07:288] 	OCF_HandTypeBandage [0xFF001DEC] added to 3/20104
[21:10:07:288] 	WAF_FingerlessGauntletsBracers [0x1AB0122~OCF.esp] added to 21/20104
[21:10:07:288] 	OCF_HandTypeBracer [0xFF001DED] added to 501/20104
[21:10:07:288] 	OCF_HandTypeRing_Slot36 [0xFF001EDF] added to 626/20104
[21:10:07:288] 	OCF_HandTypeRing_SlotOther [0xFF001EE0] added to 10/20104
[21:10:07:288] 	OCF_HandTypeRing [0xFF001EE1] added to 636/20104
[21:10:07:288] 	OCF_FeetTypeGreaves [0xFF001EE2] added to 75/20104
[21:10:07:288] 	HighHeel [0xD7B~Sonders_Keyword_Distribution.esp] added to 136/20104
[21:10:07:288] 	OCF_FeetTypeHeels_Boots [0xFF001E51] added to 0/20104
[21:10:07:288] 	OCF_FeetTypeHeels_Generic [0xFF001E45] added to 12/20104
[21:10:07:288] 	OCF_FeetTypeHeels [0xFF001EE3] added to 12/20104
[21:10:07:288] 	OCF_FeetTypeHooves [0xFF001EE4] added to 0/20104
[21:10:07:288] 	OCF_FeetTypeNails [0xFF001EE5] added to 29/20104
[21:10:07:288] 	OCF_FeetTypePaws [0xFF001EE6] added to 0/20104
[21:10:07:288] 	OCF_FeetTypeFootwraps [0xFF001E59] added to 5/20104
[21:10:07:288] 	OCF_BookTextMap [0xFF001E64] added to 0/20104
[21:10:07:288] 	OCF_MiscHorseGear [0xFF001DF2] added to 10/20104
[21:10:07:288] 	OCF_ShieldTypeKite [0xFF001E6C] added to 1/20104
[21:10:07:288] 	OCF_ShieldTypeBuckler [0xFF001E6B] added to 5/20104
[21:10:07:288] 	OCF_ShieldTypeTower [0xFF001DFA] added to 21/20104
[21:10:07:288] 	OCF_ArmorShield [0xFF001E73] added to 1198/20104
[21:10:07:288] 	OCF_FeetTypeSabatons [0xFF001E19] added to 0/20104
[21:10:07:288] 	OCF_FeetTypeSandals [0xFF001DEF] added to 16/20104
[21:10:07:288] 	OCF_FeetTypeStockings [0xFF001E48] added to 0/20104
[21:10:07:288] 	OCF_FeetTypeShoes [0xFF001DF0] added to 103/20104
[21:10:07:288] 	OCF_AccessoryTattoo [0xFF001EB2] added to 0/20104
[21:10:07:288] 	OCF_ArmorBodyPart [0xFF001DF3] added to 91/20104
[21:10:07:288] 	OCF_ArmorDontUndress [0xFF001DF4] added to 96/20104
[21:10:07:288] 	OCF_AccessoryEffect [0xFF001EE9] added to 0/20104
[21:10:07:288] 	OCF_AccessoryDagger [0xFF001EE8] added to 9/20104
[21:10:07:288] 	OCF_varNotAccessoryFlower [0xFF001EBB] added to 0/20104
[21:10:07:288] 	OCF_AccessoryFlower [0xFF001EEA] added to 3/20104
[21:10:07:289] 	OCF_AccessoryBanner [0xFF001E23] added to 1/20104
[21:10:07:289] 	OCF_AccessoryInstrument [0xFF001E29] added to 0/20104
[21:10:07:289] 	OCF_AccessoryBag_Backpack [0xFF001DF6] added to 169/20104
[21:10:07:289] 	OCF_AccessoryBag_Belt [0xFF001E1A] added to 145/20104
[21:10:07:289] 	OCF_AccessoryBag_Bandolier [0xFF001E25] added to 25/20104
[21:10:07:289] 	OCF_AccessoryBag [0xFF001EE7] added to 317/20104
[21:10:07:289] 	OCF_AccessoryBeltBook [0xFF001E26] added to 4/20104
[21:10:07:289] 	OCF_AccessoryBelt [0xFF001E4D] added to 26/20104
[21:10:07:289] 	OCF_ToolLantern_Bug [0xFF001EB6] added to 0/20104
[21:10:07:289] 	OCF_ToolLantern_Generic [0xFF001EB1] added to 11/20104
[21:10:07:289] 	OCF_ToolLantern [0xFF001EC3] added to 13/20104
[21:10:07:289] 	OCF_ToolAlchemy [0xFF001EC2] added to 0/20104
[21:10:07:289] 	OCF_AccessoryScabbard [0xFF001EEB] added to 8/20104
[21:10:07:289] 	OCF_AccessoryToy [0xFF001EEC] added to 0/20104
[21:10:07:289] 	OCF_AccessoryMagic [0xFF001E56] added to 9/20104
[21:10:07:289] 	OCF_AccessoryKatana [0xFF001E4E] added to 0/20104
[21:10:07:289] 	OCF_AccessoryPiercing [0xFF001E70] added to 1/20104
[21:10:07:289] 	OCF_AccessoryShield [0xFF001DFB] added to 4/20104
[21:10:07:289] 	OCF_varNotAccessoryGarment [0xFF001EED] added to 35/20104
[21:10:07:289] 	ClothingStrapOn [0x1AB0502~OCF.esp] added to 0/20104
[21:10:07:289] 	OCF_AccessoryGarment [0xFF001E46] added to 6/20104
[21:10:07:289] 	OCF_varNotAccessoryJewelry [0xFF001EEE] added to 0/20104
[21:10:07:289] 	OCF_AccessoryJewelry [0xFF001E1B] added to 0/20104
[21:10:07:289] 	OCF_Accessory [0xFF001EEF] added to 87/20104
[21:10:07:289] 	OCF_BodyTypePauldronR [0xFF001E4C] added to 0/20104
[21:10:07:289] 	OCF_BodyTypePauldronL [0xFF001E4F] added to 0/20104
[21:10:07:289] 	OCF_ArtifactLegendary_Ysgramor [0xFF001E7E] added to 6/20104
[21:10:07:289] 	OCF_ReplicaLegendary_Ysgramor [0xFF001EA7] added to 7/20104
[21:10:07:289] 	OCF_ArmorTypeHead_Alt [0xFF001E11] added to 758/20104
[21:10:07:289] 	OCF_ArmorTypeHead_Main [0xFF001E57] added to 3722/20104
[21:10:07:289] 	OCF_ArmorTypeHead [0xFF001EF1] added to 4479/20104
[21:10:07:289] 	OCF_BodyTypePauldronLR [0xFF001E52] added to 46/20104
[21:10:07:289] 	OCF_BodyTypePauldron [0xFF001E58] added to 46/20104
[21:10:07:289] 	OCF_ArmorTypeBody_Alt [0xFF001E12] added to 1529/20104
[21:10:07:289] 	OCF_ArmorTypeBody_Main [0xFF001E2E] added to 5880/20104
[21:10:07:289] 	OCF_ArmorTypeBody [0xFF001EF2] added to 7409/20104
[21:10:07:289] 	OCF_ArmorTypeHands_Alt [0xFF001EF0] added to 663/20104
[21:10:07:289] 	OCF_ArmorTypeHands_Main [0xFF001E71] added to 2521/20104
[21:10:07:289] 	OCF_ArmorTypeHands [0xFF001EF3] added to 3184/20104
[21:10:07:289] 	OCF_ArmorTypeFeet_Alt [0xFF001E13] added to 32/20104
[21:10:07:289] 	OCF_ArmorTypeFeet_Main [0xFF001E72] added to 2218/20104
[21:10:07:289] 	OCF_ArmorTypeFeet [0xFF001EF4] added to 2250/20104
[21:10:07:289] 	OCF_ArmorShield_Heavy [0xFF001D1C] added to 818/20104
[21:10:07:289] 	OCF_ArmorShield_Medium [0xFF001F02] added to 0/20104
[21:10:07:289] 	OCF_ArmorShield_Light [0xFF001F03] added to 377/20104
[21:10:07:289] 	OCF_MiscEmptyVessel_Jar [0xFF001F05] added to 0/20104
[21:10:07:289] 	OCF_MiscJarBug [0xFF001F06] added to 0/20104
[21:10:07:289] 	OCF_ArtifactAedric_Morihaus [0xFF001F08] added to 3/20104
[21:10:07:289] 	OCF_ArtifactLegendary_Dawnguard [0xFF001F0A] added to 1/20104
[21:10:07:289] 	OCF_ReplicaAedric_Morihaus [0xFF001F0D] added to 3/20104
[21:10:07:289] 	OCF_ArtifactDaedric_Nightingale [0xFF001E33] added to 20/20104
[21:10:07:289] 	OCF_ArtifactDaedric [0xFF001DD4] added to 52/20104
[21:10:07:289] 	DaedricArtifact [0xA8668~Skyrim.esm] added to 42/20104
[21:10:07:289] 	WearWhenStripped [0x1AB0509~OCF.esp] added to 96/20104
[21:10:07:289] 	OCF_MaterialEthereal [0xFF001F1B] added to 2/20104
[21:10:07:289] 	BoobiesArmorPouch [0xFF001F1F] added to 158/20104
[21:10:07:289] 	BoobiesArmorPanties [0xFF001F3F] added to 0/20104
[21:10:07:289] 	BoobiesArmorRing [0xFF001F42] added to 153/20104
[21:10:07:289] 	CRFExemptArtifactKeyword [0x1002409~ZimsImmersiveArtifacts_WACCF_Patch.esp] added to 64/20104
[21:10:07:289] 	OCF_ArmorHelmet_Heavy [0xFF001EF6] added to 1415/20104
[21:10:07:289] 	OCF_ArmorHelmet_Medium [0xFF001EF7] added to 0/20104
[21:10:07:289] 	OCF_ArmorHelmet_Light [0xFF001EF8] added to 1084/20104
[21:10:07:289] 	OCF_ArmorCuirass_Heavy [0xFF001EF9] added to 1449/20104
[21:10:07:289] 	OCF_ArmorCuirass_Medium [0xFF001EFA] added to 0/20104
[21:10:07:289] 	OCF_ArmorCuirass_Light [0xFF001EFB] added to 1529/20104
[21:10:07:289] 	OCF_ArmorGauntlets_Heavy [0xFF001EFC] added to 1000/20104
[21:10:07:289] 	OCF_ArmorGauntlets_Medium [0xFF001EFD] added to 0/20104
[21:10:07:289] 	OCF_ArmorGauntlets_Light [0xFF001EFE] added to 946/20104
[21:10:07:289] 	OCF_ArmorBoots_Heavy [0xFF001EFF] added to 785/20104
[21:10:07:289] 	OCF_ArmorBoots_Medium [0xFF001F00] added to 0/20104
[21:10:07:289] 	OCF_ArmorBoots_Light [0xFF001F01] added to 822/20104
[21:10:07:289] 	OCF_ArmorBindings [0xFF001F04] added to 5/20104
[21:10:07:289] 	OCF_ArmorTypeOther [0xFF001EF5] added to 1285/20104
[21:10:07:289] 	WAF_ClothingAccessories [0x1AB0136~OCF.esp] added to 85/20104
[21:10:07:289] 	WAF_ClothingCloak [0x1AB0128~OCF.esp] added to 213/20104
[21:10:07:289] 	WAF_ClothingMedicalHealing [0x1AB0123~OCF.esp] added to 6/20104
[21:10:07:289] 	Feet [0xE550B~Footprints.esp] added to 2442/20104
[21:10:07:289] 	OCF_ArtifactDwarven [0xFF001F09] added to 5/20104
[21:10:07:289] 	OCF_ArtifactAedric_Crusader [0xFF001F07] added to 20/20104
[21:10:07:289] 	OCF_ArtifactAedric [0xFF001EB3] added to 40/20104
[21:10:07:289] 	OCF_ArtifactLegendary [0xFF001DDE] added to 92/20104
[21:10:07:289] 	OCF_Artifact [0xFF001F0B] added to 189/20104
[21:10:07:289] 	OCF_ReplicaDaedric_Nightingale [0xFF001F0F] added to 8/20104
[21:10:07:289] 	OCF_ReplicaDwarven [0xFF001F10] added to 5/20104
[21:10:07:289] 	OCF_Tool [0xFF001EC4] added to 16/20104
[21:10:07:289] 	OCF_ReplicaAedric_Crusader [0xFF001F0C] added to 5/20104
[21:10:07:289] 	OCF_Relic [0xFF001DE2] added to 47/20104
[21:10:07:289] 	WAF_ArmorMaterialGuard [0x1AB0112~OCF.esp] added to 41/20104
[21:10:07:289] 	CWMission03ImperialGarb [0x107604~Skyrim.esm] added to 66/20104
[21:10:07:289] 	WAF_MaterialFaction [0x1AB0109~OCF.esp] added to 53/20104
[21:10:07:289] 	WAF_PerkFists07 [0x1AB0242~OCF.esp] added to 52/20104
[21:10:07:289] 	OCF_ReplicaAedric [0xFF001F0E] added to 15/20104
[21:10:07:289] 	OCF_ReplicaLegendary [0xFF001E3F] added to 60/20104
[21:10:07:289] 	OCF_ReplicaDaedric [0xFF001E90] added to 27/20104
[21:10:07:289] 	OCF_Replica [0xFF001E40] added to 203/20104
[21:10:07:289] Weapon
[21:10:07:289] 	OCF_EquipTypeBothHands [0xFF001F58] added to 5570/11780
[21:10:07:289] 	OCF_EquipTypeEitherHand [0xFF001F59] added to 191/11780
[21:10:07:289] 	OCF_EquipTypeLeftHand [0xFF001F5A] added to 12/11780
[21:10:07:289] 	OCF_EquipTypeRightHand [0xFF001F5B] added to 6000/11780
[21:10:07:289] 	WeapMaterialDwarven [0x1E71A~Skyrim.esm] added to 14/11780
[21:10:07:289] 	OCF_CanMineStalhrim [0x86A~OCF.esp] added to 4/11780
[21:10:07:289] 	OCF_MaterialDisplayDarkBrotherhood [0xFF001F19] added to 0/11780
[21:10:07:289] 	OCF_MaterialDisplayVampire [0xFF001F1A] added to 0/11780
[21:10:07:289] 	OCF_CanMineAetherium [0xFF001F5C] added to 0/11780
[21:10:07:289] 	OCF_varMagicNotBound [0xFF001F5D] added to 2/11780
[21:10:07:289] 	OCF_MatContainsSilver [0xFF001F17] added to 2/11780
[21:10:07:289] 	OCF_ArtifactAedric_AurielBow [0xFF001F5E] added to 1/11780
[21:10:07:289] 	OCF_ArtifactAedric_StaffMagnus [0xFF001F5F] added to 1/11780
[21:10:07:289] 	OCF_ArtifactDaedric_BowStagPrince [0xFF001F60] added to 1/11780
[21:10:07:289] 	OCF_ArtifactDaedric_Dawnbreaker1H [0xFF001F61] added to 1/11780
[21:10:07:289] 	OCF_ArtifactDaedric_Dawnbreaker2H [0xFF001F62] added to 0/11780
[21:10:07:289] 	OCF_ArtifactDaedric_EbonyBlade1H [0xFF001F63] added to 0/11780
[21:10:07:289] 	OCF_ArtifactDaedric_EbonyBlade2H [0xFF001F64] added to 2/11780
[21:10:07:289] 	OCF_ArtifactDaedric_MaceMolagBal [0xFF001F65] added to 2/11780
[21:10:07:289] 	OCF_ArtifactDaedric_MehrunesRazor [0xFF001F66] added to 1/11780
[21:10:07:289] 	OCF_ArtifactDaedric_MiraakStaff [0xFF001F67] added to 11/11780
[21:10:07:289] 	OCF_ArtifactDaedric_MiraakSword [0xFF001F68] added to 9/11780
[21:10:07:289] 	OCF_ArtifactDaedric_NightingaleBlade [0xFF001F69] added to 6/11780
[21:10:07:289] 	OCF_ArtifactDaedric_NightingaleBow [0xFF001F6A] added to 6/11780
[21:10:07:289] 	OCF_ArtifactDaedric_RuefulAxe [0xFF001F6B] added to 1/11780
[21:10:07:289] 	OCF_ArtifactDaedric_SanguineRose [0xFF001F6C] added to 1/11780
[21:10:07:289] 	OCF_ArtifactDaedric_SkullCorruption [0xFF001F6D] added to 1/11780
[21:10:07:289] 	OCF_ArtifactDaedric_Volendrung [0xFF001F6E] added to 1/11780
[21:10:07:289] 	OCF_ArtifactDaedric_Wabbajack [0xFF001F6F] added to 2/11780
[21:10:07:289] 	OCF_ArtifactDwarven_AetherialStaff [0xFF001F70] added to 1/11780
[21:10:07:289] 	OCF_ArtifactDwarven_BlackbowFate [0xFF001F71] added to 1/11780
[21:10:07:289] 	OCF_ArtifactDwarven_Keening [0xFF001F72] added to 2/11780
[21:10:07:289] 	OCF_ArtifactLegendary_BloodskalBlade [0xFF001F73] added to 1/11780
[21:10:07:289] 	OCF_ArtifactLegendary_Chillrend [0xFF001F74] added to 6/11780
[21:10:07:289] 	OCF_ArtifactLegendary_DawnguardRuneAxe [0xFF001F75] added to 1/11780
[21:10:07:289] 	OCF_ArtifactLegendary_DawnguardRuneHammer [0xFF001F76] added to 1/11780
[21:10:07:289] 	OCF_ArtifactLegendary_Dragonbane [0xFF001F77] added to 5/11780
[21:10:07:289] 	OCF_ArtifactLegendary_KahvozeinFang [0xFF001F78] added to 1/11780
[21:10:07:289] 	OCF_ArtifactLegendary_Nettlebane [0xFF001F79] added to 1/11780
[21:10:07:289] 	OCF_ArtifactLegendary_Wuuthrad [0xFF001F7A] added to 1/11780
[21:10:07:289] 	OCF_RelicBreton [0xFF001F7B] added to 14/11780
[21:10:07:289] 	OCF_RelicDaedric [0xFF001E7F] added to 3/11780
[21:10:07:289] 	OCF_RelicNordic [0xFF001DE1] added to 1/11780
[21:10:07:289] 	OCF_WeapTypeWoodaxe2H [0x83D~OCF.esp] added to 0/11780
[21:10:07:289] 	OCF_WeapUnarmed [0x82D~OCF.esp] added to 26/11780
[21:10:07:289] 	OCF_ArtifactLegendary_ArmChaosMoon [0xFF001F7C] added to 1/11780
[21:10:07:289] 	OCF_ArtifactLegendary_ArmChaosSun [0xFF001F7D] added to 1/11780
[21:10:07:289] 	OCF_ArtifactDaedric_BowShadows [0xFF001F7E] added to 2/11780
[21:10:07:289] 	OCF_ArtifactLegendary_Chrysamere [0xFF001F7F] added to 2/11780
[21:10:07:289] 	OCF_ArtifactLegendary_Bloodthirst [0xFF001F80] added to 1/11780
[21:10:07:289] 	OCF_ArtifactLegendary_Dawnfang [0xFF001F81] added to 1/11780
[21:10:07:289] 	OCF_ArtifactLegendary_BlackwaterBlade [0xFF001F82] added to 1/11780
[21:10:07:289] 	OCF_ArtifactLegendary_CyrusSabre [0xFF001F83] added to 1/11780
[21:10:07:289] 	OCF_WeapTypeRapier1H [0x1737774~OCF.esp] added to 22/11780
[21:10:07:289] 	OCF_ArtifactLegendary_FangHaynekhtnamet [0xFF001F84] added to 1/11780
[21:10:07:289] 	OCF_ArtifactLegendary_StaffWorms [0xFF001F85] added to 1/11780
[21:10:07:289] 	OCF_ArtifactLegendary_Hopesfire [0xFF001F86] added to 2/11780
[21:10:07:289] 	OCF_ArtifactLegendary_Trueflame [0xFF001F87] added to 3/11780
[21:10:07:289] 	OCF_ArtifactDaedric_SpearBitterMercy [0xFF001F88] added to 1/11780
[21:10:07:289] 	OCF_ArtifactDaedric_Goldbrand [0xFF001F8A] added to 1/11780
[21:10:07:289] 	OCF_ArtifactAedric_CrusaderMace [0xFF001F8B] added to 1/11780
[21:10:07:289] 	OCF_ArtifactAedric_CrusaderSword [0xFF001F8C] added to 1/11780
[21:10:07:289] 	OCF_ArtifactLegendary_Boneshaver [0xFF001F8D] added to 1/11780
[21:10:07:289] 	OCF_ArtifactDaedric_RuinsEdge [0xFF001F8E] added to 1/11780
[21:10:07:289] 	OCF_ArtifactDaedric_Nerveshatter [0xFF001F8F] added to 1/11780
[21:10:07:289] 	OCF_ArtifactDaedric_SwordJyggalag [0xFF001F90] added to 1/11780
[21:10:07:289] 	OCF_ArtifactDaedric_ShadowrendAxe [0xFF001F91] added to 1/11780
[21:10:07:289] 	OCF_ArtifactDaedric_ShadowrendSword [0xFF001F92] added to 1/11780
[21:10:07:289] 	OCF_ArtifactLegendary_StaffHasedoki [0xFF001F93] added to 1/11780
[21:10:07:289] 	OCF_ArtifactDaedric_ForkHorripilation [0xFF001F94] added to 1/11780
[21:10:07:289] 	OCF_ArtifactDaedric_StaffSheogorath [0xFF001F95] added to 1/11780
[21:10:07:289] 	OCF_ArtifactAedric_StendarrHammer [0xFF001F96] added to 1/11780
[21:10:07:289] 	OCF_ArtifactDwarven_Sunder [0xFF001F97] added to 1/11780
[21:10:07:289] 	OCF_ArtifactDaedric_Scourge [0xFF001F98] added to 1/11780
[21:10:07:289] 	OCF_ArtifactDaedric_Torment [0xFF001F99] added to 1/11780
[21:10:07:289] 	OCF_ArtifactLegendary_IceBladeMonarch1H [0xFF001F9A] added to 0/11780
[21:10:07:289] 	OCF_ArtifactLegendary_IceBladeMonarch2H [0xFF001F9B] added to 1/11780
[21:10:07:289] 	OCF_ArtifactDaedric_Umbra1H [0xFF001F9C] added to 0/11780
[21:10:07:289] 	OCF_ArtifactDaedric_Umbra2H [0xFF001F9D] added to 2/11780
[21:10:07:289] 	OCF_ArtifactDaedric_Crescent [0xFF001F9E] added to 0/11780
[21:10:07:289] 	OCF_WeapTypeCrescent1H [0x813~OCF.esp] added to 6/11780
[21:10:07:289] 	OCF_varWeapNotSaber [0xFF001F9F] added to 1/11780
[21:10:07:289] 	OCF_varWeapNotSpear [0xFF001FA0] added to 1/11780
[21:10:07:289] 	OCF_WeapBroken [0xFF001FA1] added to 3/11780
[21:10:07:289] 	OCF_WeapTypeBladestaff2H [0x83E~OCF.esp] added to 0/11780
[21:10:07:289] 	OCF_MiscInstrument [0xFF001FA2] added to 1/11780
[21:10:07:289] 	OCF_WeapTypeWoodHatchet1H [0x81B~OCF.esp] added to 2/11780
[21:10:07:289] 	OCF_WeapTypeShiv1H [0x806~OCF.esp] added to 6/11780
[21:10:07:289] 	OCF_ReplicaAedric_AurielBow [0xFF001FA3] added to 1/11780
[21:10:07:289] 	OCF_ReplicaDaedric_Dawnbreaker1H [0xFF001FA4] added to 1/11780
[21:10:07:289] 	OCF_ReplicaDaedric_Dawnbreaker2H [0xFF001FA5] added to 0/11780
[21:10:07:289] 	OCF_ReplicaDaedric_EbonyBlade1H [0xFF001FA6] added to 0/11780
[21:10:07:289] 	OCF_ReplicaDaedric_EbonyBlade2H [0xFF001FA7] added to 1/11780
[21:10:07:289] 	OCF_ReplicaDaedric_MaceMolagBal [0xFF001FA8] added to 1/11780
[21:10:07:289] 	OCF_ReplicaDaedric_MehrunesRazor [0xFF001FA9] added to 1/11780
[21:10:07:289] 	OCF_ReplicaDaedric_NightingaleBlade [0xFF001FAA] added to 1/11780
[21:10:07:289] 	OCF_ReplicaDaedric_NightingaleBow [0xFF001FAB] added to 1/11780
[21:10:07:289] 	OCF_ReplicaDaedric_RuefulAxe [0xFF001FAC] added to 1/11780
[21:10:07:289] 	OCF_ReplicaDaedric_Volendrung [0xFF001FAD] added to 1/11780
[21:10:07:289] 	OCF_ReplicaDwarven_Keening [0xFF001FAE] added to 2/11780
[21:10:07:289] 	OCF_ReplicaLegendary_BloodskalBlade [0xFF001FAF] added to 1/11780
[21:10:07:289] 	OCF_ReplicaLegendary_Chillrend [0xFF001FB0] added to 1/11780
[21:10:07:290] 	OCF_ReplicaLegendary_DawnguardRuneAxe [0xFF001FB1] added to 1/11780
[21:10:07:290] 	OCF_ReplicaLegendary_DawnguardRuneHammer [0xFF001FB2] added to 1/11780
[21:10:07:290] 	OCF_ReplicaLegendary_Wuuthrad [0xFF001FB3] added to 1/11780
[21:10:07:290] 	OCF_Placeholder_Filter [0xFF001E1F] added to 19/11780
[21:10:07:290] 	OCF_varWeapNotWarscythe [0xFF001FB4] added to 2/11780
[21:10:07:290] 	OCF_varWeapNotScimitar [0xFF001FB5] added to 0/11780
[21:10:07:290] 	OCF_WeapTypeGreatbow2H [0x84E~OCF.esp] added to 3/11780
[21:10:07:290] 	OCF_WeapTypeChakram1H [0x800~OCF.esp] added to 0/11780
[21:10:07:290] 	OCF_WeapTypeFlail1H [0x87D~OCF.esp] added to 0/11780
[21:10:07:290] 	WAF_WeapTypeGrenade [0x1AB0237~OCF.esp] added to 0/11780
[21:10:07:290] 	OCF_WeapTypeTwinblade1H [0x811~OCF.esp] added to 0/11780
[21:10:07:290] 	OCF_WeapTypeHuntingKnife1H [0x80A~OCF.esp] added to 1/11780
[21:10:07:290] 	OCF_WeapTypeLance1H [0x829~OCF.esp] added to 2/11780
[21:10:07:290] 	OCF_WeapTypeWarpick1H [0x819~OCF.esp] added to 0/11780
[21:10:07:290] 	OCF_WeapTypeGun1H_Energy [0x856~OCF.esp] added to 0/11780
[21:10:07:290] 	OCF_WeapTypeGun2H_Energy [0x85E~OCF.esp] added to 0/11780
[21:10:07:290] 	OCF_WeapTypeLightsaber1H_2Blade [0x80D~OCF.esp] added to 0/11780
[21:10:07:290] 	OCF_WeapTypeLightsaber2H_2Blade [0x831~OCF.esp] added to 0/11780
[21:10:07:290] 	OCF_WeapTypeGun1H_Gravity [0x859~OCF.esp] added to 0/11780
[21:10:07:290] 	OCF_ArtifactExternal_MjolnirMarvel [0xFF001FB6] added to 0/11780
[21:10:07:290] 	OCF_ArtifactExternal_MjolnirNorse [0xFF001FB7] added to 0/11780
[21:10:07:290] 	OCF_ArtifactLegendary_MaceAevar [0xFF001FB8] added to 1/11780
[21:10:07:290] 	OCF_ReplicaDwarven_Sunder [0xFF001FB9] added to 1/11780
[21:10:07:290] 	OCF_ReplicaDaedric_Scourge [0xFF001FBA] added to 0/11780
[21:10:07:290] 	OCF_ReplicaDaedric_ShadowrendAxe [0xFF001FBB] added to 0/11780
[21:10:07:290] 	OCF_ReplicaDaedric_ShadowrendSword [0xFF001FBC] added to 0/11780
[21:10:07:290] 	OCF_ReplicaDaedric_Torment [0xFF001FBD] added to 0/11780
[21:10:07:290] 	OCF_ReplicaLegendary_BlackwaterBlade [0xFF001FBE] added to 0/11780
[21:10:07:290] 	OCF_ReplicaLegendary_CyrusSabre [0xFF001FBF] added to 0/11780
[21:10:07:290] 	OCF_WeapReverseGrip [0x86B~OCF.esp] added to 0/11780
[21:10:07:290] 	OCF_WeapTypeGun2H_Launcher [0x85F~OCF.esp] added to 0/11780
[21:10:07:290] 	OCF_varWeapNotKatana [0xFF001FC0] added to 0/11780
[21:10:07:290] 	OCF_WeapTypeTrident1H [0x82C~OCF.esp] added to 0/11780
[21:10:07:290] 	OCF_WeapTypeTwinDagger1H [0xFF001FC1] added to 2/11780
[21:10:07:290] 	OCF_WeapTypeGun1H_Flamethrower [0x857~OCF.esp] added to 0/11780
[21:10:07:290] 	OCF_WeapTypeGun1H_Shockthrower [0x85A~OCF.esp] added to 0/11780
[21:10:07:290] 	OCF_WeapTypeHandBlade1H [0x814~OCF.esp] added to 5/11780
[21:10:07:290] 	OCF_WeapTypeSlingshot2H [0x861~OCF.esp] added to 0/11780
[21:10:07:290] 	OCF_ReplicaDaedric_Crescent [0xFF001FC3] added to 0/11780
[21:10:07:290] 	OCF_WeapTypeGun1H_BasicSword [0xFF001FC4] added to 0/11780
[21:10:07:290] 	OCF_WeapTypeCleaver1H [0x812~OCF.esp] added to 2/11780
[21:10:07:290] 	OCF_WeapTypeWhip1H [0x1737778~OCF.esp] added to 0/11780
[21:10:07:290] 	OCF_WeapTypeJavelin1H [0x1737771~OCF.esp] added to 0/11780
[21:10:07:290] 	OCF_WeapTypeBoomerang1H [0x81C~OCF.esp] added to 0/11780
[21:10:07:290] 	OCF_WeapTypeWakizashi1H [0x822~OCF.esp] added to 0/11780
[21:10:07:290] 	OCF_WeapTypeKunai1H [0x803~OCF.esp] added to 0/11780
[21:10:07:290] 	OCF_WeapTypeShuriken1H [0x807~OCF.esp] added to 0/11780
[21:10:07:290] 	WAF_WeapTypeScalpel [0x1AB0239~OCF.esp] added to 0/11780
[21:10:07:290] 	OCF_WeapTypeBlowgun2H [0x84A~OCF.esp] added to 0/11780
[21:10:07:290] 	OCF_WeapTypeGun1H_Launcher [0x858~OCF.esp] added to 0/11780
[21:10:07:290] 	OCF_WeapTypeGun1H_Shotgun [0x85B~OCF.esp] added to 0/11780
[21:10:07:290] 	OCF_WeapTypeBowblade2H [0x84D~OCF.esp] added to 0/11780
[21:10:07:290] 	OCF_WeapTypeShortbow2H [0x850~OCF.esp] added to 0/11780
[21:10:07:290] 	OCF_WeapCasting [0x880~OCF.esp] added to 0/11780
[21:10:07:290] 	WeapTypeBattleaxe [0x6D932~Skyrim.esm] added to 0/11780
[21:10:07:290] 	WeapTypeGreatsword [0x6D931~Skyrim.esm] added to 0/11780
[21:10:07:290] 	WeapTypeWarhammer [0x6D930~Skyrim.esm] added to 0/11780
[21:10:07:290] 	OCF_ReplicaDaedric_Umbra [0xFF001FD6] added to 0/11780
[21:10:07:290] 	BoundFragmentedScythe [0xD91~Sonders_Keyword_Distribution.esp] added to 7/11780
[21:10:07:290] 	FragmentedWhip [0xD93~Sonders_Keyword_Distribution.esp] added to 1/11780
[21:10:07:290] 	BoundFragmentedWhip [0xD94~Sonders_Keyword_Distribution.esp] added to 7/11780
[21:10:07:290] 	BoobiesWeapTypeWakizashi [0xFF001FDD] added to 10/11780
[21:10:07:290] 	VampireScythe [0xD8F~Sonders_Keyword_Distribution.esp] added to 0/11780
[21:10:07:290] 	FragmentedScythe [0xD90~Sonders_Keyword_Distribution.esp] added to 1/11780
[21:10:07:290] 	OCF_RelicAedric [0xFF001EB4] added to 0/11780
[21:10:07:290] 	OCF_WeapTypeGun1H_Axe [0xFF001FC5] added to 0/11780
[21:10:07:290] 	OCF_WeapTypeGun1H_Sword [0xFF001FC6] added to 0/11780
[21:10:07:290] 	OCF_WeapTypeGun2H_Spear [0xFF001FC7] added to 0/11780
[21:10:07:290] 	OCF_varWeapNotGlaive [0xFF001FC8] added to 0/11780
[21:10:07:290] 	OCF_varWeapNotSai [0xFF001FCA] added to 14/11780
[21:10:07:290] 	OCF_ToolShovel [0xFF001FCC] added to 2/11780
[21:10:07:290] 	BoobiesWeapTypeTanto [0xFF001FDE] added to 13/11780
[21:10:07:290] 	BoobiesWeapTypeKnuckles [0xFF001FEC] added to 1/11780
[21:10:07:290] 	ABC_I4WIO_Scythe [0xFF001FED] added to 15/11780
[21:10:07:290] 	MAG_WeapTypeBound [0x1A92117~OCF.esp] added to 74/11780
[21:10:07:290] 	OCF_MaterialEthereal [0xFF001F1B] added to 90/11780
[21:10:07:290] 	OCF_WeapTypeWoodaxe1H [0x81A~OCF.esp] added to 5/11780
[21:10:07:290] 	OCF_WeapTypeClub1H [0x81E~OCF.esp] added to 10/11780
[21:10:07:290] 	OCF_varWeapNotPike [0xFF001F89] added to 1110/11780
[21:10:07:290] 	OCF_WeapTypeMassiveSword2H [0x832~OCF.esp] added to 7/11780
[21:10:07:290] 	OCF_WeapTypeRapier2H [0x833~OCF.esp] added to 1/11780
[21:10:07:290] 	OCF_WeapTypeWarscythe1H [0x828~OCF.esp] added to 1/11780
[21:10:07:290] 	OCF_varWeapNotScythe [0xFF001FCB] added to 15/11780
[21:10:07:290] 	OCF_WeapTypeScythe2H [0x1737777~OCF.esp] added to 36/11780
[21:10:07:290] 	OCF_WeapTypeFlail2H [0x87E~OCF.esp] added to 0/11780
[21:10:07:290] 	OCF_WeapTypeWarpick2H [0x83C~OCF.esp] added to 1/11780
[21:10:07:290] 	OCF_WeapTypePickaxe1H [0x816~OCF.esp] added to 13/11780
[21:10:07:290] 	OCF_WeapTypeSickle1H [0x817~OCF.esp] added to 9/11780
[21:10:07:290] 	OCF_WeapTypeHatchet1H [0x815~OCF.esp] added to 3/11780
[21:10:07:290] 	OCF_WeapTypePike1H [0x82A~OCF.esp] added to 0/11780
[21:10:07:290] 	OCF_WeapTypeGlaive1H [0x826~OCF.esp] added to 0/11780
[21:10:07:290] 	OCF_WeapTypeHalberd1H [0x827~OCF.esp] added to 1/11780
[21:10:07:290] 	OCF_WeapTypeSpear1H [0x82B~OCF.esp] added to 11/11780
[21:10:07:290] 	OCF_WeapTypePole1H_Thrust [0x1C90100~OCF.esp] added to 13/11780
[21:10:07:290] 	OCF_WeapTypePole1H_Swing [0x825~OCF.esp] added to 2/11780
[21:10:07:290] 	OCF_WeapPole1H [0x824~OCF.esp] added to 15/11780
[21:10:07:290] 	OCF_WeapTypePole1H [0xFF001FD8] added to 15/11780
[21:10:07:290] 	OCF_WeapTypeWarAxe1H [0x818~OCF.esp] added to 1037/11780
[21:10:07:290] 	OCF_WeapEdged1H [0x886~OCF.esp] added to 1082/11780
[21:10:07:290] 	WeapTypeWarAxe [0x1E712~Skyrim.esm] added to 13/11780
[21:10:07:290] 	OCF_WeapTypeCrescent2H [0x839~OCF.esp] added to 3/11780
[21:10:07:290] 	OCF_WeapTypeGun2H_Shotgun [0x860~OCF.esp] added to 0/11780
[21:10:07:290] 	OCF_WeapTypeCestus1H [0x81D~OCF.esp] added to 0/11780
[21:10:07:290] 	OCF_ToolBroom [0xFF001FC2] added to 1/11780
[21:10:07:290] 	OCF_WeapTypeBomb1H [0x88A~OCF.esp] added to 0/11780
[21:10:07:290] 	OCF_WeapThrowable [0x86C~OCF.esp] added to 0/11780
[21:10:07:290] 	OCF_WeapTypeMassiveAxe2H [0x87B~OCF.esp] added to 0/11780
[21:10:07:290] 	OCF_WeapTypeMassiveHammer2H [0x87C~OCF.esp] added to 0/11780
[21:10:07:290] 	OCF_varWeapNotClaw [0xFF001FC9] added to 0/11780
[21:10:07:290] 	OCF_WeapTypeFishingRod1H [0x81F~OCF.esp] added to 8/11780
[21:10:07:290] 	OCF_WeapTypeLightsaber1H [0x80B~OCF.esp] added to 0/11780
[21:10:07:290] 	OCF_WeapTypeSai1H [0x805~OCF.esp] added to 3/11780
[21:10:07:290] 	OCF_WeapTypeLance2H [0x846~OCF.esp] added to 3/11780
[21:10:07:290] 	OCF_WeapTypeTrident2H [0x849~OCF.esp] added to 2/11780
[21:10:07:290] 	OCF_WeapTypePickaxe2H [0x83A~OCF.esp] added to 0/11780
[21:10:07:290] 	OCF_WeapTypeGlaive2H [0x843~OCF.esp] added to 7/11780
[21:10:07:290] 	OCF_WeapTypeWarscythe2H [0x845~OCF.esp] added to 2/11780
[21:10:07:290] 	OCF_WeapTypeHalberd2H [0x844~OCF.esp] added to 17/11780
[21:10:07:290] 	OCF_WeapTypeSpear2H [0x848~OCF.esp] added to 655/11780
[21:10:07:290] 	OCF_WeapTypePike2H [0x847~OCF.esp] added to 1/11780
[21:10:07:290] 	OCF_WeapTypePole2H_Thrust [0x1737772~OCF.esp] added to 660/11780
[21:10:07:290] 	OCF_WeapTypePole2H_Swing [0x1737773~OCF.esp] added to 26/11780
[21:10:07:290] 	OCF_WeapPole2H [0x842~OCF.esp] added to 686/11780
[21:10:07:290] 	OCF_WeapTypePole2H [0xFF001FD9] added to 686/11780
[21:10:07:290] 	OCF_WeapTypeBattleaxe2H [0x837~OCF.esp] added to 1039/11780
[21:10:07:290] 	OCF_WeapEdged2H [0x883~OCF.esp] added to 1079/11780
[21:10:07:290] 	OCF_WeapTypeLightsaber2H_1Blade [0x830~OCF.esp] added to 0/11780
[21:10:07:290] 	OCF_WeapTypeLightsaber2H [0x82F~OCF.esp] added to 0/11780
[21:10:07:290] 	OCF_WeapTypeTwinblade2H [0x836~OCF.esp] added to 0/11780
[21:10:07:290] 	OCF_WeapTypeTanto1H [0x808~OCF.esp] added to 27/11780
[21:10:07:290] 	OCF_WeapTypeKatana1H [0x1737779~OCF.esp] added to 113/11780
[21:10:07:290] 	OCF_WeapTypeKatana2H [0x82E~OCF.esp] added to 51/11780
[21:10:07:290] 	OCF_WeapTypeSaber1H [0x80E~OCF.esp] added to 23/11780
[21:10:07:290] 	OCF_WeapTypeCurvedSword1H [0x864~OCF.esp] added to 25/11780
[21:10:07:290] 	OCF_WeapTypeSaber2H [0x834~OCF.esp] added to 3/11780
[21:10:07:290] 	OCF_WeapTypeScimitar2H [0x835~OCF.esp] added to 9/11780
[21:10:07:290] 	OCF_WeapTypeGreatsword2H [0x867~OCF.esp] added to 1301/11780
[21:10:07:290] 	OCF_WeapBladed2H [0x881~OCF.esp] added to 1372/11780
[21:10:07:290] 	OCF_WeapTypeGun1H_Basic [0x855~OCF.esp] added to 2/11780
[21:10:07:290] 	OCF_WeapTypeGun1H [0x854~OCF.esp] added to 2/11780
[21:10:07:290] 	OCF_WeapTypeGun2H_Basic [0x85D~OCF.esp] added to 1/11780
[21:10:07:290] 	OCF_WeapTypeGun2H [0x85C~OCF.esp] added to 1/11780
[21:10:07:290] 	OCF_WeapTypeGun [0x173777A~OCF.esp] added to 3/11780
[21:10:07:290] 	OCF_WeapTypeCrossbow2H [0x853~OCF.esp] added to 567/11780
[21:10:07:290] 	OCF_WeapTypeCrossbow1H [0x852~OCF.esp] added to 0/11780
[21:10:07:290] 	OCF_WeapTypeCrossbow [0x851~OCF.esp] added to 567/11780
[21:10:07:290] 	OCF_WeapTypeBow2H [0x84C~OCF.esp] added to 863/11780
[21:10:07:290] 	OCF_WeapTypeBow [0x84B~OCF.esp] added to 866/11780
[21:10:07:290] 	OCF_WeapTypeScimitar1H [0x80F~OCF.esp] added to 58/11780
[21:10:07:290] 	OCF_WeapTypeSword1H [0x810~OCF.esp] added to 1656/11780
[21:10:07:290] 	OCF_WeapBladed1H [0x884~OCF.esp] added to 1871/11780
[21:10:07:290] 	OCF_WeapTypeCutlery1H [0x801~OCF.esp] added to 15/11780
[21:10:07:290] 	OCF_WeapTypeToolKnife1H [0x809~OCF.esp] added to 1/11780
[21:10:07:290] 	OCF_WeapTypeClaw1H [0x1737776~OCF.esp] added to 0/11780
[21:10:07:290] 	OCF_WeapTypeRevDagger1H [0x804~OCF.esp] added to 0/11780
[21:10:07:290] 	OCF_WeapTypeDagger1H [0x802~OCF.esp] added to 1008/11780
[21:10:07:290] 	OCF_WeapSmallBladed1H [0x887~OCF.esp] added to 1062/11780
[21:10:07:290] 	OCF_WeapTypeHammer1H [0x820~OCF.esp] added to 39/11780
[21:10:07:290] 	OCF_WeapTypeQuarterstaff1H [0x823~OCF.esp] added to 1/11780
[21:10:07:290] 	OCF_WeapTypeMace1H [0x821~OCF.esp] added to 961/11780
[21:10:07:290] 	OCF_WeapBlunt1H [0x885~OCF.esp] added to 1019/11780
[21:10:07:290] 	OCF_WeapTypeClub2H [0x83F~OCF.esp] added to 53/11780
[21:10:07:290] 	OCF_WeapTypeMace2H [0x840~OCF.esp] added to 21/11780
[21:10:07:290] 	OCF_WeapTypeQuarterstaff2H [0x1737775~OCF.esp] added to 29/11780
[21:10:07:290] 	OCF_WeapTypeWarhammer2H [0x841~OCF.esp] added to 936/11780
[21:10:07:290] 	OCF_WeapBlunt2H [0x882~OCF.esp] added to 1039/11780
[21:10:07:290] 	OCF_WeapMelee [0x866~OCF.esp] added to 9181/11780
[21:10:07:290] 	OCF_WeapRanged [0x87F~OCF.esp] added to 1436/11780
[21:10:07:290] 	OCF_WeapTypeStaffBlank [0x862~OCF.esp] added to 82/11780
[21:10:07:290] 	OCF_WeapTypeStaff1H [0x863~OCF.esp] added to 1070/11780
[21:10:07:290] 	OCF_ReplicaAedric [0xFF001F0E] added to 1/11780
[21:10:07:290] 	OCF_ArtifactDaedric_EbonyBlade [0xFF001FCE] added to 2/11780
[21:10:07:290] 	OCF_ArtifactDaedric_Nightingale [0xFF001E33] added to 12/11780
[21:10:07:290] 	OCF_ArtifactDaedric_Dawnbreaker [0xFF001FCD] added to 1/11780
[21:10:07:290] 	OCF_ArtifactDaedric_Shadowrend [0xFF001FCF] added to 2/11780
[21:10:07:290] 	OCF_ArtifactDaedric_Umbra [0xFF001FD0] added to 2/11780
[21:10:07:290] 	OCF_ArtifactDaedric [0xFF001DD4] added to 67/11780
[21:10:07:290] 	DaedricArtifact [0xA8668~Skyrim.esm] added to 54/11780
[21:10:07:290] 	WeapTypeDagger [0x1E713~Skyrim.esm] added to 11/11780
[21:10:07:290] 	WeapTypeStaff [0x1E716~Skyrim.esm] added to 0/11780
[21:10:07:290] 	WeapTypeSword [0x1E711~Skyrim.esm] added to 24/11780
[21:10:07:290] 	BoobiesWeapTypeKatana [0xFF001FDB] added to 115/11780
[21:10:07:290] 	BoobiesWeapTypeSaber [0xFF001FDC] added to 84/11780
[21:10:07:290] 	BoobiesWeapTypeNodachi [0xFF001FDF] added to 52/11780
[21:10:07:290] 	BoobiesWeapTypeRapier [0xFF001FE0] added to 22/11780
[21:10:07:290] 	BoobiesWeapTypeHalberd [0xFF001FE1] added to 18/11780
[21:10:07:290] 	BoobiesWeapTypeSpear [0xFF001FE2] added to 13/11780
[21:10:07:290] 	BoobiesWeapTypeTrident [0xFF001FE3] added to 2/11780
[21:10:07:290] 	BoobiesWeapTypeBladeStaff [0xFF001FE4] added to 0/11780
[21:10:07:290] 	BoobiesWeapTypeClaws [0xFF001FE5] added to 0/11780
[21:10:07:290] 	BoobiesWeapTypeGun [0xFF001FE6] added to 3/11780
[21:10:07:290] 	BoobiesWeapTypeLance [0xFF001FE7] added to 6/11780
[21:10:07:290] 	BoobiesWeapTypeQuarterstaff [0xFF001FE9] added to 29/11780
[21:10:07:290] 	BoobiesWeapTypeScythe [0xFF001FEA] added to 37/11780
[21:10:07:290] 	BoobiesWeapTypeTwinblade [0xFF001FEB] added to 0/11780
[21:10:07:290] 	WeapTypeRapier [0x800~Nolvus Awakening Weapon Keywords.esp] added to 22/11780
[21:10:07:290] 	BoobiesWeapTypePike [0xFF001FE8] added to 656/11780
[21:10:07:290] 	WeapTypePike [0x801~Nolvus Awakening Weapon Keywords.esp] added to 656/11780
[21:10:07:290] 	WeapTypeSpear [0x802~Nolvus Awakening Weapon Keywords.esp] added to 13/11780
[21:10:07:290] 	WeapTypeHalberd [0x803~Nolvus Awakening Weapon Keywords.esp] added to 18/11780
[21:10:07:290] 	WeapTypeQuarterStaff [0x804~Nolvus Awakening Weapon Keywords.esp] added to 29/11780
[21:10:07:290] 	WeapTypeClaw [0x805~Nolvus Awakening Weapon Keywords.esp] added to 0/11780
[21:10:07:290] 	WeapTypeJavelin [0x806~Nolvus Awakening Weapon Keywords.esp] added to 0/11780
[21:10:07:290] 	WeapTypeScythe [0x807~Nolvus Awakening Weapon Keywords.esp] added to 52/11780
[21:10:07:290] 	WeapTypeNodachi [0x80C~Nolvus Awakening Weapon Keywords.esp] added to 52/11780
[21:10:07:290] 	WeapTypeTwinblade [0x809~Nolvus Awakening Weapon Keywords.esp] added to 0/11780
[21:10:07:290] 	WeapTypeBladeStaff [0x80B~Nolvus Awakening Weapon Keywords.esp] added to 0/11780
[21:10:07:290] 	WeapTypeWhip [0xD92~Sonders_Keyword_Distribution.esp] added to 8/11780
[21:10:07:290] 	CRFExemptArtifactKeyword [0x1002409~ZimsImmersiveArtifacts_WACCF_Patch.esp] added to 68/11780
[21:10:07:290] 	OCF_WeapTypeLightsaber1H_1Blade [0x80C~OCF.esp] added to 0/11780
[21:10:07:290] 	OCF_WeapTypeWandBlank [0x889~OCF.esp] added to 82/11780
[21:10:07:290] 	OCF_ArtifactAedric_Crusader [0xFF001F07] added to 2/11780
[21:10:07:290] 	OCF_ArtifactLegendary_Dawnguard [0xFF001F0A] added to 2/11780
[21:10:07:290] 	OCF_ArtifactLegendary_IceBladeMonarch [0xFF001FD1] added to 1/11780
[21:10:07:290] 	OCF_ArtifactExternal_Mjolnir [0xFF001FD2] added to 0/11780
[21:10:07:290] 	OCF_ReplicaDaedric_Dawnbreaker [0xFF001FD3] added to 1/11780
[21:10:07:290] 	OCF_ReplicaDaedric_EbonyBlade [0xFF001FD4] added to 1/11780
[21:10:07:290] 	OCF_ReplicaDaedric_Nightingale [0xFF001F0F] added to 2/11780
[21:10:07:290] 	OCF_ReplicaDaedric_Shadowrend [0xFF001FD5] added to 0/11780
[21:10:07:290] 	OCF_ReplicaDwarven [0xFF001F10] added to 3/11780
[21:10:07:290] 	OCF_ReplicaLegendary_Dawnguard [0xFF001FD7] added to 2/11780
[21:10:07:290] 	WeapTypeBow [0x1E715~Skyrim.esm] added to 10/11780
[21:10:07:290] 	WeapTypeMace [0x1E714~Skyrim.esm] added to 4/11780
[21:10:07:290] 	WeapTypeKatana [0x808~Nolvus Awakening Weapon Keywords.esp] added to 116/11780
[21:10:07:290] 	OCF_CanChopWood [0x868~OCF.esp] added to 7/11780
[21:10:07:290] 	OCF_WeapTypeWand1H [0x888~OCF.esp] added to 1070/11780
[21:10:07:290] 	OCF_CanMineOre [0x869~OCF.esp] added to 13/11780
[21:10:07:290] 	OCF_ReplicaLegendary [0xFF001E3F] added to 5/11780
[21:10:07:290] 	OCF_ReplicaDaedric [0xFF001E90] added to 11/11780
[21:10:07:290] 	OCF_Replica [0xFF001E40] added to 32/11780
[21:10:07:290] 	OCF_ArtifactAedric [0xFF001EB3] added to 11/11780
[21:10:07:290] 	OCF_ArtifactDwarven [0xFF001F09] added to 5/11780
[21:10:07:290] 	OCF_ArtifactLegendary [0xFF001DDE] added to 40/11780
[21:10:07:290] 	OCF_Artifact [0xFF001F0B] added to 123/11780
[21:10:07:290] 	OCF_Relic [0xFF001DE2] added to 18/11780
[21:10:07:290] 	OCF_InvColorFrost [0xFF001CFE] added to 0/11780
[21:10:07:291] 	OCF_InvColorPoison [0xFF001FDA] added to 0/11780
[21:10:07:291] 	OCF_InvColorShock [0xFF001D3D] added to 0/11780
[21:10:07:291] 	OCF_InvColorFire [0xFF001CD7] added to 0/11780
[21:10:07:291] 	OCF_WeapTypeCurvedSword2H [0x865~OCF.esp] added to 15/11780
[21:10:07:291] 	OCF_Tool [0xFF001EC4] added to 32/11780
[21:10:07:291] Ammo
[21:10:07:291] 	OCF_varAmmoNotArrow [0xFF001FEE] added to 15/237
[21:10:07:291] 	OCF_AmmoTypeBullet2H_Basic [0x878~OCF.esp] added to 0/237
[21:10:07:291] 	OCF_WeapTypeDagger1H [0x802~OCF.esp] added to 0/237
[21:10:07:291] 	OCF_WeapTypeHatchet1H [0x815~OCF.esp] added to 0/237
[21:10:07:291] 	OCF_WeapTypeJavelin1H [0x1737771~OCF.esp] added to 0/237
[21:10:07:291] 	OCF_WeapTypeBomb1H [0x88A~OCF.esp] added to 0/237
[21:10:07:291] 	OCF_WeapThrowable [0x86C~OCF.esp] added to 0/237
[21:10:07:291] 	OCF_MaterialDisplayDarkBrotherhood [0xFF001F19] added to 0/237
[21:10:07:291] 	OCF_MaterialDisplayVampire [0xFF001F1A] added to 0/237
[21:10:07:291] 	DLC1WeapMaterialDragonbone [0x19822~Dawnguard.esm] added to 0/237
[21:10:07:291] 	OCF_varMagicNotBound [0xFF001F5D] added to 0/237
[21:10:07:291] 	OCF_InvColorAedric [0xFF001FEF] added to 1/237
[21:10:07:291] 	OCF_InvColorBlood [0xFF001CD5] added to 1/237
[21:10:07:291] 	OCF_InvColorFire [0xFF001CD7] added to 10/237
[21:10:07:291] 	OCF_InvColorFrost [0xFF001CFE] added to 10/237
[21:10:07:291] 	OCF_InvColorShock [0xFF001D3D] added to 10/237
[21:10:07:291] 	OCF_InvColorPoison [0xFF001FDA] added to 0/237
[21:10:07:291] 	OCF_InvColorSun [0xFF001FF0] added to 0/237
[21:10:07:291] 	OCF_InvColorWater [0xFF001D3E] added to 0/237
[21:10:07:291] 	OCF_AmmoTypeBullet1H [0x875~OCF.esp] added to 0/237
[21:10:07:291] 	OCF_AmmoTypeGreatarrow [0x873~OCF.esp] added to 5/237
[21:10:07:291] 	OCF_AmmoTypeBullet2H [0x876~OCF.esp] added to 0/237
[21:10:07:291] 	OCF_AmmoTypeBullet [0x86F~OCF.esp] added to 0/237
[21:10:07:291] 	OCF_AmmoTypeSlingshot [0x871~OCF.esp] added to 0/237
[21:10:07:291] 	OCF_AmmoTypeJavelin [0x874~OCF.esp] added to 6/237
[21:10:07:291] 	OCF_AmmoTypeDart [0x870~OCF.esp] added to 1/237
[21:10:07:291] 	OCF_AmmoTypeArrow_Basic [0x872~OCF.esp] added to 149/237
[21:10:07:291] 	OCF_AmmoTypeArrow [0x86D~OCF.esp] added to 160/237
[21:10:07:291] 	OCF_WeapSmallBladed1H [0x887~OCF.esp] added to 0/237
[21:10:07:291] 	OCF_WeapEdged1H [0x886~OCF.esp] added to 0/237
[21:10:07:291] 	OCF_WeapPole1H [0x824~OCF.esp] added to 0/237
[21:10:07:291] 	MAG_WeapTypeBound [0x1A92117~OCF.esp] added to 15/237
[21:10:07:291] 	OCF_MaterialEthereal [0xFF001F1B] added to 15/237
[21:10:07:291] 	CRFExemptArtifactKeyword [0x1002409~ZimsImmersiveArtifacts_WACCF_Patch.esp] added to 0/237
[21:10:07:291] 	OCF_AmmoTypeBolt [0x86E~OCF.esp] added to 62/237
[21:10:07:291] 	OCF_WeapMelee [0x866~OCF.esp] added to 0/237
[21:10:07:291] Potion
[21:10:07:291] 	OCF_AlchDrink_Milk [0x1AB101D~OCF.esp] added to 2/1716
[21:10:07:291] 	_SH_SujammaBottleKeyword [0x1F35D76~OCF.esp] added to 11/1716
[21:10:07:291] 	_SH_MeadBottleKeyword [0x1F35D70~OCF.esp] added to 24/1716
[21:10:07:291] 	OCF_AlchFood_Egg [0x1AB100C~OCF.esp] added to 1/1716
[21:10:07:291] 	OCF_WeapTypeBomb1H [0x88A~OCF.esp] added to 0/1716
[21:10:07:291] 	OCF_AlchFood_IngredientDry [0x1AB100E~OCF.esp] added to 4/1716
[21:10:07:291] 	OCF_AlchFood_IngredientWet [0x1AB100D~OCF.esp] added to 4/1716
[21:10:07:291] 	OCF_AlchFood_Meal [0x1AB1013~OCF.esp] added to 7/1716
[21:10:07:291] 	_SHBloodDrink [0x1F35D80~OCF.esp] added to 4/1716
[21:10:07:291] 	VendorItemAnimalPart [0x914EB~Skyrim.esm] added to 1/1716
[21:10:07:291] 	CACO_MagicAlchWeaponOil [0x1C82048~OCF.esp] added to 0/1716
[21:10:07:291] 	VendorItemFoodPreserved [0x1AB1003~OCF.esp] added to 0/1716
[21:10:07:291] 	OCF_AlchDrugSap [0xFF001FF1] added to 1/1716
[21:10:07:291] 	OCF_IngrPlant_SoulHusk [0xFF001FF2] added to 1/1716
[21:10:07:291] 	OCF_AlchPotion_Misc [0xFF001FF3] added to 2/1716
[21:10:07:291] 	OCF_VesselJug [0xFF001FF7] added to 5/1716
[21:10:07:291] 	OCF_VesselSack [0xFF001FF8] added to 2/1716
[21:10:07:291] 	OCF_ArtifactDaedric_Bittercup [0xFF001FF9] added to 1/1716
[21:10:07:291] 	OCF_MiscCampingGear [0xFF001D67] added to 1/1716
[21:10:07:291] 	OCF_RelicDwarven_Fairy [0xFF001FFC] added to 1/1716
[21:10:07:291] 	OCF_RelicAyleid_Crystal [0xFF001FFD] added to 8/1716
[21:10:07:291] 	OCF_AlchFood_EggMagic [0xFF001FFE] added to 0/1716
[21:10:07:291] 	OCF_VesselPlate [0xFF001FFF] added to 0/1716
[21:10:07:291] 	OCF_VesselCup [0xFF002000] added to 0/1716
[21:10:07:291] 	OCF_VesselTankard [0xFF002001] added to 1/1716
[21:10:07:291] 	OCF_AlchDrink_Tea [0xFF002002] added to 0/1716
[21:10:07:291] 	OCF_AlchDrink_Juice [0xFF002003] added to 0/1716
[21:10:07:291] 	OCF_AlchDrink_Coffee [0xFF002005] added to 1/1716
[21:10:07:291] 	OCF_VesselBag [0xFF002006] added to 2/1716
[21:10:07:291] 	OCF_AlchBait [0xFF002007] added to 1/1716
[21:10:07:291] 	OCF_VesselFlask [0xFF001E28] added to 1/1716
[21:10:07:291] 	OCF_IngrRemains_BugBee [0xFF002008] added to 0/1716
[21:10:07:291] 	OCF_VesselKettle [0xFF002009] added to 0/1716
[21:10:07:291] 	OCF_VesselWaterskin_100 [0xFF00200A] added to 2/1716
[21:10:07:291] 	OCF_AlchDrugTonic [0xFF00200B] added to 0/1716
[21:10:07:291] 	OCF_IngrPlant_Mushroom [0xFF00200D] added to 3/1716
[21:10:07:291] 	OCF_VesselFlagon [0xFF00200E] added to 3/1716
[21:10:07:291] 	OCF_MiscEmptyVessel_Bottle [0xFF00200F] added to 0/1716
[21:10:07:291] 	OCF_MiscWashcloth [0xFF002010] added to 0/1716
[21:10:07:291] 	OCF_varAlchNotRaw [0xFF002011] added to 0/1716
[21:10:07:291] 	OCF_AlchSpoiled [0xFF002012] added to 0/1716
[21:10:07:291] 	OCF_IngrRemains_BugDragonfly [0xFF002013] added to 0/1716
[21:10:07:291] 	OCF_IngrRemains_Fat [0xFF002014] added to 0/1716
[21:10:07:291] 	OCF_IngrRemains_OrganHeart [0xFF002015] added to 0/1716
[21:10:07:291] 	_DS_KW_Food_Soup_HasMeat [0xFF002016] added to 0/1716
[21:10:07:291] 	_DS_KW_Food_Soup_Has1Vege [0xFF002017] added to 0/1716
[21:10:07:291] 	_DS_KW_Food_Soup_Has2Vege [0xFF002018] added to 0/1716
[21:10:07:291] 	_DS_KW_Food_Soup_HasMushroom [0xFF002019] added to 0/1716
[21:10:07:291] 	_DS_KW_Food_Soup_HasSeason [0xFF00201A] added to 0/1716
[21:10:07:291] 	_DS_KW_Food_SoupCold [0xFF00201B] added to 0/1716
[21:10:07:291] 	OCF_IngrPlant_Root [0xFF00201E] added to 0/1716
[21:10:07:291] 	OCF_AlchBlood_Creature [0xFF00201F] added to 0/1716
[21:10:07:291] 	OCF_AlchBlood_Werebeast [0xFF002020] added to 0/1716
[21:10:07:291] 	OCF_Placeholder_Learn [0xFF002022] added to 0/1716
[21:10:07:291] 	OCF_Placeholder_Dummy [0xFF002023] added to 12/1716
[21:10:07:291] 	OCF_AlchSnow [0xFF002024] added to 0/1716
[21:10:07:291] 	OCF_VesselWaterskin_066 [0xFF002026] added to 1/1716
[21:10:07:291] 	OCF_VesselWaterskin_033 [0xFF002027] added to 1/1716
[21:10:07:291] 	OCF_MiscEmptyVessel_Jar [0xFF001F05] added to 0/1716
[21:10:07:291] 	_SHSaltWaterKeyword [0x1F35D3F~OCF.esp] added to 1/1716
[21:10:07:291] 	OCF_AlchPowder_Frost [0xFF00202A] added to 0/1716
[21:10:07:291] 	OCF_VesselJar [0xFF00202B] added to 0/1716
[21:10:07:291] 	OCF_VesselWaterskin_000 [0xFF00202C] added to 0/1716
[21:10:07:291] 	VendorItemPotion [0x8CDEC~Skyrim.esm] added to 1/1716
[21:10:07:291] 	OCF_VesselHoneyPot [0xFF00202E] added to 0/1716
[21:10:07:291] 	OCF_VesselWaterskin_075 [0xFF00202F] added to 0/1716
[21:10:07:291] 	OCF_VesselWaterskin_050 [0xFF002030] added to 0/1716
[21:10:07:291] 	OCF_VesselWaterskin_025 [0xFF002031] added to 0/1716
[21:10:07:291] 	OCF_AlchFood_Sandwich [0xFF002032] added to 0/1716
[21:10:07:291] 	OCF_AlchDrug_Eversnow [0xFF002033] added to 1/1716
[21:10:07:291] 	OCF_VesselSmokingPipe [0xFF002034] added to 0/1716
[21:10:07:291] 	OCF_AlchPerfume [0xFF002035] added to 0/1716
[21:10:07:291] 	OCF_VesselVial [0xFF002036] added to 0/1716
[21:10:07:291] 	OCF_ArtifactLegendary_WhitePhial [0xFF002037] added to 6/1716
[21:10:07:291] 	OCF_InvColorFrost [0xFF001CFE] added to 0/1716
[21:10:07:291] 	OCF_InvColorDaedric [0xFF001D82] added to 8/1716
[21:10:07:291] 	OCF_InvColorGold [0xFF002046] added to 1/1716
[21:10:07:291] 	OCF_InvColorLegendary [0xFF002047] added to 0/1716
[21:10:07:291] 	_SH_LightFoodKeyword [0x1F35D6D~OCF.esp] added to 38/1716
[21:10:07:291] 	_SH_HeavyFoodKeyword [0x1F35D6F~OCF.esp] added to 43/1716
[21:10:07:291] 	EASKID_All [0xFF002048] added to 143/1716
[21:10:07:291] 	EASKID_Group01 [0xFF002049] added to 22/1716
[21:10:07:291] 	EASkey_AltoWine01 [0xFF00204A] added to 5/1716
[21:10:07:291] 	EASkey_AltoWine02 [0xFF00204B] added to 2/1716
[21:10:07:291] 	EASKID_Group03 [0xFF00204C] added to 19/1716
[21:10:07:291] 	EASkey_Dumpling [0xFF00204D] added to 5/1716
[21:10:07:291] 	EASKID_Group02 [0xFF00204E] added to 11/1716
[21:10:07:291] 	EASKID_Group04 [0xFF00204F] added to 12/1716
[21:10:07:291] 	EASKID_Group05 [0xFF002050] added to 14/1716
[21:10:07:291] 	EASKID_Group06 [0xFF002051] added to 11/1716
[21:10:07:291] 	EASKID_Group07 [0xFF002052] added to 12/1716
[21:10:07:291] 	EASKID_Group08 [0xFF002053] added to 10/1716
[21:10:07:291] 	EASKID_Group09 [0xFF002054] added to 15/1716
[21:10:07:291] 	EASKID_Group10 [0xFF002055] added to 17/1716
[21:10:07:291] 	EASkey_Ale [0xFF002056] added to 6/1716
[21:10:07:291] 	EASkey_AppleCabbageStew [0xFF002057] added to 2/1716
[21:10:07:291] 	EASkey_ArgonianBloodWine [0xFF002058] added to 1/1716
[21:10:07:291] 	EASkey_AshHopperLeg [0xFF002059] added to 1/1716
[21:10:07:291] 	EASkey_AshHopperMeat [0xFF00205A] added to 1/1716
[21:10:07:291] 	EASkey_AshYam [0xFF00205B] added to 1/1716
[21:10:07:291] 	EASkey_BakedPotatoes [0xFF00205C] added to 1/1716
[21:10:07:291] 	EASkey_BeefStew [0xFF00205D] added to 2/1716
[21:10:07:291] 	EASkey_BlackBriarMead [0xFF00205E] added to 1/1716
[21:10:07:291] 	EASkey_BlackBriarMeadPrivateReserve [0xFF00205F] added to 1/1716
[21:10:07:291] 	EASkey_BoarMeat [0xFF002060] added to 1/1716
[21:10:07:291] 	EASkey_BoiledCremeTreat [0xFF002061] added to 1/1716
[21:10:07:291] 	EASkey_BraidedBread [0xFF002062] added to 1/1716
[21:10:07:291] 	EASkey_Bread [0xFF002063] added to 1/1716
[21:10:07:291] 	EASkey_BreadHalf [0xFF002064] added to 1/1716
[21:10:07:291] 	EASkey_Butter [0xFF002065] added to 1/1716
[21:10:07:291] 	EASkey_Cabbage [0xFF002066] added to 1/1716
[21:10:07:291] 	EASkey_CabbagePotatoSoup [0xFF002067] added to 2/1716
[21:10:07:291] 	EASkey_CabbageSoup [0xFF002068] added to 2/1716
[21:10:07:291] 	EASkey_Carrot [0xFF002069] added to 1/1716
[21:10:07:291] 	EASkey_CharredSkeeverMeat [0xFF00206A] added to 1/1716
[21:10:07:291] 	EASkey_ChickenBreast [0xFF00206B] added to 1/1716
[21:10:07:291] 	EASkey_ClamChowder [0xFF00206C] added to 2/1716
[21:10:07:291] 	EASkey_ClamMeat [0xFF00206D] added to 1/1716
[21:10:07:291] 	EASkey_CookedBeef [0xFF00206E] added to 3/1716
[21:10:07:291] 	EASkey_CookedBoarMeat [0xFF00206F] added to 1/1716
[21:10:07:291] 	EASkey_DogMeat [0xFF002070] added to 2/1716
[21:10:07:291] 	EASkey_EidarCheeseWedge [0xFF002071] added to 1/1716
[21:10:07:291] 	EASkey_EidarCheeseWheel [0xFF002072] added to 1/1716
[21:10:07:291] 	EASkey_ElsweyrFondue [0xFF002073] added to 2/1716
[21:10:07:291] 	EASkey_FirebrandWine [0xFF002074] added to 1/1716
[21:10:07:291] 	EASkey_Flin [0xFF002075] added to 2/1716
[21:10:07:291] 	EASkey_GarlicBread [0xFF002076] added to 1/1716
[21:10:07:291] 	EASkey_GoatCheeseWedge [0xFF002077] added to 1/1716
[21:10:07:291] 	EASkey_GoatCheeseWheel [0xFF002078] added to 1/1716
[21:10:07:291] 	EASkey_Gourd [0xFF002079] added to 1/1716
[21:10:07:291] 	EASkey_GreenApple [0xFF00207A] added to 1/1716
[21:10:07:291] 	EASkey_GrilledChickenBreast [0xFF00207B] added to 1/1716
[21:10:07:291] 	EASkey_GrilledLeeks [0xFF00207C] added to 1/1716
[21:10:07:291] 	EASkey_Honey [0xFF00207D] added to 1/1716
[21:10:07:291] 	EASkey_HoneyNutTreat [0xFF00207E] added to 1/1716
[21:10:07:291] 	EASkey_HonningbrewMead [0xFF00207F] added to 3/1716
[21:10:07:291] 	EASkey_HorkerAndAshYamStew [0xFF002080] added to 2/1716
[21:10:07:291] 	EASkey_HorkerLoaf [0xFF002081] added to 1/1716
[21:10:07:291] 	EASkey_HorkerMeat [0xFF002082] added to 1/1716
[21:10:07:291] 	EASkey_HorkerStew [0xFF002083] added to 2/1716
[21:10:07:291] 	EASkey_HorseHaunch [0xFF002084] added to 1/1716
[21:10:07:291] 	EASkey_HorseMeat [0xFF002085] added to 1/1716
[21:10:07:291] 	EASkey_JazbayCrostata [0xFF002086] added to 1/1716
[21:10:07:291] 	EASkey_JugOfMilk [0xFF002087] added to 1/1716
[21:10:07:291] 	EASkey_JuniperBerryCrostata [0xFF002088] added to 1/1716
[21:10:07:291] 	EASkey_Leek [0xFF002089] added to 1/1716
[21:10:07:291] 	EASkey_LegOfGoat [0xFF00208A] added to 1/1716
[21:10:07:291] 	EASkey_LegofGoatRoast [0xFF00208B] added to 1/1716
[21:10:07:291] 	EASkey_LongTaffyTreat [0xFF00208C] added to 1/1716
[21:10:07:291] 	EASkey_MammothCheeseBowl [0xFF00208D] added to 1/1716
[21:10:07:291] 	EASkey_MammothSnout [0xFF00208E] added to 2/1716
[21:10:07:291] 	EASkey_MammothSteak [0xFF00208F] added to 1/1716
[21:10:07:291] 	EASkey_Matze [0xFF002090] added to 1/1716
[21:10:07:291] 	EASkey_MudcrabLegs [0xFF002091] added to 1/1716
[21:10:07:291] 	EASkey_PheasantBreast [0xFF002092] added to 1/1716
[21:10:07:291] 	EASkey_PheasantRoast [0xFF002093] added to 1/1716
[21:10:07:291] 	EASkey_Pie [0xFF002094] added to 2/1716
[21:10:07:291] 	EASkey_Potato [0xFF002095] added to 1/1716
[21:10:07:291] 	EASkey_PotatoBread [0xFF002096] added to 1/1716
[21:10:07:291] 	EASkey_PotatoSoup [0xFF002097] added to 2/1716
[21:10:07:291] 	EASkey_RabbitHaunch [0xFF002098] added to 1/1716
[21:10:07:291] 	EASkey_RawBeef [0xFF002099] added to 1/1716
[21:10:07:291] 	EASkey_RawRabbitLeg [0xFF00209A] added to 1/1716
[21:10:07:291] 	EASkey_RedApple [0xFF00209B] added to 1/1716
[21:10:07:291] 	EASkey_SackOfFlour [0xFF00209C] added to 1/1716
[21:10:07:291] 	EASkey_SalmonMeat [0xFF00209D] added to 1/1716
[21:10:07:291] 	EASkey_SalmonSteak [0xFF00209E] added to 1/1716
[21:10:07:291] 	EASkey_SalmonSteakHF [0xFF00209F] added to 1/1716
[21:10:07:291] 	EASkey_SearedSlaughterfish [0xFF0020A0] added to 1/1716
[21:10:07:292] 	EASkey_Shein [0xFF0020A1] added to 1/1716
[21:10:07:292] 	EASkey_SlicedEidarCheese [0xFF0020A2] added to 1/1716
[21:10:07:292] 	EASkey_SlicedGoatCheese [0xFF0020A3] added to 1/1716
[21:10:07:292] 	EASkey_SnowberryCrostata [0xFF0020A4] added to 1/1716
[21:10:07:292] 	EASkey_SoulHusk [0xFF0020A5] added to 1/1716
[21:10:07:292] 	EASkey_SpicedWine [0xFF0020A6] added to 1/1716
[21:10:07:292] 	EASkey_SteamedMudcrabLegs [0xFF0020A7] added to 1/1716
[21:10:07:292] 	EASkey_Sujamma [0xFF0020A8] added to 4/1716
[21:10:07:292] 	EASkey_SurilieBrothersWine [0xFF0020A9] added to 1/1716
[21:10:07:292] 	EASkey_SweetRoll [0xFF0020AA] added to 1/1716
[21:10:07:292] 	EASkey_Tomato [0xFF0020AB] added to 1/1716
[21:10:07:292] 	EASkey_TomatoSoup [0xFF0020AC] added to 2/1716
[21:10:07:292] 	EASkey_VegetableSoup [0xFF0020AD] added to 2/1716
[21:10:07:292] 	EASkey_VelvetLeChance [0xFF0020AE] added to 3/1716
[21:10:07:292] 	EASkey_Venison [0xFF0020AF] added to 1/1716
[21:10:07:292] 	EASkey_VenisonChop [0xFF0020B0] added to 1/1716
[21:10:07:292] 	EASkey_VenisonStew [0xFF0020B1] added to 2/1716
[21:10:07:292] 	EASkey_Wine01 [0xFF0020B2] added to 2/1716
[21:10:07:292] 	EASkey_Wine02 [0xFF0020B3] added to 3/1716
[21:10:07:292] 	EASkey_Suitou [0xFF0020B4] added to 4/1716
[21:10:07:292] 	OCF_AlchDrugSkooma [0x1D97F06~OCF.esp] added to 5/1716
[21:10:07:292] 	OCF_AlchDrink_Water [0x1AB101C~OCF.esp] added to 12/1716
[21:10:07:292] 	OCF_AlchFood_Fish [0x1AB1007~OCF.esp] added to 43/1716
[21:10:07:292] 	OCF_AlchFood_Seafood [0x1AB1006~OCF.esp] added to 49/1716
[21:10:07:292] 	_DS_KW_Food_Soup [0xFF00201C] added to 0/1716
[21:10:07:292] 	OCF_AlchFood_Stew [0x1AB1012~OCF.esp] added to 65/1716
[21:10:07:292] 	OCF_VesselBowl [0xFF001FF6] added to 102/1716
[21:10:07:292] 	OCF_AlchDrug [0xFF00203A] added to 7/1716
[21:10:07:292] 	OCF_AlchPoison_Food [0xFF001FFA] added to 4/1716
[21:10:07:292] 	OCF_varAlchNotGPFriendly [0xFF002004] added to 2/1716
[21:10:07:292] 	OCF_MiscSoap [0xFF002028] added to 0/1716
[21:10:07:292] 	OCF_IngrRemains_Organ [0xFF00202D] added to 0/1716
[21:10:07:292] 	OCF_ArtifactDaedric [0xFF001DD4] added to 1/1716
[21:10:07:292] 	DaedricArtifact [0xA8668~Skyrim.esm] added to 1/1716
[21:10:07:292] 	OCF_ArtifactLegendary [0xFF001DDE] added to 6/1716
[21:10:07:292] 	OCF_RelicAyleid [0xFF001E0E] added to 8/1716
[21:10:07:292] 	OCF_RelicDwarven [0xFF002038] added to 1/1716
[21:10:07:292] 	OCF_WeapThrowable [0x86C~OCF.esp] added to 0/1716
[21:10:07:292] 	WAF_WeapTypeGrenade [0x1AB0237~OCF.esp] added to 0/1716
[21:10:07:292] 	OCF_AlchFood_Fruit [0x1AB1008~OCF.esp] added to 19/1716
[21:10:07:292] 	_SH_MediumFoodKeyword [0x1F35D6E~OCF.esp] added to 54/1716
[21:10:07:292] 	OCF_VesselWaterskin [0xFF002025] added to 4/1716
[21:10:07:292] 	OCF_VesselBottleSkooma [0xFF001FFB] added to 9/1716
[21:10:07:292] 	OCF_AlchDrinkAlcohol [0x1AB101A~OCF.esp] added to 82/1716
[21:10:07:292] 	OCF_AlchDrinkSoft [0x1AB101B~OCF.esp] added to 15/1716
[21:10:07:292] 	OCF_AlchDrink [0xFF00203C] added to 97/1716
[21:10:07:292] 	OCF_AlchFood_Baked [0x1AB1010~OCF.esp] added to 31/1716
[21:10:07:292] 	OCF_AlchFood_Cheese [0x1AB100A~OCF.esp] added to 212/1716
[21:10:07:292] 	OCF_AlchFood_Bread [0x1AB100F~OCF.esp] added to 13/1716
[21:10:07:292] 	OCF_AlchFood_Treat [0x1AB1011~OCF.esp] added to 8/1716
[21:10:07:292] 	OCF_IngrRemains_Bug [0xFF00203B] added to 0/1716
[21:10:07:292] 	OCF_AlchFood_Meat [0x1AB1004~OCF.esp] added to 52/1716
[21:10:07:292] 	OCF_IngrPlant [0xFF00201D] added to 4/1716
[21:10:07:292] 	OCF_AlchFood_Vegetable [0x1AB1009~OCF.esp] added to 26/1716
[21:10:07:292] 	OCF_AlchFood_Ingredient [0xFF00200C] added to 8/1716
[21:10:07:292] 	OCF_AlchFood [0xFF00203D] added to 485/1716
[21:10:07:292] 	CraftingSmithingForge [0x88105~Skyrim.esm] added to 7/1716
[21:10:07:292] 	OCF_VesselBottlePotion [0xFF002021] added to 439/1716
[21:10:07:292] 	_SH_WineBottleKeyword [0x1F35D71~OCF.esp] added to 35/1716
[21:10:07:292] 	_SH_WineWATERBottleKeyword [0x1F35D78~OCF.esp] added to 2/1716
[21:10:07:292] 	VendorItemFoodRaw [0xA0E56~Skyrim.esm] added to 2/1716
[21:10:07:292] 	FrostfallWarmFoodDrinkKeyword [0x1C80E08~OCF.esp] added to 25/1716
[21:10:07:292] 	OCF_AlchDrink_WaterRaw [0xFF002029] added to 0/1716
[21:10:07:292] 	CRFExemptArtifactKeyword [0x1002409~ZimsImmersiveArtifacts_WACCF_Patch.esp] added to 0/1716
[21:10:07:292] 	OCF_Artifact [0xFF001F0B] added to 7/1716
[21:10:07:292] 	OCF_Relic [0xFF001DE2] added to 9/1716
[21:10:07:292] 	OCF_AlchDrink_MilkRaw [0xFF00203F] added to 0/1716
[21:10:07:292] 	OCF_AlchFood_EggRaw [0xFF002040] added to 0/1716
[21:10:07:292] 	OCF_AlchFood_FishRaw [0xFF002041] added to 18/1716
[21:10:07:292] 	OCF_AlchFood_IngredientRaw [0xFF002042] added to 0/1716
[21:10:07:292] 	OCF_AlchFood_MeatRaw [0xFF002043] added to 28/1716
[21:10:07:292] 	OCF_AlchFood_SeafoodRaw [0xFF002044] added to 22/1716
[21:10:07:292] 	OCF_VesselBottle [0xFF002045] added to 556/1716
[21:10:07:292] 	_SHFoodIgnoreKeyword [0xABE495~SunHelmSurvival.esp] added to 13/1716
[21:10:07:292] 	_SH_SoupKeyword [0x1F35D74~OCF.esp] added to 24/1716
[21:10:07:292] 	_SH_AlcoholDrinkKeyword [0x1F35D73~OCF.esp] added to 45/1716
[21:10:07:292] 	_SH_SujammaWATERBottleKeyword [0x1F35D79~OCF.esp] added to 0/1716
[21:10:07:292] 	_SH_MeadWATERBottleKeyword [0x1F35D77~OCF.esp] added to 0/1716
[21:10:07:292] 	_SHHotBeverage [0xA17387~SunHelmSurvival.esp] added to 0/1716
[21:10:07:292] 	VendorItemFood [0x8CDEA~Skyrim.esm] added to 24/1716
[21:10:07:292] 	OCF_AlchBlood [0xFF002039] added to 4/1716
[21:10:07:292] 	_SH_DrinkKeyword [0x1F35D72~OCF.esp] added to 10/1716
[21:10:07:292] 	VendorItemPoison [0x8CDED~Skyrim.esm] added to 7/1716
[21:10:07:292] 	VendorItemFoodCooked [0x1AB1001~OCF.esp] added to 174/1716
[21:10:07:292] 	VendorItemFoodUncooked [0x1AB1002~OCF.esp] added to 134/1716
[21:10:07:292] 	VendorItemFoodPrepared [0xFF001FF5] added to 478/1716
[21:10:07:292] 	OCF_AlchGreenPact [0xFF001FF4] added to 330/1716
[21:10:07:292] 	OCF_AlchFoodAndDrink [0xFF00203E] added to 1061/1716
[21:10:07:292] Scroll
[21:10:07:292] 	OCF_EquipTypeBothHands [0xFF001F58] added to 36/674
[21:10:07:292] 	OCF_EquipTypeEitherHand [0xFF001F59] added to 624/674
[21:10:07:292] 	OCF_EquipTypeLeftHand [0xFF001F5A] added to 2/674
[21:10:07:292] 	OCF_EquipTypeRightHand [0xFF001F5B] added to 12/674
[21:10:07:292] 	MAG_WeapTypeBound [0x1A92117~OCF.esp] added to 0/674
[21:10:07:292] 	OCF_ScrlSpider [0xFF0020B5] added to 24/674
[21:10:07:292] 	OCF_MiscPetGear_Toy [0xFF0020B6] added to 0/674
[21:10:07:292] 	OCF_ScrlPowder [0xFF0020B7] added to 0/674
[21:10:07:292] 	OCF_WeapTypeKunai1H [0x803~OCF.esp] added to 0/674
[21:10:07:292] 	OCF_WeapTypeShuriken1H [0x807~OCF.esp] added to 0/674
[21:10:07:292] 	OCF_WeapTypeDart1H [0x88B~OCF.esp] added to 0/674
[21:10:07:292] 	OCF_InvColorFire [0xFF001CD7] added to 3/674
[21:10:07:292] 	OCF_InvColorFrost [0xFF001CFE] added to 3/674
[21:10:07:292] 	OCF_InvColorPoison [0xFF001FDA] added to 3/674
[21:10:07:292] 	OCF_InvColorShock [0xFF001D3D] added to 3/674
[21:10:07:292] 	OCF_MaterialEthereal [0xFF001F1B] added to 0/674
[21:10:07:292] 	OCF_WeapSmallBladed1H [0x887~OCF.esp] added to 0/674
[21:10:07:292] 	OCF_WeapMelee [0x866~OCF.esp] added to 0/674
[21:10:07:292] 	OCF_MiscPetGear [0xFF0020B8] added to 0/674
[21:10:07:292] 	WeapTypeDagger [0x1E713~Skyrim.esm] added to 0/674
[21:10:07:292] 	CRFExemptArtifactKeyword [0x1002409~ZimsImmersiveArtifacts_WACCF_Patch.esp] added to 0/674
[21:10:07:292] 	OCF_WeapThrowable [0x86C~OCF.esp] added to 0/674
[21:10:07:292] 	OCF_ScrlBasic [0xFF0020B9] added to 650/674
[21:10:07:292] Location
[21:10:07:292] 	LocSetCave [0x130EF~Skyrim.esm] added to 0/2086
[21:10:07:292] 	LocSetDwarvenRuin [0x130F0~Skyrim.esm] added to 0/2086
[21:10:07:292] 	LocTypeBanditCamp [0x130DF~Skyrim.esm] added to 0/2086
[21:10:07:292] 	LocTypeBarracks [0x1CD55~Skyrim.esm] added to 0/2086
[21:10:07:292] 	LocTypeCastle [0x1CD57~Skyrim.esm] added to 0/2086
[21:10:07:292] 	LocTypeDraugrCrypt [0x130E2~Skyrim.esm] added to 0/2086
[21:10:07:292] 	LocTypeDungeon [0x130DB~Skyrim.esm] added to 0/2086
[21:10:07:292] 	LocTypeDwelling [0x130DC~Skyrim.esm] added to 1/2086
[21:10:07:292] 	LocTypeHabitation [0x39793~Skyrim.esm] added to 1/2086
[21:10:07:292] 	LocTypeHagravenNest [0x130E6~Skyrim.esm] added to 0/2086
[21:10:07:292] 	LocTypeHoldMajor [0x868E1~Skyrim.esm] added to 210/2086
[21:10:07:292] 	LocTypeHouse [0x1CB85~Skyrim.esm] added to 0/2086
[21:10:07:292] 	LocTypeJail [0x1CD59~Skyrim.esm] added to 0/2086
[21:10:07:292] 	LocTypeMine [0x18EF1~Skyrim.esm] added to 0/2086
[21:10:07:292] 	LocTypePlayerHouse [0xFC1A3~Skyrim.esm] added to 1/2086
[21:10:07:292] 	LocTypeShip [0x1CD5B~Skyrim.esm] added to 0/2086
[21:10:07:292] 	LocTypeStore [0x1CB86~Skyrim.esm] added to 0/2086
[21:10:07:292] 	TGBusiness [0x61849~Skyrim.esm] added to 0/2086
[21:10:07:292] 	OCF_LctnAetherius_Sovngarde [0xFF0020BA] added to 2/2086
[21:10:07:292] 	OCF_LctnOblivion_Apocrypha [0xFF0020BB] added to 12/2086
[21:10:07:292] 	OCF_LctnOblivion_Moonshadow [0xFF0020BC] added to 1/2086
[21:10:07:292] 	OCF_LctnOblivion_SoulCairn [0xFF0020BD] added to 1/2086
[21:10:07:292] 	OCF_LctnOblivion_Deadlands [0xFF0020BF] added to 1/2086
[21:10:07:292] 	OCF_LctnOblivion_Quagmire [0xFF0020C0] added to 0/2086
[21:10:07:292] 	HT_EquipHeadgearHere [0x855~Helmet Toggle 2.esp] added to 3/2086
[21:10:07:292] 	OCF_LctnAyleidRuin [0xFF0020BE] added to 1/2086
[21:10:07:292] 	OCF_LctnAetherius [0xFF0020C1] added to 2/2086
[21:10:07:292] 	OCF_LctnOblivion [0xFF0020C2] added to 15/2086
[21:10:07:292] Ingredient
[21:10:07:292] 	VendorItemAnimalPart [0x914EB~Skyrim.esm] added to 3/482
[21:10:07:292] 	VendorItemFoodRaw [0xA0E56~Skyrim.esm] added to 1/482
[21:10:07:292] 	VendorItemGem [0x914ED~Skyrim.esm] added to 4/482
[21:10:07:292] 	VendorItemIngredient [0x8CDEB~Skyrim.esm] added to 27/482
[21:10:07:292] 	OCF_AlchFood_EggRaw [0xFF002040] added to 10/482
[21:10:07:292] 	OCF_AlchFood_Fruit [0x1AB1008~OCF.esp] added to 12/482
[21:10:07:292] 	OCF_IngrMisc_Beehive [0xFF0020C3] added to 1/482
[21:10:07:292] 	OCF_IngrMisc_Honeycomb [0xFF0020C4] added to 1/482
[21:10:07:292] 	OCF_IngrMisc_Mineral [0xFF0020C5] added to 3/482
[21:10:07:292] 	OCF_IngrMisc_Oil [0xFF0020C6] added to 1/482
[21:10:07:292] 	OCF_IngrPlant_Berry [0xFF0020C7] added to 14/482
[21:10:07:292] 	OCF_IngrPlant_BriarHeart [0xFF0020C8] added to 1/482
[21:10:07:292] 	OCF_IngrPlant_FlowerDeathbell [0xFF0020C9] added to 2/482
[21:10:07:292] 	OCF_IngrPlant_Gloop [0xFF0020CB] added to 6/482
[21:10:07:292] 	OCF_IngrPlant_Leaf [0xFF0020CC] added to 13/482
[21:10:07:292] 	OCF_IngrPlant_MoonSugar [0xFF0020CD] added to 1/482
[21:10:07:292] 	OCF_IngrPlant_Wood [0xFF0020CE] added to 3/482
[21:10:07:292] 	OCF_IngrRemains_Bone [0xFF0020CF] added to 1/482
[21:10:07:292] 	OCF_IngrRemains_BugButterfly [0xFF0020D0] added to 9/482
[21:10:07:292] 	OCF_IngrRemains_BugDragonfly [0xFF002013] added to 4/482
[21:10:07:292] 	OCF_IngrRemains_BugFirefly [0xFF0020D1] added to 2/482
[21:10:07:292] 	OCF_IngrRemains_Crustacean [0xFF0020D2] added to 4/482
[21:10:07:292] 	OCF_IngrRemains_DustAshes [0xFF0020D3] added to 1/482
[21:10:07:292] 	OCF_IngrRemains_EggChaurus [0xFF0020D5] added to 1/482
[21:10:07:292] 	OCF_IngrRemains_EggFish [0xFF0020D6] added to 2/482
[21:10:07:292] 	OCF_IngrRemains_Feather [0xFF0020D8] added to 4/482
[21:10:07:292] 	OCF_IngrRemains_FiberSilk [0xFF0020D9] added to 2/482
[21:10:07:292] 	OCF_IngrRemains_Fish [0xFF0020DA] added to 19/482
[21:10:07:292] 	OCF_IngrRemains_FleshCooked [0xFF0020DB] added to 2/482
[21:10:07:292] 	OCF_IngrRemains_FleshRaw [0xFF0020DC] added to 7/482
[21:10:07:292] 	OCF_IngrRemains_Gloop [0xFF0020DD] added to 7/482
[21:10:07:292] 	OCF_IngrRemains_OrganEye [0xFF0020DE] added to 1/482
[21:10:07:292] 	OCF_IngrRemains_OrganHeart [0xFF002015] added to 4/482
[21:10:07:292] 	OCF_IngrRemains_Pearl [0xFF0020DF] added to 2/482
[21:10:07:292] 	OCF_IngrRemains_PlateScales [0xFF0020E0] added to 2/482
[21:10:07:292] 	OCF_IngrRemains_SharpAntler [0xFF0020E1] added to 3/482
[21:10:07:292] 	OCF_IngrRemains_SharpBeak [0xFF0020E2] added to 2/482
[21:10:07:293] 	OCF_IngrRemains_SharpClaw [0xFF0020E3] added to 2/482
[21:10:07:293] 	OCF_IngrRemains_SharpTeeth [0xFF0020E4] added to 7/482
[21:10:07:293] 	OCF_IngrRemains_SharpTusk [0xFF0020E5] added to 3/482
[21:10:07:293] 	GiftFlower [0xA0E54~Skyrim.esm] added to 7/482
[21:10:07:293] 	OCF_MiscSoap [0xFF002028] added to 2/482
[21:10:07:293] 	OCF_IngrRemains_PlateHide [0xFF0020E6] added to 2/482
[21:10:07:293] 	OCF_AlchPoison [0xFF0020E7] added to 1/482
[21:10:07:293] 	OCF_IngrRemains_SharpHorn [0xFF0020E8] added to 3/482
[21:10:07:293] 	OCF_IngrRemains_Misc [0xFF0020E9] added to 2/482
[21:10:07:293] 	OCF_AlchBlood_Humanoid [0xFF0020EA] added to 0/482
[21:10:07:293] 	OCF_IngrRemains_FiberHair [0xFF0020EB] added to 0/482
[21:10:07:293] 	OCF_IngrRemains_OrganLiver [0xFF0020EC] added to 0/482
[21:10:07:293] 	OCF_IngrRemains_SharpTalon [0xFF0020ED] added to 1/482
[21:10:07:293] 	OCF_VesselVial [0xFF002036] added to 1/482
[21:10:07:293] 	OCF_varAlchNotGPFriendly [0xFF002004] added to 0/482
[21:10:07:293] 	GiftChildSpecial [0xA248C~Skyrim.esm] added to 0/482
[21:10:07:293] 	OCF_IngrRemains_SharpHoof [0xFF0020F0] added to 0/482
[21:10:07:293] 	OCF_AlchFood_Treat [0x1AB1011~OCF.esp] added to 0/482
[21:10:07:293] 	_SH_WineBottleKeyword [0x1F35D71~OCF.esp] added to 0/482
[21:10:07:293] 	OCF_VesselBottleWine [0xFF0020F5] added to 0/482
[21:10:07:293] 	OCF_InvColorBlue [0xFF0020F6] added to 8/482
[21:10:07:293] 	OCF_InvColorDwarven [0xFF0020F7] added to 2/482
[21:10:07:293] 	OCF_InvColorLegendary [0xFF002047] added to 2/482
[21:10:07:293] 	OCF_InvColorRed [0xFF0020F8] added to 7/482
[21:10:07:293] 	OCF_InvColorYellow [0xFF0020F9] added to 6/482
[21:10:07:293] 	OCF_InvColorGreen [0xFF0020FA] added to 1/482
[21:10:07:293] 	OCF_InvColorOrange [0xFF0020FB] added to 2/482
[21:10:07:293] 	OCF_InvColorGray [0xFF0020FC] added to 0/482
[21:10:07:293] 	OCF_IngrPlant_Root [0xFF00201E] added to 20/482
[21:10:07:293] 	OCF_IngrRemains_BugBee [0xFF002008] added to 1/482
[21:10:07:293] 	OCF_AlchSpoiled [0xFF002012] added to 2/482
[21:10:07:293] 	OCF_VesselBag [0xFF002006] added to 1/482
[21:10:07:293] 	OCF_VesselBowl [0xFF001FF6] added to 65/482
[21:10:07:293] 	OCF_IngrPlant_SoulHusk [0xFF001FF2] added to 0/482
[21:10:07:293] 	OCF_AlchBlood_Creature [0xFF00201F] added to 0/482
[21:10:07:293] 	OCF_AlchBlood_Werebeast [0xFF002020] added to 0/482
[21:10:07:293] 	OCF_Placeholder_Dummy [0xFF002023] added to 0/482
[21:10:07:293] 	OCF_VesselBottlePotion [0xFF002021] added to 0/482
[21:10:07:293] 	OCF_InvColorDaedric [0xFF001D82] added to 8/482
[21:10:07:293] 	OCF_InvColorFire [0xFF001CD7] added to 1/482
[21:10:07:293] 	OCF_InvColorFrost [0xFF001CFE] added to 4/482
[21:10:07:293] 	OCF_InvColorPurple [0xFF001D02] added to 6/482
[21:10:07:293] 	OCF_InvColorShock [0xFF001D3D] added to 1/482
[21:10:07:293] 	OCF_InvColorPink [0xFF001D01] added to 2/482
[21:10:07:293] 	OCF_InvColorWhite [0xFF001D03] added to 1/482
[21:10:07:293] 	OCF_InvColorBlack [0xFF001CFC] added to 0/482
[21:10:07:293] 	OCF_InvColorMagenta [0xFF001D00] added to 0/482
[21:10:07:293] 	OCF_IngrPlant_Flower [0xFF0020CA] added to 39/482
[21:10:07:293] 	OCF_IngrPlant_Mushroom [0xFF00200D] added to 39/482
[21:10:07:293] 	OCF_IngrRemains_Dust [0xFF0020D4] added to 10/482
[21:10:07:293] 	OCF_IngrRemains_Fat [0xFF002014] added to 7/482
[21:10:07:293] 	OCF_AlchFood_Vegetable [0x1AB1009~OCF.esp] added to 3/482
[21:10:07:293] 	OCF_IngrRemains_Egg [0xFF0020D7] added to 16/482
[21:10:07:293] 	OCF_IngrRemains_Plate [0xFF0020EF] added to 4/482
[21:10:07:293] 	OCF_IngrRemains_Fiber [0xFF0020F2] added to 2/482
[21:10:07:293] 	OCF_IngrRemains_Flesh [0xFF0020F3] added to 9/482
[21:10:07:293] 	OCF_VesselBottle [0xFF002045] added to 0/482
[21:10:07:293] 	CRFExemptArtifactKeyword [0x1002409~ZimsImmersiveArtifacts_WACCF_Patch.esp] added to 0/482
[21:10:07:293] 	OCF_AlchFood_Ingredient [0xFF00200C] added to 14/482
[21:10:07:293] 	VendorItemFood [0x8CDEA~Skyrim.esm] added to 24/482
[21:10:07:293] 	OCF_IngrRemains_Organ [0xFF00202D] added to 5/482
[21:10:07:293] 	OCF_AlchBlood [0xFF002039] added to 0/482
[21:10:07:293] 	OCF_IngrRemains_Bug [0xFF00203B] added to 19/482
[21:10:07:293] 	OCF_IngrRemains_Sharp [0xFF0020F4] added to 21/482
[21:10:07:293] 	OCF_IngrRemains [0xFF0020F1] added to 133/482
[21:10:07:293] 	OCF_IngrMisc [0xFF0020EE] added to 6/482
[21:10:07:293] 	OCF_AlchGreenPact [0xFF001FF4] added to 178/482
[21:10:07:293] 	OCF_IngrPlant [0xFF00201D] added to 182/482
[21:10:07:293] Book
[21:10:07:293] 	OCF_ArtifactAedric_ElderScroll [0xFF0020FD] added to 5/4917
[21:10:07:293] 	OCF_ArtifactDaedric_BlackBook [0xFF0020FE] added to 17/4917
[21:10:07:293] 	OCF_ArtifactDaedric_OghmaInfinium [0xFF0020FF] added to 1/4917
[21:10:07:293] 	OCF_BookTextDocument [0xFF002100] added to 22/4917
[21:10:07:293] 	OCF_BookTextManual [0xFF002102] added to 20/4917
[21:10:07:293] 	OCF_BookTextRansom [0xFF002104] added to 1/4917
[21:10:07:293] 	OCF_BookTextRecipe_Cooking [0xFF002105] added to 56/4917
[21:10:07:293] 	OCF_BookTextRecipe_Crafting [0xFF002106] added to 6/4917
[21:10:07:293] 	OCF_BookTextRecipe_Daedric [0xFF002107] added to 36/4917
[21:10:07:293] 	OCF_BookTextRecipe_Spider [0xFF002108] added to 29/4917
[21:10:07:293] 	OCF_BookTextSong [0xFF00210C] added to 0/4917
[21:10:07:293] 	OCF_Placeholder_FireFuel_Beehive [0xFF00210D] added to 2/4917
[21:10:07:293] 	OCF_Placeholder_FireFuel_Book [0xFF00210E] added to 3/4917
[21:10:07:293] 	OCF_Placeholder_FireFuel_Cloth [0xFF00210F] added to 2/4917
[21:10:07:293] 	OCF_Placeholder_FireFuel_DwarvenOil [0xFF002110] added to 2/4917
[21:10:07:293] 	OCF_Placeholder_FireFuel_Mushroom [0xFF002111] added to 2/4917
[21:10:07:293] 	OCF_Placeholder_FireFuel_Paper [0xFF002112] added to 2/4917
[21:10:07:293] 	OCF_Placeholder_FireFuel_Plant [0xFF002113] added to 4/4917
[21:10:07:293] 	OCF_Placeholder_FireFuel_Root [0xFF002114] added to 2/4917
[21:10:07:293] 	OCF_Placeholder_FireFuel_Straw [0xFF002115] added to 2/4917
[21:10:07:293] 	OCF_Placeholder_FireFuel_Wood [0xFF002116] added to 16/4917
[21:10:07:293] 	OCF_Placeholder_FireLight_Magic [0xFF002117] added to 3/4917
[21:10:07:293] 	OCF_Placeholder_FireLight_Stone [0xFF002118] added to 3/4917
[21:10:07:293] 	OCF_Placeholder_FireFuel_FireSalts [0xFF002119] added to 0/4917
[21:10:07:293] 	OCF_RelicDaedric_EldritchPage [0xFF00211A] added to 10/4917
[21:10:07:293] 	OCF_RelicDaedric_EldritchTome [0xFF00211B] added to 10/4917
[21:10:07:293] 	OCF_BookTextScroll [0xFF00211C] added to 2/4917
[21:10:07:293] 	OCF_BookBindingScroll [0xFF00211D] added to 2/4917
[21:10:07:293] 	VendorItemScroll [0xA0E57~Skyrim.esm] added to 2/4917
[21:10:07:293] 	OCF_Placeholder_Craft [0xFF00211E] added to 0/4917
[21:10:07:293] 	OCF_Placeholder_FireFuel_Fat [0xFF00211F] added to 0/4917
[21:10:07:293] 	OCF_ReplicaAedric_ElderScroll [0xFF002120] added to 6/4917
[21:10:07:293] 	OCF_ReplicaDaedric_BlackBook [0xFF002121] added to 8/4917
[21:10:07:293] 	OCF_ReplicaDaedric_OghmaInfinium [0xFF002122] added to 1/4917
[21:10:07:293] 	OCF_BookBindingJournal [0xFF002123] added to 489/4917
[21:10:07:293] 	OCF_BookSpellTome_Shehai [0xFF002124] added to 0/4917
[21:10:07:293] 	OCF_varBookNotSpellTome [0xFF002125] added to 0/4917
[21:10:07:293] 	OCF_Placeholder_FireFuel_LanternOil [0xFF002126] added to 0/4917
[21:10:07:293] 	OCF_BookTextSkill [0xFF00212A] added to 174/4917
[21:10:07:293] 	CraftingSmithingForge [0x88105~Skyrim.esm] added to 0/4917
[21:10:07:293] 	OCF_InvColorEldritch [0xFF001CD6] added to 20/4917
[21:10:07:293] 	BoobiesBookTypeSpellAlteration [0xFF00212E] added to 99/4917
[21:10:07:293] 	BoobiesBookTypeSpellIllusion [0xFF002131] added to 76/4917
[21:10:07:293] 	BoobiesBookTypeSpellRestoration [0xFF002132] added to 100/4917
[21:10:07:293] 	BookTypeJournal [0xFF002137] added to 548/4917
[21:10:07:293] 	BookTypeMissive [0xFF002139] added to 156/4917
[21:10:07:293] 	OCF_BookTextMap [0xFF001E64] added to 65/4917
[21:10:07:293] 	OCF_BookTextMissive [0xFF002103] added to 185/4917
[21:10:07:293] 	OCF_ArtifactAedric [0xFF001EB3] added to 5/4917
[21:10:07:293] 	OCF_RelicDaedric [0xFF001E7F] added to 20/4917
[21:10:07:293] 	OCF_Relic [0xFF001DE2] added to 20/4917
[21:10:07:293] 	OCF_ReplicaAedric [0xFF001F0E] added to 6/4917
[21:10:07:293] 	OCF_ArtifactDaedric [0xFF001DD4] added to 18/4917
[21:10:07:293] 	DaedricArtifact [0xA8668~Skyrim.esm] added to 17/4917
[21:10:07:293] 	BoobiesBookTypeSpellConjuration [0xFF00212F] added to 276/4917
[21:10:07:293] 	BoobiesBookTypeJournal [0xFF002133] added to 548/4917
[21:10:07:293] 	BookTypeNote [0xFF002138] added to 1020/4917
[21:10:07:293] 	BookTypeCrafting [0xFF00213A] added to 27/4917
[21:10:07:293] 	BoobiesBookTypeCrafting [0xFF002134] added to 27/4917
[21:10:07:293] 	BoobiesBookTypeMissive [0xFF002135] added to 156/4917
[21:10:07:293] 	VendorItemRecipe [0xF5CB0~Skyrim.esm] added to 19/4917
[21:10:07:293] 	BookTypeRecipe [0xFF00213B] added to 247/4917
[21:10:07:293] 	BoobiesBookTypeRecipe [0xFF002136] added to 247/4917
[21:10:07:293] 	OCF_BookSpellTome_Destruction [0xFF002109] added to 336/4917
[21:10:07:293] 	OCF_BookSpellTome_Illusion [0xFF00210A] added to 125/4917
[21:10:07:293] 	OCF_BookSpellTome_Alteration [0xFF00210B] added to 201/4917
[21:10:07:293] 	OCF_ReplicaDaedric [0xFF001E90] added to 9/4917
[21:10:07:293] 	OCF_Replica [0xFF001E40] added to 18/4917
[21:10:07:293] 	OCF_Placeholder_FireLight [0xFF002128] added to 6/4917
[21:10:07:293] 	OCF_BookSpellTome_Conjuration [0xFF00212B] added to 444/4917
[21:10:07:293] 	OCF_BookSpellTome_Restoration [0xFF00212C] added to 176/4917
[21:10:07:293] 	OCF_Artifact [0xFF001F0B] added to 23/4917
[21:10:07:293] 	CRFExemptArtifactKeyword [0x1002409~ZimsImmersiveArtifacts_WACCF_Patch.esp] added to 18/4917
[21:10:07:293] 	BoobiesBookTypeSpellDestruction [0xFF002130] added to 184/4917
[21:10:07:293] 	OCF_BookTextRecipe_Alchemy [0xFF002129] added to 96/4917
[21:10:07:293] 	OCF_BookSpellTome_Other [0xFF00212D] added to 30/4917
[21:10:07:293] 	VendorItemSpellTome [0x937A5~Skyrim.esm] added to 29/4917
[21:10:07:293] 	OCF_BookTextJournal [0xFF002101] added to 548/4917
[21:10:07:293] 	OCF_Placeholder_FireFuel [0xFF002127] added to 34/4917
[21:10:07:293] Misc Item
[21:10:07:293] 	OCF_ArtifactDaedric_BrokenRazor [0xFF00213C] added to 8/5228
[21:10:07:293] 	OCF_ArtifactDaedric_BrokenStar [0xFF00213D] added to 1/5228
[21:10:07:293] 	OCF_ArtifactDaedric_SkeletonKey [0xFF00213E] added to 1/5228
[21:10:07:293] 	OCF_ArtifactLegendary_BrokenWuuthrad [0xFF00213F] added to 13/5228
[21:10:07:293] 	OCF_ArtifactLegendary_WhitePhial [0xFF002037] added to 2/5228
[21:10:07:293] 	OCF_RelicDaedric_SigilStone [0xFF002141] added to 8/5228
[21:10:07:293] 	OCF_RelicNordic_SkullKey [0xFF002143] added to 2/5228
[21:10:07:293] 	OCF_IngrRemains_BoneSkull_Bird [0xFF002148] added to 1/5228
[21:10:07:293] 	OCF_IngrRemains_BoneSkull_Horse [0xFF002149] added to 2/5228
[21:10:07:293] 	OCF_IngrRemains_BoneSkull_FrostGiant [0xFF00214A] added to 2/5228
[21:10:07:293] 	OCF_IngrRemains_BoneSkull_Human [0xFF00214C] added to 22/5228
[21:10:07:293] 	OCF_IngrRemains_SharpHorn [0xFF0020E8] added to 2/5228
[21:10:07:293] 	OCF_IngrRemains_SharpTalon [0xFF0020ED] added to 1/5228
[21:10:07:293] 	OCF_IngrRemains_SharpTusk [0xFF0020E5] added to 3/5228
[21:10:07:293] 	WAF_MaterialChitin [0x1AB0133~OCF.esp] added to 0/5228
[21:10:07:293] 	OCF_IngrRemains_PlateScales [0xFF0020E0] added to 8/5228
[21:10:07:293] 	BYOHAdoptionClothesKeyword [0xD823~HearthFires.esm] added to 0/5228
[21:10:07:293] 	OCF_MiscEmptyVessel_Bottle [0xFF00200F] added to 23/5228
[21:10:07:293] 	VendorItemGem [0x914ED~Skyrim.esm] added to 23/5228
[21:10:07:293] 	VendorItemIngredient [0x8CDEB~Skyrim.esm] added to 25/5228
[21:10:07:293] 	VendorItemFireword [0xBECD7~Skyrim.esm] added to 10/5228
[21:10:07:293] 	OCF_MiscMaterial_ScrapDwarven [0xFF002156] added to 14/5228
[21:10:07:293] 	OCF_RelicNordic_DragonClaw [0xFF002142] added to 16/5228
[21:10:07:293] 	OCF_HandTypeClaws [0xFF001EDD] added to 0/5228
[21:10:07:293] 	OCF_RelicAedric_Sapling [0xFF002140] added to 2/5228
[21:10:07:293] 	OCF_RelicDunmer [0xFF001E80] added to 3/5228
[21:10:07:293] 	OCF_RelicDwarven [0xFF002038] added to 58/5228
[21:10:07:293] 	OCF_RelicFalmer [0xFF001DDF] added to 20/5228
[21:10:07:293] 	OCF_AnimalHideLeather [0xFF002144] added to 5/5228
[21:10:07:293] 	OCF_AnimalHideNetch [0xFF002145] added to 5/5228
[21:10:07:293] 	OCF_AnimalHideStrip [0xFF002146] added to 2/5228
[21:10:07:293] 	OCF_IngrRemains_BonePelvis [0xFF002147] added to 2/5228
[21:10:07:293] 	OCF_IngrRemains_BoneSkull_Troll [0xFF00214B] added to 1/5228
[21:10:07:293] 	OCF_IngrRemains_Feather [0xFF0020D8] added to 1/5228
[21:10:07:293] 	OCF_ScrlSpider [0xFF0020B5] added to 2/5228
[21:10:07:293] 	OCF_BookTextBook [0xFF00214D] added to 1/5228
[21:10:07:293] 	OCF_BookTextDocument [0xFF002100] added to 5/5228
[21:10:07:293] 	OCF_BookTextMap [0xFF001E64] added to 9/5228
[21:10:07:293] 	OCF_BookTextNote [0xFF00214E] added to 2/5228
[21:10:07:293] 	OCF_BookTextRecipe_Crafting [0xFF002106] added to 8/5228
[21:10:07:293] 	OCF_BookTextScroll [0xFF00211C] added to 1/5228
[21:10:07:293] 	OCF_MiscJarBug [0xFF001F06] added to 12/5228
[21:10:07:293] 	OCF_MiscChildToy_Doll [0xFF00214F] added to 49/5228
[21:10:07:293] 	OCF_MiscInstrument [0xFF001FA2] added to 21/5228
[21:10:07:293] 	OCF_MiscMaterial_Metal [0xFF002151] added to 10/5228
[21:10:07:293] 	OCF_MiscMaterial_Stone [0xFF002152] added to 2/5228
[21:10:07:293] 	OCF_MiscMaterial_Ingot [0xFF002153] added to 25/5228
[21:10:07:293] 	OCF_MiscMaterial_Ore [0xFF002154] added to 24/5228
[21:10:07:293] 	OCF_MiscPackage [0xFF002157] added to 11/5228
[21:10:07:293] 	OCF_MiscPetGear_Collar [0xFF002158] added to 2/5228
[21:10:07:293] 	OCF_AlchPoison [0xFF0020E7] added to 2/5228
[21:10:07:293] 	OCF_AlchPotion [0xFF002159] added to 4/5228
[21:10:07:293] 	OCF_MiscPottery_Dwarven [0xFF00215B] added to 2/5228
[21:10:07:294] 	OCF_SlgmX0X [0xFF00215C] added to 2/5228
[21:10:07:294] 	OCF_SlgmX5X [0xFF00215D] added to 7/5228
[21:10:07:294] 	OCF_SlgmBXX [0xFF00215E] added to 1/5228
[21:10:07:294] 	OCF_MiscTableware_Dwarven [0xFF002161] added to 22/5228
[21:10:07:294] 	OCF_MiscTableware_Glazed [0xFF002162] added to 12/5228
[21:10:07:294] 	OCF_MiscTableware_GlazedNordic [0xFF002163] added to 6/5228
[21:10:07:294] 	OCF_MiscTableware_Gold [0xFF002164] added to 38/5228
[21:10:07:294] 	OCF_MiscTableware_Silver [0xFF002165] added to 40/5228
[21:10:07:294] 	OCF_ToolAlembic [0xFF002166] added to 5/5228
[21:10:07:294] 	OCF_ToolBroom [0xFF001FC2] added to 1/5228
[21:10:07:294] 	OCF_ToolExtractor [0xFF001E32] added to 3/5228
[21:10:07:294] 	OCF_ToolLantern [0xFF001EC3] added to 4/5228
[21:10:07:294] 	OCF_ToolLockpick [0xFF002167] added to 3/5228
[21:10:07:294] 	OCF_ToolQuill [0xFF002168] added to 2/5228
[21:10:07:294] 	OCF_ToolScissors [0xFF002169] added to 2/5228
[21:10:07:294] 	OCF_ToolShovel [0xFF001FCC] added to 2/5228
[21:10:07:294] 	OCF_MiscTreasure_Coin [0xFF00216B] added to 51/5228
[21:10:07:294] 	OCF_MiscTreasure_Coinpurse [0xFF00216C] added to 6/5228
[21:10:07:294] 	OCF_MiscTreasure_Gold [0xFF00216D] added to 25/5228
[21:10:07:294] 	OCF_MiscTreasure_Silver [0xFF00216E] added to 10/5228
[21:10:07:294] 	OCF_AnimalPartDragon [0xFF00216F] added to 10/5228
[21:10:07:294] 	OCF_AnimalPartTroll [0xFF002170] added to 1/5228
[21:10:07:294] 	ClothingCrown [0x1102B46~OCF.esp] added to 3/5228
[21:10:07:294] 	OCF_BookBindingBook [0xFF002171] added to 5/5228
[21:10:07:294] 	OCF_BookBindingJournal [0xFF002123] added to 1/5228
[21:10:07:294] 	OCF_BookBindingNote [0xFF002172] added to 15/5228
[21:10:07:294] 	OCF_BookBindingScroll [0xFF00211D] added to 6/5228
[21:10:07:294] 	OCF_VesselBasket [0xFF002173] added to 32/5228
[21:10:07:294] 	OCF_VesselBottleSkooma [0xFF001FFB] added to 1/5228
[21:10:07:294] 	OCF_VesselBucket [0xFF002174] added to 4/5228
[21:10:07:294] 	OCF_VesselCloth [0xFF002175] added to 13/5228
[21:10:07:294] 	OCF_VesselCrate [0xFF002176] added to 2/5228
[21:10:07:294] 	OCF_VesselCup [0xFF002000] added to 75/5228
[21:10:07:294] 	OCF_VesselDrinkingHorn [0xFF002177] added to 1/5228
[21:10:07:294] 	OCF_VesselJug [0xFF001FF7] added to 36/5228
[21:10:07:294] 	OCF_VesselKeg [0xFF002178] added to 1/5228
[21:10:07:294] 	OCF_VesselPlate [0xFF001FFF] added to 55/5228
[21:10:07:294] 	OCF_VesselPot [0xFF002179] added to 8/5228
[21:10:07:294] 	OCF_VesselSatchel [0xFF00217A] added to 4/5228
[21:10:07:294] 	OCF_VesselTankard [0xFF002001] added to 3/5228
[21:10:07:294] 	OCF_WeapTypeCutlery1H [0x801~OCF.esp] added to 20/5228
[21:10:07:294] 	_SH_WineBottleKeyword [0x1F35D71~OCF.esp] added to 14/5228
[21:10:07:294] 	ClothingNecklace [0x10CD0A~Skyrim.esm] added to 2/5228
[21:10:07:294] 	OCF_WeapTypeStaffBlank [0x862~OCF.esp] added to 6/5228
[21:10:07:294] 	OCF_ArtifactDaedric_Bittercup [0xFF001FF9] added to 1/5228
[21:10:07:294] 	OCF_MiscEmptyVessel_Jar [0xFF001F05] added to 3/5228
[21:10:07:294] 	OCF_HeadTypeMask [0xFF001ECE] added to 3/5228
[21:10:07:294] 	OCF_Placeholder_Separate [0xFF001E2D] added to 4/5228
[21:10:07:294] 	OCF_MiscHorseGear [0xFF001DF2] added to 3/5228
[21:10:07:294] 	OCF_MiscPottery_Silver [0xFF00217B] added to 4/5228
[21:10:07:294] 	OCF_MiscDye [0xFF00217C] added to 1/5228
[21:10:07:294] 	OCF_VesselBottlePotion [0xFF002021] added to 8/5228
[21:10:07:294] 	OCF_MiscPetGear_Pack [0xFF00217D] added to 1/5228
[21:10:07:294] 	OCF_IngrRemains_OrganEye [0xFF0020DE] added to 2/5228
[21:10:07:294] 	OCF_RelicAyleid_Crystal [0xFF001FFD] added to 6/5228
[21:10:07:294] 	OCF_MiscPillow [0xFF00217E] added to 1/5228
[21:10:07:294] 	OCF_VesselJar [0xFF00202B] added to 0/5228
[21:10:07:294] 	OCF_AnimalHideFurPlate [0xFF00217F] added to 1/5228
[21:10:07:294] 	OCF_Placeholder_Filter [0xFF001E1F] added to 156/5228
[21:10:07:294] 	OCF_MiscCampingGear_Bedding [0xFF002180] added to 1/5228
[21:10:07:294] 	OCF_MiscCampingGear_CraftCook [0xFF002181] added to 1/5228
[21:10:07:294] 	OCF_MiscCampingGear_Tent [0xFF002183] added to 11/5228
[21:10:07:294] 	OCF_MiscTrap [0xFF002184] added to 2/5228
[21:10:07:294] 	OCF_MiscSoap [0xFF002028] added to 12/5228
[21:10:07:294] 	OCF_MiscWashcloth [0xFF002010] added to 0/5228
[21:10:07:294] 	OCF_IngrRemains_BoneSkull_Goblin [0xFF002185] added to 1/5228
[21:10:07:294] 	OCF_ToolMortarPestle [0xFF002186] added to 5/5228
[21:10:07:294] 	OCF_IngrRemains_BoneSkull_Elf [0xFF002187] added to 1/5228
[21:10:07:294] 	ClothingBody [0xA8657~Skyrim.esm] added to 1/5228
[21:10:07:294] 	OCF_MiscEmptyVessel_Flask [0xFF001E27] added to 1/5228
[21:10:07:294] 	_SH_SujammaBottleKeyword [0x1F35D76~OCF.esp] added to 2/5228
[21:10:07:294] 	_SH_MeadBottleKeyword [0x1F35D70~OCF.esp] added to 3/5228
[21:10:07:294] 	OCF_VesselDice [0xFF002188] added to 1/5228
[21:10:07:294] 	OCF_VesselFlask [0xFF001E28] added to 1/5228
[21:10:07:294] 	OCF_VesselGamePiece [0xFF002189] added to 4/5228
[21:10:07:294] 	OCF_VesselKettle [0xFF002009] added to 3/5228
[21:10:07:294] 	OCF_VesselPallete [0xFF00218A] added to 1/5228
[21:10:07:294] 	OCF_ToolLight_Torch [0xFF00218B] added to 6/5228
[21:10:07:294] 	OCF_VesselTorch [0xFF00218C] added to 6/5228
[21:10:07:294] 	OCF_IngrRemains_Fat [0xFF002014] added to 0/5228
[21:10:07:294] 	OCF_AlchDrinkAlcohol [0x1AB101A~OCF.esp] added to 0/5228
[21:10:07:294] 	OCF_ToolCrucible [0xFF00218D] added to 0/5228
[21:10:07:294] 	OCF_ToolRetort [0xFF00218E] added to 0/5228
[21:10:07:294] 	OCF_MiscCampingGear_CraftEnchant [0xFF00218F] added to 1/5228
[21:10:07:294] 	OCF_MiscCampingGear_CraftTan [0xFF002190] added to 1/5228
[21:10:07:294] 	OCF_Placeholder_Learn [0xFF002022] added to 8/5228
[21:10:07:294] 	OCF_WeapTypePickaxe1H [0x816~OCF.esp] added to 1/5228
[21:10:07:294] 	OCF_WeapTypeWoodaxe1H [0x81A~OCF.esp] added to 1/5228
[21:10:07:294] 	WeapTypeSword [0x1E711~Skyrim.esm] added to 0/5228
[21:10:07:294] 	OCF_SlgmGold [0xFF002191] added to 0/5228
[21:10:07:294] 	OCF_SlgmShapeCommon [0xFF002192] added to 0/5228
[21:10:07:294] 	OCF_SlgmShapeGreater [0xFF002193] added to 1/5228
[21:10:07:294] 	OCF_MiscArcana [0xFF002194] added to 0/5228
[21:10:07:294] 	OCF_IngrRemains_SharpAntler [0xFF0020E1] added to 0/5228
[21:10:07:294] 	OCF_MiscOther [0xFF002196] added to 2/5228
[21:10:07:294] 	OCF_WeapTypeClub2H [0x83F~OCF.esp] added to 0/5228
[21:10:07:294] 	OCF_WeapTypeFishingRod1H [0x81F~OCF.esp] added to 0/5228
[21:10:07:294] 	OCF_VesselBarrel [0xFF002197] added to 0/5228
[21:10:07:294] 	OCF_VesselCandle [0xFF002198] added to 0/5228
[21:10:07:294] 	OCF_MiscCampingGear_Storage [0xFF00219A] added to 0/5228
[21:10:07:294] 	OCF_MiscCampingGear_Structure [0xFF00219B] added to 0/5228
[21:10:07:294] 	OCF_MiscPetGear_Toy [0xFF0020B6] added to 0/5228
[21:10:07:294] 	OCF_IngrRemains_Carcass [0xFF00219F] added to 17/5228
[21:10:07:294] 	OCF_AlchPoison_Food [0xFF001FFA] added to 0/5228
[21:10:07:294] 	OCF_BookTextJournal [0xFF002101] added to 0/5228
[21:10:07:294] 	OCF_IngrPlant_Flower [0xFF0020CA] added to 0/5228
[21:10:07:294] 	OCF_IngrRemains_OrganHeart [0xFF002015] added to 1/5228
[21:10:07:294] 	ArmorCuirass [0x6C0EC~Skyrim.esm] added to 1/5228
[21:10:07:294] 	OCF_Placeholder_Dummy [0xFF002023] added to 1/5228
[21:10:07:294] 	OCF_MiscCard [0xFF00219D] added to 140/5228
[21:10:07:294] 	OCF_IngrRemains_BoneSkull_Dragon [0xFF00219E] added to 1/5228
[21:10:07:294] 	OCF_IngrRemains_SharpClaw [0xFF0020E3] added to 0/5228
[21:10:07:294] 	ClothingCirclet [0x10CD08~Skyrim.esm] added to 0/5228
[21:10:07:294] 	OCF_AlchFood_Ingredient [0xFF00200C] added to 0/5228
[21:10:07:294] 	OCF_AlchSnow [0xFF002024] added to 0/5228
[21:10:07:294] 	VendorItemKey [0x914EF~Skyrim.esm] added to 1/5228
[21:10:07:294] 	OCF_WeapTypeDagger1H [0x802~OCF.esp] added to 0/5228
[21:10:07:294] 	OCF_IngrRemains_Gloop [0xFF0020DD] added to 0/5228
[21:10:07:294] 	OCF_MiscJar [0xFF0021A0] added to 1/5228
[21:10:07:294] 	OCF_AlchSpoiled [0xFF002012] added to 0/5228
[21:10:07:294] 	_SHSaltWaterKeyword [0x1F35D3F~OCF.esp] added to 0/5228
[21:10:07:294] 	OCF_VesselWaterskin_100 [0xFF00200A] added to 0/5228
[21:10:07:294] 	OCF_VesselWaterskin_000 [0xFF00202C] added to 1/5228
[21:10:07:294] 	OCF_IngrMisc_Mineral [0xFF0020C5] added to 0/5228
[21:10:07:294] 	OCF_MiscPainting [0xFF0021A1] added to 2/5228
[21:10:07:294] 	OCF_MiscSeashell [0xFF0021A2] added to 69/5228
[21:10:07:294] 	OCF_ToolCompass [0xFF001E62] added to 2/5228
[21:10:07:294] 	OCF_ToolSpyglass [0xFF001EAA] added to 1/5228
[21:10:07:294] 	OCF_ToolLight_Candle [0xFF0021A3] added to 0/5228
[21:10:07:294] 	OCF_MiscJarFish [0xFF0021A4] added to 0/5228
[21:10:07:294] 	OCF_ToolLight_LanternBug [0xFF0021A5] added to 0/5228
[21:10:07:294] 	VendorItemRecipe [0xF5CB0~Skyrim.esm] added to 0/5228
[21:10:07:294] 	OCF_VesselBag [0xFF002006] added to 0/5228
[21:10:07:294] 	OCF_IngrRemains_SharpTeeth [0xFF0020E4] added to 0/5228
[21:10:07:294] 	OCF_AmmoTypeArrow [0x86D~OCF.esp] added to 0/5228
[21:10:07:294] 	OCF_BookTextManual [0xFF002102] added to 0/5228
[21:10:07:294] 	OCF_MiscCampingGear_CraftSmelt [0xFF0021A6] added to 0/5228
[21:10:07:294] 	OCF_MiscCampingGear_CraftSmith [0xFF0021A7] added to 0/5228
[21:10:07:294] 	OCF_MiscCampingGear_FurnitureChair [0xFF0021A8] added to 0/5228
[21:10:07:294] 	OCF_MiscCampingGear_FurnitureTable [0xFF0021A9] added to 0/5228
[21:10:07:294] 	OCF_ToolParaglider [0xFF0021AA] added to 1/5228
[21:10:07:294] 	OCF_ReplicaLegendary [0xFF001E3F] added to 1/5228
[21:10:07:294] 	OCF_ScrlTypeShalidor [0xFF0021AB] added to 0/5228
[21:10:07:294] 	OCF_BookTextAncient [0xFF0021AC] added to 0/5228
[21:10:07:294] 	OCF_BookTextGrimoire [0xFF0021AD] added to 0/5228
[21:10:07:294] 	OCF_BookTextThesis [0xFF0021AE] added to 0/5228
[21:10:07:294] 	OCF_ToolCauldron [0xFF0021AF] added to 0/5228
[21:10:07:294] 	OCF_SlgmPiece_Filled [0xFF0021B0] added to 0/5228
[21:10:07:294] 	OCF_VesselVial [0xFF002036] added to 0/5228
[21:10:07:294] 	OCF_IngrRemains_DustAshes [0xFF0020D3] added to 0/5228
[21:10:07:294] 	OCF_ArtifactDaedric_ObsidianHusk [0xFF0021B1] added to 0/5228
[21:10:07:294] 	OCF_IngrRemains_BoneSkull_Argonian [0xFF0021B2] added to 0/5228
[21:10:07:294] 	OCF_IngrRemains_BoneSkull_Khajiit [0xFF0021B3] added to 0/5228
[21:10:07:294] 	OCF_IngrRemains_BoneSkull_Orc [0xFF0021B4] added to 0/5228
[21:10:07:294] 	OCF_MiscEmptyVessel_Jug [0xFF0021B5] added to 0/5228
[21:10:07:294] 	OCF_ToolSextant [0xFF0021B6] added to 0/5228
[21:10:07:294] 	OCF_HeadTypeGlasses [0xFF001EC7] added to 0/5228
[21:10:07:294] 	OCF_VesselBottlePerfume [0xFF0021B7] added to 0/5228
[21:10:07:294] 	OCF_VesselBottlePoison [0xFF0021B8] added to 0/5228
[21:10:07:294] 	OCF_MiscCampingGear_CraftAlchemy [0xFF0021B9] added to 0/5228
[21:10:07:294] 	OCF_MiscCampingGear_FurnitureBathtub [0xFF0021BA] added to 0/5228
[21:10:07:294] 	OCF_MiscCampingGear_FurnitureDecoration [0xFF0021BB] added to 0/5228
[21:10:07:294] 	OCF_MiscCampingGear_FurniturePillow [0xFF0021BC] added to 0/5228
[21:10:07:294] 	OCF_MiscCampingGear_Shrine [0xFF0021BD] added to 0/5228
[21:10:07:294] 	OCF_MiscPetGear_Bedding [0xFF0021BE] added to 0/5228
[21:10:07:294] 	OCF_AmmoTypeBullet1H_Basic [0x877~OCF.esp] added to 0/5228
[21:10:07:294] 	OCF_VesselHoneyPot [0xFF00202E] added to 0/5228
[21:10:07:294] 	OCF_MiscOil [0xFF0021BF] added to 0/5228
[21:10:07:294] 	OCF_BodyTypePants [0xFF001EBA] added to 1/5228
[21:10:07:294] 	OCF_InvColorCopper [0xFF0021C6] added to 14/5228
[21:10:07:294] 	OCF_InvColorSilver [0xFF0021C7] added to 1/5228
[21:10:07:294] 	OCF_InvColorNecromancy [0xFF0021C8] added to 0/5228
[21:10:07:294] 	OCF_InvColorDaedric [0xFF001D82] added to 1/5228
[21:10:07:294] 	OCF_InvColorRed [0xFF0020F8] added to 0/5228
[21:10:07:294] 	OCF_InvColorEldritch [0xFF001CD6] added to 0/5228
[21:10:07:294] 	OCF_InvColorBlood [0xFF001CD5] added to 1/5228
[21:10:07:294] 	OCF_RelicAedric [0xFF001EB4] added to 6/5228
[21:10:07:294] 	OCF_RelicDaedric [0xFF001E7F] added to 19/5228
[21:10:07:294] 	OCF_MiscMaterial_Scrap [0xFF002155] added to 28/5228
[21:10:07:294] 	ClothingRing [0x10CD09~Skyrim.esm] added to 4/5228
[21:10:07:294] 	OCF_SlgmPiece [0xFF00215F] added to 6/5228
[21:10:07:294] 	OCF_VesselBowl [0xFF001FF6] added to 36/5228
[21:10:07:294] 	OCF_AlchDrink_Water [0x1AB101C~OCF.esp] added to 0/5228
[21:10:07:294] 	OCF_VesselFlagon [0xFF00200E] added to 5/5228
[21:10:07:294] 	OCF_WeapBroken [0xFF001FA1] added to 37/5228
[21:10:07:294] 	OCF_RelicAyleid [0xFF001E0E] added to 9/5228
[21:10:07:294] 	OCF_Replica [0xFF001E40] added to 2/5228
[21:10:07:294] 	BYOHAdoptionToyKeyword [0xD824~HearthFires.esm] added to 9/5228
[21:10:07:294] 	OCF_IngrRemains_Dust [0xFF0020D4] added to 0/5228
[21:10:07:294] 	OCF_AmmoTypeBullet1H [0x875~OCF.esp] added to 0/5228
[21:10:07:294] 	OCF_IngrPlant [0xFF00201D] added to 0/5228
[21:10:07:294] 	OCF_ArtifactDaedric [0xFF001DD4] added to 11/5228
[21:10:07:294] 	DaedricArtifact [0xA8668~Skyrim.esm] added to 10/5228
[21:10:07:294] 	WeapTypeDagger [0x1E713~Skyrim.esm] added to 0/5228
[21:10:07:294] 	OCF_RelicNordic [0xFF001DE1] added to 41/5228
[21:10:07:294] 	OCF_IngrRemains_BoneSkull_Animal [0xFF002195] added to 3/5228
[21:10:07:294] 	OCF_IngrRemains_BoneSkull_Creature [0xFF0021C0] added to 5/5228
[21:10:07:294] 	OCF_IngrRemains_BoneSkull_Hominid [0xFF0021C1] added to 23/5228
[21:10:07:294] 	OCF_IngrRemains_BoneSkull [0xFF0021C2] added to 31/5228
[21:10:07:294] 	OCF_IngrRemains_Bone [0xFF0020CF] added to 56/5228
[21:10:07:294] 	OCF_MiscPottery [0xFF00215A] added to 54/5228
[21:10:07:294] 	OCF_ArtifactLegendary [0xFF001DDE] added to 16/5228
[21:10:07:294] 	OCF_AmmoTypeBullet [0x86F~OCF.esp] added to 0/5228
[21:10:07:294] 	OCF_IngrRemains_Organ [0xFF00202D] added to 3/5228
[21:10:07:294] 	OCF_IngrRemains_Plate [0xFF0020EF] added to 15/5228
[21:10:07:294] 	OCF_MiscMaterialGeneral [0xFF002150] added to 40/5228
[21:10:07:294] 	OCF_MiscMaterialSmithing [0xFF0021C4] added to 77/5228
[21:10:07:294] 	OCF_MiscMaterial [0xFF0021C5] added to 117/5228
[21:10:07:294] 	WeapTypeStaff [0x1E716~Skyrim.esm] added to 6/5228
[21:10:07:294] 	CRFExemptArtifactKeyword [0x1002409~ZimsImmersiveArtifacts_WACCF_Patch.esp] added to 9/5228
[21:10:07:294] 	OCF_InvColorGold [0xFF002046] added to 1/5228
[21:10:07:294] 	OCF_IngrRemains_Sharp [0xFF0020F4] added to 6/5228
[21:10:07:294] 	OCF_Placeholder_BuildingPart [0xFF001DFC] added to 720/5228
[21:10:07:294] 	OCF_Artifact [0xFF001F0B] added to 31/5228
[21:10:07:294] 	VendorItemAnimalHide [0x914EA~Skyrim.esm] added to 0/5228
[21:10:07:294] 	OCF_MiscTreasure [0xFF00216A] added to 180/5228
[21:10:07:294] 	OCF_MiscFossil [0xFF00219C] added to 164/5228
[21:10:07:294] 	OCF_MiscPetGear [0xFF0020B8] added to 3/5228
[21:10:07:294] 	OCF_MiscCampingGear_Furniture [0xFF002182] added to 0/5228
[21:10:07:294] 	OCF_MiscCampingGear_Craft [0xFF002199] added to 3/5228
[21:10:07:294] 	OCF_MiscCampingGear [0xFF001D67] added to 17/5228
[21:10:07:294] 	CraftingSmithingForge [0x88105~Skyrim.esm] added to 35/5228
[21:10:07:294] 	VendorItemClutter [0x914E9~Skyrim.esm] added to 40/5228
[21:10:07:294] 	OCF_MiscTableware [0xFF002160] added to 235/5228
[21:10:07:294] 	OCF_BookTextRecipe [0xFF0021C3] added to 8/5228
[21:10:07:294] 	OCF_ToolAlchemy [0xFF001EC2] added to 13/5228
[21:10:07:294] 	OCF_VesselWaterskin [0xFF002025] added to 1/5228
[21:10:07:294] 	OCF_Relic [0xFF001DE2] added to 188/5228
[21:10:07:294] 	OCF_VesselBottle [0xFF002045] added to 28/5228
[21:10:07:294] 	VendorItemAnimalPart [0x914EB~Skyrim.esm] added to 54/5228
[21:10:07:294] 	OCF_Tool [0xFF001EC4] added to 72/5228
[21:10:07:294] Key
[21:10:07:294] 	OCF_KeyPlayerHome [0xFF0021C9] added to 12/1112
[21:10:07:295] 	OCF_RelicDaedric_SigilStone [0xFF002141] added to 0/1112
[21:10:07:295] 	OCF_IngrRemains_BoneSkull_Human [0xFF00214C] added to 0/1112
[21:10:07:295] 	OCF_RelicDaedric [0xFF001E7F] added to 0/1112
[21:10:07:295] 	OCF_Relic [0xFF001DE2] added to 0/1112
[21:10:07:295] 	OCF_IngrRemains_BoneSkull_Hominid [0xFF0021C1] added to 0/1112
[21:10:07:295] 	OCF_IngrRemains_BoneSkull [0xFF0021C2] added to 0/1112
[21:10:07:295] 	OCF_IngrRemains_Bone [0xFF0020CF] added to 0/1112
[21:10:07:295] 	CRFExemptArtifactKeyword [0x1002409~ZimsImmersiveArtifacts_WACCF_Patch.esp] added to 0/1112
[21:10:07:295] Soul Gem
[21:10:07:295] 	OCF_SlgmColorWhite [0xFF0021CA] added to 48/64
[21:10:07:295] 	OCF_SlgmColorBlack [0xFF0021CB] added to 16/64
[21:10:07:295] 	OCF_SlgmGemNone [0xFF0021CC] added to 5/64
[21:10:07:295] 	OCF_SlgmGemPetty [0xFF0021CD] added to 3/64
[21:10:07:295] 	OCF_SlgmGemLesser [0xFF0021CE] added to 8/64
[21:10:07:295] 	OCF_SlgmGemCommon [0xFF0021CF] added to 9/64
[21:10:07:295] 	OCF_SlgmGemGreater [0xFF0021D0] added to 9/64
[21:10:07:295] 	OCF_SlgmGemGrand [0xFF0021D1] added to 30/64
[21:10:07:295] 	OCF_SlgmSoulNone [0xFF0021D2] added to 22/64
[21:10:07:295] 	OCF_SlgmSoulPetty [0xFF0021D3] added to 7/64
[21:10:07:295] 	OCF_SlgmSoulLesser [0xFF0021D4] added to 8/64
[21:10:07:295] 	OCF_SlgmSoulCommon [0xFF0021D5] added to 7/64
[21:10:07:295] 	OCF_SlgmSoulGreater [0xFF0021D6] added to 7/64
[21:10:07:295] 	OCF_SlgmSoulGrand [0xFF0021D7] added to 13/64
[21:10:07:295] 	OCF_ArtifactDaedric_AzuraStar [0xFF0021D8] added to 1/64
[21:10:07:295] 	OCF_ArtifactDaedric_BlackStar [0xFF0021D9] added to 1/64
[21:10:07:295] 	OCF_RelicAyleid_Crystal [0xFF001FFD] added to 1/64
[21:10:07:295] 	OCF_MiscChildToy_Doll [0xFF00214F] added to 0/64
[21:10:07:295] 	OCF_ReplicaDaedric_AzuraStar [0xFF0021DB] added to 1/64
[21:10:07:295] 	OCF_ReplicaDaedric_BlackStar [0xFF0021DC] added to 1/64
[21:10:07:295] 	OCF_AmmoTypeBullet1H [0x875~OCF.esp] added to 0/64
[21:10:07:295] 	OCF_SlgmShapeCommon [0xFF002192] added to 11/64
[21:10:07:295] 	OCF_SlgmShapeGreater [0xFF002193] added to 5/64
[21:10:07:295] 	OCF_SlgmBasic_Blood [0xFF0021DD] added to 0/64
[21:10:07:295] 	OCF_SlgmBasic_Rose [0xFF0021DE] added to 0/64
[21:10:07:295] 	OCF_InvColorBlood [0xFF001CD5] added to 0/64
[21:10:07:295] 	OCF_InvColorPink [0xFF001D01] added to 0/64
[21:10:07:295] 	OCF_RelicDaedric_SigilStone [0xFF002141] added to 0/64
[21:10:07:295] 	OCF_SlgmShapeStar [0xFF0021E0] added to 4/64
[21:10:07:295] 	OCF_RelicDaedric_SoulTomato [0xFF0021DA] added to 2/64
[21:10:07:295] 	OCF_ArtifactDaedric [0xFF001DD4] added to 2/64
[21:10:07:295] 	OCF_Artifact [0xFF001F0B] added to 2/64
[21:10:07:295] 	OCF_RelicAyleid [0xFF001E0E] added to 1/64
[21:10:07:295] 	OCF_ReplicaDaedric [0xFF001E90] added to 2/64
[21:10:07:295] 	OCF_Replica [0xFF001E40] added to 2/64
[21:10:07:295] 	OCF_AmmoTypeBullet [0x86F~OCF.esp] added to 0/64
[21:10:07:295] 	BYOHAdoptionToyKeyword [0xD824~HearthFires.esm] added to 0/64
[21:10:07:295] 	DaedricArtifact [0xA8668~Skyrim.esm] added to 0/64
[21:10:07:295] 	OCF_RelicDaedric [0xFF001E7F] added to 2/64
[21:10:07:295] 	OCF_Relic [0xFF001DE2] added to 3/64
[21:10:07:295] 	CRFExemptArtifactKeyword [0x1002409~ZimsImmersiveArtifacts_WACCF_Patch.esp] added to 2/64
[21:10:07:295] 	OCF_SlgmBasic [0xFF0021DF] added to 57/64
[21:10:07:295] Spell
[21:10:07:295] 	OCF_EquipTypeBothHands [0xFF001F58] added to 379/11383
[21:10:07:295] 	OCF_EquipTypeEitherHand [0xFF001F59] added to 9229/11383
[21:10:07:295] 	OCF_EquipTypeLeftHand [0xFF001F5A] added to 846/11383
[21:10:07:295] 	OCF_EquipTypeRightHand [0xFF001F5B] added to 267/11383
[21:10:07:295] 	OCF_EquipTypeVoice [0xFF0021E1] added to 662/11383
[21:10:07:295] 	OCF_CanMineStalhrim [0x86A~OCF.esp] added to 0/11383
[21:10:07:295] 	OCF_MgefPowerGrand [0xFF001C8B] added to 10/11383
[21:10:07:295] 	OCF_MgefClassArtificer [0xFF001C8C] added to 7/11383
[21:10:07:295] 	OCF_MgefClassBard [0xFF001C8E] added to 1/11383
[21:10:07:295] 	OCF_MgefClassDruid [0xFF001C8F] added to 3/11383
[21:10:07:295] 	OCF_MgefClassEarth [0xFF001C90] added to 5/11383
[21:10:07:295] 	OCF_MgefClassEldritch [0xFF001C91] added to 11/11383
[21:10:07:295] 	OCF_MgefClassFire [0xFF001C92] added to 3/11383
[21:10:07:295] 	OCF_MgefClassFrost [0xFF001C93] added to 4/11383
[21:10:07:295] 	OCF_MgefClassHoly [0xFF001C94] added to 5/11383
[21:10:07:295] 	OCF_MgefClassRace_Altmer [0xFF001C95] added to 0/11383
[21:10:07:295] 	OCF_MgefClassRace_Argonian [0xFF001C96] added to 1/11383
[21:10:07:295] 	OCF_MgefClassRace_Breton [0xFF001C97] added to 1/11383
[21:10:07:295] 	OCF_MgefClassRace_Orsimer [0xFF001C98] added to 2/11383
[21:10:07:295] 	OCF_MgefClassRace_Redguard [0xFF001C99] added to 0/11383
[21:10:07:295] 	OCF_MgefClassRace_Vampire [0xFF001C9A] added to 69/11383
[21:10:07:295] 	OCF_MgefClassRace_Werebeast [0xFF001C9B] added to 2/11383
[21:10:07:295] 	OCF_MgefClassWater [0xFF001C9C] added to 4/11383
[21:10:07:295] 	OCF_MgefSpellBound_Weapon [0xFF001C9D] added to 14/11383
[21:10:07:295] 	OCF_MgefSpellDamage_Blood [0xFF001C9E] added to 31/11383
[21:10:07:295] 	OCF_MgefSpellDamage_Fire [0xFF001C9F] added to 20/11383
[21:10:07:295] 	OCF_MgefSpellDamage_FireCloakDunmer [0xFF001CA0] added to 0/11383
[21:10:07:295] 	OCF_MgefSpellDamage_Force [0xFF001CA1] added to 1/11383
[21:10:07:295] 	OCF_MgefSpellDamage_Frost [0xFF001CA2] added to 10/11383
[21:10:07:295] 	OCF_MgefSpellDamage_PoisonDoomstone [0xFF001CA4] added to 0/11383
[21:10:07:295] 	OCF_MgefSpellDamage_PoisonEldritch [0xFF001CA5] added to 1/11383
[21:10:07:295] 	OCF_MgefSpellDamage_Shadow [0xFF001CA6] added to 25/11383
[21:10:07:295] 	OCF_MgefSpellDamage_Steam [0xFF001CA7] added to 1/11383
[21:10:07:295] 	OCF_MgefSpellDamage_WindCloak [0xFF001CA8] added to 4/11383
[21:10:07:295] 	OCF_MgefSpellDivination [0xFF001CA9] added to 4/11383
[21:10:07:295] 	OCF_MgefSpellEnhance_AttackEldritch [0xFF001CAA] added to 1/11383
[21:10:07:295] 	OCF_MgefSpellEnhance_Damage [0xFF001CAB] added to 2/11383
[21:10:07:295] 	OCF_MgefSpellEnhance_Fall [0xFF001CAC] added to 4/11383
[21:10:07:295] 	OCF_MgefSpellEnhance_CastingDruid [0xFF001CAD] added to 1/11383
[21:10:07:295] 	OCF_MgefSpellEnhance_CastingEldritch [0xFF001CAE] added to 1/11383
[21:10:07:295] 	OCF_MgefSpellEthereal [0xFF001CAF] added to 4/11383
[21:10:07:295] 	OCF_MgefSpellHeal_LivingWater [0xFF001CB0] added to 1/11383
[21:10:07:295] 	OCF_MgefSpellHeal_Self [0xFF001CB1] added to 3/11383
[21:10:07:295] 	OCF_MgefSpellHeal_Undead [0xFF001CB2] added to 1/11383
[21:10:07:295] 	OCF_MgefSpellMind_CharmImperial [0xFF001CB3] added to 0/11383
[21:10:07:295] 	OCF_MgefSpellMind_Control [0xFF001CB4] added to 9/11383
[21:10:07:295] 	OCF_MgefSpellMind_ControlBosmer [0xFF001CB5] added to 1/11383
[21:10:07:295] 	OCF_MgefSpellMind_FearNord [0xFF001CB6] added to 0/11383
[21:10:07:295] 	OCF_MgefSpellMind_FrenzyShadow [0xFF001CB7] added to 1/11383
[21:10:07:295] 	OCF_MgefSpellMind_Paralysis [0xFF001CB8] added to 4/11383
[21:10:07:295] 	OCF_MgefSpellParalysis [0xFF001CB9] added to 0/11383
[21:10:07:295] 	OCF_MgefSpellProtect_DamageEldritch [0xFF001CBB] added to 1/11383
[21:10:07:295] 	OCF_MgefSpellProtect_Magic [0xFF001CBC] added to 1/11383
[21:10:07:295] 	OCF_MgefSpellReanimate [0xFF001CBD] added to 6/11383
[21:10:07:295] 	OCF_MgefSpellReanimateDoomstone [0xFF001CBE] added to 0/11383
[21:10:07:295] 	OCF_MgefSpellRestore_Magicka [0xFF001CBF] added to 0/11383
[21:10:07:295] 	OCF_MgefSpellRestore_Stamina [0xFF001CC0] added to 1/11383
[21:10:07:295] 	OCF_MgefSpellSacrifice_Blood [0xFF001CC1] added to 4/11383
[21:10:07:295] 	OCF_MgefSpellShapechange_Creature [0xFF001CC2] added to 1/11383
[21:10:07:295] 	OCF_MgefSpellShapechange_Vampire [0xFF001CC3] added to 7/11383
[21:10:07:295] 	OCF_MgefSpellShapechange_Werebeast [0xFF001CC4] added to 1/11383
[21:10:07:295] 	OCF_MgefSpellSoulTrap [0xFF001CC5] added to 3/11383
[21:10:07:295] 	OCF_MgefSpellSpace [0xFF001CC6] added to 3/11383
[21:10:07:295] 	OCF_MgefSpellStealth_InvisibilityDoomstone [0xFF001CC8] added to 0/11383
[21:10:07:295] 	OCF_MgefSpellSummon_Construct [0xFF001CC9] added to 6/11383
[21:10:07:295] 	OCF_MgefSpellSummon_Creature [0xFF001CCA] added to 2/11383
[21:10:07:295] 	OCF_MgefSpellSummon_DaedraEldritch [0xFF001CCC] added to 2/11383
[21:10:07:295] 	OCF_MgefSpellSummon_SpiritFrost [0xFF001CCE] added to 3/11383
[21:10:07:295] 	OCF_MgefSpellSummon_SpiritShadow [0xFF001CCF] added to 1/11383
[21:10:07:295] 	OCF_MgefSpellSummon_Undead [0xFF001CD0] added to 10/11383
[21:10:07:295] 	OCF_WeapTypeBattleaxe2H [0x837~OCF.esp] added to 1/11383
[21:10:07:295] 	OCF_MgefSpellSacrifice_Summon [0xFF001CDD] added to 2/11383
[21:10:07:295] 	OCF_MgefSpellTime [0xFF001CD1] added to 2/11383
[21:10:07:295] 	OCF_MgefSpellTransmute [0xFF001CD2] added to 3/11383
[21:10:07:295] 	OCF_MgefSpellTurnUndeadCircle [0xFF001CD3] added to 4/11383
[21:10:07:295] 	OCF_AmmoTypeArrow [0x86D~OCF.esp] added to 2/11383
[21:10:07:295] 	OCF_WeapTypeBow2H [0x84C~OCF.esp] added to 2/11383
[21:10:07:295] 	OCF_WeapTypeDagger1H [0x802~OCF.esp] added to 2/11383
[21:10:07:295] 	OCF_WeapTypeSword1H [0x810~OCF.esp] added to 2/11383
[21:10:07:295] 	OCF_InvColorArcane [0xFF001CD4] added to 1/11383
[21:10:07:295] 	OCF_InvColorBlood [0xFF001CD5] added to 6/11383
[21:10:07:295] 	OCF_InvColorEldritch [0xFF001CD6] added to 1/11383
[21:10:07:295] 	OCF_InvColorFire [0xFF001CD7] added to 2/11383
[21:10:07:295] 	OCF_InvColorShadow [0xFF001CD8] added to 22/11383
[21:10:07:295] 	OCF_MgefSpellBound_Ammo [0xFF001CD9] added to 1/11383
[21:10:07:295] 	OCF_MgefSpellForce [0xFF001CDA] added to 2/11383
[21:10:07:295] 	OCF_MgefClassNecromancy [0xFF001CDB] added to 7/11383
[21:10:07:295] 	OCF_MgefSpellSpace_Teleport [0xFF001CDC] added to 21/11383
[21:10:07:295] 	CCSM_RestoreHungerLarge [0xFF001CDE] added to 0/11383
[21:10:07:295] 	CCSM_RestoreHungerMedium [0xFF001CDF] added to 0/11383
[21:10:07:295] 	CCSM_RestoreHungerSmall [0xFF001CE0] added to 0/11383
[21:10:07:295] 	CCSM_RestoreHungerTiny [0xFF001CE1] added to 0/11383
[21:10:07:295] 	CCSM_RestoreCold [0xFF001CE2] added to 0/11383
[21:10:07:295] 	CCSM_FortifyWarmth [0xFF001CE3] added to 0/11383
[21:10:07:295] 	OCF_MgefPowerCheat [0xFF001CE4] added to 0/11383
[21:10:07:295] 	OCF_MgefPowerAction_CommandFollower [0xFF001CE5] added to 1/11383
[21:10:07:295] 	OCF_MgefPowerConfig [0xFF001CE6] added to 6/11383
[21:10:07:295] 	OCF_MgefClassShadow [0xFF001CE7] added to 5/11383
[21:10:07:295] 	OCF_MgefSpellSummon_Object [0xFF001CE8] added to 1/11383
[21:10:07:295] 	OCF_MgefClassBlood [0xFF001CE9] added to 5/11383
[21:10:07:295] 	OCF_MgefPowerAction_Bag [0xFF001CEA] added to 0/11383
[21:10:07:295] 	OCF_MgefPowerAction_Potion [0xFF001CEB] added to 0/11383
[21:10:07:295] 	OCF_MgefPowerAction_Bard [0xFF001CEC] added to 0/11383
[21:10:07:295] 	MAG_MagicDamagePoison [0x1A92001~OCF.esp] added to 5/11383
[21:10:07:295] 	OCF_MgefSpellDamage_PoisonBug [0xFF001CED] added to 1/11383
[21:10:07:295] 	OCF_MgefSpellEnhance_Dodge [0xFF001CEE] added to 2/11383
[21:10:07:295] 	OCF_MgefSpellEnhance_WaterWalk [0xFF001CEF] added to 1/11383
[21:10:07:295] 	OCF_MgefSpellHeal_SelfCloak [0xFF001CF0] added to 1/11383
[21:10:07:295] 	OCF_MgefSpellUnlock [0xFF001CF1] added to 3/11383
[21:10:07:295] 	OCF_WeapTypeGreatsword2H [0x867~OCF.esp] added to 2/11383
[21:10:07:295] 	OCF_WeapTypeMace1H [0x821~OCF.esp] added to 2/11383
[21:10:07:295] 	OCF_MgefSpellDamage_FrostFire [0xFF001CF3] added to 3/11383
[21:10:07:295] 	OCF_MgefSpellLight [0xFF001CF4] added to 2/11383
[21:10:07:295] 	OCF_MgefClassSurvival_Wilderness [0xFF001CF5] added to 5/11383
[21:10:07:295] 	OCF_MgefPowerAction_Campfire [0xFF001CF6] added to 2/11383
[21:10:07:295] 	OCF_MgefPowerAction_Craft [0xFF001CF7] added to 1/11383
[21:10:07:295] 	OCF_MgefPowerAction_HarvestWood [0xFF001CF8] added to 1/11383
[21:10:07:295] 	OCF_MgefPowerAction_Instincts [0xFF001CF9] added to 3/11383
[21:10:07:295] 	OCF_MgefPowerAction_Coin [0xFF001CFB] added to 0/11383
[21:10:07:295] 	OCF_InvColorBlack [0xFF001CFC] added to 0/11383
[21:10:07:295] 	OCF_InvColorDruid [0xFF001CFD] added to 0/11383
[21:10:07:295] 	OCF_InvColorFrost [0xFF001CFE] added to 0/11383
[21:10:07:295] 	OCF_InvColorHoly [0xFF001CFF] added to 0/11383
[21:10:07:295] 	OCF_InvColorMagenta [0xFF001D00] added to 0/11383
[21:10:07:295] 	OCF_InvColorPink [0xFF001D01] added to 0/11383
[21:10:07:295] 	OCF_InvColorPurple [0xFF001D02] added to 0/11383
[21:10:07:295] 	OCF_InvColorWhite [0xFF001D03] added to 0/11383
[21:10:07:295] 	OCF_MgefPowerAction_HorseHorn [0xFF001D04] added to 0/11383
[21:10:07:295] 	OCF_MgefPowerAction_HorseWhistle [0xFF001D05] added to 0/11383
[21:10:07:295] 	OCF_MgefDeliverTouch [0xFF001D06] added to 16/11383
[21:10:07:295] 	OCF_MgefSpellCurse_Shadow [0xFF001D07] added to 9/11383
[21:10:07:295] 	OCF_MgefSpellDamage_ShadowCloak [0xFF001D08] added to 2/11383
[21:10:07:295] 	OCF_MgefSpellEnhance_CritShadowInvis [0xFF001D0A] added to 1/11383
[21:10:07:295] 	OCF_MgefSpellEnhance_DamageShadow [0xFF001D0B] added to 1/11383
[21:10:07:295] 	OCF_MgefSpellEnhance_RegenShadowInvis [0xFF001D0C] added to 0/11383
[21:10:07:295] 	OCF_MgefClassArcane [0xFF001D0D] added to 1/11383
[21:10:07:295] 	OCF_MgefSpellDamage_Arcane [0xFF001D0E] added to 0/11383
[21:10:07:295] 	OCF_MgefSpellDamage_ArcaneCloak [0xFF001D0F] added to 0/11383
[21:10:07:295] 	OCF_MgefSpellEnhance_DamageArcane [0xFF001D10] added to 0/11383
[21:10:07:295] 	OCF_MgefClassShock [0xFF001D11] added to 2/11383
[21:10:07:295] 	OCF_MgefSpellDamage_ShockArc [0xFF001D12] added to 17/11383
[21:10:07:295] 	OCF_MgefSpellDamage_ShockArcCloak [0xFF001D13] added to 1/11383
[21:10:07:295] 	OCF_MgefSpellEnhance_DamageShockArc [0xFF001D14] added to 1/11383
[21:10:07:295] 	OCF_InvColorShockArc [0xFF001D15] added to 2/11383
[21:10:07:295] 	OCF_MgefSpellEnhance_DamageBlood [0xFF001D16] added to 0/11383
[21:10:07:295] 	OCF_MgefSpellEnhance_Regen [0xFF001D17] added to 0/11383
[21:10:07:295] 	OCF_MgefSpellDamage_NecroticFire [0xFF001D18] added to 25/11383
[21:10:07:295] 	OCF_MgefSpellDamage_NecroticFireCloak [0xFF001D19] added to 2/11383
[21:10:07:295] 	OCF_MgefSpellDamage_FrostFireCloak [0xFF001D1A] added to 0/11383
[21:10:07:295] 	OCF_MgefSpellBound_Armor [0xFF001D1B] added to 1/11383
[21:10:07:295] 	OCF_ArmorShield_Heavy [0xFF001D1C] added to 1/11383
[21:10:07:295] 	OCF_WeapTypeWarAxe1H [0x818~OCF.esp] added to 1/11383
[21:10:07:295] 	OCF_WeapTypeWarhammer2H [0x841~OCF.esp] added to 1/11383
[21:10:07:295] 	OCF_MgefSpellDamage_HolyLunar [0xFF001D1D] added to 0/11383
[21:10:07:295] 	OCF_MgefSpellDamage_HolyLunarCloak [0xFF001D1E] added to 0/11383
[21:10:07:295] 	OCF_MgefSpellEnhance_DamageHolyLunar [0xFF001D1F] added to 0/11383
[21:10:07:295] 	OCF_MgefClassWind [0xFF001D20] added to 4/11383
[21:10:07:295] 	OCF_MgefSpellAssist_DamageDruid [0xFF001D21] added to 0/11383
[21:10:07:295] 	OCF_MgefSpellAssist_MovementSpeedDruid [0xFF001D22] added to 0/11383
[21:10:07:295] 	OCF_MgefSpellCounter_BloodDruid [0xFF001D23] added to 0/11383
[21:10:07:295] 	OCF_MgefSpellCounter_Druid [0xFF001D24] added to 0/11383
[21:10:07:295] 	OCF_MgefSpellCounter_DruidHeal [0xFF001D25] added to 0/11383
[21:10:07:295] 	OCF_MgefSpellCounter_Fire [0xFF001D26] added to 0/11383
[21:10:07:295] 	OCF_MgefSpellCurse_DruidRoot [0xFF001D27] added to 0/11383
[21:10:07:295] 	OCF_MgefSpellDamage_Earth [0xFF001D28] added to 7/11383
[21:10:07:295] 	OCF_MgefSpellDamage_EarthCloak [0xFF001D29] added to 1/11383
[21:10:07:295] 	OCF_MgefSpellDamage_PoisonBugCloak [0xFF001D2A] added to 0/11383
[21:10:07:295] 	OCF_MgefSpellDamage_Water [0xFF001D2B] added to 7/11383
[21:10:07:295] 	OCF_MgefSpellDamage_WaterCloak [0xFF001D2C] added to 1/11383
[21:10:07:296] 	OCF_MgefSpellDamage_Wind [0xFF001D2D] added to 8/11383
[21:10:07:296] 	OCF_MgefSpellEnhance_DamageBloodDruid [0xFF001D2E] added to 0/11383
[21:10:07:296] 	OCF_MgefSpellEnhance_DamageDruidHunter [0xFF001D2F] added to 0/11383
[21:10:07:296] 	OCF_MgefSpellEnhance_DamageFire [0xFF001D30] added to 0/11383
[21:10:07:296] 	OCF_MgefSpellEnhance_DamageFrost [0xFF001D31] added to 0/11383
[21:10:07:296] 	OCF_MgefSpellEnhance_DamagePoison [0xFF001D32] added to 0/11383
[21:10:07:296] 	OCF_MgefSpellEnhance_DamageShock [0xFF001D33] added to 0/11383
[21:10:07:296] 	OCF_MgefSpellEnhance_EvasionDruid [0xFF001D34] added to 0/11383
[21:10:07:296] 	OCF_MgefSpellEnhance_MovementSpeedDruid [0xFF001D35] added to 0/11383
[21:10:07:296] 	OCF_MgefSpellEnhance_StaminaDruid [0xFF001D36] added to 0/11383
[21:10:07:296] 	OCF_MgefSpellParalysis_Druid [0xFF001D38] added to 0/11383
[21:10:07:296] 	OCF_MgefSpellReflect_Druid [0xFF001D39] added to 0/11383
[21:10:07:296] 	OCF_MgefSpellRestore_MagickaWater [0xFF001D3A] added to 0/11383
[21:10:07:296] 	OCF_MgefSpellRestore_StaminaDruid [0xFF001D3B] added to 0/11383
[21:10:07:296] 	OCF_MgefSpellStealth_InvisibilityDruid [0xFF001D3C] added to 0/11383
[21:10:07:296] 	OCF_InvColorShock [0xFF001D3D] added to 0/11383
[21:10:07:296] 	OCF_InvColorWater [0xFF001D3E] added to 0/11383
[21:10:07:296] 	OCF_MgefSpellDamage_PoisonEldritchCloak [0xFF001D3F] added to 0/11383
[21:10:07:296] 	OCF_MgefSpellEnhance_DamagePoisonEldritch [0xFF001D40] added to 0/11383
[21:10:07:296] 	OCF_MgefSpellEnhance_EldritchTome [0xFF001D41] added to 0/11383
[21:10:07:296] 	OCF_MgefSpellAssist_Necromancy [0xFF001D42] added to 0/11383
[21:10:07:296] 	OCF_MgefSpellCurse_Necromancy [0xFF001D43] added to 0/11383
[21:10:07:296] 	OCF_MgefSpellDamage_Necrotic [0xFF001D44] added to 0/11383
[21:10:07:296] 	OCF_MgefSpellEnhance_AttackNecromancy [0xFF001D45] added to 0/11383
[21:10:07:296] 	OCF_MgefSpellSacrifice_Corpse [0xFF001D46] added to 0/11383
[21:10:07:296] 	OCF_MgefClassAstral [0xFF001D47] added to 0/11383
[21:10:07:296] 	OCF_MgefSpellCounter_Astral [0xFF001D48] added to 0/11383
[21:10:07:296] 	OCF_MgefSpellDamage_HolyAstral [0xFF001D49] added to 0/11383
[21:10:07:296] 	OCF_MgefSpellDamage_HolyAstralCloak [0xFF001D4A] added to 0/11383
[21:10:07:296] 	OCF_MgefSpellEnhance_DamageHolyAstral [0xFF001D4B] added to 0/11383
[21:10:07:296] 	OCF_MgefSpellDamage_AshFire [0xFF001D4C] added to 18/11383
[21:10:07:296] 	OCF_MgefSpellDamage_AshFireCloak [0xFF001D4D] added to 1/11383
[21:10:07:296] 	OCF_MgefSpellEnhance_DamageAshFire [0xFF001D4E] added to 1/11383
[21:10:07:296] 	OCF_InvColorFireVolcanic [0xFF001D4F] added to 4/11383
[21:10:07:296] 	OCF_MgefClassSurvival_Needs [0xFF001D50] added to 4/11383
[21:10:07:296] 	OCF_MgefPowerAction_Bathe [0xFF001D51] added to 2/11383
[21:10:07:296] 	OCF_MgefPowerAction_Relax [0xFF001D52] added to 0/11383
[21:10:07:296] 	OCF_MgefClassPoison [0xFF001D53] added to 0/11383
[21:10:07:296] 	OCF_MgefSpellEnhance_MovementSpeed [0xFF001D56] added to 0/11383
[21:10:07:296] 	OCF_MgefSpellParalysisCloakAsh [0xFF001D57] added to 0/11383
[21:10:07:296] 	OCF_MgefSpellProject [0xFF001D58] added to 0/11383
[21:10:07:296] 	OCF_MgefSpellRestore_MagickaCircle [0xFF001D59] added to 2/11383
[21:10:07:296] 	OCF_MgefSpellSacrifice [0xFF001D5A] added to 0/11383
[21:10:07:296] 	OCF_MgefSpellSpace_Banish [0xFF001D5B] added to 0/11383
[21:10:07:296] 	OCF_MgefSpellWard [0xFF001D5C] added to 0/11383
[21:10:07:296] 	OCF_MgefSpellEnhance_Sight [0xFF001D5D] added to 2/11383
[21:10:07:296] 	OCF_MgefSpellMind_ControlVampire [0xFF001D5E] added to 1/11383
[21:10:07:296] 	OCF_MgefSpellStealth [0xFF001D5F] added to 5/11383
[21:10:07:296] 	OCF_MgefPowerAction_Pray [0xFF001D60] added to 1/11383
[21:10:07:296] 	OCF_MgefSpellEnhance_Flight [0xFF001D62] added to 0/11383
[21:10:07:296] 	OCF_MgefPowerAction_StatusFrostfall [0xFF001D63] added to 0/11383
[21:10:07:296] 	OCF_MgefSpellRestore_Exposure [0xFF001D64] added to 0/11383
[21:10:07:296] 	OCF_MgefSpellRestore_Warmth [0xFF001D65] added to 0/11383
[21:10:07:296] 	OCF_MgefSpellShield_Warmth [0xFF001D66] added to 0/11383
[21:10:07:296] 	OCF_MiscCampingGear [0xFF001D67] added to 0/11383
[21:10:07:296] 	WAF_ClothingCloak [0x1AB0128~OCF.esp] added to 0/11383
[21:10:07:296] 	OCF_MgefPowerAction_Speech [0xFF001D68] added to 2/11383
[21:10:07:296] 	OCF_MgefPowerAction_Bless [0xFF001D69] added to 1/11383
[21:10:07:296] 	OCF_MgefPowerAction_HarvestCorpse [0xFF001D6A] added to 0/11383
[21:10:07:296] 	OCF_MgefPowerAction_HarvestGather [0xFF001D6B] added to 0/11383
[21:10:07:296] 	OCF_WeapTypeHuntingKnife1H [0x80A~OCF.esp] added to 0/11383
[21:10:07:296] 	OCF_MgefClassUtility [0xFF001D6C] added to 4/11383
[21:10:07:296] 	OCF_MgefSpellEnchant [0xFF001D6D] added to 0/11383
[21:10:07:296] 	OCF_MgefPowerAction_FillWater [0xFF001D6E] added to 1/11383
[21:10:07:296] 	OCF_MgefPowerAction_StatusLastSeed [0xFF001D6F] added to 0/11383
[21:10:07:296] 	OCF_MgefSpellHarvest [0xFF001D71] added to 0/11383
[21:10:07:296] 	OCF_MgefPowerAction_WeaponGrip [0xFF001D72] added to 0/11383
[21:10:07:296] 	OCF_MgefPowerAction_Influence [0xFF001D73] added to 2/11383
[21:10:07:296] 	OCF_MgefPowerAction_InfluenceCancelRetreat [0xFF001D74] added to 1/11383
[21:10:07:296] 	OCF_MgefPowerConfigWeatherChanger [0xFF001D75] added to 0/11383
[21:10:07:296] 	OCF_MgefSpellDispel [0xFF001D76] added to 1/11383
[21:10:07:296] 	OCF_WeapTypeKunai1H [0x803~OCF.esp] added to 0/11383
[21:10:07:296] 	OCF_WeapTypeShuriken1H [0x807~OCF.esp] added to 0/11383
[21:10:07:296] 	OCF_MgefPowerAction_InfluenceEngage [0xFF001D77] added to 0/11383
[21:10:07:296] 	OCF_MgefSpellAbsorb_Magicka [0xFF001D78] added to 2/11383
[21:10:07:296] 	OCF_MgefSpellAbsorb_MagickaCloak [0xFF001D79] added to 1/11383
[21:10:07:296] 	OCF_MgefSpellAbsorb_Stamina [0xFF001D7A] added to 2/11383
[21:10:07:296] 	OCF_MgefSpellAbsorb_StaminaCloak [0xFF001D7B] added to 1/11383
[21:10:07:296] 	OCF_MgefSpellDamage_Deconstruct [0xFF001D7C] added to 2/11383
[21:10:07:296] 	OCF_MgefSpellEnhance_Health [0xFF001D7D] added to 2/11383
[21:10:07:296] 	OCF_MgefSpellEnhance_Swim [0xFF001D7E] added to 1/11383
[21:10:07:296] 	OCF_MgefSpellHeal_Daedra [0xFF001D7F] added to 2/11383
[21:10:07:296] 	OCF_MgefSpellRestore_StaminaCircle [0xFF001D80] added to 2/11383
[21:10:07:296] 	OCF_MgefSpellEnhance_Jump [0xFF001D81] added to 2/11383
[21:10:07:296] 	OCF_InvColorDaedric [0xFF001D82] added to 0/11383
[21:10:07:296] 	OCF_MgefSpellDamage_BloodCloakVampire [0xFF001D83] added to 0/11383
[21:10:07:296] 	OCF_MgefSpellEnhance_SightVampireShadow [0xFF001D84] added to 0/11383
[21:10:07:296] 	OCF_MgefSpellMind_FearVampire [0xFF001D85] added to 0/11383
[21:10:07:296] 	OCF_MgefSpellStealth_InvisibilityVampire [0xFF001D86] added to 0/11383
[21:10:07:296] 	OCF_MgefPowerAction_BuryCorpse [0xFF001D87] added to 0/11383
[21:10:07:296] 	OCF_MgefPowerAction_TameAnimal [0xFF001D88] added to 0/11383
[21:10:07:296] 	OCF_MgefSpellCurse_Deconstruct [0xFF001D89] added to 0/11383
[21:10:07:296] 	OCF_MgefSpellDamage_Light [0xFF001D8A] added to 0/11383
[21:10:07:296] 	OCF_MgefSpellDamage_Sonic [0xFF001D8B] added to 0/11383
[21:10:07:296] 	OCF_MgefPowerAction_Train [0xFF001D8C] added to 0/11383
[21:10:07:296] 	MagicSummonFrost [0x24829~Skyrim.esm] added to 0/11383
[21:10:07:296] 	OCF_MgefPowerAction_StatusSunhelm [0xFF001D8D] added to 1/11383
[21:10:07:296] 	OCF_MgefPowerAction_PeekKeyhole [0xFF001D8E] added to 1/11383
[21:10:07:296] 	OCF_MgefPowerAction_PitchTent [0xFF001D8F] added to 0/11383
[21:10:07:296] 	OCF_MgefSpellDamage_ArcaneFire [0xFF001D90] added to 1/11383
[21:10:07:296] 	OCF_MgefSpellDamage_ArcaneFireCloak [0xFF001D91] added to 0/11383
[21:10:07:296] 	OCF_MgefPowerAction_Broom [0xFF001D92] added to 0/11383
[21:10:07:296] 	OCF_MgefPowerAction_Goggles [0xFF001D93] added to 0/11383
[21:10:07:296] 	OCF_MgefPowerAction_GogglesSight [0xFF001D94] added to 0/11383
[21:10:07:296] 	OCF_MgefSpellEnhance_SightKhajiit [0xFF001D95] added to 0/11383
[21:10:07:296] 	OCF_MgefSpellEnhance_SightVampireBlood [0xFF001D96] added to 0/11383
[21:10:07:296] 	OCF_MgefSpellEnhance_SightWerebeast [0xFF001D97] added to 0/11383
[21:10:07:296] 	OCF_MgefPowerAction_Lantern [0xFF001D98] added to 0/11383
[21:10:07:296] 	OCF_MgefClassAsh [0xFF001C8D] added to 18/11383
[21:10:07:296] 	OCF_MgefSpellProtect_Damage [0xFF001CBA] added to 2/11383
[21:10:07:296] 	OCF_MgefSpellSummon_Daedra [0xFF001CCB] added to 25/11383
[21:10:07:296] 	OCF_MgefSpellDamage_BloodCloak [0xFF001CF2] added to 1/11383
[21:10:07:296] 	OCF_MgefSpellEnhance_Attack [0xFF001D09] added to 2/11383
[21:10:07:296] 	OCF_MgefSpellHeal_Living [0xFF001D37] added to 1/11383
[21:10:07:296] 	OCF_MgefSpellDamage_Shock [0xFF001D55] added to 17/11383
[21:10:07:296] 	OCF_MgefSpellDamage_Holy [0xFF001D61] added to 1/11383
[21:10:07:296] 	OCF_MgefSpellDamage_FireCloak [0xFF001D9B] added to 0/11383
[21:10:07:296] 	OCF_MgefSpellDamage_HolyCloak [0xFF001D9C] added to 0/11383
[21:10:07:296] 	OCF_MgefSpellDamage_ShockCloak [0xFF001D9D] added to 1/11383
[21:10:07:296] 	OCF_MgefSpellMind_Charm [0xFF001DA0] added to 0/11383
[21:10:07:296] 	OCF_CanMineOre [0x869~OCF.esp] added to 0/11383
[21:10:07:296] 	OCF_MgefSpellStealth_Invisibility [0xFF001CC7] added to 3/11383
[21:10:07:296] 	OCF_MgefSpellSummon_Spirit [0xFF001CCD] added to 20/11383
[21:10:07:296] 	OCF_MgefPowerAction_Horse [0xFF001CFA] added to 0/11383
[21:10:07:296] 	OCF_MgefSpellDamage_PoisonCloak [0xFF001D54] added to 0/11383
[21:10:07:296] 	OCF_MgefClassSurvival [0xFF001D99] added to 9/11383
[21:10:07:296] 	OCF_MgefSpellEnhance_Casting [0xFF001D9E] added to 2/11383
[21:10:07:296] 	OCF_MgefSpellEnhance_SightVampire [0xFF001D9F] added to 0/11383
[21:10:07:296] 	OCF_MgefSpellDamage_Poison [0xFF001CA3] added to 3/11383
[21:10:07:296] 	OCF_MgefSpellBound [0xFF001D9A] added to 16/11383
[21:10:07:296] 	OCF_MgefSpellShapechange [0xFF001DA1] added to 9/11383
[21:10:07:296] 	OCF_MgefPowerAction [0xFF001D70] added to 17/11383
[21:10:07:296] Activator
[21:10:07:296] 	OCF_ActiAllMakerStone [0xFF0021E2] added to 6/11964
[21:10:07:296] 	OCF_ActiAshPile [0xFF0021E3] added to 12/11964
[21:10:07:296] 	OCF_ActiBird [0xFF0021E4] added to 7/11964
[21:10:07:296] 	OCF_ActiBlackBook [0xFF0021E5] added to 7/11964
[21:10:07:296] 	OCF_ActiCritter_BugBee [0xFF0021E6] added to 1/11964
[21:10:07:296] 	OCF_ActiCritter_BugButterfly [0xFF0021E7] added to 13/11964
[21:10:07:296] 	OCF_ActiCritter_BugDragonfly [0xFF0021E8] added to 4/11964
[21:10:07:296] 	OCF_ActiCritter_BugFirefly [0xFF0021E9] added to 2/11964
[21:10:07:296] 	OCF_ActiCritter_FishFood [0xFF0021EA] added to 20/11964
[21:10:07:296] 	OCF_ActiCritter_FishIngr [0xFF0021EB] added to 17/11964
[21:10:07:296] 	OCF_ActiDisplay_Bookshelf [0xFF0021EC] added to 3/11964
[21:10:07:296] 	OCF_ActiDisplay_Bust [0xFF0021ED] added to 9/11964
[21:10:07:296] 	OCF_ActiDisplay_Mannequin [0xFF0021EE] added to 1/11964
[21:10:07:296] 	OCF_ActiDisplay_Rack [0xFF0021EF] added to 10/11964
[21:10:07:296] 	OCF_ActiDoomstone [0xFF0021F0] added to 13/11964
[21:10:07:296] 	OCF_ActiHeatSource_FireHuge [0xFF0021F1] added to 1/11964
[21:10:07:296] 	OCF_ActiHeatSource_FireMedium [0xFF0021F2] added to 2/11964
[21:10:07:296] 	OCF_ActiHeatSource_OtherHuge [0xFF0021F3] added to 2/11964
[21:10:07:296] 	OCF_ActiHeatSource_OtherMedium [0xFF0021F4] added to 3/11964
[21:10:07:296] 	OCF_ActiLava [0xFF0021F5] added to 1/11964
[21:10:07:296] 	OCF_ActiMapMarker [0xFF0021F6] added to 53/11964
[21:10:07:296] 	OCF_ActiShrine [0xFF0021F7] added to 32/11964
[21:10:07:296] 	OCF_ActiSoil [0xFF0021F8] added to 2/11964
[21:10:07:296] 	OCF_ActiTorchSconce [0xFF0021F9] added to 1/11964
[21:10:07:296] 	OCF_ActiThrallCattle [0xFF0021FA] added to 2/11964
[21:10:07:296] 	OCF_ActiTrap [0xFF0021FB] added to 90/11964
[21:10:07:296] 	OCF_ActiTrigger_Button [0xFF0021FC] added to 8/11964
[21:10:07:296] 	OCF_ActiTrigger_ClawDoorRing_Small [0xFF0021FD] added to 6/11964
[21:10:07:296] 	OCF_ActiTrigger_ClawDoorRing_Medium [0xFF0021FE] added to 6/11964
[21:10:07:296] 	OCF_ActiTrigger_ClawDoorRing_Large [0xFF0021FF] added to 6/11964
[21:10:07:296] 	OCF_ActiTrigger_ClawKeyhole [0xFF002200] added to 14/11964
[21:10:07:296] 	OCF_ActiTrigger_DoorBar [0xFF002201] added to 3/11964
[21:10:07:296] 	OCF_ActiTrigger_Lever [0xFF002202] added to 11/11964
[21:10:07:296] 	OCF_ActiTrigger_Pillar [0xFF002203] added to 9/11964
[21:10:07:296] 	OCF_ActiTrigger_PullBar [0xFF002204] added to 7/11964
[21:10:07:296] 	OCF_ActiTrigger_PullChain [0xFF002205] added to 8/11964
[21:10:07:296] 	OCF_ActiTrigger_Valve [0xFF002206] added to 2/11964
[21:10:07:296] 	OCF_ActiVein_Chitin [0xFF002207] added to 1/11964
[21:10:07:296] 	OCF_ActiVein_Mineral [0xFF002208] added to 666/11964
[21:10:07:296] 	OCF_FlorCoinpile [0xFF002209] added to 2/11964
[21:10:07:296] 	OCF_FlorOther_Ingr [0xFF00220A] added to 1/11964
[21:10:07:296] 	OCF_FlorOther_Other [0xFF00220B] added to 1/11964
[21:10:07:296] 	OCF_FlorPlant_Ingr [0xFF00220C] added to 12/11964
[21:10:07:296] 	OCF_FlorPlant_Nirnroot [0xFF00220D] added to 4/11964
[21:10:07:296] 	OCF_ActiCritter_Crab [0xFF00220E] added to 1/11964
[21:10:07:296] 	OCF_ActiItem [0xFF002210] added to 1/11964
[21:10:07:296] 	OCF_ActiVein_Relic [0xFF002211] added to 2/11964
[21:10:07:296] 	OCF_ActiHeatSource_FireLarge [0xFF002212] added to 0/11964
[21:10:07:296] 	OCF_ActiHeatSource_FireSmall [0xFF002213] added to 0/11964
[21:10:07:296] 	OCF_ActiHeatSource_OtherSmall [0xFF002214] added to 0/11964
[21:10:07:296] 	OCF_FlorPlant_Mushroom [0xFF002215] added to 0/11964
[21:10:07:296] 	OCF_ActiShelter [0xFF00221C] added to 0/11964
[21:10:07:296] 	FP_Shrine [0x818~FirstPersonInteractions.esp] added to 67/11964
[21:10:07:296] 	OCF_ActiCritter_Fish [0xFF002216] added to 37/11964
[21:10:07:296] 	OCF_ActiHeatSource_Fire [0xFF002219] added to 3/11964
[21:10:07:296] 	OCF_ActiHeatSource_Other [0xFF00221A] added to 5/11964
[21:10:07:296] 	OCF_ActiHeatSource [0xFF00221B] added to 8/11964
[21:10:07:296] 	OCF_FlorOther [0xFF002220] added to 2/11964
[21:10:07:296] 	OCF_FlorPlant [0xFF002221] added to 16/11964
[21:10:07:296] 	OCF_Flor [0xFF002222] added to 18/11964
[21:10:07:296] 	OCF_ActiCritter_Bug [0xFF00220F] added to 22/11964
[21:10:07:296] 	OCF_ActiCritter [0xFF002217] added to 60/11964
[21:10:07:296] 	OCF_ActiTrigger_ClawDoorRing [0xFF00221D] added to 18/11964
[21:10:07:296] 	OCF_ActiVein [0xFF00221F] added to 669/11964
[21:10:07:296] 	OCF_ActiDisplay [0xFF002218] added to 23/11964
[21:10:07:296] 	OCF_ActiTrigger [0xFF00221E] added to 80/11964
[21:10:07:296] Flora
[21:10:07:296] 	FP_HarvestFirewood [0xFF002233] added to 0/435
[21:10:07:296] 	OCF_FlorBirdNest [0xFF002223] added to 11/435
[21:10:07:296] 	OCF_FlorCarcass_Fish [0xFF002225] added to 20/435
[21:10:07:296] 	OCF_FlorCoinpurse [0xFF002226] added to 21/435
[21:10:07:296] 	OCF_FlorContainer_Food [0xFF002227] added to 4/435
[21:10:07:296] 	OCF_FlorEggSac [0xFF002228] added to 3/435
[21:10:07:296] 	OCF_FlorOyster [0xFF002229] added to 5/435
[21:10:07:296] 	OCF_FlorPlant_Hanging [0xFF00222A] added to 11/435
[21:10:07:296] 	OCF_FlorPlant_Ingr [0xFF00220C] added to 24/435
[21:10:07:296] 	OCF_FlorPlant_Mushroom [0xFF002215] added to 164/435
[21:10:07:296] 	OCF_FlorPlant_SoulHusk [0xFF00222B] added to 2/435
[21:10:07:296] 	OCF_FlorWater [0xFF00222C] added to 2/435
[21:10:07:296] 	OCF_FlorCarcass_Crab [0xFF00222D] added to 1/435
[21:10:07:296] 	OCF_FlorOther_Ingr [0xFF00220A] added to 0/435
[21:10:07:296] 	OCF_FlorContainer_Ingr [0xFF00222E] added to 6/435
[21:10:07:296] 	OCF_FlorPlant_Food [0xFF00222F] added to 0/435
[21:10:07:296] 	OCF_FlorContainer_Other [0xFF002230] added to 0/435
[21:10:07:296] 	OCF_FlorOther_Other [0xFF00220B] added to 0/435
[21:10:07:296] 	OCF_FlorCoinpile [0xFF002209] added to 0/435
[21:10:07:296] 	OCF_FlorCarcass_Animal [0xFF002224] added to 13/435
[21:10:07:296] 	OCF_FlorOther [0xFF002220] added to 0/435
[21:10:07:296] 	OCF_FlorCarcass [0xFF002231] added to 34/435
[21:10:07:297] 	OCF_FlorContainer [0xFF002232] added to 10/435
[21:10:07:297] 	OCF_FlorPlant [0xFF002221] added to 196/435
[21:10:07:297] Furniture
[21:10:07:297] 	OCF_ActiHeatSource_FireLarge [0xFF002212] added to 7/1325
[21:10:07:297] 	OCF_ActiHeatSource_FireMedium [0xFF0021F2] added to 5/1325
[21:10:07:297] 	BarFurnTypeStool [0xD96~Sonders_Keyword_Distribution.esp] added to 3/1325
[21:10:07:297] 	ChairTypeAll [0x800~Sonders_Keyword_Distribution.esp] added to 70/1325
[21:10:07:297] 	ChairTypeCommon [0x801~Sonders_Keyword_Distribution.esp] added to 28/1325
[21:10:07:297] 	ChairTypeNoble [0x802~Sonders_Keyword_Distribution.esp] added to 7/1325
[21:10:07:297] 	ChairTypeNobleArm [0x803~Sonders_Keyword_Distribution.esp] added to 3/1325
[21:10:07:297] 	ChairTypeUpperClass [0x804~Sonders_Keyword_Distribution.esp] added to 10/1325
[21:10:07:297] 	ChairTypeDwemer [0x805~Sonders_Keyword_Distribution.esp] added to 8/1325
[21:10:07:297] 	ChairTypeDwemerNoBack [0x806~Sonders_Keyword_Distribution.esp] added to 7/1325
[21:10:07:297] 	ChairTypeOrc [0xD82~Sonders_Keyword_Distribution.esp] added to 7/1325
[21:10:07:297] 	BenchTypeAll [0x807~Sonders_Keyword_Distribution.esp] added to 26/1325
[21:10:07:297] 	BenchTypeBacked [0x808~Sonders_Keyword_Distribution.esp] added to 7/1325
[21:10:07:297] 	BenchTypeNoBack [0x809~Sonders_Keyword_Distribution.esp] added to 19/1325
[21:10:07:297] 	BenchTypeCommon [0x80A~Sonders_Keyword_Distribution.esp] added to 2/1325
[21:10:07:297] 	BenchTypeRuins [0x80B~Sonders_Keyword_Distribution.esp] added to 2/1325
[21:10:07:297] 	BenchTypeUpperClass [0x80C~Sonders_Keyword_Distribution.esp] added to 2/1325
[21:10:07:297] 	BenchTypeWRTemple [0x80D~Sonders_Keyword_Distribution.esp] added to 2/1325
[21:10:07:297] 	BenchTypeNoble [0x80E~Sonders_Keyword_Distribution.esp] added to 8/1325
[21:10:07:297] 	BenchTypeDwemer [0x80F~Sonders_Keyword_Distribution.esp] added to 5/1325
[21:10:07:297] 	BenchTypeSovengarde [0x810~Sonders_Keyword_Distribution.esp] added to 5/1325
[21:10:07:297] 	ThroneRegionFalkreath [0xD75~Sonders_Keyword_Distribution.esp] added to 2/1325
[21:10:07:297] 	ThroneRegionWhiterun [0xD74~Sonders_Keyword_Distribution.esp] added to 1/1325
[21:10:07:297] 	ThroneRegionMorthal [0xD76~Sonders_Keyword_Distribution.esp] added to 1/1325
[21:10:07:297] 	ThroneRegionDawnstar [0xD77~Sonders_Keyword_Distribution.esp] added to 1/1325
[21:10:07:297] 	ThroneRegionWinterhold [0xD78~Sonders_Keyword_Distribution.esp] added to 1/1325
[21:10:07:297] 	ThroneRegionSolitude [0x811~Sonders_Keyword_Distribution.esp] added to 3/1325
[21:10:07:297] 	ThroneRegionRiften [0xD79~Sonders_Keyword_Distribution.esp] added to 1/1325
[21:10:07:297] 	ThroneRegionMarkarth [0xD7A~Sonders_Keyword_Distribution.esp] added to 3/1325
[21:10:07:297] 	ThroneRegionWindhelm [0xD7C~Sonders_Keyword_Distribution.esp] added to 2/1325
[21:10:07:297] 	ThroneRegionSovengarde [0xD7D~Sonders_Keyword_Distribution.esp] added to 2/1325
[21:10:07:297] 	ThroneKatariahShip [0xD7E~Sonders_Keyword_Distribution.esp] added to 1/1325
[21:10:07:297] 	ThroneNorShadow [0xD7F~Sonders_Keyword_Distribution.esp] added to 3/1325
[21:10:07:297] 	ChairTypeCrate [0xFF002234] added to 4/1325
[21:10:07:297] 	OCF_ActiHeatSource_Fire [0xFF002219] added to 12/1325
[21:10:07:297] 	OCF_ActiHeatSource_Other [0xFF00221A] added to 0/1325
[21:10:07:297] 	OCF_ActiHeatSource [0xFF00221B] added to 12/1325
[21:10:07:297] Race
[21:10:07:297] 	ActorTypeCreature [0x13795~Skyrim.esm] added to 1/866
[21:10:07:297] 	ActorTypeDaedra [0x13797~Skyrim.esm] added to 0/866
[21:10:07:297] 	ActorTypeTroll [0xF5D16~Skyrim.esm] added to 0/866
[21:10:07:297] 	ActorTypeUndead [0x13796~Skyrim.esm] added to 4/866
[21:10:07:297] 	DLC1WerewolfFeedExclude [0x15FD3~Dawnguard.esm] added to 0/866
[21:10:07:297] 	DLC2NetchKeyword [0x3A157~Dragonborn.esm] added to 0/866
[21:10:07:297] 	MagicNoReanimate [0x6F6FB~Skyrim.esm] added to 0/866
[21:10:07:297] 	Vampire [0xA82BB~Skyrim.esm] added to 1/866
[21:10:07:297] **********************STATS***********************
[21:10:07:297] Distribution took 6328099μs / 6328ms
