SoundRecordDistributor v1.2.0.0
Game version : 1-5-97-0
************MERGES************
Failed to dispatch message to MergeMapper
MergeMapper not detected

Searched files in 300 milliseconds

Parsing Audio Overhaul Skyrim.esp_Magic_Base_SRD.yaml
Converting Audio Overhaul Skyrim.esp_Magic_Base_SRD.yaml to JSON object
Parsing Audio Overhaul Skyrim.esp_Magic_ImmersiveSounds_SRD.yaml
Converting Audio Overhaul Skyrim.esp_Magic_ImmersiveSounds_SRD.yaml to JSON object
	Missing requirement NOT Immersive Sounds - Compendium.esp
Parsing Audio Overhaul Skyrim.esp_Magic_ModSupport_SRD.yaml
Converting Audio Overhaul Skyrim.esp_Magic_ModSupport_SRD.yaml to JSON object
	Form DragonWar.esp|09D76D of class RE::EffectSetting does not exist in Audio Overhaul Skyrim.esp_Magic_ModSupport_SRD.yaml, skipping entry
	Form DragonWar.esp|0D52AE of class RE::BGSProjectile does not exist in Audio Overhaul Skyrim.esp_Magic_ModSupport_SRD.yaml, skipping entry
	Form DragonWar.esp|35D36C of class RE::BGSProjectile does not exist in Audio Overhaul Skyrim.esp_Magic_ModSupport_SRD.yaml, skipping entry
	Form DragonWar.esp|42CD1A of class RE::BGSProjectile does not exist in Audio Overhaul Skyrim.esp_Magic_ModSupport_SRD.yaml, skipping entry
	Form DragonWar.esp|4BA97D of class RE::BGSProjectile does not exist in Audio Overhaul Skyrim.esp_Magic_ModSupport_SRD.yaml, skipping entry
	Form Skyrim Extended Cut - Saints and Seducers.esp|4C410E of class RE::BGSExplosion does not exist in Audio Overhaul Skyrim.esp_Magic_ModSupport_SRD.yaml, skipping entry
	Form DragonWar.esp|0D52AC of class RE::BGSExplosion does not exist in Audio Overhaul Skyrim.esp_Magic_ModSupport_SRD.yaml, skipping entry
	Form DragonWar.esp|35D368 of class RE::BGSExplosion does not exist in Audio Overhaul Skyrim.esp_Magic_ModSupport_SRD.yaml, skipping entry
	Form DragonWar.esp|35D369 of class RE::BGSExplosion does not exist in Audio Overhaul Skyrim.esp_Magic_ModSupport_SRD.yaml, skipping entry
	Form DragonWar.esp|35D36B of class RE::BGSExplosion does not exist in Audio Overhaul Skyrim.esp_Magic_ModSupport_SRD.yaml, skipping entry
	Form DragonWar.esp|4BA97C of class RE::BGSExplosion does not exist in Audio Overhaul Skyrim.esp_Magic_ModSupport_SRD.yaml, skipping entry
Parsing Audio Overhaul Skyrim.esp_Regions_Base_SRD.yaml
Converting Audio Overhaul Skyrim.esp_Regions_Base_SRD.yaml to JSON object
	Missing requirement NOT Regional Sounds Expansion.esp
Parsing Audio Overhaul Skyrim.esp_Regions_Extra_Interiors_SRD.yaml
Converting Audio Overhaul Skyrim.esp_Regions_Extra_Interiors_SRD.yaml to JSON object
	Missing requirement NOT Reverb Interior Sounds Expansion.esp
Parsing Audio Overhaul Skyrim.esp_Weapons_Base_SRD.yaml
Converting Audio Overhaul Skyrim.esp_Weapons_Base_SRD.yaml to JSON object
	Form BSMBonemoldSet.esp|000D70 of class RE::TESObjectWEAP does not exist in Audio Overhaul Skyrim.esp_Weapons_Base_SRD.yaml, skipping entry
	Form BeyondSkyrimMerchant.esp|001889 of class RE::TESObjectWEAP does not exist in Audio Overhaul Skyrim.esp_Weapons_Base_SRD.yaml, skipping entry
	Form BeyondSkyrimMerchant.esp|0131ED of class RE::TESObjectWEAP does not exist in Audio Overhaul Skyrim.esp_Weapons_Base_SRD.yaml, skipping entry
	Form BeyondSkyrimMerchant.esp|0131EE of class RE::TESObjectWEAP does not exist in Audio Overhaul Skyrim.esp_Weapons_Base_SRD.yaml, skipping entry
Parsing Audio Overhaul Skyrim.esp_Weapons_ModSupport_SRD.yaml
Converting Audio Overhaul Skyrim.esp_Weapons_ModSupport_SRD.yaml to JSON object
	Form Skyrim Extended Cut - Saints and Seducers.esp|2F68AF of class RE::TESObjectWEAP does not exist in Audio Overhaul Skyrim.esp_Weapons_ModSupport_SRD.yaml, skipping entry
	Form PrvtIRoyalArmory.esp|801 of class RE::TESObjectWEAP does not exist in Audio Overhaul Skyrim.esp_Weapons_ModSupport_SRD.yaml, skipping entry
	Form PrvtIRoyalArmory.esp|816 of class RE::TESObjectWEAP does not exist in Audio Overhaul Skyrim.esp_Weapons_ModSupport_SRD.yaml, skipping entry
	Form PrvtIRoyalArmory.esp|819 of class RE::TESObjectWEAP does not exist in Audio Overhaul Skyrim.esp_Weapons_ModSupport_SRD.yaml, skipping entry
	Form PrvtIRoyalArmory.esp|84B of class RE::TESObjectWEAP does not exist in Audio Overhaul Skyrim.esp_Weapons_ModSupport_SRD.yaml, skipping entry
	Form PrvtIRoyalArmory.esp|89F of class RE::TESObjectWEAP does not exist in Audio Overhaul Skyrim.esp_Weapons_ModSupport_SRD.yaml, skipping entry
	Form Immersive Weapons.esp|000922 of class RE::TESObjectWEAP does not exist in Audio Overhaul Skyrim.esp_Weapons_ModSupport_SRD.yaml, skipping entry
	Form Immersive Weapons.esp|000923 of class RE::TESObjectWEAP does not exist in Audio Overhaul Skyrim.esp_Weapons_ModSupport_SRD.yaml, skipping entry
	Form Immersive Weapons.esp|000928 of class RE::TESObjectWEAP does not exist in Audio Overhaul Skyrim.esp_Weapons_ModSupport_SRD.yaml, skipping entry
	Form Immersive Weapons.esp|001DBF of class RE::TESObjectWEAP does not exist in Audio Overhaul Skyrim.esp_Weapons_ModSupport_SRD.yaml, skipping entry
	Form Immersive Weapons.esp|00435D of class RE::TESObjectWEAP does not exist in Audio Overhaul Skyrim.esp_Weapons_ModSupport_SRD.yaml, skipping entry
	Form Immersive Weapons.esp|007A65 of class RE::TESObjectWEAP does not exist in Audio Overhaul Skyrim.esp_Weapons_ModSupport_SRD.yaml, skipping entry
	Form Immersive Weapons.esp|008863 of class RE::TESObjectWEAP does not exist in Audio Overhaul Skyrim.esp_Weapons_ModSupport_SRD.yaml, skipping entry
	Form Immersive Weapons.esp|00F8C0 of class RE::TESObjectWEAP does not exist in Audio Overhaul Skyrim.esp_Weapons_ModSupport_SRD.yaml, skipping entry
	Form Immersive Weapons.esp|010E69 of class RE::TESObjectWEAP does not exist in Audio Overhaul Skyrim.esp_Weapons_ModSupport_SRD.yaml, skipping entry
	Form Immersive Weapons.esp|033D65 of class RE::TESObjectWEAP does not exist in Audio Overhaul Skyrim.esp_Weapons_ModSupport_SRD.yaml, skipping entry
	Form Immersive Weapons.esp|0478CA of class RE::TESObjectWEAP does not exist in Audio Overhaul Skyrim.esp_Weapons_ModSupport_SRD.yaml, skipping entry
	Form Immersive Weapons.esp|0478CE of class RE::TESObjectWEAP does not exist in Audio Overhaul Skyrim.esp_Weapons_ModSupport_SRD.yaml, skipping entry
	Form Immersive Weapons.esp|0478CF of class RE::TESObjectWEAP does not exist in Audio Overhaul Skyrim.esp_Weapons_ModSupport_SRD.yaml, skipping entry
	Form Immersive Weapons.esp|060D70 of class RE::TESObjectWEAP does not exist in Audio Overhaul Skyrim.esp_Weapons_ModSupport_SRD.yaml, skipping entry
	Form Immersive Weapons.esp|0747D3 of class RE::TESObjectWEAP does not exist in Audio Overhaul Skyrim.esp_Weapons_ModSupport_SRD.yaml, skipping entry
	Form Immersive Weapons.esp|0747D5 of class RE::TESObjectWEAP does not exist in Audio Overhaul Skyrim.esp_Weapons_ModSupport_SRD.yaml, skipping entry
	Form Immersive Weapons.esp|0747D6 of class RE::TESObjectWEAP does not exist in Audio Overhaul Skyrim.esp_Weapons_ModSupport_SRD.yaml, skipping entry
	Form Immersive Weapons.esp|0747D7 of class RE::TESObjectWEAP does not exist in Audio Overhaul Skyrim.esp_Weapons_ModSupport_SRD.yaml, skipping entry
	Form Immersive Weapons.esp|080D65 of class RE::TESObjectWEAP does not exist in Audio Overhaul Skyrim.esp_Weapons_ModSupport_SRD.yaml, skipping entry
	Form Immersive Weapons.esp|320D63 of class RE::TESObjectWEAP does not exist in Audio Overhaul Skyrim.esp_Weapons_ModSupport_SRD.yaml, skipping entry
	Form Immersive Weapons.esp|48E559 of class RE::TESObjectWEAP does not exist in Audio Overhaul Skyrim.esp_Weapons_ModSupport_SRD.yaml, skipping entry
	Form Hunterborn.esp|006956 of class RE::TESObjectWEAP does not exist in Audio Overhaul Skyrim.esp_Weapons_ModSupport_SRD.yaml, skipping entry
	Form Hunterborn.esp|00798B of class RE::TESObjectWEAP does not exist in Audio Overhaul Skyrim.esp_Weapons_ModSupport_SRD.yaml, skipping entry
	Form Hunterborn.esp|00798C of class RE::TESObjectWEAP does not exist in Audio Overhaul Skyrim.esp_Weapons_ModSupport_SRD.yaml, skipping entry
	Form Hunterborn.esp|00798D of class RE::TESObjectWEAP does not exist in Audio Overhaul Skyrim.esp_Weapons_ModSupport_SRD.yaml, skipping entry
	Form Hunterborn.esp|00798E of class RE::TESObjectWEAP does not exist in Audio Overhaul Skyrim.esp_Weapons_ModSupport_SRD.yaml, skipping entry
	Form Hunterborn.esp|00798F of class RE::TESObjectWEAP does not exist in Audio Overhaul Skyrim.esp_Weapons_ModSupport_SRD.yaml, skipping entry
	Form Hunterborn.esp|007990 of class RE::TESObjectWEAP does not exist in Audio Overhaul Skyrim.esp_Weapons_ModSupport_SRD.yaml, skipping entry
	Form Hunterborn.esp|007991 of class RE::TESObjectWEAP does not exist in Audio Overhaul Skyrim.esp_Weapons_ModSupport_SRD.yaml, skipping entry
	Form Hunterborn.esp|007992 of class RE::TESObjectWEAP does not exist in Audio Overhaul Skyrim.esp_Weapons_ModSupport_SRD.yaml, skipping entry
	Form Hunterborn.esp|01B481 of class RE::TESObjectWEAP does not exist in Audio Overhaul Skyrim.esp_Weapons_ModSupport_SRD.yaml, skipping entry
	Form Hunterborn.esp|01B482 of class RE::TESObjectWEAP does not exist in Audio Overhaul Skyrim.esp_Weapons_ModSupport_SRD.yaml, skipping entry
	Form Hunterborn.esp|0D925A of class RE::TESObjectWEAP does not exist in Audio Overhaul Skyrim.esp_Weapons_ModSupport_SRD.yaml, skipping entry
	Form Hunterborn.esp|1FEF18 of class RE::TESObjectWEAP does not exist in Audio Overhaul Skyrim.esp_Weapons_ModSupport_SRD.yaml, skipping entry
	Form ESOimports.esp|02F2CF of class RE::TESObjectWEAP does not exist in Audio Overhaul Skyrim.esp_Weapons_ModSupport_SRD.yaml, skipping entry
	Form ESOimports.esp|0629AC of class RE::TESObjectWEAP does not exist in Audio Overhaul Skyrim.esp_Weapons_ModSupport_SRD.yaml, skipping entry
	Form ESOimports.esp|07F5F2 of class RE::TESObjectWEAP does not exist in Audio Overhaul Skyrim.esp_Weapons_ModSupport_SRD.yaml, skipping entry
	Form ESOimports.esp|07F5F9 of class RE::TESObjectWEAP does not exist in Audio Overhaul Skyrim.esp_Weapons_ModSupport_SRD.yaml, skipping entry
	Form ESOimports.esp|07F601 of class RE::TESObjectWEAP does not exist in Audio Overhaul Skyrim.esp_Weapons_ModSupport_SRD.yaml, skipping entry
	Form ESOimports.esp|07F609 of class RE::TESObjectWEAP does not exist in Audio Overhaul Skyrim.esp_Weapons_ModSupport_SRD.yaml, skipping entry
	Form ESOimports.esp|07F611 of class RE::TESObjectWEAP does not exist in Audio Overhaul Skyrim.esp_Weapons_ModSupport_SRD.yaml, skipping entry
	Form ESOimports.esp|07F619 of class RE::TESObjectWEAP does not exist in Audio Overhaul Skyrim.esp_Weapons_ModSupport_SRD.yaml, skipping entry
	Form ESOimports.esp|07F621 of class RE::TESObjectWEAP does not exist in Audio Overhaul Skyrim.esp_Weapons_ModSupport_SRD.yaml, skipping entry
	Form ESOimports.esp|07F629 of class RE::TESObjectWEAP does not exist in Audio Overhaul Skyrim.esp_Weapons_ModSupport_SRD.yaml, skipping entry
	Form ESOimports.esp|07F62E of class RE::TESObjectWEAP does not exist in Audio Overhaul Skyrim.esp_Weapons_ModSupport_SRD.yaml, skipping entry
	Form ESOimports.esp|082945 of class RE::TESObjectWEAP does not exist in Audio Overhaul Skyrim.esp_Weapons_ModSupport_SRD.yaml, skipping entry
	Form ESOimports.esp|085E6D of class RE::TESObjectWEAP does not exist in Audio Overhaul Skyrim.esp_Weapons_ModSupport_SRD.yaml, skipping entry
	Form ESOimports.esp|085E6E of class RE::TESObjectWEAP does not exist in Audio Overhaul Skyrim.esp_Weapons_ModSupport_SRD.yaml, skipping entry
	Form ESOimports.esp|085E6F of class RE::TESObjectWEAP does not exist in Audio Overhaul Skyrim.esp_Weapons_ModSupport_SRD.yaml, skipping entry
	Form ESOimports.esp|085E70 of class RE::TESObjectWEAP does not exist in Audio Overhaul Skyrim.esp_Weapons_ModSupport_SRD.yaml, skipping entry
	Form ESOimports.esp|085E71 of class RE::TESObjectWEAP does not exist in Audio Overhaul Skyrim.esp_Weapons_ModSupport_SRD.yaml, skipping entry
	Form ESOimports.esp|085E72 of class RE::TESObjectWEAP does not exist in Audio Overhaul Skyrim.esp_Weapons_ModSupport_SRD.yaml, skipping entry
	Form Lore Weapon Expansion.esp|001DB1 of class RE::TESObjectWEAP does not exist in Audio Overhaul Skyrim.esp_Weapons_ModSupport_SRD.yaml, skipping entry
	Form Lore Weapon Expansion.esp|005928 of class RE::TESObjectWEAP does not exist in Audio Overhaul Skyrim.esp_Weapons_ModSupport_SRD.yaml, skipping entry
	Form Lore Weapon Expansion.esp|0084BB of class RE::TESObjectWEAP does not exist in Audio Overhaul Skyrim.esp_Weapons_ModSupport_SRD.yaml, skipping entry
	Form Lore Weapon Expansion.esp|0084BC of class RE::TESObjectWEAP does not exist in Audio Overhaul Skyrim.esp_Weapons_ModSupport_SRD.yaml, skipping entry
	Form Lore Weapon Expansion.esp|0084BD of class RE::TESObjectWEAP does not exist in Audio Overhaul Skyrim.esp_Weapons_ModSupport_SRD.yaml, skipping entry
	Form Lore Weapon Expansion.esp|0084BE of class RE::TESObjectWEAP does not exist in Audio Overhaul Skyrim.esp_Weapons_ModSupport_SRD.yaml, skipping entry
	Form Lore Weapon Expansion.esp|0084BF of class RE::TESObjectWEAP does not exist in Audio Overhaul Skyrim.esp_Weapons_ModSupport_SRD.yaml, skipping entry
	Form Lore Weapon Expansion.esp|0084C0 of class RE::TESObjectWEAP does not exist in Audio Overhaul Skyrim.esp_Weapons_ModSupport_SRD.yaml, skipping entry
	Form Lore Weapon Expansion.esp|0084C1 of class RE::TESObjectWEAP does not exist in Audio Overhaul Skyrim.esp_Weapons_ModSupport_SRD.yaml, skipping entry
	Form Lore Weapon Expansion.esp|0084C2 of class RE::TESObjectWEAP does not exist in Audio Overhaul Skyrim.esp_Weapons_ModSupport_SRD.yaml, skipping entry
	Form Lore Weapon Expansion.esp|0084C3 of class RE::TESObjectWEAP does not exist in Audio Overhaul Skyrim.esp_Weapons_ModSupport_SRD.yaml, skipping entry
	Form Lore Weapon Expansion.esp|008A2A of class RE::TESObjectWEAP does not exist in Audio Overhaul Skyrim.esp_Weapons_ModSupport_SRD.yaml, skipping entry
	Form Lore Weapon Expansion.esp|008A2B of class RE::TESObjectWEAP does not exist in Audio Overhaul Skyrim.esp_Weapons_ModSupport_SRD.yaml, skipping entry
	Form Lore Weapon Expansion.esp|008A2C of class RE::TESObjectWEAP does not exist in Audio Overhaul Skyrim.esp_Weapons_ModSupport_SRD.yaml, skipping entry
	Form Lore Weapon Expansion.esp|008A2D of class RE::TESObjectWEAP does not exist in Audio Overhaul Skyrim.esp_Weapons_ModSupport_SRD.yaml, skipping entry
	Form Lore Weapon Expansion.esp|008A2E of class RE::TESObjectWEAP does not exist in Audio Overhaul Skyrim.esp_Weapons_ModSupport_SRD.yaml, skipping entry
	Form Lore Weapon Expansion.esp|008A2F of class RE::TESObjectWEAP does not exist in Audio Overhaul Skyrim.esp_Weapons_ModSupport_SRD.yaml, skipping entry
	Form Lore Weapon Expansion.esp|008A30 of class RE::TESObjectWEAP does not exist in Audio Overhaul Skyrim.esp_Weapons_ModSupport_SRD.yaml, skipping entry
	Form Lore Weapon Expansion.esp|008A31 of class RE::TESObjectWEAP does not exist in Audio Overhaul Skyrim.esp_Weapons_ModSupport_SRD.yaml, skipping entry
	Form Lore Weapon Expansion.esp|008A32 of class RE::TESObjectWEAP does not exist in Audio Overhaul Skyrim.esp_Weapons_ModSupport_SRD.yaml, skipping entry
	Form Lore Weapon Expansion.esp|008A33 of class RE::TESObjectWEAP does not exist in Audio Overhaul Skyrim.esp_Weapons_ModSupport_SRD.yaml, skipping entry
	Form Lore Weapon Expansion.esp|008A34 of class RE::TESObjectWEAP does not exist in Audio Overhaul Skyrim.esp_Weapons_ModSupport_SRD.yaml, skipping entry
	Form Lore Weapon Expansion.esp|008A35 of class RE::TESObjectWEAP does not exist in Audio Overhaul Skyrim.esp_Weapons_ModSupport_SRD.yaml, skipping entry
	Form Lore Weapon Expansion.esp|008A36 of class RE::TESObjectWEAP does not exist in Audio Overhaul Skyrim.esp_Weapons_ModSupport_SRD.yaml, skipping entry
	Form Lore Weapon Expansion.esp|008A37 of class RE::TESObjectWEAP does not exist in Audio Overhaul Skyrim.esp_Weapons_ModSupport_SRD.yaml, skipping entry
	Form Lore Weapon Expansion.esp|008A38 of class RE::TESObjectWEAP does not exist in Audio Overhaul Skyrim.esp_Weapons_ModSupport_SRD.yaml, skipping entry
	Form Lore Weapon Expansion.esp|00953A of class RE::TESObjectWEAP does not exist in Audio Overhaul Skyrim.esp_Weapons_ModSupport_SRD.yaml, skipping entry
	Form Lore Weapon Expansion.esp|009A9E of class RE::TESObjectWEAP does not exist in Audio Overhaul Skyrim.esp_Weapons_ModSupport_SRD.yaml, skipping entry
	Form Lore Weapon Expansion.esp|009A9F of class RE::TESObjectWEAP does not exist in Audio Overhaul Skyrim.esp_Weapons_ModSupport_SRD.yaml, skipping entry
	Form Lore Weapon Expansion.esp|009AA0 of class RE::TESObjectWEAP does not exist in Audio Overhaul Skyrim.esp_Weapons_ModSupport_SRD.yaml, skipping entry
	Form Lore Weapon Expansion.esp|009AA1 of class RE::TESObjectWEAP does not exist in Audio Overhaul Skyrim.esp_Weapons_ModSupport_SRD.yaml, skipping entry
	Form Lore Weapon Expansion.esp|009AA2 of class RE::TESObjectWEAP does not exist in Audio Overhaul Skyrim.esp_Weapons_ModSupport_SRD.yaml, skipping entry
	Form Lore Weapon Expansion.esp|009AA3 of class RE::TESObjectWEAP does not exist in Audio Overhaul Skyrim.esp_Weapons_ModSupport_SRD.yaml, skipping entry
	Form Lore Weapon Expansion.esp|00B042 of class RE::TESObjectWEAP does not exist in Audio Overhaul Skyrim.esp_Weapons_ModSupport_SRD.yaml, skipping entry
	Form Lore Weapon Expansion.esp|00B043 of class RE::TESObjectWEAP does not exist in Audio Overhaul Skyrim.esp_Weapons_ModSupport_SRD.yaml, skipping entry
	Form Lore Weapon Expansion.esp|00B04C of class RE::TESObjectWEAP does not exist in Audio Overhaul Skyrim.esp_Weapons_ModSupport_SRD.yaml, skipping entry
	Form Lore Weapon Expansion.esp|00B04D of class RE::TESObjectWEAP does not exist in Audio Overhaul Skyrim.esp_Weapons_ModSupport_SRD.yaml, skipping entry
	Form Lore Weapon Expansion.esp|00B04E of class RE::TESObjectWEAP does not exist in Audio Overhaul Skyrim.esp_Weapons_ModSupport_SRD.yaml, skipping entry
	Form Lore Weapon Expansion.esp|00B04F of class RE::TESObjectWEAP does not exist in Audio Overhaul Skyrim.esp_Weapons_ModSupport_SRD.yaml, skipping entry
	Form Lore Weapon Expansion.esp|00B050 of class RE::TESObjectWEAP does not exist in Audio Overhaul Skyrim.esp_Weapons_ModSupport_SRD.yaml, skipping entry
	Form Lore Weapon Expansion.esp|00B051 of class RE::TESObjectWEAP does not exist in Audio Overhaul Skyrim.esp_Weapons_ModSupport_SRD.yaml, skipping entry
	Form Lore Weapon Expansion.esp|00F69B of class RE::TESObjectWEAP does not exist in Audio Overhaul Skyrim.esp_Weapons_ModSupport_SRD.yaml, skipping entry
	Form Lore Weapon Expansion.esp|00F69E of class RE::TESObjectWEAP does not exist in Audio Overhaul Skyrim.esp_Weapons_ModSupport_SRD.yaml, skipping entry
	Form Lore Weapon Expansion.esp|00F69F of class RE::TESObjectWEAP does not exist in Audio Overhaul Skyrim.esp_Weapons_ModSupport_SRD.yaml, skipping entry
	Form Lore Weapon Expansion.esp|00F6A0 of class RE::TESObjectWEAP does not exist in Audio Overhaul Skyrim.esp_Weapons_ModSupport_SRD.yaml, skipping entry
	Form Lore Weapon Expansion.esp|00F6A1 of class RE::TESObjectWEAP does not exist in Audio Overhaul Skyrim.esp_Weapons_ModSupport_SRD.yaml, skipping entry
	Form Lore Weapon Expansion.esp|00F6A2 of class RE::TESObjectWEAP does not exist in Audio Overhaul Skyrim.esp_Weapons_ModSupport_SRD.yaml, skipping entry
	Form Lore Weapon Expansion.esp|00F6A3 of class RE::TESObjectWEAP does not exist in Audio Overhaul Skyrim.esp_Weapons_ModSupport_SRD.yaml, skipping entry
	Form Lore Weapon Expansion.esp|00FC06 of class RE::TESObjectWEAP does not exist in Audio Overhaul Skyrim.esp_Weapons_ModSupport_SRD.yaml, skipping entry
	Form Lore Weapon Expansion.esp|00FC07 of class RE::TESObjectWEAP does not exist in Audio Overhaul Skyrim.esp_Weapons_ModSupport_SRD.yaml, skipping entry
	Form Lore Weapon Expansion.esp|00FC08 of class RE::TESObjectWEAP does not exist in Audio Overhaul Skyrim.esp_Weapons_ModSupport_SRD.yaml, skipping entry
	Form Lore Weapon Expansion.esp|00FC09 of class RE::TESObjectWEAP does not exist in Audio Overhaul Skyrim.esp_Weapons_ModSupport_SRD.yaml, skipping entry
	Form Lore Weapon Expansion.esp|00FC0A of class RE::TESObjectWEAP does not exist in Audio Overhaul Skyrim.esp_Weapons_ModSupport_SRD.yaml, skipping entry
	Form Lore Weapon Expansion.esp|00FC0B of class RE::TESObjectWEAP does not exist in Audio Overhaul Skyrim.esp_Weapons_ModSupport_SRD.yaml, skipping entry
	Form Lore Weapon Expansion.esp|013205 of class RE::TESObjectWEAP does not exist in Audio Overhaul Skyrim.esp_Weapons_ModSupport_SRD.yaml, skipping entry
	Form Lore Weapon Expansion.esp|013769 of class RE::TESObjectWEAP does not exist in Audio Overhaul Skyrim.esp_Weapons_ModSupport_SRD.yaml, skipping entry
	Form Lore Weapon Expansion.esp|01376A of class RE::TESObjectWEAP does not exist in Audio Overhaul Skyrim.esp_Weapons_ModSupport_SRD.yaml, skipping entry
	Form Lore Weapon Expansion.esp|01376B of class RE::TESObjectWEAP does not exist in Audio Overhaul Skyrim.esp_Weapons_ModSupport_SRD.yaml, skipping entry
	Form Lore Weapon Expansion.esp|0147A5 of class RE::TESObjectWEAP does not exist in Audio Overhaul Skyrim.esp_Weapons_ModSupport_SRD.yaml, skipping entry
	Form Lore Weapon Expansion.esp|0147A6 of class RE::TESObjectWEAP does not exist in Audio Overhaul Skyrim.esp_Weapons_ModSupport_SRD.yaml, skipping entry
	Form Lore Weapon Expansion.esp|0147A7 of class RE::TESObjectWEAP does not exist in Audio Overhaul Skyrim.esp_Weapons_ModSupport_SRD.yaml, skipping entry
	Form Lore Weapon Expansion.esp|01526D of class RE::TESObjectWEAP does not exist in Audio Overhaul Skyrim.esp_Weapons_ModSupport_SRD.yaml, skipping entry
	Form Lore Weapon Expansion.esp|015D32 of class RE::TESObjectWEAP does not exist in Audio Overhaul Skyrim.esp_Weapons_ModSupport_SRD.yaml, skipping entry
	Form Lore Weapon Expansion.esp|015D33 of class RE::TESObjectWEAP does not exist in Audio Overhaul Skyrim.esp_Weapons_ModSupport_SRD.yaml, skipping entry
	Form Lore Weapon Expansion.esp|015D34 of class RE::TESObjectWEAP does not exist in Audio Overhaul Skyrim.esp_Weapons_ModSupport_SRD.yaml, skipping entry
	Form Lore Weapon Expansion.esp|016297 of class RE::TESObjectWEAP does not exist in Audio Overhaul Skyrim.esp_Weapons_ModSupport_SRD.yaml, skipping entry
	Form Lore Weapon Expansion.esp|016298 of class RE::TESObjectWEAP does not exist in Audio Overhaul Skyrim.esp_Weapons_ModSupport_SRD.yaml, skipping entry
	Form Lore Weapon Expansion.esp|016299 of class RE::TESObjectWEAP does not exist in Audio Overhaul Skyrim.esp_Weapons_ModSupport_SRD.yaml, skipping entry
	Form RFM.esm|002DB3 of class RE::TESObjectWEAP does not exist in Audio Overhaul Skyrim.esp_Weapons_ModSupport_SRD.yaml, skipping entry
	Form RFM.esm|00387B of class RE::TESObjectWEAP does not exist in Audio Overhaul Skyrim.esp_Weapons_ModSupport_SRD.yaml, skipping entry
	Form RFM.esm|008BD2 of class RE::TESObjectWEAP does not exist in Audio Overhaul Skyrim.esp_Weapons_ModSupport_SRD.yaml, skipping entry
	Form RFM.esm|017974 of class RE::TESObjectWEAP does not exist in Audio Overhaul Skyrim.esp_Weapons_ModSupport_SRD.yaml, skipping entry
	Form RFM.esm|01CA85 of class RE::TESObjectWEAP does not exist in Audio Overhaul Skyrim.esp_Weapons_ModSupport_SRD.yaml, skipping entry
	Form RFM.esm|01CA86 of class RE::TESObjectWEAP does not exist in Audio Overhaul Skyrim.esp_Weapons_ModSupport_SRD.yaml, skipping entry
	Form RFM.esm|01CA87 of class RE::TESObjectWEAP does not exist in Audio Overhaul Skyrim.esp_Weapons_ModSupport_SRD.yaml, skipping entry
	Form RFM.esm|01CA88 of class RE::TESObjectWEAP does not exist in Audio Overhaul Skyrim.esp_Weapons_ModSupport_SRD.yaml, skipping entry
	Form RFM.esm|01CA8F of class RE::TESObjectWEAP does not exist in Audio Overhaul Skyrim.esp_Weapons_ModSupport_SRD.yaml, skipping entry
	Form RFM.esm|01CA90 of class RE::TESObjectWEAP does not exist in Audio Overhaul Skyrim.esp_Weapons_ModSupport_SRD.yaml, skipping entry
	Form RFM.esm|01CA91 of class RE::TESObjectWEAP does not exist in Audio Overhaul Skyrim.esp_Weapons_ModSupport_SRD.yaml, skipping entry
	Form RFM.esm|01CA92 of class RE::TESObjectWEAP does not exist in Audio Overhaul Skyrim.esp_Weapons_ModSupport_SRD.yaml, skipping entry
	Form RFM.esm|01CA94 of class RE::TESObjectWEAP does not exist in Audio Overhaul Skyrim.esp_Weapons_ModSupport_SRD.yaml, skipping entry
	Form RFM.esm|01CA97 of class RE::TESObjectWEAP does not exist in Audio Overhaul Skyrim.esp_Weapons_ModSupport_SRD.yaml, skipping entry
	Form RFM.esm|01CA99 of class RE::TESObjectWEAP does not exist in Audio Overhaul Skyrim.esp_Weapons_ModSupport_SRD.yaml, skipping entry
	Form RFM.esm|01CA9C of class RE::TESObjectWEAP does not exist in Audio Overhaul Skyrim.esp_Weapons_ModSupport_SRD.yaml, skipping entry
	Form RFM.esm|021B9F of class RE::TESObjectWEAP does not exist in Audio Overhaul Skyrim.esp_Weapons_ModSupport_SRD.yaml, skipping entry
	Form RFM.esm|021BA0 of class RE::TESObjectWEAP does not exist in Audio Overhaul Skyrim.esp_Weapons_ModSupport_SRD.yaml, skipping entry
	Form RFM.esm|021BAC of class RE::TESObjectWEAP does not exist in Audio Overhaul Skyrim.esp_Weapons_ModSupport_SRD.yaml, skipping entry
	Form RFM.esm|026CB9 of class RE::TESObjectWEAP does not exist in Audio Overhaul Skyrim.esp_Weapons_ModSupport_SRD.yaml, skipping entry
	Form RFM.esm|026CBA of class RE::TESObjectWEAP does not exist in Audio Overhaul Skyrim.esp_Weapons_ModSupport_SRD.yaml, skipping entry
	Form RFM.esm|026CBB of class RE::TESObjectWEAP does not exist in Audio Overhaul Skyrim.esp_Weapons_ModSupport_SRD.yaml, skipping entry
	Form RFM.esm|026CBC of class RE::TESObjectWEAP does not exist in Audio Overhaul Skyrim.esp_Weapons_ModSupport_SRD.yaml, skipping entry
	Form RFM.esm|026CC2 of class RE::TESObjectWEAP does not exist in Audio Overhaul Skyrim.esp_Weapons_ModSupport_SRD.yaml, skipping entry
	Form RFM.esm|026CDE of class RE::TESObjectWEAP does not exist in Audio Overhaul Skyrim.esp_Weapons_ModSupport_SRD.yaml, skipping entry
	Form RFM.esm|026CDF of class RE::TESObjectWEAP does not exist in Audio Overhaul Skyrim.esp_Weapons_ModSupport_SRD.yaml, skipping entry
	Form RFM.esm|026CE0 of class RE::TESObjectWEAP does not exist in Audio Overhaul Skyrim.esp_Weapons_ModSupport_SRD.yaml, skipping entry
	Form RFM.esm|026CE1 of class RE::TESObjectWEAP does not exist in Audio Overhaul Skyrim.esp_Weapons_ModSupport_SRD.yaml, skipping entry
	Form RFM.esm|026CE2 of class RE::TESObjectWEAP does not exist in Audio Overhaul Skyrim.esp_Weapons_ModSupport_SRD.yaml, skipping entry
	Form RFM.esm|026CE3 of class RE::TESObjectWEAP does not exist in Audio Overhaul Skyrim.esp_Weapons_ModSupport_SRD.yaml, skipping entry
	Form RFM.esm|026CE4 of class RE::TESObjectWEAP does not exist in Audio Overhaul Skyrim.esp_Weapons_ModSupport_SRD.yaml, skipping entry
	Form RFM.esm|026CE5 of class RE::TESObjectWEAP does not exist in Audio Overhaul Skyrim.esp_Weapons_ModSupport_SRD.yaml, skipping entry
	Form RFM.esm|026CE6 of class RE::TESObjectWEAP does not exist in Audio Overhaul Skyrim.esp_Weapons_ModSupport_SRD.yaml, skipping entry
	Form RFM.esm|026CE7 of class RE::TESObjectWEAP does not exist in Audio Overhaul Skyrim.esp_Weapons_ModSupport_SRD.yaml, skipping entry
	Form RFM.esm|030F25 of class RE::TESObjectWEAP does not exist in Audio Overhaul Skyrim.esp_Weapons_ModSupport_SRD.yaml, skipping entry
	Form RFM.esm|030F26 of class RE::TESObjectWEAP does not exist in Audio Overhaul Skyrim.esp_Weapons_ModSupport_SRD.yaml, skipping entry
	Form RFM.esm|03B12F of class RE::TESObjectWEAP does not exist in Audio Overhaul Skyrim.esp_Weapons_ModSupport_SRD.yaml, skipping entry
	Form RFM.esm|04023C of class RE::TESObjectWEAP does not exist in Audio Overhaul Skyrim.esp_Weapons_ModSupport_SRD.yaml, skipping entry
	Form RFM.esm|0AA8C8 of class RE::TESObjectWEAP does not exist in Audio Overhaul Skyrim.esp_Weapons_ModSupport_SRD.yaml, skipping entry
	Form RFM.esm|0AF9CD of class RE::TESObjectWEAP does not exist in Audio Overhaul Skyrim.esp_Weapons_ModSupport_SRD.yaml, skipping entry
	Form RFM.esm|0B4AD4 of class RE::TESObjectWEAP does not exist in Audio Overhaul Skyrim.esp_Weapons_ModSupport_SRD.yaml, skipping entry
	Form RFM.esm|0D81E4 of class RE::TESObjectWEAP does not exist in Audio Overhaul Skyrim.esp_Weapons_ModSupport_SRD.yaml, skipping entry
	Form RFM.esm|0DD2F1 of class RE::TESObjectWEAP does not exist in Audio Overhaul Skyrim.esp_Weapons_ModSupport_SRD.yaml, skipping entry
	Form RFM.esm|0E23F6 of class RE::TESObjectWEAP does not exist in Audio Overhaul Skyrim.esp_Weapons_ModSupport_SRD.yaml, skipping entry
	Form RFM.esm|0E74FB of class RE::TESObjectWEAP does not exist in Audio Overhaul Skyrim.esp_Weapons_ModSupport_SRD.yaml, skipping entry
	Form RFM.esm|0EC600 of class RE::TESObjectWEAP does not exist in Audio Overhaul Skyrim.esp_Weapons_ModSupport_SRD.yaml, skipping entry
	Form RFM.esm|100A14 of class RE::TESObjectWEAP does not exist in Audio Overhaul Skyrim.esp_Weapons_ModSupport_SRD.yaml, skipping entry
	Form RFM.esm|17557D of class RE::TESObjectWEAP does not exist in Audio Overhaul Skyrim.esp_Weapons_ModSupport_SRD.yaml, skipping entry
	Form RFM.esm|23FE2E of class RE::TESObjectWEAP does not exist in Audio Overhaul Skyrim.esp_Weapons_ModSupport_SRD.yaml, skipping entry
	Form RFM.esm|272860 of class RE::TESObjectWEAP does not exist in Audio Overhaul Skyrim.esp_Weapons_ModSupport_SRD.yaml, skipping entry
	Form RFM.esm|33D124 of class RE::TESObjectWEAP does not exist in Audio Overhaul Skyrim.esp_Weapons_ModSupport_SRD.yaml, skipping entry
	Form RFM.esm|3AC778 of class RE::TESObjectWEAP does not exist in Audio Overhaul Skyrim.esp_Weapons_ModSupport_SRD.yaml, skipping entry
	Form DestructibleDisplayCases.esp|01100F of class RE::TESObjectWEAP does not exist in Audio Overhaul Skyrim.esp_Weapons_ModSupport_SRD.yaml, skipping entry
	Form Helgen Reborn.esp|10A18A of class RE::TESObjectWEAP does not exist in Audio Overhaul Skyrim.esp_Weapons_ModSupport_SRD.yaml, skipping entry
	Form Helgen Reborn.esp|10D7B6 of class RE::TESObjectWEAP does not exist in Audio Overhaul Skyrim.esp_Weapons_ModSupport_SRD.yaml, skipping entry
	Form Helgen Reborn.esp|111E89 of class RE::TESObjectWEAP does not exist in Audio Overhaul Skyrim.esp_Weapons_ModSupport_SRD.yaml, skipping entry
Parsing Regional Sounds Expansion.esp_SRD.yaml
Converting Regional Sounds Expansion.esp_SRD.yaml to JSON object
Parsing Reverb Interior Sounds Expansion.esp_Rain_SRD.yaml
Converting Reverb Interior Sounds Expansion.esp_Rain_SRD.yaml to JSON object
	Missing requirement NOT NAT-ENB.esp
Parsing Reverb Interior Sounds Expansion.esp_RegionalSoundsExpansion_SRD.yaml
Converting Reverb Interior Sounds Expansion.esp_RegionalSoundsExpansion_SRD.yaml to JSON object
Parsing Reverb Interior Sounds Expansion.esp_SRD.yaml
Converting Reverb Interior Sounds Expansion.esp_SRD.yaml to JSON object
Parsing Reverb Interior Sounds Expansion.esp_Thunder_SRD.yaml
Converting Reverb Interior Sounds Expansion.esp_Thunder_SRD.yaml to JSON object
	Missing requirement NOT NAT-ENB.esp
Parsing WhalesOffTheCoast.esp_SRD.yaml
Converting WhalesOffTheCoast.esp_SRD.yaml to JSON object
Parsing WildwoodEchoes.esp_SRD.yaml
Converting WildwoodEchoes.esp_SRD.yaml to JSON object
Parsing MurderOfSongbirds.esp_SRD.yaml
Converting MurderOfSongbirds.esp_SRD.yaml to JSON object
Parsing Ambient Warfare.esp_SRD.yaml
Converting Ambient Warfare.esp_SRD.yaml to JSON object
Parsing Revenant Spirits of the Soul Cairn.esp_SRD.yaml
Converting Revenant Spirits of the Soul Cairn.esp_SRD.yaml to JSON object
Parsing Whispering Tomes of Apocrypha.esp_SRD.yaml
Converting Whispering Tomes of Apocrypha.esp_SRD.yaml to JSON object
Parsing Solstheim Exterior Soundscapes.esp_SRD.yaml
Converting Solstheim Exterior Soundscapes.esp_SRD.yaml to JSON object
Parsing Nordic Winds.esp_SRD.yaml
Converting Nordic Winds.esp_SRD.yaml to JSON object
Parsing VolkiharSoundscapeOverhaul.esp_SRD.yaml
Converting VolkiharSoundscapeOverhaul.esp_SRD.yaml to JSON object
Parsing Distant Rolling Thunder.esp_SRD.yaml
Converting Distant Rolling Thunder.esp_SRD.yaml to JSON object
Parsing Sounds of Towns and Cities.esp_SRD.yaml
Converting Sounds of Towns and Cities.esp_SRD.yaml to JSON object
Parsing BlackreachEerieAmbience_SRD.yaml
Converting BlackreachEerieAmbience_SRD.yaml to JSON object
Parsing CompleteCraftingOverhaulRemastered - AOS Patch_SRD.yaml
Converting CompleteCraftingOverhaulRemastered - AOS Patch_SRD.yaml to JSON object
Parsing CompleteCraftingOverhaulRemastered - ISC Patch_SRD.yaml
Converting CompleteCraftingOverhaulRemastered - ISC Patch_SRD.yaml to JSON object
	Form Complete Crafting Overhaul_Remastered.esp|063B42 of class RE::TESObjectMISC does not exist in CompleteCraftingOverhaulRemastered - ISC Patch_SRD.yaml, skipping entry
	Form Complete Crafting Overhaul_Remastered.esp|063B42 of class RE::TESObjectMISC does not exist in CompleteCraftingOverhaulRemastered - ISC Patch_SRD.yaml, skipping entry
	Form Complete Crafting Overhaul_Remastered.esp|063B43 of class RE::TESObjectMISC does not exist in CompleteCraftingOverhaulRemastered - ISC Patch_SRD.yaml, skipping entry
	Form Complete Crafting Overhaul_Remastered.esp|063B43 of class RE::TESObjectMISC does not exist in CompleteCraftingOverhaulRemastered - ISC Patch_SRD.yaml, skipping entry
	Form Complete Crafting Overhaul_Remastered.esp|063B44 of class RE::TESObjectMISC does not exist in CompleteCraftingOverhaulRemastered - ISC Patch_SRD.yaml, skipping entry
	Form Complete Crafting Overhaul_Remastered.esp|063B44 of class RE::TESObjectMISC does not exist in CompleteCraftingOverhaulRemastered - ISC Patch_SRD.yaml, skipping entry
	Form Complete Crafting Overhaul_Remastered.esp|063B45 of class RE::TESObjectMISC does not exist in CompleteCraftingOverhaulRemastered - ISC Patch_SRD.yaml, skipping entry
	Form Complete Crafting Overhaul_Remastered.esp|063B45 of class RE::TESObjectMISC does not exist in CompleteCraftingOverhaulRemastered - ISC Patch_SRD.yaml, skipping entry
	Form Complete Crafting Overhaul_Remastered.esp|063B46 of class RE::TESObjectMISC does not exist in CompleteCraftingOverhaulRemastered - ISC Patch_SRD.yaml, skipping entry
	Form Complete Crafting Overhaul_Remastered.esp|063B46 of class RE::TESObjectMISC does not exist in CompleteCraftingOverhaulRemastered - ISC Patch_SRD.yaml, skipping entry
	Form Complete Crafting Overhaul_Remastered.esp|063B47 of class RE::TESObjectMISC does not exist in CompleteCraftingOverhaulRemastered - ISC Patch_SRD.yaml, skipping entry
	Form Complete Crafting Overhaul_Remastered.esp|063B47 of class RE::TESObjectMISC does not exist in CompleteCraftingOverhaulRemastered - ISC Patch_SRD.yaml, skipping entry
	Form Complete Crafting Overhaul_Remastered.esp|06851E of class RE::TESObjectMISC does not exist in CompleteCraftingOverhaulRemastered - ISC Patch_SRD.yaml, skipping entry
	Form Complete Crafting Overhaul_Remastered.esp|06851E of class RE::TESObjectMISC does not exist in CompleteCraftingOverhaulRemastered - ISC Patch_SRD.yaml, skipping entry
	Form Complete Crafting Overhaul_Remastered.esp|06851F of class RE::TESObjectMISC does not exist in CompleteCraftingOverhaulRemastered - ISC Patch_SRD.yaml, skipping entry
	Form Complete Crafting Overhaul_Remastered.esp|06851F of class RE::TESObjectMISC does not exist in CompleteCraftingOverhaulRemastered - ISC Patch_SRD.yaml, skipping entry
	Form Complete Crafting Overhaul_Remastered.esp|068520 of class RE::TESObjectMISC does not exist in CompleteCraftingOverhaulRemastered - ISC Patch_SRD.yaml, skipping entry
	Form Complete Crafting Overhaul_Remastered.esp|068520 of class RE::TESObjectMISC does not exist in CompleteCraftingOverhaulRemastered - ISC Patch_SRD.yaml, skipping entry
	Form Complete Crafting Overhaul_Remastered.esp|068521 of class RE::TESObjectMISC does not exist in CompleteCraftingOverhaulRemastered - ISC Patch_SRD.yaml, skipping entry
	Form Complete Crafting Overhaul_Remastered.esp|068521 of class RE::TESObjectMISC does not exist in CompleteCraftingOverhaulRemastered - ISC Patch_SRD.yaml, skipping entry
	Form Complete Crafting Overhaul_Remastered.esp|068522 of class RE::TESObjectMISC does not exist in CompleteCraftingOverhaulRemastered - ISC Patch_SRD.yaml, skipping entry
	Form Complete Crafting Overhaul_Remastered.esp|068522 of class RE::TESObjectMISC does not exist in CompleteCraftingOverhaulRemastered - ISC Patch_SRD.yaml, skipping entry
	Form Complete Crafting Overhaul_Remastered.esp|068523 of class RE::TESObjectMISC does not exist in CompleteCraftingOverhaulRemastered - ISC Patch_SRD.yaml, skipping entry
	Form Complete Crafting Overhaul_Remastered.esp|068523 of class RE::TESObjectMISC does not exist in CompleteCraftingOverhaulRemastered - ISC Patch_SRD.yaml, skipping entry
Parsing WTBrimstoneWyrmstoneArmory - AOS Patch_SRD.yaml
Converting WTBrimstoneWyrmstoneArmory - AOS Patch_SRD.yaml to JSON object
Parsing WTBrimstoneWyrmstoneArmory - ISC Patch_SRD.yaml
Converting WTBrimstoneWyrmstoneArmory - ISC Patch_SRD.yaml to JSON object

Parsed configs in 303 milliseconds

106667|Seasonal Weathers Framework - NAT-ENB III.esp
	821|Regional Sounds Expansion.esp
		Flags  -> Regional Sounds Expansion.esp_SRD.yaml
		Chance  -> Regional Sounds Expansion.esp_SRD.yaml
	835|Regional Sounds Expansion.esp
		Flags  -> Regional Sounds Expansion.esp_SRD.yaml
		Chance  -> Regional Sounds Expansion.esp_SRD.yaml
	CF2C7|Regional Sounds Expansion.esp
		Flags  -> Nordic Winds.esp_SRD.yaml
		Chance  -> Nordic Winds.esp_SRD.yaml
	3E602|Regional Sounds Expansion.esp
		Flags  -> Nordic Winds.esp_SRD.yaml
		Chance  -> Nordic Winds.esp_SRD.yaml
	CF2CA|Regional Sounds Expansion.esp
		Flags  -> Nordic Winds.esp_SRD.yaml
		Chance  -> Nordic Winds.esp_SRD.yaml
	811|Nordic Winds.esp
		Flags  -> Nordic Winds.esp_SRD.yaml
		Chance  -> Nordic Winds.esp_SRD.yaml

1989D|Skyrim.esm
	3C89F|Regional Sounds Expansion.esp
		Flags  -> Regional Sounds Expansion.esp_SRD.yaml
		Chance  -> Regional Sounds Expansion.esp_SRD.yaml
	83D|Regional Sounds Expansion.esp
		Flags  -> Regional Sounds Expansion.esp_SRD.yaml
		Chance  -> Regional Sounds Expansion.esp_SRD.yaml
	83C|Regional Sounds Expansion.esp
		Flags  -> Regional Sounds Expansion.esp_SRD.yaml
		Chance  -> Regional Sounds Expansion.esp_SRD.yaml
	3C8A2|Regional Sounds Expansion.esp
		Flags  -> Regional Sounds Expansion.esp_SRD.yaml
		Chance  -> Regional Sounds Expansion.esp_SRD.yaml
	3D0CC|Regional Sounds Expansion.esp
		Flags  -> Regional Sounds Expansion.esp_SRD.yaml
		Chance  -> Regional Sounds Expansion.esp_SRD.yaml
	83F|Regional Sounds Expansion.esp
		Flags  -> Regional Sounds Expansion.esp_SRD.yaml
		Chance  -> Regional Sounds Expansion.esp_SRD.yaml
	84C|Regional Sounds Expansion.esp
		Flags  -> Regional Sounds Expansion.esp_SRD.yaml
		Chance  -> Regional Sounds Expansion.esp_SRD.yaml

C5852|Seasonal Weathers Framework - NAT-ENB III.esp
	801|MurderOfSongbirds.esp
		Flags  -> MurderOfSongbirds.esp_SRD.yaml
		Chance  -> MurderOfSongbirds.esp_SRD.yaml
	DB6DF|Regional Sounds Expansion.esp
		Flags  -> Nordic Winds.esp_SRD.yaml
		Chance  -> Nordic Winds.esp_SRD.yaml
	800|WhalesOffTheCoast.esp
		Flags  -> WhalesOffTheCoast.esp_SRD.yaml
		Chance  -> WhalesOffTheCoast.esp_SRD.yaml
	802|WhalesOffTheCoast.esp
		Flags  -> WhalesOffTheCoast.esp_SRD.yaml
		Chance  -> WhalesOffTheCoast.esp_SRD.yaml
	801|WhalesOffTheCoast.esp
		Flags  -> WhalesOffTheCoast.esp_SRD.yaml
		Chance  -> WhalesOffTheCoast.esp_SRD.yaml
	802|Distant Rolling Thunder.esp
		Flags  -> Distant Rolling Thunder.esp_SRD.yaml
		Chance  -> Distant Rolling Thunder.esp_SRD.yaml
	806|MurderOfSongbirds.esp
		Flags  -> MurderOfSongbirds.esp_SRD.yaml
		Chance  -> MurderOfSongbirds.esp_SRD.yaml
	804|WhalesOffTheCoast.esp
		Flags  -> WhalesOffTheCoast.esp_SRD.yaml
		Chance  -> WhalesOffTheCoast.esp_SRD.yaml
	803|WhalesOffTheCoast.esp
		Flags  -> WhalesOffTheCoast.esp_SRD.yaml
		Chance  -> WhalesOffTheCoast.esp_SRD.yaml
	805|Distant Rolling Thunder.esp
		Flags  -> Distant Rolling Thunder.esp_SRD.yaml
		Chance  -> Distant Rolling Thunder.esp_SRD.yaml
	803|Distant Rolling Thunder.esp
		Flags  -> Distant Rolling Thunder.esp_SRD.yaml
		Chance  -> Distant Rolling Thunder.esp_SRD.yaml
	807|MurderOfSongbirds.esp
		Flags  -> MurderOfSongbirds.esp_SRD.yaml
		Chance  -> MurderOfSongbirds.esp_SRD.yaml
	DB6DD|Regional Sounds Expansion.esp
		Flags  -> Nordic Winds.esp_SRD.yaml
		Chance  -> Nordic Winds.esp_SRD.yaml
	DB6DE|Regional Sounds Expansion.esp
		Flags  -> Nordic Winds.esp_SRD.yaml
		Chance  -> Nordic Winds.esp_SRD.yaml
	801|Distant Rolling Thunder.esp
		Flags  -> Distant Rolling Thunder.esp_SRD.yaml
		Chance  -> Distant Rolling Thunder.esp_SRD.yaml
	804|Nordic Winds.esp
		Flags  -> Nordic Winds.esp_SRD.yaml
		Chance  -> Nordic Winds.esp_SRD.yaml
	804|Distant Rolling Thunder.esp
		Flags  -> Distant Rolling Thunder.esp_SRD.yaml
		Chance  -> Distant Rolling Thunder.esp_SRD.yaml
	806|Distant Rolling Thunder.esp
		Flags  -> Distant Rolling Thunder.esp_SRD.yaml
		Chance  -> Distant Rolling Thunder.esp_SRD.yaml
	807|Distant Rolling Thunder.esp
		Flags  -> Distant Rolling Thunder.esp_SRD.yaml
		Chance  -> Distant Rolling Thunder.esp_SRD.yaml
	810|Distant Rolling Thunder.esp
		Flags  -> Distant Rolling Thunder.esp_SRD.yaml
		Chance  -> Distant Rolling Thunder.esp_SRD.yaml
	808|Distant Rolling Thunder.esp
		Flags  -> Distant Rolling Thunder.esp_SRD.yaml
		Chance  -> Distant Rolling Thunder.esp_SRD.yaml
	809|Distant Rolling Thunder.esp
		Flags  -> Distant Rolling Thunder.esp_SRD.yaml
		Chance  -> Distant Rolling Thunder.esp_SRD.yaml

FD92F|Skyrim.esm
	FD930|Regional Sounds Expansion.esp
		Flags  -> Regional Sounds Expansion.esp_SRD.yaml
		Chance  -> Regional Sounds Expansion.esp_SRD.yaml
	840|Regional Sounds Expansion.esp
		Flags  -> Regional Sounds Expansion.esp_SRD.yaml
		Chance  -> Regional Sounds Expansion.esp_SRD.yaml
	FD92E|Regional Sounds Expansion.esp
		Flags  -> Regional Sounds Expansion.esp_SRD.yaml
		Chance  -> Regional Sounds Expansion.esp_SRD.yaml
	FD931|Regional Sounds Expansion.esp
		Flags  -> Regional Sounds Expansion.esp_SRD.yaml
		Chance  -> Regional Sounds Expansion.esp_SRD.yaml
	84C|Regional Sounds Expansion.esp
		Flags  -> Regional Sounds Expansion.esp_SRD.yaml
		Chance  -> Regional Sounds Expansion.esp_SRD.yaml
	FD932|Regional Sounds Expansion.esp
		Flags  -> Regional Sounds Expansion.esp_SRD.yaml
		Chance  -> Regional Sounds Expansion.esp_SRD.yaml
	841|Regional Sounds Expansion.esp
		Flags  -> Regional Sounds Expansion.esp_SRD.yaml
		Chance  -> Regional Sounds Expansion.esp_SRD.yaml
	84D|Regional Sounds Expansion.esp
		Flags  -> Regional Sounds Expansion.esp_SRD.yaml
		Chance  -> Regional Sounds Expansion.esp_SRD.yaml
	84E|Regional Sounds Expansion.esp
		Flags  -> Regional Sounds Expansion.esp_SRD.yaml
		Chance  -> Regional Sounds Expansion.esp_SRD.yaml
	84F|Regional Sounds Expansion.esp
		Flags  -> Regional Sounds Expansion.esp_SRD.yaml
		Chance  -> Regional Sounds Expansion.esp_SRD.yaml

703C2|Seasonal Weathers Framework - NAT-ENB III.esp
	D66|Ambient Warfare.esp
		Flags  -> Ambient Warfare.esp_SRD.yaml
		Chance  -> Ambient Warfare.esp_SRD.yaml
	D64|Ambient Warfare.esp
		Flags  -> Ambient Warfare.esp_SRD.yaml
		Chance  -> Ambient Warfare.esp_SRD.yaml
	3E602|Regional Sounds Expansion.esp
		Flags  -> Regional Sounds Expansion.esp_SRD.yaml -> Nordic Winds.esp_SRD.yaml
		Chance  -> Regional Sounds Expansion.esp_SRD.yaml -> Nordic Winds.esp_SRD.yaml
	800|Ambient Warfare.esp
		Flags  -> Ambient Warfare.esp_SRD.yaml
		Chance  -> Ambient Warfare.esp_SRD.yaml
	823|Regional Sounds Expansion.esp
		Flags  -> Regional Sounds Expansion.esp_SRD.yaml
		Chance  -> Regional Sounds Expansion.esp_SRD.yaml
	834|Regional Sounds Expansion.esp
		Flags  -> Regional Sounds Expansion.esp_SRD.yaml
		Chance  -> Regional Sounds Expansion.esp_SRD.yaml
	D63|Ambient Warfare.esp
		Flags  -> Ambient Warfare.esp_SRD.yaml
		Chance  -> Ambient Warfare.esp_SRD.yaml
	824|Regional Sounds Expansion.esp
		Flags  -> Regional Sounds Expansion.esp_SRD.yaml
		Chance  -> Regional Sounds Expansion.esp_SRD.yaml
	816|Regional Sounds Expansion.esp
		Flags  -> Regional Sounds Expansion.esp_SRD.yaml
		Chance  -> Regional Sounds Expansion.esp_SRD.yaml
	CF2C7|Regional Sounds Expansion.esp
		Flags  -> Regional Sounds Expansion.esp_SRD.yaml -> Nordic Winds.esp_SRD.yaml
		Chance  -> Regional Sounds Expansion.esp_SRD.yaml -> Nordic Winds.esp_SRD.yaml
	CF2CA|Regional Sounds Expansion.esp
		Flags  -> Regional Sounds Expansion.esp_SRD.yaml -> Nordic Winds.esp_SRD.yaml
		Chance  -> Regional Sounds Expansion.esp_SRD.yaml -> Nordic Winds.esp_SRD.yaml
	D6F|Ambient Warfare.esp
		Flags  -> Ambient Warfare.esp_SRD.yaml
		Chance  -> Ambient Warfare.esp_SRD.yaml
	837|Regional Sounds Expansion.esp
		Flags  -> Regional Sounds Expansion.esp_SRD.yaml
		Chance  -> Regional Sounds Expansion.esp_SRD.yaml
	838|Regional Sounds Expansion.esp
		Flags  -> Regional Sounds Expansion.esp_SRD.yaml
		Chance  -> Regional Sounds Expansion.esp_SRD.yaml
	818|Sounds of Towns and Cities.esp
		Flags  -> Sounds of Towns and Cities.esp_SRD.yaml
		Chance  -> Sounds of Towns and Cities.esp_SRD.yaml
	806|MurderOfSongbirds.esp
		Flags  -> MurderOfSongbirds.esp_SRD.yaml
		Chance  -> MurderOfSongbirds.esp_SRD.yaml
	809|Nordic Winds.esp
		Flags  -> Nordic Winds.esp_SRD.yaml
		Chance  -> Nordic Winds.esp_SRD.yaml
	807|MurderOfSongbirds.esp
		Flags  -> MurderOfSongbirds.esp_SRD.yaml
		Chance  -> MurderOfSongbirds.esp_SRD.yaml
	80B|MurderOfSongbirds.esp
		Flags  -> MurderOfSongbirds.esp_SRD.yaml
		Chance  -> MurderOfSongbirds.esp_SRD.yaml
	D65|Ambient Warfare.esp
		Flags  -> Ambient Warfare.esp_SRD.yaml
		Chance  -> Ambient Warfare.esp_SRD.yaml
	809|Sounds of Towns and Cities.esp
		Flags  -> Sounds of Towns and Cities.esp_SRD.yaml
		Chance  -> Sounds of Towns and Cities.esp_SRD.yaml
	D69|Ambient Warfare.esp
		Flags  -> Ambient Warfare.esp_SRD.yaml
		Chance  -> Ambient Warfare.esp_SRD.yaml
	D67|Ambient Warfare.esp
		Flags  -> Ambient Warfare.esp_SRD.yaml
		Chance  -> Ambient Warfare.esp_SRD.yaml
	80A|Sounds of Towns and Cities.esp
		Flags  -> Sounds of Towns and Cities.esp_SRD.yaml
		Chance  -> Sounds of Towns and Cities.esp_SRD.yaml
	808|Sounds of Towns and Cities.esp
		Flags  -> Sounds of Towns and Cities.esp_SRD.yaml
		Chance  -> Sounds of Towns and Cities.esp_SRD.yaml
	D68|Ambient Warfare.esp
		Flags  -> Ambient Warfare.esp_SRD.yaml
		Chance  -> Ambient Warfare.esp_SRD.yaml
	D6A|Ambient Warfare.esp
		Flags  -> Ambient Warfare.esp_SRD.yaml
		Chance  -> Ambient Warfare.esp_SRD.yaml
	D6B|Ambient Warfare.esp
		Flags  -> Ambient Warfare.esp_SRD.yaml
		Chance  -> Ambient Warfare.esp_SRD.yaml
	804|Sounds of Towns and Cities.esp
		Flags  -> Sounds of Towns and Cities.esp_SRD.yaml
		Chance  -> Sounds of Towns and Cities.esp_SRD.yaml
	D6E|Ambient Warfare.esp
		Flags  -> Ambient Warfare.esp_SRD.yaml
		Chance  -> Ambient Warfare.esp_SRD.yaml
	D6C|Ambient Warfare.esp
		Flags  -> Ambient Warfare.esp_SRD.yaml
		Chance  -> Ambient Warfare.esp_SRD.yaml
	805|Sounds of Towns and Cities.esp
		Flags  -> Sounds of Towns and Cities.esp_SRD.yaml
		Chance  -> Sounds of Towns and Cities.esp_SRD.yaml
	803|Sounds of Towns and Cities.esp
		Flags  -> Sounds of Towns and Cities.esp_SRD.yaml
		Chance  -> Sounds of Towns and Cities.esp_SRD.yaml
	D6D|Ambient Warfare.esp
		Flags  -> Ambient Warfare.esp_SRD.yaml
		Chance  -> Ambient Warfare.esp_SRD.yaml
	801|Sounds of Towns and Cities.esp
		Flags  -> Sounds of Towns and Cities.esp_SRD.yaml
		Chance  -> Sounds of Towns and Cities.esp_SRD.yaml
	802|Sounds of Towns and Cities.esp
		Flags  -> Sounds of Towns and Cities.esp_SRD.yaml
		Chance  -> Sounds of Towns and Cities.esp_SRD.yaml
	806|Sounds of Towns and Cities.esp
		Flags  -> Sounds of Towns and Cities.esp_SRD.yaml
		Chance  -> Sounds of Towns and Cities.esp_SRD.yaml
	807|Sounds of Towns and Cities.esp
		Flags  -> Sounds of Towns and Cities.esp_SRD.yaml
		Chance  -> Sounds of Towns and Cities.esp_SRD.yaml
	80B|Sounds of Towns and Cities.esp
		Flags  -> Sounds of Towns and Cities.esp_SRD.yaml
		Chance  -> Sounds of Towns and Cities.esp_SRD.yaml
	813|Sounds of Towns and Cities.esp
		Flags  -> Sounds of Towns and Cities.esp_SRD.yaml
		Chance  -> Sounds of Towns and Cities.esp_SRD.yaml
	811|Sounds of Towns and Cities.esp
		Flags  -> Sounds of Towns and Cities.esp_SRD.yaml
		Chance  -> Sounds of Towns and Cities.esp_SRD.yaml
	812|Sounds of Towns and Cities.esp
		Flags  -> Sounds of Towns and Cities.esp_SRD.yaml
		Chance  -> Sounds of Towns and Cities.esp_SRD.yaml
	814|Sounds of Towns and Cities.esp
		Flags  -> Sounds of Towns and Cities.esp_SRD.yaml
		Chance  -> Sounds of Towns and Cities.esp_SRD.yaml
	815|Sounds of Towns and Cities.esp
		Flags  -> Sounds of Towns and Cities.esp_SRD.yaml
		Chance  -> Sounds of Towns and Cities.esp_SRD.yaml
	816|Sounds of Towns and Cities.esp
		Flags  -> Sounds of Towns and Cities.esp_SRD.yaml
		Chance  -> Sounds of Towns and Cities.esp_SRD.yaml
	817|Sounds of Towns and Cities.esp
		Flags  -> Sounds of Towns and Cities.esp_SRD.yaml
		Chance  -> Sounds of Towns and Cities.esp_SRD.yaml
	847|Sounds of Towns and Cities.esp
		Flags  -> Sounds of Towns and Cities.esp_SRD.yaml
		Chance  -> Sounds of Towns and Cities.esp_SRD.yaml
	872|Sounds of Towns and Cities.esp
		Flags  -> Sounds of Towns and Cities.esp_SRD.yaml
		Chance  -> Sounds of Towns and Cities.esp_SRD.yaml

374BC|Dragonborn.esm
	195C1|Regional Sounds Expansion.esp
		Flags  -> Solstheim Exterior Soundscapes.esp_SRD.yaml
		Chance  -> Solstheim Exterior Soundscapes.esp_SRD.yaml
	195C2|Regional Sounds Expansion.esp
		Flags  -> Solstheim Exterior Soundscapes.esp_SRD.yaml
		Chance  -> Solstheim Exterior Soundscapes.esp_SRD.yaml
	1E0C3|Immersive Sounds - Compendium.esp
		Flags  -> Solstheim Exterior Soundscapes.esp_SRD.yaml
		Chance  -> Solstheim Exterior Soundscapes.esp_SRD.yaml
	802|Solstheim Exterior Soundscapes.esp
		Flags  -> Solstheim Exterior Soundscapes.esp_SRD.yaml
		Chance  -> Solstheim Exterior Soundscapes.esp_SRD.yaml
	803|Solstheim Exterior Soundscapes.esp
		Flags  -> Solstheim Exterior Soundscapes.esp_SRD.yaml
		Chance  -> Solstheim Exterior Soundscapes.esp_SRD.yaml
	805|Solstheim Exterior Soundscapes.esp
		Flags  -> Solstheim Exterior Soundscapes.esp_SRD.yaml
		Chance  -> Solstheim Exterior Soundscapes.esp_SRD.yaml
	804|Solstheim Exterior Soundscapes.esp
		Flags  -> Solstheim Exterior Soundscapes.esp_SRD.yaml
		Chance  -> Solstheim Exterior Soundscapes.esp_SRD.yaml
	806|Solstheim Exterior Soundscapes.esp
		Flags  -> Solstheim Exterior Soundscapes.esp_SRD.yaml
		Chance  -> Solstheim Exterior Soundscapes.esp_SRD.yaml
	807|Solstheim Exterior Soundscapes.esp
		Flags  -> Solstheim Exterior Soundscapes.esp_SRD.yaml
		Chance  -> Solstheim Exterior Soundscapes.esp_SRD.yaml
	80A|Solstheim Exterior Soundscapes.esp
		Flags  -> Solstheim Exterior Soundscapes.esp_SRD.yaml
		Chance  -> Solstheim Exterior Soundscapes.esp_SRD.yaml
	808|Solstheim Exterior Soundscapes.esp
		Flags  -> Solstheim Exterior Soundscapes.esp_SRD.yaml
		Chance  -> Solstheim Exterior Soundscapes.esp_SRD.yaml
	809|Solstheim Exterior Soundscapes.esp
		Flags  -> Solstheim Exterior Soundscapes.esp_SRD.yaml
		Chance  -> Solstheim Exterior Soundscapes.esp_SRD.yaml
	80B|Solstheim Exterior Soundscapes.esp
		Flags  -> Solstheim Exterior Soundscapes.esp_SRD.yaml
		Chance  -> Solstheim Exterior Soundscapes.esp_SRD.yaml

1046C9|Seasonal Weathers Framework - NAT-ENB III.esp
	3F3FC|Regional Sounds Expansion.esp
		Flags  -> Nordic Winds.esp_SRD.yaml
		Chance  -> Nordic Winds.esp_SRD.yaml
	D6A|Ambient Warfare.esp
		Flags  -> Ambient Warfare.esp_SRD.yaml
		Chance  -> Ambient Warfare.esp_SRD.yaml
	3F405|Regional Sounds Expansion.esp
		Flags  -> Regional Sounds Expansion.esp_SRD.yaml -> Nordic Winds.esp_SRD.yaml
		Chance  -> Regional Sounds Expansion.esp_SRD.yaml -> Nordic Winds.esp_SRD.yaml
	D6B|Ambient Warfare.esp
		Flags  -> Ambient Warfare.esp_SRD.yaml
		Chance  -> Ambient Warfare.esp_SRD.yaml
	3F3FD|Regional Sounds Expansion.esp
		Flags  -> Regional Sounds Expansion.esp_SRD.yaml -> Nordic Winds.esp_SRD.yaml
		Chance  -> Regional Sounds Expansion.esp_SRD.yaml -> Nordic Winds.esp_SRD.yaml
	81D|Regional Sounds Expansion.esp
		Flags  -> Regional Sounds Expansion.esp_SRD.yaml
		Chance  -> Regional Sounds Expansion.esp_SRD.yaml
	808|Regional Sounds Expansion.esp
		Flags  -> Regional Sounds Expansion.esp_SRD.yaml
		Chance  -> Regional Sounds Expansion.esp_SRD.yaml
	D6D|Ambient Warfare.esp
		Flags  -> Ambient Warfare.esp_SRD.yaml
		Chance  -> Ambient Warfare.esp_SRD.yaml
	866|Regional Sounds Expansion.esp
		Flags  -> Regional Sounds Expansion.esp_SRD.yaml
		Chance  -> Regional Sounds Expansion.esp_SRD.yaml
	D6E|Ambient Warfare.esp
		Flags  -> Ambient Warfare.esp_SRD.yaml
		Chance  -> Ambient Warfare.esp_SRD.yaml
	D6C|Ambient Warfare.esp
		Flags  -> Ambient Warfare.esp_SRD.yaml
		Chance  -> Ambient Warfare.esp_SRD.yaml
	865|Regional Sounds Expansion.esp
		Flags  -> Regional Sounds Expansion.esp_SRD.yaml
		Chance  -> Regional Sounds Expansion.esp_SRD.yaml
	81E|Regional Sounds Expansion.esp
		Flags  -> Regional Sounds Expansion.esp_SRD.yaml
		Chance  -> Regional Sounds Expansion.esp_SRD.yaml
	810|Distant Rolling Thunder.esp
		Flags  -> Distant Rolling Thunder.esp_SRD.yaml
		Chance  -> Distant Rolling Thunder.esp_SRD.yaml
	808|Distant Rolling Thunder.esp
		Flags  -> Distant Rolling Thunder.esp_SRD.yaml
		Chance  -> Distant Rolling Thunder.esp_SRD.yaml
	817|Regional Sounds Expansion.esp
		Flags  -> Regional Sounds Expansion.esp_SRD.yaml
		Chance  -> Regional Sounds Expansion.esp_SRD.yaml
	833|Regional Sounds Expansion.esp
		Flags  -> Regional Sounds Expansion.esp_SRD.yaml
		Chance  -> Regional Sounds Expansion.esp_SRD.yaml
	828|Regional Sounds Expansion.esp
		Flags  -> Regional Sounds Expansion.esp_SRD.yaml
		Chance  -> Regional Sounds Expansion.esp_SRD.yaml
	D66|Ambient Warfare.esp
		Flags  -> Ambient Warfare.esp_SRD.yaml
		Chance  -> Ambient Warfare.esp_SRD.yaml
	D64|Ambient Warfare.esp
		Flags  -> Ambient Warfare.esp_SRD.yaml
		Chance  -> Ambient Warfare.esp_SRD.yaml
	829|Regional Sounds Expansion.esp
		Flags  -> Regional Sounds Expansion.esp_SRD.yaml
		Chance  -> Regional Sounds Expansion.esp_SRD.yaml
	801|MurderOfSongbirds.esp
		Flags  -> MurderOfSongbirds.esp_SRD.yaml
		Chance  -> MurderOfSongbirds.esp_SRD.yaml
	804|MurderOfSongbirds.esp
		Flags  -> MurderOfSongbirds.esp_SRD.yaml
		Chance  -> MurderOfSongbirds.esp_SRD.yaml
	805|Distant Rolling Thunder.esp
		Flags  -> Distant Rolling Thunder.esp_SRD.yaml
		Chance  -> Distant Rolling Thunder.esp_SRD.yaml
	803|Distant Rolling Thunder.esp
		Flags  -> Distant Rolling Thunder.esp_SRD.yaml
		Chance  -> Distant Rolling Thunder.esp_SRD.yaml
	809|MurderOfSongbirds.esp
		Flags  -> MurderOfSongbirds.esp_SRD.yaml
		Chance  -> MurderOfSongbirds.esp_SRD.yaml
	806|Distant Rolling Thunder.esp
		Flags  -> Distant Rolling Thunder.esp_SRD.yaml
		Chance  -> Distant Rolling Thunder.esp_SRD.yaml
	80C|MurderOfSongbirds.esp
		Flags  -> MurderOfSongbirds.esp_SRD.yaml
		Chance  -> MurderOfSongbirds.esp_SRD.yaml
	80A|MurderOfSongbirds.esp
		Flags  -> MurderOfSongbirds.esp_SRD.yaml
		Chance  -> MurderOfSongbirds.esp_SRD.yaml
	807|Distant Rolling Thunder.esp
		Flags  -> Distant Rolling Thunder.esp_SRD.yaml
		Chance  -> Distant Rolling Thunder.esp_SRD.yaml
	80B|MurderOfSongbirds.esp
		Flags  -> MurderOfSongbirds.esp_SRD.yaml
		Chance  -> MurderOfSongbirds.esp_SRD.yaml
	809|Distant Rolling Thunder.esp
		Flags  -> Distant Rolling Thunder.esp_SRD.yaml
		Chance  -> Distant Rolling Thunder.esp_SRD.yaml
	80D|MurderOfSongbirds.esp
		Flags  -> MurderOfSongbirds.esp_SRD.yaml
		Chance  -> MurderOfSongbirds.esp_SRD.yaml
	800|Ambient Warfare.esp
		Flags  -> Ambient Warfare.esp_SRD.yaml
		Chance  -> Ambient Warfare.esp_SRD.yaml
	D63|Ambient Warfare.esp
		Flags  -> Ambient Warfare.esp_SRD.yaml
		Chance  -> Ambient Warfare.esp_SRD.yaml
	D65|Ambient Warfare.esp
		Flags  -> Ambient Warfare.esp_SRD.yaml
		Chance  -> Ambient Warfare.esp_SRD.yaml
	D69|Ambient Warfare.esp
		Flags  -> Ambient Warfare.esp_SRD.yaml
		Chance  -> Ambient Warfare.esp_SRD.yaml
	D67|Ambient Warfare.esp
		Flags  -> Ambient Warfare.esp_SRD.yaml
		Chance  -> Ambient Warfare.esp_SRD.yaml
	D68|Ambient Warfare.esp
		Flags  -> Ambient Warfare.esp_SRD.yaml
		Chance  -> Ambient Warfare.esp_SRD.yaml
	D6F|Ambient Warfare.esp
		Flags  -> Ambient Warfare.esp_SRD.yaml
		Chance  -> Ambient Warfare.esp_SRD.yaml
	802|Nordic Winds.esp
		Flags  -> Nordic Winds.esp_SRD.yaml
		Chance  -> Nordic Winds.esp_SRD.yaml
	801|Distant Rolling Thunder.esp
		Flags  -> Distant Rolling Thunder.esp_SRD.yaml
		Chance  -> Distant Rolling Thunder.esp_SRD.yaml
	802|Distant Rolling Thunder.esp
		Flags  -> Distant Rolling Thunder.esp_SRD.yaml
		Chance  -> Distant Rolling Thunder.esp_SRD.yaml
	804|Distant Rolling Thunder.esp
		Flags  -> Distant Rolling Thunder.esp_SRD.yaml
		Chance  -> Distant Rolling Thunder.esp_SRD.yaml

C5857|Seasonal Weathers Framework - NAT-ENB III.esp
	10FD47|Regional Sounds Expansion.esp
		Flags  -> Regional Sounds Expansion.esp_SRD.yaml
		Chance  -> Regional Sounds Expansion.esp_SRD.yaml
	800|MurderOfSongbirds.esp
		Flags  -> MurderOfSongbirds.esp_SRD.yaml
		Chance  -> MurderOfSongbirds.esp_SRD.yaml
	8F3DE|Regional Sounds Expansion.esp
		Flags  -> Regional Sounds Expansion.esp_SRD.yaml -> Nordic Winds.esp_SRD.yaml
		Chance  -> Regional Sounds Expansion.esp_SRD.yaml -> Nordic Winds.esp_SRD.yaml
	8F3DD|Regional Sounds Expansion.esp
		Flags  -> Regional Sounds Expansion.esp_SRD.yaml -> Nordic Winds.esp_SRD.yaml
		Chance  -> Regional Sounds Expansion.esp_SRD.yaml -> Nordic Winds.esp_SRD.yaml
	D9C|WildwoodEchoes.esp
		Flags  -> WildwoodEchoes.esp_SRD.yaml
		Chance  -> WildwoodEchoes.esp_SRD.yaml
	810|Regional Sounds Expansion.esp
		Flags  -> Regional Sounds Expansion.esp_SRD.yaml
		Chance  -> Regional Sounds Expansion.esp_SRD.yaml
	8FC17|Regional Sounds Expansion.esp
		Flags  -> Regional Sounds Expansion.esp_SRD.yaml
		Chance  -> Regional Sounds Expansion.esp_SRD.yaml
	D64|Ambient Warfare.esp
		Flags  -> Ambient Warfare.esp_SRD.yaml
		Chance  -> Ambient Warfare.esp_SRD.yaml
	D66|Ambient Warfare.esp
		Flags  -> Ambient Warfare.esp_SRD.yaml
		Chance  -> Ambient Warfare.esp_SRD.yaml
	8FC16|Regional Sounds Expansion.esp
		Flags  -> Regional Sounds Expansion.esp_SRD.yaml
		Chance  -> Regional Sounds Expansion.esp_SRD.yaml
	82A|Regional Sounds Expansion.esp
		Flags  -> Regional Sounds Expansion.esp_SRD.yaml
		Chance  -> Regional Sounds Expansion.esp_SRD.yaml
	8FC19|Regional Sounds Expansion.esp
		Flags  -> Regional Sounds Expansion.esp_SRD.yaml
		Chance  -> Regional Sounds Expansion.esp_SRD.yaml
	82B|Regional Sounds Expansion.esp
		Flags  -> Regional Sounds Expansion.esp_SRD.yaml
		Chance  -> Regional Sounds Expansion.esp_SRD.yaml
	8FC18|Regional Sounds Expansion.esp
		Flags  -> Regional Sounds Expansion.esp_SRD.yaml
		Chance  -> Regional Sounds Expansion.esp_SRD.yaml
	10FD48|Regional Sounds Expansion.esp
		Flags  -> Regional Sounds Expansion.esp_SRD.yaml
		Chance  -> Regional Sounds Expansion.esp_SRD.yaml
	804|MurderOfSongbirds.esp
		Flags  -> MurderOfSongbirds.esp_SRD.yaml
		Chance  -> MurderOfSongbirds.esp_SRD.yaml
	10FD49|Regional Sounds Expansion.esp
		Flags  -> Regional Sounds Expansion.esp_SRD.yaml
		Chance  -> Regional Sounds Expansion.esp_SRD.yaml
	803|MurderOfSongbirds.esp
		Flags  -> MurderOfSongbirds.esp_SRD.yaml
		Chance  -> MurderOfSongbirds.esp_SRD.yaml
	D6B|WildwoodEchoes.esp
		Flags  -> WildwoodEchoes.esp_SRD.yaml
		Chance  -> WildwoodEchoes.esp_SRD.yaml
	D69|WildwoodEchoes.esp
		Flags  -> WildwoodEchoes.esp_SRD.yaml
		Chance  -> WildwoodEchoes.esp_SRD.yaml
	10FD4C|Regional Sounds Expansion.esp
		Flags  -> Regional Sounds Expansion.esp_SRD.yaml
		Chance  -> Regional Sounds Expansion.esp_SRD.yaml
	10FD4A|Regional Sounds Expansion.esp
		Flags  -> Regional Sounds Expansion.esp_SRD.yaml
		Chance  -> Regional Sounds Expansion.esp_SRD.yaml
	D6A|WildwoodEchoes.esp
		Flags  -> WildwoodEchoes.esp_SRD.yaml
		Chance  -> WildwoodEchoes.esp_SRD.yaml
	10FD4B|Regional Sounds Expansion.esp
		Flags  -> Regional Sounds Expansion.esp_SRD.yaml
		Chance  -> Regional Sounds Expansion.esp_SRD.yaml
	80B|MurderOfSongbirds.esp
		Flags  -> MurderOfSongbirds.esp_SRD.yaml
		Chance  -> MurderOfSongbirds.esp_SRD.yaml
	807|Distant Rolling Thunder.esp
		Flags  -> Distant Rolling Thunder.esp_SRD.yaml
		Chance  -> Distant Rolling Thunder.esp_SRD.yaml
	819|Regional Sounds Expansion.esp
		Flags  -> Regional Sounds Expansion.esp_SRD.yaml
		Chance  -> Regional Sounds Expansion.esp_SRD.yaml
	81A|Regional Sounds Expansion.esp
		Flags  -> Regional Sounds Expansion.esp_SRD.yaml
		Chance  -> Regional Sounds Expansion.esp_SRD.yaml
	82C|Regional Sounds Expansion.esp
		Flags  -> Regional Sounds Expansion.esp_SRD.yaml
		Chance  -> Regional Sounds Expansion.esp_SRD.yaml
	D98|WildwoodEchoes.esp
		Flags  -> WildwoodEchoes.esp_SRD.yaml
		Chance  -> WildwoodEchoes.esp_SRD.yaml
	809|Regional Sounds Expansion.esp
		Flags  -> Regional Sounds Expansion.esp_SRD.yaml
		Chance  -> Regional Sounds Expansion.esp_SRD.yaml
	81C|Regional Sounds Expansion.esp
		Flags  -> Regional Sounds Expansion.esp_SRD.yaml
		Chance  -> Regional Sounds Expansion.esp_SRD.yaml
	D9B|WildwoodEchoes.esp
		Flags  -> WildwoodEchoes.esp_SRD.yaml
		Chance  -> WildwoodEchoes.esp_SRD.yaml
	81F|Regional Sounds Expansion.esp
		Flags  -> Regional Sounds Expansion.esp_SRD.yaml
		Chance  -> Regional Sounds Expansion.esp_SRD.yaml
	D65|WildwoodEchoes.esp
		Flags  -> WildwoodEchoes.esp_SRD.yaml
		Chance  -> WildwoodEchoes.esp_SRD.yaml
	820|Regional Sounds Expansion.esp
		Flags  -> Regional Sounds Expansion.esp_SRD.yaml
		Chance  -> Regional Sounds Expansion.esp_SRD.yaml
	85F|Regional Sounds Expansion.esp
		Flags  -> Regional Sounds Expansion.esp_SRD.yaml
		Chance  -> Regional Sounds Expansion.esp_SRD.yaml
	D67|Ambient Warfare.esp
		Flags  -> Ambient Warfare.esp_SRD.yaml
		Chance  -> Ambient Warfare.esp_SRD.yaml
	861|Regional Sounds Expansion.esp
		Flags  -> Regional Sounds Expansion.esp_SRD.yaml
		Chance  -> Regional Sounds Expansion.esp_SRD.yaml
	862|Regional Sounds Expansion.esp
		Flags  -> Regional Sounds Expansion.esp_SRD.yaml
		Chance  -> Regional Sounds Expansion.esp_SRD.yaml
	826|Regional Sounds Expansion.esp
		Flags  -> Regional Sounds Expansion.esp_SRD.yaml
		Chance  -> Regional Sounds Expansion.esp_SRD.yaml
	815|Regional Sounds Expansion.esp
		Flags  -> Regional Sounds Expansion.esp_SRD.yaml
		Chance  -> Regional Sounds Expansion.esp_SRD.yaml
	80C|Regional Sounds Expansion.esp
		Flags  -> Regional Sounds Expansion.esp_SRD.yaml
		Chance  -> Regional Sounds Expansion.esp_SRD.yaml
	D66|WildwoodEchoes.esp
		Flags  -> WildwoodEchoes.esp_SRD.yaml
		Chance  -> WildwoodEchoes.esp_SRD.yaml
	80A|Regional Sounds Expansion.esp
		Flags  -> Regional Sounds Expansion.esp_SRD.yaml
		Chance  -> Regional Sounds Expansion.esp_SRD.yaml
	D64|WildwoodEchoes.esp
		Flags  -> WildwoodEchoes.esp_SRD.yaml
		Chance  -> WildwoodEchoes.esp_SRD.yaml
	D6F|Ambient Warfare.esp
		Flags  -> Ambient Warfare.esp_SRD.yaml
		Chance  -> Ambient Warfare.esp_SRD.yaml
	D63|WildwoodEchoes.esp
		Flags  -> WildwoodEchoes.esp_SRD.yaml
		Chance  -> WildwoodEchoes.esp_SRD.yaml
	813|Regional Sounds Expansion.esp
		Flags  -> Regional Sounds Expansion.esp_SRD.yaml
		Chance  -> Regional Sounds Expansion.esp_SRD.yaml
	814|Regional Sounds Expansion.esp
		Flags  -> Regional Sounds Expansion.esp_SRD.yaml
		Chance  -> Regional Sounds Expansion.esp_SRD.yaml
	827|Regional Sounds Expansion.esp
		Flags  -> Regional Sounds Expansion.esp_SRD.yaml
		Chance  -> Regional Sounds Expansion.esp_SRD.yaml
	D62|WildwoodEchoes.esp
		Flags  -> WildwoodEchoes.esp_SRD.yaml
		Chance  -> WildwoodEchoes.esp_SRD.yaml
	D73|WildwoodEchoes.esp
		Flags  -> WildwoodEchoes.esp_SRD.yaml
		Chance  -> WildwoodEchoes.esp_SRD.yaml
	D71|WildwoodEchoes.esp
		Flags  -> WildwoodEchoes.esp_SRD.yaml
		Chance  -> WildwoodEchoes.esp_SRD.yaml
	D67|WildwoodEchoes.esp
		Flags  -> WildwoodEchoes.esp_SRD.yaml
		Chance  -> WildwoodEchoes.esp_SRD.yaml
	D68|WildwoodEchoes.esp
		Flags  -> WildwoodEchoes.esp_SRD.yaml
		Chance  -> WildwoodEchoes.esp_SRD.yaml
	D6E|WildwoodEchoes.esp
		Flags  -> WildwoodEchoes.esp_SRD.yaml
		Chance  -> WildwoodEchoes.esp_SRD.yaml
	D6C|WildwoodEchoes.esp
		Flags  -> WildwoodEchoes.esp_SRD.yaml
		Chance  -> WildwoodEchoes.esp_SRD.yaml
	D6F|WildwoodEchoes.esp
		Flags  -> WildwoodEchoes.esp_SRD.yaml
		Chance  -> WildwoodEchoes.esp_SRD.yaml
	D72|WildwoodEchoes.esp
		Flags  -> WildwoodEchoes.esp_SRD.yaml
		Chance  -> WildwoodEchoes.esp_SRD.yaml
	D99|WildwoodEchoes.esp
		Flags  -> WildwoodEchoes.esp_SRD.yaml
		Chance  -> WildwoodEchoes.esp_SRD.yaml
	D74|WildwoodEchoes.esp
		Flags  -> WildwoodEchoes.esp_SRD.yaml
		Chance  -> WildwoodEchoes.esp_SRD.yaml
	D9A|WildwoodEchoes.esp
		Flags  -> WildwoodEchoes.esp_SRD.yaml
		Chance  -> WildwoodEchoes.esp_SRD.yaml
	805|MurderOfSongbirds.esp
		Flags  -> MurderOfSongbirds.esp_SRD.yaml
		Chance  -> MurderOfSongbirds.esp_SRD.yaml
	80C|MurderOfSongbirds.esp
		Flags  -> MurderOfSongbirds.esp_SRD.yaml
		Chance  -> MurderOfSongbirds.esp_SRD.yaml
	80D|MurderOfSongbirds.esp
		Flags  -> MurderOfSongbirds.esp_SRD.yaml
		Chance  -> MurderOfSongbirds.esp_SRD.yaml
	800|Ambient Warfare.esp
		Flags  -> Ambient Warfare.esp_SRD.yaml
		Chance  -> Ambient Warfare.esp_SRD.yaml
	D63|Ambient Warfare.esp
		Flags  -> Ambient Warfare.esp_SRD.yaml
		Chance  -> Ambient Warfare.esp_SRD.yaml
	D65|Ambient Warfare.esp
		Flags  -> Ambient Warfare.esp_SRD.yaml
		Chance  -> Ambient Warfare.esp_SRD.yaml
	D68|Ambient Warfare.esp
		Flags  -> Ambient Warfare.esp_SRD.yaml
		Chance  -> Ambient Warfare.esp_SRD.yaml
	D69|Ambient Warfare.esp
		Flags  -> Ambient Warfare.esp_SRD.yaml
		Chance  -> Ambient Warfare.esp_SRD.yaml
	D6A|Ambient Warfare.esp
		Flags  -> Ambient Warfare.esp_SRD.yaml
		Chance  -> Ambient Warfare.esp_SRD.yaml
	D6B|Ambient Warfare.esp
		Flags  -> Ambient Warfare.esp_SRD.yaml
		Chance  -> Ambient Warfare.esp_SRD.yaml
	D6C|Ambient Warfare.esp
		Flags  -> Ambient Warfare.esp_SRD.yaml
		Chance  -> Ambient Warfare.esp_SRD.yaml
	D6D|Ambient Warfare.esp
		Flags  -> Ambient Warfare.esp_SRD.yaml
		Chance  -> Ambient Warfare.esp_SRD.yaml
	D6E|Ambient Warfare.esp
		Flags  -> Ambient Warfare.esp_SRD.yaml
		Chance  -> Ambient Warfare.esp_SRD.yaml
	8D5E1|Regional Sounds Expansion.esp
		Flags  -> Nordic Winds.esp_SRD.yaml
		Chance  -> Nordic Winds.esp_SRD.yaml
	804|Distant Rolling Thunder.esp
		Flags  -> Distant Rolling Thunder.esp_SRD.yaml
		Chance  -> Distant Rolling Thunder.esp_SRD.yaml
	807|Nordic Winds.esp
		Flags  -> Nordic Winds.esp_SRD.yaml
		Chance  -> Nordic Winds.esp_SRD.yaml
	801|Distant Rolling Thunder.esp
		Flags  -> Distant Rolling Thunder.esp_SRD.yaml
		Chance  -> Distant Rolling Thunder.esp_SRD.yaml
	802|Distant Rolling Thunder.esp
		Flags  -> Distant Rolling Thunder.esp_SRD.yaml
		Chance  -> Distant Rolling Thunder.esp_SRD.yaml
	803|Distant Rolling Thunder.esp
		Flags  -> Distant Rolling Thunder.esp_SRD.yaml
		Chance  -> Distant Rolling Thunder.esp_SRD.yaml
	805|Distant Rolling Thunder.esp
		Flags  -> Distant Rolling Thunder.esp_SRD.yaml
		Chance  -> Distant Rolling Thunder.esp_SRD.yaml
	806|Distant Rolling Thunder.esp
		Flags  -> Distant Rolling Thunder.esp_SRD.yaml
		Chance  -> Distant Rolling Thunder.esp_SRD.yaml
	808|Distant Rolling Thunder.esp
		Flags  -> Distant Rolling Thunder.esp_SRD.yaml
		Chance  -> Distant Rolling Thunder.esp_SRD.yaml
	809|Distant Rolling Thunder.esp
		Flags  -> Distant Rolling Thunder.esp_SRD.yaml
		Chance  -> Distant Rolling Thunder.esp_SRD.yaml
	810|Distant Rolling Thunder.esp
		Flags  -> Distant Rolling Thunder.esp_SRD.yaml
		Chance  -> Distant Rolling Thunder.esp_SRD.yaml

7042E|Seasonal Weathers Framework - NAT-ENB III.esp
	8D5E1|Regional Sounds Expansion.esp
		Flags  -> Regional Sounds Expansion.esp_SRD.yaml -> Nordic Winds.esp_SRD.yaml
		Chance  -> Regional Sounds Expansion.esp_SRD.yaml -> Nordic Winds.esp_SRD.yaml
	800|MurderOfSongbirds.esp
		Flags  -> MurderOfSongbirds.esp_SRD.yaml
		Chance  -> MurderOfSongbirds.esp_SRD.yaml
	8F3DE|Regional Sounds Expansion.esp
		Flags  -> Regional Sounds Expansion.esp_SRD.yaml -> Nordic Winds.esp_SRD.yaml
		Chance  -> Regional Sounds Expansion.esp_SRD.yaml -> Nordic Winds.esp_SRD.yaml
	80E|Regional Sounds Expansion.esp
		Flags  -> Regional Sounds Expansion.esp_SRD.yaml
		Chance  -> Regional Sounds Expansion.esp_SRD.yaml
	8F3DD|Regional Sounds Expansion.esp
		Flags  -> Regional Sounds Expansion.esp_SRD.yaml -> Nordic Winds.esp_SRD.yaml
		Chance  -> Regional Sounds Expansion.esp_SRD.yaml -> Nordic Winds.esp_SRD.yaml
	800|Ambient Warfare.esp
		Flags  -> Ambient Warfare.esp_SRD.yaml
		Chance  -> Ambient Warfare.esp_SRD.yaml
	823|Regional Sounds Expansion.esp
		Flags  -> Regional Sounds Expansion.esp_SRD.yaml
		Chance  -> Regional Sounds Expansion.esp_SRD.yaml
	834|Regional Sounds Expansion.esp
		Flags  -> Regional Sounds Expansion.esp_SRD.yaml
		Chance  -> Regional Sounds Expansion.esp_SRD.yaml
	D63|Ambient Warfare.esp
		Flags  -> Ambient Warfare.esp_SRD.yaml
		Chance  -> Ambient Warfare.esp_SRD.yaml
	824|Regional Sounds Expansion.esp
		Flags  -> Regional Sounds Expansion.esp_SRD.yaml
		Chance  -> Regional Sounds Expansion.esp_SRD.yaml
	804|Distant Rolling Thunder.esp
		Flags  -> Distant Rolling Thunder.esp_SRD.yaml
		Chance  -> Distant Rolling Thunder.esp_SRD.yaml
	816|Regional Sounds Expansion.esp
		Flags  -> Regional Sounds Expansion.esp_SRD.yaml
		Chance  -> Regional Sounds Expansion.esp_SRD.yaml
	D6F|Ambient Warfare.esp
		Flags  -> Ambient Warfare.esp_SRD.yaml
		Chance  -> Ambient Warfare.esp_SRD.yaml
	837|Regional Sounds Expansion.esp
		Flags  -> Regional Sounds Expansion.esp_SRD.yaml
		Chance  -> Regional Sounds Expansion.esp_SRD.yaml
	846|Sounds of Towns and Cities.esp
		Flags  -> Sounds of Towns and Cities.esp_SRD.yaml
		Chance  -> Sounds of Towns and Cities.esp_SRD.yaml
	838|Regional Sounds Expansion.esp
		Flags  -> Regional Sounds Expansion.esp_SRD.yaml
		Chance  -> Regional Sounds Expansion.esp_SRD.yaml
	803|MurderOfSongbirds.esp
		Flags  -> MurderOfSongbirds.esp_SRD.yaml
		Chance  -> MurderOfSongbirds.esp_SRD.yaml
	804|MurderOfSongbirds.esp
		Flags  -> MurderOfSongbirds.esp_SRD.yaml
		Chance  -> MurderOfSongbirds.esp_SRD.yaml
	844|Sounds of Towns and Cities.esp
		Flags  -> Sounds of Towns and Cities.esp_SRD.yaml
		Chance  -> Sounds of Towns and Cities.esp_SRD.yaml
	817|Sounds of Towns and Cities.esp
		Flags  -> Sounds of Towns and Cities.esp_SRD.yaml
		Chance  -> Sounds of Towns and Cities.esp_SRD.yaml
	801|Distant Rolling Thunder.esp
		Flags  -> Distant Rolling Thunder.esp_SRD.yaml
		Chance  -> Distant Rolling Thunder.esp_SRD.yaml
	805|MurderOfSongbirds.esp
		Flags  -> MurderOfSongbirds.esp_SRD.yaml
		Chance  -> MurderOfSongbirds.esp_SRD.yaml
	807|Distant Rolling Thunder.esp
		Flags  -> Distant Rolling Thunder.esp_SRD.yaml
		Chance  -> Distant Rolling Thunder.esp_SRD.yaml
	80B|MurderOfSongbirds.esp
		Flags  -> MurderOfSongbirds.esp_SRD.yaml
		Chance  -> MurderOfSongbirds.esp_SRD.yaml
	D66|Ambient Warfare.esp
		Flags  -> Ambient Warfare.esp_SRD.yaml
		Chance  -> Ambient Warfare.esp_SRD.yaml
	D64|Ambient Warfare.esp
		Flags  -> Ambient Warfare.esp_SRD.yaml
		Chance  -> Ambient Warfare.esp_SRD.yaml
	D65|Ambient Warfare.esp
		Flags  -> Ambient Warfare.esp_SRD.yaml
		Chance  -> Ambient Warfare.esp_SRD.yaml
	809|Sounds of Towns and Cities.esp
		Flags  -> Sounds of Towns and Cities.esp_SRD.yaml
		Chance  -> Sounds of Towns and Cities.esp_SRD.yaml
	D69|Ambient Warfare.esp
		Flags  -> Ambient Warfare.esp_SRD.yaml
		Chance  -> Ambient Warfare.esp_SRD.yaml
	D67|Ambient Warfare.esp
		Flags  -> Ambient Warfare.esp_SRD.yaml
		Chance  -> Ambient Warfare.esp_SRD.yaml
	80A|Sounds of Towns and Cities.esp
		Flags  -> Sounds of Towns and Cities.esp_SRD.yaml
		Chance  -> Sounds of Towns and Cities.esp_SRD.yaml
	808|Sounds of Towns and Cities.esp
		Flags  -> Sounds of Towns and Cities.esp_SRD.yaml
		Chance  -> Sounds of Towns and Cities.esp_SRD.yaml
	D68|Ambient Warfare.esp
		Flags  -> Ambient Warfare.esp_SRD.yaml
		Chance  -> Ambient Warfare.esp_SRD.yaml
	D6A|Ambient Warfare.esp
		Flags  -> Ambient Warfare.esp_SRD.yaml
		Chance  -> Ambient Warfare.esp_SRD.yaml
	D6B|Ambient Warfare.esp
		Flags  -> Ambient Warfare.esp_SRD.yaml
		Chance  -> Ambient Warfare.esp_SRD.yaml
	804|Sounds of Towns and Cities.esp
		Flags  -> Sounds of Towns and Cities.esp_SRD.yaml
		Chance  -> Sounds of Towns and Cities.esp_SRD.yaml
	D6E|Ambient Warfare.esp
		Flags  -> Ambient Warfare.esp_SRD.yaml
		Chance  -> Ambient Warfare.esp_SRD.yaml
	D6C|Ambient Warfare.esp
		Flags  -> Ambient Warfare.esp_SRD.yaml
		Chance  -> Ambient Warfare.esp_SRD.yaml
	805|Sounds of Towns and Cities.esp
		Flags  -> Sounds of Towns and Cities.esp_SRD.yaml
		Chance  -> Sounds of Towns and Cities.esp_SRD.yaml
	803|Sounds of Towns and Cities.esp
		Flags  -> Sounds of Towns and Cities.esp_SRD.yaml
		Chance  -> Sounds of Towns and Cities.esp_SRD.yaml
	D6D|Ambient Warfare.esp
		Flags  -> Ambient Warfare.esp_SRD.yaml
		Chance  -> Ambient Warfare.esp_SRD.yaml
	806|Distant Rolling Thunder.esp
		Flags  -> Distant Rolling Thunder.esp_SRD.yaml
		Chance  -> Distant Rolling Thunder.esp_SRD.yaml
	80C|Nordic Winds.esp
		Flags  -> Nordic Winds.esp_SRD.yaml
		Chance  -> Nordic Winds.esp_SRD.yaml
	818|Sounds of Towns and Cities.esp
		Flags  -> Sounds of Towns and Cities.esp_SRD.yaml
		Chance  -> Sounds of Towns and Cities.esp_SRD.yaml
	802|Distant Rolling Thunder.esp
		Flags  -> Distant Rolling Thunder.esp_SRD.yaml
		Chance  -> Distant Rolling Thunder.esp_SRD.yaml
	805|Distant Rolling Thunder.esp
		Flags  -> Distant Rolling Thunder.esp_SRD.yaml
		Chance  -> Distant Rolling Thunder.esp_SRD.yaml
	803|Distant Rolling Thunder.esp
		Flags  -> Distant Rolling Thunder.esp_SRD.yaml
		Chance  -> Distant Rolling Thunder.esp_SRD.yaml
	810|Distant Rolling Thunder.esp
		Flags  -> Distant Rolling Thunder.esp_SRD.yaml
		Chance  -> Distant Rolling Thunder.esp_SRD.yaml
	808|Distant Rolling Thunder.esp
		Flags  -> Distant Rolling Thunder.esp_SRD.yaml
		Chance  -> Distant Rolling Thunder.esp_SRD.yaml
	809|Distant Rolling Thunder.esp
		Flags  -> Distant Rolling Thunder.esp_SRD.yaml
		Chance  -> Distant Rolling Thunder.esp_SRD.yaml
	801|Sounds of Towns and Cities.esp
		Flags  -> Sounds of Towns and Cities.esp_SRD.yaml
		Chance  -> Sounds of Towns and Cities.esp_SRD.yaml
	802|Sounds of Towns and Cities.esp
		Flags  -> Sounds of Towns and Cities.esp_SRD.yaml
		Chance  -> Sounds of Towns and Cities.esp_SRD.yaml
	806|Sounds of Towns and Cities.esp
		Flags  -> Sounds of Towns and Cities.esp_SRD.yaml
		Chance  -> Sounds of Towns and Cities.esp_SRD.yaml
	807|Sounds of Towns and Cities.esp
		Flags  -> Sounds of Towns and Cities.esp_SRD.yaml
		Chance  -> Sounds of Towns and Cities.esp_SRD.yaml
	812|Sounds of Towns and Cities.esp
		Flags  -> Sounds of Towns and Cities.esp_SRD.yaml
		Chance  -> Sounds of Towns and Cities.esp_SRD.yaml
	813|Sounds of Towns and Cities.esp
		Flags  -> Sounds of Towns and Cities.esp_SRD.yaml
		Chance  -> Sounds of Towns and Cities.esp_SRD.yaml
	816|Sounds of Towns and Cities.esp
		Flags  -> Sounds of Towns and Cities.esp_SRD.yaml
		Chance  -> Sounds of Towns and Cities.esp_SRD.yaml
	845|Sounds of Towns and Cities.esp
		Flags  -> Sounds of Towns and Cities.esp_SRD.yaml
		Chance  -> Sounds of Towns and Cities.esp_SRD.yaml
	847|Sounds of Towns and Cities.esp
		Flags  -> Sounds of Towns and Cities.esp_SRD.yaml
		Chance  -> Sounds of Towns and Cities.esp_SRD.yaml

7042A|Seasonal Weathers Framework - NAT-ENB III.esp
	D4045|Regional Sounds Expansion.esp
		Flags  -> Regional Sounds Expansion.esp_SRD.yaml -> Nordic Winds.esp_SRD.yaml
		Chance  -> Regional Sounds Expansion.esp_SRD.yaml -> Nordic Winds.esp_SRD.yaml
	D4044|Regional Sounds Expansion.esp
		Flags  -> Regional Sounds Expansion.esp_SRD.yaml -> Nordic Winds.esp_SRD.yaml
		Chance  -> Regional Sounds Expansion.esp_SRD.yaml -> Nordic Winds.esp_SRD.yaml
	810|Distant Rolling Thunder.esp
		Flags  -> Distant Rolling Thunder.esp_SRD.yaml
		Chance  -> Distant Rolling Thunder.esp_SRD.yaml
	808|Distant Rolling Thunder.esp
		Flags  -> Distant Rolling Thunder.esp_SRD.yaml
		Chance  -> Distant Rolling Thunder.esp_SRD.yaml
	D4046|Regional Sounds Expansion.esp
		Flags  -> Regional Sounds Expansion.esp_SRD.yaml -> Nordic Winds.esp_SRD.yaml
		Chance  -> Regional Sounds Expansion.esp_SRD.yaml -> Nordic Winds.esp_SRD.yaml
	817|Regional Sounds Expansion.esp
		Flags  -> Regional Sounds Expansion.esp_SRD.yaml
		Chance  -> Regional Sounds Expansion.esp_SRD.yaml
	800|Ambient Warfare.esp
		Flags  -> Ambient Warfare.esp_SRD.yaml
		Chance  -> Ambient Warfare.esp_SRD.yaml
	823|Regional Sounds Expansion.esp
		Flags  -> Regional Sounds Expansion.esp_SRD.yaml
		Chance  -> Regional Sounds Expansion.esp_SRD.yaml
	834|Regional Sounds Expansion.esp
		Flags  -> Regional Sounds Expansion.esp_SRD.yaml
		Chance  -> Regional Sounds Expansion.esp_SRD.yaml
	D63|Ambient Warfare.esp
		Flags  -> Ambient Warfare.esp_SRD.yaml
		Chance  -> Ambient Warfare.esp_SRD.yaml
	824|Regional Sounds Expansion.esp
		Flags  -> Regional Sounds Expansion.esp_SRD.yaml
		Chance  -> Regional Sounds Expansion.esp_SRD.yaml
	804|Distant Rolling Thunder.esp
		Flags  -> Distant Rolling Thunder.esp_SRD.yaml
		Chance  -> Distant Rolling Thunder.esp_SRD.yaml
	816|Regional Sounds Expansion.esp
		Flags  -> Regional Sounds Expansion.esp_SRD.yaml
		Chance  -> Regional Sounds Expansion.esp_SRD.yaml
	D6F|Ambient Warfare.esp
		Flags  -> Ambient Warfare.esp_SRD.yaml
		Chance  -> Ambient Warfare.esp_SRD.yaml
	837|Regional Sounds Expansion.esp
		Flags  -> Regional Sounds Expansion.esp_SRD.yaml
		Chance  -> Regional Sounds Expansion.esp_SRD.yaml
	846|Sounds of Towns and Cities.esp
		Flags  -> Sounds of Towns and Cities.esp_SRD.yaml
		Chance  -> Sounds of Towns and Cities.esp_SRD.yaml
	838|Regional Sounds Expansion.esp
		Flags  -> Regional Sounds Expansion.esp_SRD.yaml
		Chance  -> Regional Sounds Expansion.esp_SRD.yaml
	836|Regional Sounds Expansion.esp
		Flags  -> Regional Sounds Expansion.esp_SRD.yaml
		Chance  -> Regional Sounds Expansion.esp_SRD.yaml
	818|Sounds of Towns and Cities.esp
		Flags  -> Sounds of Towns and Cities.esp_SRD.yaml
		Chance  -> Sounds of Towns and Cities.esp_SRD.yaml
	802|Distant Rolling Thunder.esp
		Flags  -> Distant Rolling Thunder.esp_SRD.yaml
		Chance  -> Distant Rolling Thunder.esp_SRD.yaml
	806|MurderOfSongbirds.esp
		Flags  -> MurderOfSongbirds.esp_SRD.yaml
		Chance  -> MurderOfSongbirds.esp_SRD.yaml
	805|Distant Rolling Thunder.esp
		Flags  -> Distant Rolling Thunder.esp_SRD.yaml
		Chance  -> Distant Rolling Thunder.esp_SRD.yaml
	803|Distant Rolling Thunder.esp
		Flags  -> Distant Rolling Thunder.esp_SRD.yaml
		Chance  -> Distant Rolling Thunder.esp_SRD.yaml
	807|MurderOfSongbirds.esp
		Flags  -> MurderOfSongbirds.esp_SRD.yaml
		Chance  -> MurderOfSongbirds.esp_SRD.yaml
	D66|Ambient Warfare.esp
		Flags  -> Ambient Warfare.esp_SRD.yaml
		Chance  -> Ambient Warfare.esp_SRD.yaml
	D64|Ambient Warfare.esp
		Flags  -> Ambient Warfare.esp_SRD.yaml
		Chance  -> Ambient Warfare.esp_SRD.yaml
	D65|Ambient Warfare.esp
		Flags  -> Ambient Warfare.esp_SRD.yaml
		Chance  -> Ambient Warfare.esp_SRD.yaml
	809|Sounds of Towns and Cities.esp
		Flags  -> Sounds of Towns and Cities.esp_SRD.yaml
		Chance  -> Sounds of Towns and Cities.esp_SRD.yaml
	D69|Ambient Warfare.esp
		Flags  -> Ambient Warfare.esp_SRD.yaml
		Chance  -> Ambient Warfare.esp_SRD.yaml
	D67|Ambient Warfare.esp
		Flags  -> Ambient Warfare.esp_SRD.yaml
		Chance  -> Ambient Warfare.esp_SRD.yaml
	80A|Sounds of Towns and Cities.esp
		Flags  -> Sounds of Towns and Cities.esp_SRD.yaml
		Chance  -> Sounds of Towns and Cities.esp_SRD.yaml
	808|Sounds of Towns and Cities.esp
		Flags  -> Sounds of Towns and Cities.esp_SRD.yaml
		Chance  -> Sounds of Towns and Cities.esp_SRD.yaml
	D68|Ambient Warfare.esp
		Flags  -> Ambient Warfare.esp_SRD.yaml
		Chance  -> Ambient Warfare.esp_SRD.yaml
	D6A|Ambient Warfare.esp
		Flags  -> Ambient Warfare.esp_SRD.yaml
		Chance  -> Ambient Warfare.esp_SRD.yaml
	D6B|Ambient Warfare.esp
		Flags  -> Ambient Warfare.esp_SRD.yaml
		Chance  -> Ambient Warfare.esp_SRD.yaml
	804|Sounds of Towns and Cities.esp
		Flags  -> Sounds of Towns and Cities.esp_SRD.yaml
		Chance  -> Sounds of Towns and Cities.esp_SRD.yaml
	D6E|Ambient Warfare.esp
		Flags  -> Ambient Warfare.esp_SRD.yaml
		Chance  -> Ambient Warfare.esp_SRD.yaml
	D6C|Ambient Warfare.esp
		Flags  -> Ambient Warfare.esp_SRD.yaml
		Chance  -> Ambient Warfare.esp_SRD.yaml
	805|Sounds of Towns and Cities.esp
		Flags  -> Sounds of Towns and Cities.esp_SRD.yaml
		Chance  -> Sounds of Towns and Cities.esp_SRD.yaml
	803|Sounds of Towns and Cities.esp
		Flags  -> Sounds of Towns and Cities.esp_SRD.yaml
		Chance  -> Sounds of Towns and Cities.esp_SRD.yaml
	D6D|Ambient Warfare.esp
		Flags  -> Ambient Warfare.esp_SRD.yaml
		Chance  -> Ambient Warfare.esp_SRD.yaml
	807|Distant Rolling Thunder.esp
		Flags  -> Distant Rolling Thunder.esp_SRD.yaml
		Chance  -> Distant Rolling Thunder.esp_SRD.yaml
	80B|Nordic Winds.esp
		Flags  -> Nordic Winds.esp_SRD.yaml
		Chance  -> Nordic Winds.esp_SRD.yaml
	844|Sounds of Towns and Cities.esp
		Flags  -> Sounds of Towns and Cities.esp_SRD.yaml
		Chance  -> Sounds of Towns and Cities.esp_SRD.yaml
	817|Sounds of Towns and Cities.esp
		Flags  -> Sounds of Towns and Cities.esp_SRD.yaml
		Chance  -> Sounds of Towns and Cities.esp_SRD.yaml
	801|Distant Rolling Thunder.esp
		Flags  -> Distant Rolling Thunder.esp_SRD.yaml
		Chance  -> Distant Rolling Thunder.esp_SRD.yaml
	806|Distant Rolling Thunder.esp
		Flags  -> Distant Rolling Thunder.esp_SRD.yaml
		Chance  -> Distant Rolling Thunder.esp_SRD.yaml
	809|Distant Rolling Thunder.esp
		Flags  -> Distant Rolling Thunder.esp_SRD.yaml
		Chance  -> Distant Rolling Thunder.esp_SRD.yaml
	801|Sounds of Towns and Cities.esp
		Flags  -> Sounds of Towns and Cities.esp_SRD.yaml
		Chance  -> Sounds of Towns and Cities.esp_SRD.yaml
	802|Sounds of Towns and Cities.esp
		Flags  -> Sounds of Towns and Cities.esp_SRD.yaml
		Chance  -> Sounds of Towns and Cities.esp_SRD.yaml
	806|Sounds of Towns and Cities.esp
		Flags  -> Sounds of Towns and Cities.esp_SRD.yaml
		Chance  -> Sounds of Towns and Cities.esp_SRD.yaml
	807|Sounds of Towns and Cities.esp
		Flags  -> Sounds of Towns and Cities.esp_SRD.yaml
		Chance  -> Sounds of Towns and Cities.esp_SRD.yaml
	812|Sounds of Towns and Cities.esp
		Flags  -> Sounds of Towns and Cities.esp_SRD.yaml
		Chance  -> Sounds of Towns and Cities.esp_SRD.yaml
	813|Sounds of Towns and Cities.esp
		Flags  -> Sounds of Towns and Cities.esp_SRD.yaml
		Chance  -> Sounds of Towns and Cities.esp_SRD.yaml
	814|Sounds of Towns and Cities.esp
		Flags  -> Sounds of Towns and Cities.esp_SRD.yaml
		Chance  -> Sounds of Towns and Cities.esp_SRD.yaml
	815|Sounds of Towns and Cities.esp
		Flags  -> Sounds of Towns and Cities.esp_SRD.yaml
		Chance  -> Sounds of Towns and Cities.esp_SRD.yaml
	816|Sounds of Towns and Cities.esp
		Flags  -> Sounds of Towns and Cities.esp_SRD.yaml
		Chance  -> Sounds of Towns and Cities.esp_SRD.yaml
	845|Sounds of Towns and Cities.esp
		Flags  -> Sounds of Towns and Cities.esp_SRD.yaml
		Chance  -> Sounds of Towns and Cities.esp_SRD.yaml
	847|Sounds of Towns and Cities.esp
		Flags  -> Sounds of Towns and Cities.esp_SRD.yaml
		Chance  -> Sounds of Towns and Cities.esp_SRD.yaml

C5855|Seasonal Weathers Framework - NAT-ENB III.esp
	D6F|Ambient Warfare.esp
		Flags  -> Ambient Warfare.esp_SRD.yaml
		Chance  -> Ambient Warfare.esp_SRD.yaml
	D63|WildwoodEchoes.esp
		Flags  -> WildwoodEchoes.esp_SRD.yaml
		Chance  -> WildwoodEchoes.esp_SRD.yaml
	50013|Regional Sounds Expansion.esp
		Flags  -> Regional Sounds Expansion.esp_SRD.yaml
		Chance  -> Regional Sounds Expansion.esp_SRD.yaml
	D9B|WildwoodEchoes.esp
		Flags  -> WildwoodEchoes.esp_SRD.yaml
		Chance  -> WildwoodEchoes.esp_SRD.yaml
	81D|Regional Sounds Expansion.esp
		Flags  -> Regional Sounds Expansion.esp_SRD.yaml
		Chance  -> Regional Sounds Expansion.esp_SRD.yaml
	509CC|Regional Sounds Expansion.esp
		Flags  -> Regional Sounds Expansion.esp_SRD.yaml
		Chance  -> Regional Sounds Expansion.esp_SRD.yaml
	509D0|Immersive Sounds - Compendium.esp
		Flags  -> Regional Sounds Expansion.esp_SRD.yaml
		Chance  -> Regional Sounds Expansion.esp_SRD.yaml
	509D2|Immersive Sounds - Compendium.esp
		Flags  -> Regional Sounds Expansion.esp_SRD.yaml
		Chance  -> Regional Sounds Expansion.esp_SRD.yaml
	509D6|Immersive Sounds - Compendium.esp
		Flags  -> Regional Sounds Expansion.esp_SRD.yaml
		Chance  -> Regional Sounds Expansion.esp_SRD.yaml
	509DA|Immersive Sounds - Compendium.esp
		Flags  -> Regional Sounds Expansion.esp_SRD.yaml
		Chance  -> Regional Sounds Expansion.esp_SRD.yaml
	804|MurderOfSongbirds.esp
		Flags  -> MurderOfSongbirds.esp_SRD.yaml
		Chance  -> MurderOfSongbirds.esp_SRD.yaml
	802|MurderOfSongbirds.esp
		Flags  -> MurderOfSongbirds.esp_SRD.yaml
		Chance  -> MurderOfSongbirds.esp_SRD.yaml
	509D8|Immersive Sounds - Compendium.esp
		Flags  -> Regional Sounds Expansion.esp_SRD.yaml
		Chance  -> Regional Sounds Expansion.esp_SRD.yaml
	509DC|Immersive Sounds - Compendium.esp
		Flags  -> Regional Sounds Expansion.esp_SRD.yaml
		Chance  -> Regional Sounds Expansion.esp_SRD.yaml
	509DE|Immersive Sounds - Compendium.esp
		Flags  -> Regional Sounds Expansion.esp_SRD.yaml
		Chance  -> Regional Sounds Expansion.esp_SRD.yaml
	509F2|Regional Sounds Expansion.esp
		Flags  -> Regional Sounds Expansion.esp_SRD.yaml
		Chance  -> Regional Sounds Expansion.esp_SRD.yaml
	D74|WildwoodEchoes.esp
		Flags  -> WildwoodEchoes.esp_SRD.yaml
		Chance  -> WildwoodEchoes.esp_SRD.yaml
	D206D|Regional Sounds Expansion.esp
		Flags  -> Regional Sounds Expansion.esp_SRD.yaml
		Chance  -> Regional Sounds Expansion.esp_SRD.yaml
	D9A|WildwoodEchoes.esp
		Flags  -> WildwoodEchoes.esp_SRD.yaml
		Chance  -> WildwoodEchoes.esp_SRD.yaml
	81E|Regional Sounds Expansion.esp
		Flags  -> Regional Sounds Expansion.esp_SRD.yaml
		Chance  -> Regional Sounds Expansion.esp_SRD.yaml
	810|Distant Rolling Thunder.esp
		Flags  -> Distant Rolling Thunder.esp_SRD.yaml
		Chance  -> Distant Rolling Thunder.esp_SRD.yaml
	808|Distant Rolling Thunder.esp
		Flags  -> Distant Rolling Thunder.esp_SRD.yaml
		Chance  -> Distant Rolling Thunder.esp_SRD.yaml
	80E|MurderOfSongbirds.esp
		Flags  -> MurderOfSongbirds.esp_SRD.yaml
		Chance  -> MurderOfSongbirds.esp_SRD.yaml
	800|Regional Sounds Expansion.esp
		Flags  -> Regional Sounds Expansion.esp_SRD.yaml
		Chance  -> Regional Sounds Expansion.esp_SRD.yaml
	D73|WildwoodEchoes.esp
		Flags  -> WildwoodEchoes.esp_SRD.yaml
		Chance  -> WildwoodEchoes.esp_SRD.yaml
	D62|WildwoodEchoes.esp
		Flags  -> WildwoodEchoes.esp_SRD.yaml
		Chance  -> WildwoodEchoes.esp_SRD.yaml
	D66|WildwoodEchoes.esp
		Flags  -> WildwoodEchoes.esp_SRD.yaml
		Chance  -> WildwoodEchoes.esp_SRD.yaml
	D64|WildwoodEchoes.esp
		Flags  -> WildwoodEchoes.esp_SRD.yaml
		Chance  -> WildwoodEchoes.esp_SRD.yaml
	D65|WildwoodEchoes.esp
		Flags  -> WildwoodEchoes.esp_SRD.yaml
		Chance  -> WildwoodEchoes.esp_SRD.yaml
	D67|WildwoodEchoes.esp
		Flags  -> WildwoodEchoes.esp_SRD.yaml
		Chance  -> WildwoodEchoes.esp_SRD.yaml
	D68|WildwoodEchoes.esp
		Flags  -> WildwoodEchoes.esp_SRD.yaml
		Chance  -> WildwoodEchoes.esp_SRD.yaml
	D72|WildwoodEchoes.esp
		Flags  -> WildwoodEchoes.esp_SRD.yaml
		Chance  -> WildwoodEchoes.esp_SRD.yaml
	D4044|Regional Sounds Expansion.esp
		Flags  -> Nordic Winds.esp_SRD.yaml
		Chance  -> Nordic Winds.esp_SRD.yaml
	D98|WildwoodEchoes.esp
		Flags  -> WildwoodEchoes.esp_SRD.yaml
		Chance  -> WildwoodEchoes.esp_SRD.yaml
	801|MurderOfSongbirds.esp
		Flags  -> MurderOfSongbirds.esp_SRD.yaml
		Chance  -> MurderOfSongbirds.esp_SRD.yaml
	801|Distant Rolling Thunder.esp
		Flags  -> Distant Rolling Thunder.esp_SRD.yaml
		Chance  -> Distant Rolling Thunder.esp_SRD.yaml
	806|Nordic Winds.esp
		Flags  -> Nordic Winds.esp_SRD.yaml
		Chance  -> Nordic Winds.esp_SRD.yaml
	805|MurderOfSongbirds.esp
		Flags  -> MurderOfSongbirds.esp_SRD.yaml
		Chance  -> MurderOfSongbirds.esp_SRD.yaml
	804|Distant Rolling Thunder.esp
		Flags  -> Distant Rolling Thunder.esp_SRD.yaml
		Chance  -> Distant Rolling Thunder.esp_SRD.yaml
	808|MurderOfSongbirds.esp
		Flags  -> MurderOfSongbirds.esp_SRD.yaml
		Chance  -> MurderOfSongbirds.esp_SRD.yaml
	807|Distant Rolling Thunder.esp
		Flags  -> Distant Rolling Thunder.esp_SRD.yaml
		Chance  -> Distant Rolling Thunder.esp_SRD.yaml
	80B|MurderOfSongbirds.esp
		Flags  -> MurderOfSongbirds.esp_SRD.yaml
		Chance  -> MurderOfSongbirds.esp_SRD.yaml
	806|Distant Rolling Thunder.esp
		Flags  -> Distant Rolling Thunder.esp_SRD.yaml
		Chance  -> Distant Rolling Thunder.esp_SRD.yaml
	80C|MurderOfSongbirds.esp
		Flags  -> MurderOfSongbirds.esp_SRD.yaml
		Chance  -> MurderOfSongbirds.esp_SRD.yaml
	809|Distant Rolling Thunder.esp
		Flags  -> Distant Rolling Thunder.esp_SRD.yaml
		Chance  -> Distant Rolling Thunder.esp_SRD.yaml
	80D|MurderOfSongbirds.esp
		Flags  -> MurderOfSongbirds.esp_SRD.yaml
		Chance  -> MurderOfSongbirds.esp_SRD.yaml
	800|Ambient Warfare.esp
		Flags  -> Ambient Warfare.esp_SRD.yaml
		Chance  -> Ambient Warfare.esp_SRD.yaml
	D63|Ambient Warfare.esp
		Flags  -> Ambient Warfare.esp_SRD.yaml
		Chance  -> Ambient Warfare.esp_SRD.yaml
	D66|Ambient Warfare.esp
		Flags  -> Ambient Warfare.esp_SRD.yaml
		Chance  -> Ambient Warfare.esp_SRD.yaml
	D64|Ambient Warfare.esp
		Flags  -> Ambient Warfare.esp_SRD.yaml
		Chance  -> Ambient Warfare.esp_SRD.yaml
	D65|Ambient Warfare.esp
		Flags  -> Ambient Warfare.esp_SRD.yaml
		Chance  -> Ambient Warfare.esp_SRD.yaml
	D69|Ambient Warfare.esp
		Flags  -> Ambient Warfare.esp_SRD.yaml
		Chance  -> Ambient Warfare.esp_SRD.yaml
	D67|Ambient Warfare.esp
		Flags  -> Ambient Warfare.esp_SRD.yaml
		Chance  -> Ambient Warfare.esp_SRD.yaml
	D68|Ambient Warfare.esp
		Flags  -> Ambient Warfare.esp_SRD.yaml
		Chance  -> Ambient Warfare.esp_SRD.yaml
	D6A|Ambient Warfare.esp
		Flags  -> Ambient Warfare.esp_SRD.yaml
		Chance  -> Ambient Warfare.esp_SRD.yaml
	D6B|Ambient Warfare.esp
		Flags  -> Ambient Warfare.esp_SRD.yaml
		Chance  -> Ambient Warfare.esp_SRD.yaml
	D6E|Ambient Warfare.esp
		Flags  -> Ambient Warfare.esp_SRD.yaml
		Chance  -> Ambient Warfare.esp_SRD.yaml
	D6C|Ambient Warfare.esp
		Flags  -> Ambient Warfare.esp_SRD.yaml
		Chance  -> Ambient Warfare.esp_SRD.yaml
	D6D|Ambient Warfare.esp
		Flags  -> Ambient Warfare.esp_SRD.yaml
		Chance  -> Ambient Warfare.esp_SRD.yaml
	D2066|Regional Sounds Expansion.esp
		Flags  -> Nordic Winds.esp_SRD.yaml
		Chance  -> Nordic Winds.esp_SRD.yaml
	D2067|Regional Sounds Expansion.esp
		Flags  -> Nordic Winds.esp_SRD.yaml
		Chance  -> Nordic Winds.esp_SRD.yaml
	802|Distant Rolling Thunder.esp
		Flags  -> Distant Rolling Thunder.esp_SRD.yaml
		Chance  -> Distant Rolling Thunder.esp_SRD.yaml
	805|Distant Rolling Thunder.esp
		Flags  -> Distant Rolling Thunder.esp_SRD.yaml
		Chance  -> Distant Rolling Thunder.esp_SRD.yaml
	803|Distant Rolling Thunder.esp
		Flags  -> Distant Rolling Thunder.esp_SRD.yaml
		Chance  -> Distant Rolling Thunder.esp_SRD.yaml

1046C7|Seasonal Weathers Framework - NAT-ENB III.esp
	509EA|Regional Sounds Expansion.esp
		Flags  -> Regional Sounds Expansion.esp_SRD.yaml
		Chance  -> Regional Sounds Expansion.esp_SRD.yaml
	509E9|Regional Sounds Expansion.esp
		Flags  -> Regional Sounds Expansion.esp_SRD.yaml
		Chance  -> Regional Sounds Expansion.esp_SRD.yaml
	509EC|Regional Sounds Expansion.esp
		Flags  -> Regional Sounds Expansion.esp_SRD.yaml
		Chance  -> Regional Sounds Expansion.esp_SRD.yaml
	509EB|Regional Sounds Expansion.esp
		Flags  -> Regional Sounds Expansion.esp_SRD.yaml
		Chance  -> Regional Sounds Expansion.esp_SRD.yaml
	509ED|Regional Sounds Expansion.esp
		Flags  -> Regional Sounds Expansion.esp_SRD.yaml
		Chance  -> Regional Sounds Expansion.esp_SRD.yaml
	509EF|Regional Sounds Expansion.esp
		Flags  -> Regional Sounds Expansion.esp_SRD.yaml
		Chance  -> Regional Sounds Expansion.esp_SRD.yaml
	509EE|Regional Sounds Expansion.esp
		Flags  -> Regional Sounds Expansion.esp_SRD.yaml
		Chance  -> Regional Sounds Expansion.esp_SRD.yaml
	D65|Ambient Warfare.esp
		Flags  -> Ambient Warfare.esp_SRD.yaml
		Chance  -> Ambient Warfare.esp_SRD.yaml
	8FC17|Regional Sounds Expansion.esp
		Flags  -> Regional Sounds Expansion.esp_SRD.yaml
		Chance  -> Regional Sounds Expansion.esp_SRD.yaml
	8FC18|Regional Sounds Expansion.esp
		Flags  -> Regional Sounds Expansion.esp_SRD.yaml
		Chance  -> Regional Sounds Expansion.esp_SRD.yaml
	D6B|Ambient Warfare.esp
		Flags  -> Ambient Warfare.esp_SRD.yaml
		Chance  -> Ambient Warfare.esp_SRD.yaml
	AA809|Regional Sounds Expansion.esp
		Flags  -> Regional Sounds Expansion.esp_SRD.yaml -> Nordic Winds.esp_SRD.yaml
		Chance  -> Regional Sounds Expansion.esp_SRD.yaml -> Nordic Winds.esp_SRD.yaml
	D6E|Ambient Warfare.esp
		Flags  -> Ambient Warfare.esp_SRD.yaml
		Chance  -> Ambient Warfare.esp_SRD.yaml
	D6C|Ambient Warfare.esp
		Flags  -> Ambient Warfare.esp_SRD.yaml
		Chance  -> Ambient Warfare.esp_SRD.yaml
	AA80A|Regional Sounds Expansion.esp
		Flags  -> Regional Sounds Expansion.esp_SRD.yaml -> Nordic Winds.esp_SRD.yaml
		Chance  -> Regional Sounds Expansion.esp_SRD.yaml -> Nordic Winds.esp_SRD.yaml
	D2066|Regional Sounds Expansion.esp
		Flags  -> Regional Sounds Expansion.esp_SRD.yaml -> Nordic Winds.esp_SRD.yaml
		Chance  -> Regional Sounds Expansion.esp_SRD.yaml -> Nordic Winds.esp_SRD.yaml
	D2067|Regional Sounds Expansion.esp
		Flags  -> Regional Sounds Expansion.esp_SRD.yaml -> Nordic Winds.esp_SRD.yaml
		Chance  -> Regional Sounds Expansion.esp_SRD.yaml -> Nordic Winds.esp_SRD.yaml
	D4044|Regional Sounds Expansion.esp
		Flags  -> Regional Sounds Expansion.esp_SRD.yaml -> Nordic Winds.esp_SRD.yaml
		Chance  -> Regional Sounds Expansion.esp_SRD.yaml -> Nordic Winds.esp_SRD.yaml
	D4045|Regional Sounds Expansion.esp
		Flags  -> Regional Sounds Expansion.esp_SRD.yaml
		Chance  -> Regional Sounds Expansion.esp_SRD.yaml
	810|Distant Rolling Thunder.esp
		Flags  -> Distant Rolling Thunder.esp_SRD.yaml
		Chance  -> Distant Rolling Thunder.esp_SRD.yaml
	808|Distant Rolling Thunder.esp
		Flags  -> Distant Rolling Thunder.esp_SRD.yaml
		Chance  -> Distant Rolling Thunder.esp_SRD.yaml
	817|Regional Sounds Expansion.esp
		Flags  -> Regional Sounds Expansion.esp_SRD.yaml
		Chance  -> Regional Sounds Expansion.esp_SRD.yaml
	D4046|Regional Sounds Expansion.esp
		Flags  -> Regional Sounds Expansion.esp_SRD.yaml
		Chance  -> Regional Sounds Expansion.esp_SRD.yaml
	83B|Regional Sounds Expansion.esp
		Flags  -> Regional Sounds Expansion.esp_SRD.yaml
		Chance  -> Regional Sounds Expansion.esp_SRD.yaml
	833|Regional Sounds Expansion.esp
		Flags  -> Regional Sounds Expansion.esp_SRD.yaml
		Chance  -> Regional Sounds Expansion.esp_SRD.yaml
	804|MurderOfSongbirds.esp
		Flags  -> MurderOfSongbirds.esp_SRD.yaml
		Chance  -> MurderOfSongbirds.esp_SRD.yaml
	805|Distant Rolling Thunder.esp
		Flags  -> Distant Rolling Thunder.esp_SRD.yaml
		Chance  -> Distant Rolling Thunder.esp_SRD.yaml
	803|Distant Rolling Thunder.esp
		Flags  -> Distant Rolling Thunder.esp_SRD.yaml
		Chance  -> Distant Rolling Thunder.esp_SRD.yaml
	809|MurderOfSongbirds.esp
		Flags  -> MurderOfSongbirds.esp_SRD.yaml
		Chance  -> MurderOfSongbirds.esp_SRD.yaml
	806|Distant Rolling Thunder.esp
		Flags  -> Distant Rolling Thunder.esp_SRD.yaml
		Chance  -> Distant Rolling Thunder.esp_SRD.yaml
	80C|MurderOfSongbirds.esp
		Flags  -> MurderOfSongbirds.esp_SRD.yaml
		Chance  -> MurderOfSongbirds.esp_SRD.yaml
	80A|MurderOfSongbirds.esp
		Flags  -> MurderOfSongbirds.esp_SRD.yaml
		Chance  -> MurderOfSongbirds.esp_SRD.yaml
	807|Distant Rolling Thunder.esp
		Flags  -> Distant Rolling Thunder.esp_SRD.yaml
		Chance  -> Distant Rolling Thunder.esp_SRD.yaml
	80B|MurderOfSongbirds.esp
		Flags  -> MurderOfSongbirds.esp_SRD.yaml
		Chance  -> MurderOfSongbirds.esp_SRD.yaml
	800|Ambient Warfare.esp
		Flags  -> Ambient Warfare.esp_SRD.yaml
		Chance  -> Ambient Warfare.esp_SRD.yaml
	D63|Ambient Warfare.esp
		Flags  -> Ambient Warfare.esp_SRD.yaml
		Chance  -> Ambient Warfare.esp_SRD.yaml
	D66|Ambient Warfare.esp
		Flags  -> Ambient Warfare.esp_SRD.yaml
		Chance  -> Ambient Warfare.esp_SRD.yaml
	D64|Ambient Warfare.esp
		Flags  -> Ambient Warfare.esp_SRD.yaml
		Chance  -> Ambient Warfare.esp_SRD.yaml
	D69|Ambient Warfare.esp
		Flags  -> Ambient Warfare.esp_SRD.yaml
		Chance  -> Ambient Warfare.esp_SRD.yaml
	D67|Ambient Warfare.esp
		Flags  -> Ambient Warfare.esp_SRD.yaml
		Chance  -> Ambient Warfare.esp_SRD.yaml
	D68|Ambient Warfare.esp
		Flags  -> Ambient Warfare.esp_SRD.yaml
		Chance  -> Ambient Warfare.esp_SRD.yaml
	D6A|Ambient Warfare.esp
		Flags  -> Ambient Warfare.esp_SRD.yaml
		Chance  -> Ambient Warfare.esp_SRD.yaml
	D6D|Ambient Warfare.esp
		Flags  -> Ambient Warfare.esp_SRD.yaml
		Chance  -> Ambient Warfare.esp_SRD.yaml
	D6F|Ambient Warfare.esp
		Flags  -> Ambient Warfare.esp_SRD.yaml
		Chance  -> Ambient Warfare.esp_SRD.yaml
	802|Distant Rolling Thunder.esp
		Flags  -> Distant Rolling Thunder.esp_SRD.yaml
		Chance  -> Distant Rolling Thunder.esp_SRD.yaml
	805|Nordic Winds.esp
		Flags  -> Nordic Winds.esp_SRD.yaml
		Chance  -> Nordic Winds.esp_SRD.yaml
	801|Distant Rolling Thunder.esp
		Flags  -> Distant Rolling Thunder.esp_SRD.yaml
		Chance  -> Distant Rolling Thunder.esp_SRD.yaml
	804|Distant Rolling Thunder.esp
		Flags  -> Distant Rolling Thunder.esp_SRD.yaml
		Chance  -> Distant Rolling Thunder.esp_SRD.yaml
	809|Distant Rolling Thunder.esp
		Flags  -> Distant Rolling Thunder.esp_SRD.yaml
		Chance  -> Distant Rolling Thunder.esp_SRD.yaml

70408|Seasonal Weathers Framework - NAT-ENB III.esp
	D6A|Ambient Warfare.esp
		Flags  -> Ambient Warfare.esp_SRD.yaml
		Chance  -> Ambient Warfare.esp_SRD.yaml
	3F3FC|Regional Sounds Expansion.esp
		Flags  -> Regional Sounds Expansion.esp_SRD.yaml -> Nordic Winds.esp_SRD.yaml
		Chance  -> Regional Sounds Expansion.esp_SRD.yaml -> Nordic Winds.esp_SRD.yaml
	3F405|Regional Sounds Expansion.esp
		Flags  -> Regional Sounds Expansion.esp_SRD.yaml -> Nordic Winds.esp_SRD.yaml
		Chance  -> Regional Sounds Expansion.esp_SRD.yaml -> Nordic Winds.esp_SRD.yaml
	D6B|Ambient Warfare.esp
		Flags  -> Ambient Warfare.esp_SRD.yaml
		Chance  -> Ambient Warfare.esp_SRD.yaml
	3F3FD|Regional Sounds Expansion.esp
		Flags  -> Regional Sounds Expansion.esp_SRD.yaml -> Nordic Winds.esp_SRD.yaml
		Chance  -> Regional Sounds Expansion.esp_SRD.yaml -> Nordic Winds.esp_SRD.yaml
	80E|Regional Sounds Expansion.esp
		Flags  -> Regional Sounds Expansion.esp_SRD.yaml
		Chance  -> Regional Sounds Expansion.esp_SRD.yaml
	800|Ambient Warfare.esp
		Flags  -> Ambient Warfare.esp_SRD.yaml
		Chance  -> Ambient Warfare.esp_SRD.yaml
	823|Regional Sounds Expansion.esp
		Flags  -> Regional Sounds Expansion.esp_SRD.yaml
		Chance  -> Regional Sounds Expansion.esp_SRD.yaml
	834|Regional Sounds Expansion.esp
		Flags  -> Regional Sounds Expansion.esp_SRD.yaml
		Chance  -> Regional Sounds Expansion.esp_SRD.yaml
	D63|Ambient Warfare.esp
		Flags  -> Ambient Warfare.esp_SRD.yaml
		Chance  -> Ambient Warfare.esp_SRD.yaml
	824|Regional Sounds Expansion.esp
		Flags  -> Regional Sounds Expansion.esp_SRD.yaml
		Chance  -> Regional Sounds Expansion.esp_SRD.yaml
	804|Distant Rolling Thunder.esp
		Flags  -> Distant Rolling Thunder.esp_SRD.yaml
		Chance  -> Distant Rolling Thunder.esp_SRD.yaml
	808|MurderOfSongbirds.esp
		Flags  -> MurderOfSongbirds.esp_SRD.yaml
		Chance  -> MurderOfSongbirds.esp_SRD.yaml
	816|Regional Sounds Expansion.esp
		Flags  -> Regional Sounds Expansion.esp_SRD.yaml
		Chance  -> Regional Sounds Expansion.esp_SRD.yaml
	D6F|Ambient Warfare.esp
		Flags  -> Ambient Warfare.esp_SRD.yaml
		Chance  -> Ambient Warfare.esp_SRD.yaml
	837|Regional Sounds Expansion.esp
		Flags  -> Regional Sounds Expansion.esp_SRD.yaml
		Chance  -> Regional Sounds Expansion.esp_SRD.yaml
	838|Regional Sounds Expansion.esp
		Flags  -> Regional Sounds Expansion.esp_SRD.yaml
		Chance  -> Regional Sounds Expansion.esp_SRD.yaml
	847|Sounds of Towns and Cities.esp
		Flags  -> Sounds of Towns and Cities.esp_SRD.yaml
		Chance  -> Sounds of Towns and Cities.esp_SRD.yaml
	839|Regional Sounds Expansion.esp
		Flags  -> Regional Sounds Expansion.esp_SRD.yaml
		Chance  -> Regional Sounds Expansion.esp_SRD.yaml
	804|MurderOfSongbirds.esp
		Flags  -> MurderOfSongbirds.esp_SRD.yaml
		Chance  -> MurderOfSongbirds.esp_SRD.yaml
	805|Distant Rolling Thunder.esp
		Flags  -> Distant Rolling Thunder.esp_SRD.yaml
		Chance  -> Distant Rolling Thunder.esp_SRD.yaml
	803|Distant Rolling Thunder.esp
		Flags  -> Distant Rolling Thunder.esp_SRD.yaml
		Chance  -> Distant Rolling Thunder.esp_SRD.yaml
	809|MurderOfSongbirds.esp
		Flags  -> MurderOfSongbirds.esp_SRD.yaml
		Chance  -> MurderOfSongbirds.esp_SRD.yaml
	806|Distant Rolling Thunder.esp
		Flags  -> Distant Rolling Thunder.esp_SRD.yaml
		Chance  -> Distant Rolling Thunder.esp_SRD.yaml
	80A|Nordic Winds.esp
		Flags  -> Nordic Winds.esp_SRD.yaml
		Chance  -> Nordic Winds.esp_SRD.yaml
	80A|MurderOfSongbirds.esp
		Flags  -> MurderOfSongbirds.esp_SRD.yaml
		Chance  -> MurderOfSongbirds.esp_SRD.yaml
	D66|Ambient Warfare.esp
		Flags  -> Ambient Warfare.esp_SRD.yaml
		Chance  -> Ambient Warfare.esp_SRD.yaml
	D64|Ambient Warfare.esp
		Flags  -> Ambient Warfare.esp_SRD.yaml
		Chance  -> Ambient Warfare.esp_SRD.yaml
	D65|Ambient Warfare.esp
		Flags  -> Ambient Warfare.esp_SRD.yaml
		Chance  -> Ambient Warfare.esp_SRD.yaml
	809|Sounds of Towns and Cities.esp
		Flags  -> Sounds of Towns and Cities.esp_SRD.yaml
		Chance  -> Sounds of Towns and Cities.esp_SRD.yaml
	D69|Ambient Warfare.esp
		Flags  -> Ambient Warfare.esp_SRD.yaml
		Chance  -> Ambient Warfare.esp_SRD.yaml
	D67|Ambient Warfare.esp
		Flags  -> Ambient Warfare.esp_SRD.yaml
		Chance  -> Ambient Warfare.esp_SRD.yaml
	80A|Sounds of Towns and Cities.esp
		Flags  -> Sounds of Towns and Cities.esp_SRD.yaml
		Chance  -> Sounds of Towns and Cities.esp_SRD.yaml
	808|Sounds of Towns and Cities.esp
		Flags  -> Sounds of Towns and Cities.esp_SRD.yaml
		Chance  -> Sounds of Towns and Cities.esp_SRD.yaml
	D68|Ambient Warfare.esp
		Flags  -> Ambient Warfare.esp_SRD.yaml
		Chance  -> Ambient Warfare.esp_SRD.yaml
	804|Sounds of Towns and Cities.esp
		Flags  -> Sounds of Towns and Cities.esp_SRD.yaml
		Chance  -> Sounds of Towns and Cities.esp_SRD.yaml
	D6E|Ambient Warfare.esp
		Flags  -> Ambient Warfare.esp_SRD.yaml
		Chance  -> Ambient Warfare.esp_SRD.yaml
	D6C|Ambient Warfare.esp
		Flags  -> Ambient Warfare.esp_SRD.yaml
		Chance  -> Ambient Warfare.esp_SRD.yaml
	805|Sounds of Towns and Cities.esp
		Flags  -> Sounds of Towns and Cities.esp_SRD.yaml
		Chance  -> Sounds of Towns and Cities.esp_SRD.yaml
	803|Sounds of Towns and Cities.esp
		Flags  -> Sounds of Towns and Cities.esp_SRD.yaml
		Chance  -> Sounds of Towns and Cities.esp_SRD.yaml
	D6D|Ambient Warfare.esp
		Flags  -> Ambient Warfare.esp_SRD.yaml
		Chance  -> Ambient Warfare.esp_SRD.yaml
	844|Sounds of Towns and Cities.esp
		Flags  -> Sounds of Towns and Cities.esp_SRD.yaml
		Chance  -> Sounds of Towns and Cities.esp_SRD.yaml
	817|Sounds of Towns and Cities.esp
		Flags  -> Sounds of Towns and Cities.esp_SRD.yaml
		Chance  -> Sounds of Towns and Cities.esp_SRD.yaml
	801|Distant Rolling Thunder.esp
		Flags  -> Distant Rolling Thunder.esp_SRD.yaml
		Chance  -> Distant Rolling Thunder.esp_SRD.yaml
	818|Sounds of Towns and Cities.esp
		Flags  -> Sounds of Towns and Cities.esp_SRD.yaml
		Chance  -> Sounds of Towns and Cities.esp_SRD.yaml
	802|Distant Rolling Thunder.esp
		Flags  -> Distant Rolling Thunder.esp_SRD.yaml
		Chance  -> Distant Rolling Thunder.esp_SRD.yaml
	807|Distant Rolling Thunder.esp
		Flags  -> Distant Rolling Thunder.esp_SRD.yaml
		Chance  -> Distant Rolling Thunder.esp_SRD.yaml
	810|Distant Rolling Thunder.esp
		Flags  -> Distant Rolling Thunder.esp_SRD.yaml
		Chance  -> Distant Rolling Thunder.esp_SRD.yaml
	808|Distant Rolling Thunder.esp
		Flags  -> Distant Rolling Thunder.esp_SRD.yaml
		Chance  -> Distant Rolling Thunder.esp_SRD.yaml
	809|Distant Rolling Thunder.esp
		Flags  -> Distant Rolling Thunder.esp_SRD.yaml
		Chance  -> Distant Rolling Thunder.esp_SRD.yaml
	801|Sounds of Towns and Cities.esp
		Flags  -> Sounds of Towns and Cities.esp_SRD.yaml
		Chance  -> Sounds of Towns and Cities.esp_SRD.yaml
	802|Sounds of Towns and Cities.esp
		Flags  -> Sounds of Towns and Cities.esp_SRD.yaml
		Chance  -> Sounds of Towns and Cities.esp_SRD.yaml
	806|Sounds of Towns and Cities.esp
		Flags  -> Sounds of Towns and Cities.esp_SRD.yaml
		Chance  -> Sounds of Towns and Cities.esp_SRD.yaml
	807|Sounds of Towns and Cities.esp
		Flags  -> Sounds of Towns and Cities.esp_SRD.yaml
		Chance  -> Sounds of Towns and Cities.esp_SRD.yaml
	813|Sounds of Towns and Cities.esp
		Flags  -> Sounds of Towns and Cities.esp_SRD.yaml
		Chance  -> Sounds of Towns and Cities.esp_SRD.yaml
	811|Sounds of Towns and Cities.esp
		Flags  -> Sounds of Towns and Cities.esp_SRD.yaml
		Chance  -> Sounds of Towns and Cities.esp_SRD.yaml
	812|Sounds of Towns and Cities.esp
		Flags  -> Sounds of Towns and Cities.esp_SRD.yaml
		Chance  -> Sounds of Towns and Cities.esp_SRD.yaml
	814|Sounds of Towns and Cities.esp
		Flags  -> Sounds of Towns and Cities.esp_SRD.yaml
		Chance  -> Sounds of Towns and Cities.esp_SRD.yaml
	815|Sounds of Towns and Cities.esp
		Flags  -> Sounds of Towns and Cities.esp_SRD.yaml
		Chance  -> Sounds of Towns and Cities.esp_SRD.yaml
	816|Sounds of Towns and Cities.esp
		Flags  -> Sounds of Towns and Cities.esp_SRD.yaml
		Chance  -> Sounds of Towns and Cities.esp_SRD.yaml
	845|Sounds of Towns and Cities.esp
		Flags  -> Sounds of Towns and Cities.esp_SRD.yaml
		Chance  -> Sounds of Towns and Cities.esp_SRD.yaml

1046CC|Seasonal Weathers Framework - NAT-ENB III.esp
	10FD47|Regional Sounds Expansion.esp
		Flags  -> Regional Sounds Expansion.esp_SRD.yaml
		Chance  -> Regional Sounds Expansion.esp_SRD.yaml
	800|MurderOfSongbirds.esp
		Flags  -> MurderOfSongbirds.esp_SRD.yaml
		Chance  -> MurderOfSongbirds.esp_SRD.yaml
	8F3DE|Regional Sounds Expansion.esp
		Flags  -> Regional Sounds Expansion.esp_SRD.yaml -> Nordic Winds.esp_SRD.yaml
		Chance  -> Regional Sounds Expansion.esp_SRD.yaml -> Nordic Winds.esp_SRD.yaml
	8F3DD|Regional Sounds Expansion.esp
		Flags  -> Regional Sounds Expansion.esp_SRD.yaml -> Nordic Winds.esp_SRD.yaml
		Chance  -> Regional Sounds Expansion.esp_SRD.yaml -> Nordic Winds.esp_SRD.yaml
	D9C|WildwoodEchoes.esp
		Flags  -> WildwoodEchoes.esp_SRD.yaml
		Chance  -> WildwoodEchoes.esp_SRD.yaml
	810|Regional Sounds Expansion.esp
		Flags  -> Regional Sounds Expansion.esp_SRD.yaml
		Chance  -> Regional Sounds Expansion.esp_SRD.yaml
	8FC17|Regional Sounds Expansion.esp
		Flags  -> Regional Sounds Expansion.esp_SRD.yaml
		Chance  -> Regional Sounds Expansion.esp_SRD.yaml
	D64|Ambient Warfare.esp
		Flags  -> Ambient Warfare.esp_SRD.yaml
		Chance  -> Ambient Warfare.esp_SRD.yaml
	D66|Ambient Warfare.esp
		Flags  -> Ambient Warfare.esp_SRD.yaml
		Chance  -> Ambient Warfare.esp_SRD.yaml
	8FC16|Regional Sounds Expansion.esp
		Flags  -> Regional Sounds Expansion.esp_SRD.yaml
		Chance  -> Regional Sounds Expansion.esp_SRD.yaml
	82A|Regional Sounds Expansion.esp
		Flags  -> Regional Sounds Expansion.esp_SRD.yaml
		Chance  -> Regional Sounds Expansion.esp_SRD.yaml
	8FC19|Regional Sounds Expansion.esp
		Flags  -> Regional Sounds Expansion.esp_SRD.yaml
		Chance  -> Regional Sounds Expansion.esp_SRD.yaml
	82B|Regional Sounds Expansion.esp
		Flags  -> Regional Sounds Expansion.esp_SRD.yaml
		Chance  -> Regional Sounds Expansion.esp_SRD.yaml
	8FC18|Regional Sounds Expansion.esp
		Flags  -> Regional Sounds Expansion.esp_SRD.yaml
		Chance  -> Regional Sounds Expansion.esp_SRD.yaml
	10FD48|Regional Sounds Expansion.esp
		Flags  -> Regional Sounds Expansion.esp_SRD.yaml
		Chance  -> Regional Sounds Expansion.esp_SRD.yaml
	804|MurderOfSongbirds.esp
		Flags  -> MurderOfSongbirds.esp_SRD.yaml
		Chance  -> MurderOfSongbirds.esp_SRD.yaml
	10FD49|Regional Sounds Expansion.esp
		Flags  -> Regional Sounds Expansion.esp_SRD.yaml
		Chance  -> Regional Sounds Expansion.esp_SRD.yaml
	803|MurderOfSongbirds.esp
		Flags  -> MurderOfSongbirds.esp_SRD.yaml
		Chance  -> MurderOfSongbirds.esp_SRD.yaml
	D6B|WildwoodEchoes.esp
		Flags  -> WildwoodEchoes.esp_SRD.yaml
		Chance  -> WildwoodEchoes.esp_SRD.yaml
	D69|WildwoodEchoes.esp
		Flags  -> WildwoodEchoes.esp_SRD.yaml
		Chance  -> WildwoodEchoes.esp_SRD.yaml
	10FD4C|Regional Sounds Expansion.esp
		Flags  -> Regional Sounds Expansion.esp_SRD.yaml
		Chance  -> Regional Sounds Expansion.esp_SRD.yaml
	10FD4A|Regional Sounds Expansion.esp
		Flags  -> Regional Sounds Expansion.esp_SRD.yaml
		Chance  -> Regional Sounds Expansion.esp_SRD.yaml
	D6A|WildwoodEchoes.esp
		Flags  -> WildwoodEchoes.esp_SRD.yaml
		Chance  -> WildwoodEchoes.esp_SRD.yaml
	10FD4B|Regional Sounds Expansion.esp
		Flags  -> Regional Sounds Expansion.esp_SRD.yaml
		Chance  -> Regional Sounds Expansion.esp_SRD.yaml
	80B|MurderOfSongbirds.esp
		Flags  -> MurderOfSongbirds.esp_SRD.yaml
		Chance  -> MurderOfSongbirds.esp_SRD.yaml
	807|Distant Rolling Thunder.esp
		Flags  -> Distant Rolling Thunder.esp_SRD.yaml
		Chance  -> Distant Rolling Thunder.esp_SRD.yaml
	819|Regional Sounds Expansion.esp
		Flags  -> Regional Sounds Expansion.esp_SRD.yaml
		Chance  -> Regional Sounds Expansion.esp_SRD.yaml
	81A|Regional Sounds Expansion.esp
		Flags  -> Regional Sounds Expansion.esp_SRD.yaml
		Chance  -> Regional Sounds Expansion.esp_SRD.yaml
	82C|Regional Sounds Expansion.esp
		Flags  -> Regional Sounds Expansion.esp_SRD.yaml
		Chance  -> Regional Sounds Expansion.esp_SRD.yaml
	D98|WildwoodEchoes.esp
		Flags  -> WildwoodEchoes.esp_SRD.yaml
		Chance  -> WildwoodEchoes.esp_SRD.yaml
	809|Regional Sounds Expansion.esp
		Flags  -> Regional Sounds Expansion.esp_SRD.yaml
		Chance  -> Regional Sounds Expansion.esp_SRD.yaml
	81C|Regional Sounds Expansion.esp
		Flags  -> Regional Sounds Expansion.esp_SRD.yaml
		Chance  -> Regional Sounds Expansion.esp_SRD.yaml
	D9B|WildwoodEchoes.esp
		Flags  -> WildwoodEchoes.esp_SRD.yaml
		Chance  -> WildwoodEchoes.esp_SRD.yaml
	81F|Regional Sounds Expansion.esp
		Flags  -> Regional Sounds Expansion.esp_SRD.yaml
		Chance  -> Regional Sounds Expansion.esp_SRD.yaml
	D65|WildwoodEchoes.esp
		Flags  -> WildwoodEchoes.esp_SRD.yaml
		Chance  -> WildwoodEchoes.esp_SRD.yaml
	820|Regional Sounds Expansion.esp
		Flags  -> Regional Sounds Expansion.esp_SRD.yaml
		Chance  -> Regional Sounds Expansion.esp_SRD.yaml
	85F|Regional Sounds Expansion.esp
		Flags  -> Regional Sounds Expansion.esp_SRD.yaml
		Chance  -> Regional Sounds Expansion.esp_SRD.yaml
	D67|Ambient Warfare.esp
		Flags  -> Ambient Warfare.esp_SRD.yaml
		Chance  -> Ambient Warfare.esp_SRD.yaml
	861|Regional Sounds Expansion.esp
		Flags  -> Regional Sounds Expansion.esp_SRD.yaml
		Chance  -> Regional Sounds Expansion.esp_SRD.yaml
	862|Regional Sounds Expansion.esp
		Flags  -> Regional Sounds Expansion.esp_SRD.yaml
		Chance  -> Regional Sounds Expansion.esp_SRD.yaml
	826|Regional Sounds Expansion.esp
		Flags  -> Regional Sounds Expansion.esp_SRD.yaml
		Chance  -> Regional Sounds Expansion.esp_SRD.yaml
	815|Regional Sounds Expansion.esp
		Flags  -> Regional Sounds Expansion.esp_SRD.yaml
		Chance  -> Regional Sounds Expansion.esp_SRD.yaml
	80C|Regional Sounds Expansion.esp
		Flags  -> Regional Sounds Expansion.esp_SRD.yaml
		Chance  -> Regional Sounds Expansion.esp_SRD.yaml
	D66|WildwoodEchoes.esp
		Flags  -> WildwoodEchoes.esp_SRD.yaml
		Chance  -> WildwoodEchoes.esp_SRD.yaml
	80A|Regional Sounds Expansion.esp
		Flags  -> Regional Sounds Expansion.esp_SRD.yaml
		Chance  -> Regional Sounds Expansion.esp_SRD.yaml
	D64|WildwoodEchoes.esp
		Flags  -> WildwoodEchoes.esp_SRD.yaml
		Chance  -> WildwoodEchoes.esp_SRD.yaml
	D6F|Ambient Warfare.esp
		Flags  -> Ambient Warfare.esp_SRD.yaml
		Chance  -> Ambient Warfare.esp_SRD.yaml
	D63|WildwoodEchoes.esp
		Flags  -> WildwoodEchoes.esp_SRD.yaml
		Chance  -> WildwoodEchoes.esp_SRD.yaml
	813|Regional Sounds Expansion.esp
		Flags  -> Regional Sounds Expansion.esp_SRD.yaml
		Chance  -> Regional Sounds Expansion.esp_SRD.yaml
	814|Regional Sounds Expansion.esp
		Flags  -> Regional Sounds Expansion.esp_SRD.yaml
		Chance  -> Regional Sounds Expansion.esp_SRD.yaml
	827|Regional Sounds Expansion.esp
		Flags  -> Regional Sounds Expansion.esp_SRD.yaml
		Chance  -> Regional Sounds Expansion.esp_SRD.yaml
	D62|WildwoodEchoes.esp
		Flags  -> WildwoodEchoes.esp_SRD.yaml
		Chance  -> WildwoodEchoes.esp_SRD.yaml
	D73|WildwoodEchoes.esp
		Flags  -> WildwoodEchoes.esp_SRD.yaml
		Chance  -> WildwoodEchoes.esp_SRD.yaml
	D71|WildwoodEchoes.esp
		Flags  -> WildwoodEchoes.esp_SRD.yaml
		Chance  -> WildwoodEchoes.esp_SRD.yaml
	D67|WildwoodEchoes.esp
		Flags  -> WildwoodEchoes.esp_SRD.yaml
		Chance  -> WildwoodEchoes.esp_SRD.yaml
	D68|WildwoodEchoes.esp
		Flags  -> WildwoodEchoes.esp_SRD.yaml
		Chance  -> WildwoodEchoes.esp_SRD.yaml
	D6E|WildwoodEchoes.esp
		Flags  -> WildwoodEchoes.esp_SRD.yaml
		Chance  -> WildwoodEchoes.esp_SRD.yaml
	D6C|WildwoodEchoes.esp
		Flags  -> WildwoodEchoes.esp_SRD.yaml
		Chance  -> WildwoodEchoes.esp_SRD.yaml
	D6F|WildwoodEchoes.esp
		Flags  -> WildwoodEchoes.esp_SRD.yaml
		Chance  -> WildwoodEchoes.esp_SRD.yaml
	D72|WildwoodEchoes.esp
		Flags  -> WildwoodEchoes.esp_SRD.yaml
		Chance  -> WildwoodEchoes.esp_SRD.yaml
	D99|WildwoodEchoes.esp
		Flags  -> WildwoodEchoes.esp_SRD.yaml
		Chance  -> WildwoodEchoes.esp_SRD.yaml
	D74|WildwoodEchoes.esp
		Flags  -> WildwoodEchoes.esp_SRD.yaml
		Chance  -> WildwoodEchoes.esp_SRD.yaml
	D9A|WildwoodEchoes.esp
		Flags  -> WildwoodEchoes.esp_SRD.yaml
		Chance  -> WildwoodEchoes.esp_SRD.yaml
	805|MurderOfSongbirds.esp
		Flags  -> MurderOfSongbirds.esp_SRD.yaml
		Chance  -> MurderOfSongbirds.esp_SRD.yaml
	80C|MurderOfSongbirds.esp
		Flags  -> MurderOfSongbirds.esp_SRD.yaml
		Chance  -> MurderOfSongbirds.esp_SRD.yaml
	80D|MurderOfSongbirds.esp
		Flags  -> MurderOfSongbirds.esp_SRD.yaml
		Chance  -> MurderOfSongbirds.esp_SRD.yaml
	800|Ambient Warfare.esp
		Flags  -> Ambient Warfare.esp_SRD.yaml
		Chance  -> Ambient Warfare.esp_SRD.yaml
	D63|Ambient Warfare.esp
		Flags  -> Ambient Warfare.esp_SRD.yaml
		Chance  -> Ambient Warfare.esp_SRD.yaml
	D65|Ambient Warfare.esp
		Flags  -> Ambient Warfare.esp_SRD.yaml
		Chance  -> Ambient Warfare.esp_SRD.yaml
	D68|Ambient Warfare.esp
		Flags  -> Ambient Warfare.esp_SRD.yaml
		Chance  -> Ambient Warfare.esp_SRD.yaml
	D69|Ambient Warfare.esp
		Flags  -> Ambient Warfare.esp_SRD.yaml
		Chance  -> Ambient Warfare.esp_SRD.yaml
	D6A|Ambient Warfare.esp
		Flags  -> Ambient Warfare.esp_SRD.yaml
		Chance  -> Ambient Warfare.esp_SRD.yaml
	D6B|Ambient Warfare.esp
		Flags  -> Ambient Warfare.esp_SRD.yaml
		Chance  -> Ambient Warfare.esp_SRD.yaml
	D6C|Ambient Warfare.esp
		Flags  -> Ambient Warfare.esp_SRD.yaml
		Chance  -> Ambient Warfare.esp_SRD.yaml
	D6D|Ambient Warfare.esp
		Flags  -> Ambient Warfare.esp_SRD.yaml
		Chance  -> Ambient Warfare.esp_SRD.yaml
	D6E|Ambient Warfare.esp
		Flags  -> Ambient Warfare.esp_SRD.yaml
		Chance  -> Ambient Warfare.esp_SRD.yaml
	8D5E1|Regional Sounds Expansion.esp
		Flags  -> Nordic Winds.esp_SRD.yaml
		Chance  -> Nordic Winds.esp_SRD.yaml
	804|Distant Rolling Thunder.esp
		Flags  -> Distant Rolling Thunder.esp_SRD.yaml
		Chance  -> Distant Rolling Thunder.esp_SRD.yaml
	807|Nordic Winds.esp
		Flags  -> Nordic Winds.esp_SRD.yaml
		Chance  -> Nordic Winds.esp_SRD.yaml
	801|Distant Rolling Thunder.esp
		Flags  -> Distant Rolling Thunder.esp_SRD.yaml
		Chance  -> Distant Rolling Thunder.esp_SRD.yaml
	802|Distant Rolling Thunder.esp
		Flags  -> Distant Rolling Thunder.esp_SRD.yaml
		Chance  -> Distant Rolling Thunder.esp_SRD.yaml
	803|Distant Rolling Thunder.esp
		Flags  -> Distant Rolling Thunder.esp_SRD.yaml
		Chance  -> Distant Rolling Thunder.esp_SRD.yaml
	805|Distant Rolling Thunder.esp
		Flags  -> Distant Rolling Thunder.esp_SRD.yaml
		Chance  -> Distant Rolling Thunder.esp_SRD.yaml
	806|Distant Rolling Thunder.esp
		Flags  -> Distant Rolling Thunder.esp_SRD.yaml
		Chance  -> Distant Rolling Thunder.esp_SRD.yaml
	808|Distant Rolling Thunder.esp
		Flags  -> Distant Rolling Thunder.esp_SRD.yaml
		Chance  -> Distant Rolling Thunder.esp_SRD.yaml
	809|Distant Rolling Thunder.esp
		Flags  -> Distant Rolling Thunder.esp_SRD.yaml
		Chance  -> Distant Rolling Thunder.esp_SRD.yaml
	810|Distant Rolling Thunder.esp
		Flags  -> Distant Rolling Thunder.esp_SRD.yaml
		Chance  -> Distant Rolling Thunder.esp_SRD.yaml

7042F|Seasonal Weathers Framework - NAT-ENB III.esp
	D4045|Regional Sounds Expansion.esp
		Flags  -> Regional Sounds Expansion.esp_SRD.yaml -> Nordic Winds.esp_SRD.yaml
		Chance  -> Regional Sounds Expansion.esp_SRD.yaml -> Nordic Winds.esp_SRD.yaml
	D4044|Regional Sounds Expansion.esp
		Flags  -> Regional Sounds Expansion.esp_SRD.yaml -> Nordic Winds.esp_SRD.yaml
		Chance  -> Regional Sounds Expansion.esp_SRD.yaml -> Nordic Winds.esp_SRD.yaml
	810|Distant Rolling Thunder.esp
		Flags  -> Distant Rolling Thunder.esp_SRD.yaml
		Chance  -> Distant Rolling Thunder.esp_SRD.yaml
	808|Distant Rolling Thunder.esp
		Flags  -> Distant Rolling Thunder.esp_SRD.yaml
		Chance  -> Distant Rolling Thunder.esp_SRD.yaml
	D4046|Regional Sounds Expansion.esp
		Flags  -> Regional Sounds Expansion.esp_SRD.yaml -> Nordic Winds.esp_SRD.yaml
		Chance  -> Regional Sounds Expansion.esp_SRD.yaml -> Nordic Winds.esp_SRD.yaml
	800|Ambient Warfare.esp
		Flags  -> Ambient Warfare.esp_SRD.yaml
		Chance  -> Ambient Warfare.esp_SRD.yaml
	823|Regional Sounds Expansion.esp
		Flags  -> Regional Sounds Expansion.esp_SRD.yaml
		Chance  -> Regional Sounds Expansion.esp_SRD.yaml
	834|Regional Sounds Expansion.esp
		Flags  -> Regional Sounds Expansion.esp_SRD.yaml
		Chance  -> Regional Sounds Expansion.esp_SRD.yaml
	D63|Ambient Warfare.esp
		Flags  -> Ambient Warfare.esp_SRD.yaml
		Chance  -> Ambient Warfare.esp_SRD.yaml
	824|Regional Sounds Expansion.esp
		Flags  -> Regional Sounds Expansion.esp_SRD.yaml
		Chance  -> Regional Sounds Expansion.esp_SRD.yaml
	804|Distant Rolling Thunder.esp
		Flags  -> Distant Rolling Thunder.esp_SRD.yaml
		Chance  -> Distant Rolling Thunder.esp_SRD.yaml
	816|Regional Sounds Expansion.esp
		Flags  -> Regional Sounds Expansion.esp_SRD.yaml
		Chance  -> Regional Sounds Expansion.esp_SRD.yaml
	D6F|Ambient Warfare.esp
		Flags  -> Ambient Warfare.esp_SRD.yaml
		Chance  -> Ambient Warfare.esp_SRD.yaml
	837|Regional Sounds Expansion.esp
		Flags  -> Regional Sounds Expansion.esp_SRD.yaml
		Chance  -> Regional Sounds Expansion.esp_SRD.yaml
	838|Regional Sounds Expansion.esp
		Flags  -> Regional Sounds Expansion.esp_SRD.yaml
		Chance  -> Regional Sounds Expansion.esp_SRD.yaml
	805|Distant Rolling Thunder.esp
		Flags  -> Distant Rolling Thunder.esp_SRD.yaml
		Chance  -> Distant Rolling Thunder.esp_SRD.yaml
	803|Distant Rolling Thunder.esp
		Flags  -> Distant Rolling Thunder.esp_SRD.yaml
		Chance  -> Distant Rolling Thunder.esp_SRD.yaml
	809|MurderOfSongbirds.esp
		Flags  -> MurderOfSongbirds.esp_SRD.yaml
		Chance  -> MurderOfSongbirds.esp_SRD.yaml
	806|Distant Rolling Thunder.esp
		Flags  -> Distant Rolling Thunder.esp_SRD.yaml
		Chance  -> Distant Rolling Thunder.esp_SRD.yaml
	80A|MurderOfSongbirds.esp
		Flags  -> MurderOfSongbirds.esp_SRD.yaml
		Chance  -> MurderOfSongbirds.esp_SRD.yaml
	D66|Ambient Warfare.esp
		Flags  -> Ambient Warfare.esp_SRD.yaml
		Chance  -> Ambient Warfare.esp_SRD.yaml
	D64|Ambient Warfare.esp
		Flags  -> Ambient Warfare.esp_SRD.yaml
		Chance  -> Ambient Warfare.esp_SRD.yaml
	D65|Ambient Warfare.esp
		Flags  -> Ambient Warfare.esp_SRD.yaml
		Chance  -> Ambient Warfare.esp_SRD.yaml
	809|Sounds of Towns and Cities.esp
		Flags  -> Sounds of Towns and Cities.esp_SRD.yaml
		Chance  -> Sounds of Towns and Cities.esp_SRD.yaml
	D69|Ambient Warfare.esp
		Flags  -> Ambient Warfare.esp_SRD.yaml
		Chance  -> Ambient Warfare.esp_SRD.yaml
	D67|Ambient Warfare.esp
		Flags  -> Ambient Warfare.esp_SRD.yaml
		Chance  -> Ambient Warfare.esp_SRD.yaml
	80A|Sounds of Towns and Cities.esp
		Flags  -> Sounds of Towns and Cities.esp_SRD.yaml
		Chance  -> Sounds of Towns and Cities.esp_SRD.yaml
	808|Sounds of Towns and Cities.esp
		Flags  -> Sounds of Towns and Cities.esp_SRD.yaml
		Chance  -> Sounds of Towns and Cities.esp_SRD.yaml
	D68|Ambient Warfare.esp
		Flags  -> Ambient Warfare.esp_SRD.yaml
		Chance  -> Ambient Warfare.esp_SRD.yaml
	D6A|Ambient Warfare.esp
		Flags  -> Ambient Warfare.esp_SRD.yaml
		Chance  -> Ambient Warfare.esp_SRD.yaml
	D6B|Ambient Warfare.esp
		Flags  -> Ambient Warfare.esp_SRD.yaml
		Chance  -> Ambient Warfare.esp_SRD.yaml
	804|Sounds of Towns and Cities.esp
		Flags  -> Sounds of Towns and Cities.esp_SRD.yaml
		Chance  -> Sounds of Towns and Cities.esp_SRD.yaml
	D6E|Ambient Warfare.esp
		Flags  -> Ambient Warfare.esp_SRD.yaml
		Chance  -> Ambient Warfare.esp_SRD.yaml
	D6C|Ambient Warfare.esp
		Flags  -> Ambient Warfare.esp_SRD.yaml
		Chance  -> Ambient Warfare.esp_SRD.yaml
	805|Sounds of Towns and Cities.esp
		Flags  -> Sounds of Towns and Cities.esp_SRD.yaml
		Chance  -> Sounds of Towns and Cities.esp_SRD.yaml
	803|Sounds of Towns and Cities.esp
		Flags  -> Sounds of Towns and Cities.esp_SRD.yaml
		Chance  -> Sounds of Towns and Cities.esp_SRD.yaml
	D6D|Ambient Warfare.esp
		Flags  -> Ambient Warfare.esp_SRD.yaml
		Chance  -> Ambient Warfare.esp_SRD.yaml
	809|Distant Rolling Thunder.esp
		Flags  -> Distant Rolling Thunder.esp_SRD.yaml
		Chance  -> Distant Rolling Thunder.esp_SRD.yaml
	80D|Nordic Winds.esp
		Flags  -> Nordic Winds.esp_SRD.yaml
		Chance  -> Nordic Winds.esp_SRD.yaml
	844|Sounds of Towns and Cities.esp
		Flags  -> Sounds of Towns and Cities.esp_SRD.yaml
		Chance  -> Sounds of Towns and Cities.esp_SRD.yaml
	801|Distant Rolling Thunder.esp
		Flags  -> Distant Rolling Thunder.esp_SRD.yaml
		Chance  -> Distant Rolling Thunder.esp_SRD.yaml
	802|Distant Rolling Thunder.esp
		Flags  -> Distant Rolling Thunder.esp_SRD.yaml
		Chance  -> Distant Rolling Thunder.esp_SRD.yaml
	807|Distant Rolling Thunder.esp
		Flags  -> Distant Rolling Thunder.esp_SRD.yaml
		Chance  -> Distant Rolling Thunder.esp_SRD.yaml
	801|Sounds of Towns and Cities.esp
		Flags  -> Sounds of Towns and Cities.esp_SRD.yaml
		Chance  -> Sounds of Towns and Cities.esp_SRD.yaml
	802|Sounds of Towns and Cities.esp
		Flags  -> Sounds of Towns and Cities.esp_SRD.yaml
		Chance  -> Sounds of Towns and Cities.esp_SRD.yaml
	806|Sounds of Towns and Cities.esp
		Flags  -> Sounds of Towns and Cities.esp_SRD.yaml
		Chance  -> Sounds of Towns and Cities.esp_SRD.yaml
	807|Sounds of Towns and Cities.esp
		Flags  -> Sounds of Towns and Cities.esp_SRD.yaml
		Chance  -> Sounds of Towns and Cities.esp_SRD.yaml
	812|Sounds of Towns and Cities.esp
		Flags  -> Sounds of Towns and Cities.esp_SRD.yaml
		Chance  -> Sounds of Towns and Cities.esp_SRD.yaml
	813|Sounds of Towns and Cities.esp
		Flags  -> Sounds of Towns and Cities.esp_SRD.yaml
		Chance  -> Sounds of Towns and Cities.esp_SRD.yaml
	814|Sounds of Towns and Cities.esp
		Flags  -> Sounds of Towns and Cities.esp_SRD.yaml
		Chance  -> Sounds of Towns and Cities.esp_SRD.yaml
	815|Sounds of Towns and Cities.esp
		Flags  -> Sounds of Towns and Cities.esp_SRD.yaml
		Chance  -> Sounds of Towns and Cities.esp_SRD.yaml
	847|Sounds of Towns and Cities.esp
		Flags  -> Sounds of Towns and Cities.esp_SRD.yaml
		Chance  -> Sounds of Towns and Cities.esp_SRD.yaml
	872|Sounds of Towns and Cities.esp
		Flags  -> Sounds of Towns and Cities.esp_SRD.yaml
		Chance  -> Sounds of Towns and Cities.esp_SRD.yaml

2B3AD|Skyrim.esm
	3DDC0|Regional Sounds Expansion.esp
		Flags  -> Regional Sounds Expansion.esp_SRD.yaml
		Chance  -> Regional Sounds Expansion.esp_SRD.yaml
	3DDBC|Regional Sounds Expansion.esp
		Flags  -> Regional Sounds Expansion.esp_SRD.yaml
		Chance  -> Regional Sounds Expansion.esp_SRD.yaml
	841|Regional Sounds Expansion.esp
		Flags  -> Regional Sounds Expansion.esp_SRD.yaml
		Chance  -> Regional Sounds Expansion.esp_SRD.yaml
	84C|Regional Sounds Expansion.esp
		Flags  -> Regional Sounds Expansion.esp_SRD.yaml
		Chance  -> Regional Sounds Expansion.esp_SRD.yaml

D3ADE|Skyrim.esm
	822|Regional Sounds Expansion.esp
		Flags  -> Regional Sounds Expansion.esp_SRD.yaml
		Chance  -> Regional Sounds Expansion.esp_SRD.yaml
	836|Regional Sounds Expansion.esp
		Flags  -> Regional Sounds Expansion.esp_SRD.yaml
		Chance  -> Regional Sounds Expansion.esp_SRD.yaml
	83A|Regional Sounds Expansion.esp
		Flags  -> Regional Sounds Expansion.esp_SRD.yaml
		Chance  -> Regional Sounds Expansion.esp_SRD.yaml

1E19F|Skyrim.esm
	3D0CC|Regional Sounds Expansion.esp
		Flags  -> Regional Sounds Expansion.esp_SRD.yaml
		Chance  -> Regional Sounds Expansion.esp_SRD.yaml
	843|Regional Sounds Expansion.esp
		Flags  -> Regional Sounds Expansion.esp_SRD.yaml
		Chance  -> Regional Sounds Expansion.esp_SRD.yaml
	841|Regional Sounds Expansion.esp
		Flags  -> Regional Sounds Expansion.esp_SRD.yaml
		Chance  -> Regional Sounds Expansion.esp_SRD.yaml
	3DDC5|Regional Sounds Expansion.esp
		Flags  -> Regional Sounds Expansion.esp_SRD.yaml
		Chance  -> Regional Sounds Expansion.esp_SRD.yaml
	83E|Regional Sounds Expansion.esp
		Flags  -> Regional Sounds Expansion.esp_SRD.yaml
		Chance  -> Regional Sounds Expansion.esp_SRD.yaml
	846|Regional Sounds Expansion.esp
		Flags  -> Regional Sounds Expansion.esp_SRD.yaml
		Chance  -> Regional Sounds Expansion.esp_SRD.yaml
	840|Regional Sounds Expansion.esp
		Flags  -> Regional Sounds Expansion.esp_SRD.yaml
		Chance  -> Regional Sounds Expansion.esp_SRD.yaml
	84C|Regional Sounds Expansion.esp
		Flags  -> Regional Sounds Expansion.esp_SRD.yaml
		Chance  -> Regional Sounds Expansion.esp_SRD.yaml
	84F|Regional Sounds Expansion.esp
		Flags  -> Regional Sounds Expansion.esp_SRD.yaml
		Chance  -> Regional Sounds Expansion.esp_SRD.yaml

37562|Seasonal Weathers Framework - NAT-ENB III.esp
	805|Solstheim Exterior Soundscapes.esp
		Flags  -> Solstheim Exterior Soundscapes.esp_SRD.yaml
		Chance  -> Solstheim Exterior Soundscapes.esp_SRD.yaml
	804|Solstheim Exterior Soundscapes.esp
		Flags  -> Solstheim Exterior Soundscapes.esp_SRD.yaml
		Chance  -> Solstheim Exterior Soundscapes.esp_SRD.yaml
	803|Solstheim Exterior Soundscapes.esp
		Flags  -> Solstheim Exterior Soundscapes.esp_SRD.yaml
		Chance  -> Solstheim Exterior Soundscapes.esp_SRD.yaml
	80B|Solstheim Exterior Soundscapes.esp
		Flags  -> Solstheim Exterior Soundscapes.esp_SRD.yaml
		Chance  -> Solstheim Exterior Soundscapes.esp_SRD.yaml
	809|Solstheim Exterior Soundscapes.esp
		Flags  -> Solstheim Exterior Soundscapes.esp_SRD.yaml
		Chance  -> Solstheim Exterior Soundscapes.esp_SRD.yaml
	808|Solstheim Exterior Soundscapes.esp
		Flags  -> Solstheim Exterior Soundscapes.esp_SRD.yaml
		Chance  -> Solstheim Exterior Soundscapes.esp_SRD.yaml

4075C|Skyrim.esm
	843|Regional Sounds Expansion.esp
		Flags  -> Regional Sounds Expansion.esp_SRD.yaml
		Chance  -> Regional Sounds Expansion.esp_SRD.yaml
	3F36F|Regional Sounds Expansion.esp
		Flags  -> Regional Sounds Expansion.esp_SRD.yaml
		Chance  -> Regional Sounds Expansion.esp_SRD.yaml
	83E|Regional Sounds Expansion.esp
		Flags  -> Regional Sounds Expansion.esp_SRD.yaml
		Chance  -> Regional Sounds Expansion.esp_SRD.yaml
	F9929|Regional Sounds Expansion.esp
		Flags  -> Regional Sounds Expansion.esp_SRD.yaml
		Chance  -> Regional Sounds Expansion.esp_SRD.yaml
	84A|Regional Sounds Expansion.esp
		Flags  -> Regional Sounds Expansion.esp_SRD.yaml
		Chance  -> Regional Sounds Expansion.esp_SRD.yaml
	849|Regional Sounds Expansion.esp
		Flags  -> Regional Sounds Expansion.esp_SRD.yaml
		Chance  -> Regional Sounds Expansion.esp_SRD.yaml

10FE79|Seasonal Weathers Framework - NAT-ENB III.esp
	801|MurderOfSongbirds.esp
		Flags  -> MurderOfSongbirds.esp_SRD.yaml
		Chance  -> MurderOfSongbirds.esp_SRD.yaml
	DB6DF|Regional Sounds Expansion.esp
		Flags  -> Nordic Winds.esp_SRD.yaml
		Chance  -> Nordic Winds.esp_SRD.yaml
	800|WhalesOffTheCoast.esp
		Flags  -> WhalesOffTheCoast.esp_SRD.yaml
		Chance  -> WhalesOffTheCoast.esp_SRD.yaml
	802|WhalesOffTheCoast.esp
		Flags  -> WhalesOffTheCoast.esp_SRD.yaml
		Chance  -> WhalesOffTheCoast.esp_SRD.yaml
	801|WhalesOffTheCoast.esp
		Flags  -> WhalesOffTheCoast.esp_SRD.yaml
		Chance  -> WhalesOffTheCoast.esp_SRD.yaml
	802|Distant Rolling Thunder.esp
		Flags  -> Distant Rolling Thunder.esp_SRD.yaml
		Chance  -> Distant Rolling Thunder.esp_SRD.yaml
	806|MurderOfSongbirds.esp
		Flags  -> MurderOfSongbirds.esp_SRD.yaml
		Chance  -> MurderOfSongbirds.esp_SRD.yaml
	804|WhalesOffTheCoast.esp
		Flags  -> WhalesOffTheCoast.esp_SRD.yaml
		Chance  -> WhalesOffTheCoast.esp_SRD.yaml
	803|WhalesOffTheCoast.esp
		Flags  -> WhalesOffTheCoast.esp_SRD.yaml
		Chance  -> WhalesOffTheCoast.esp_SRD.yaml
	805|Distant Rolling Thunder.esp
		Flags  -> Distant Rolling Thunder.esp_SRD.yaml
		Chance  -> Distant Rolling Thunder.esp_SRD.yaml
	803|Distant Rolling Thunder.esp
		Flags  -> Distant Rolling Thunder.esp_SRD.yaml
		Chance  -> Distant Rolling Thunder.esp_SRD.yaml
	807|MurderOfSongbirds.esp
		Flags  -> MurderOfSongbirds.esp_SRD.yaml
		Chance  -> MurderOfSongbirds.esp_SRD.yaml
	DB6DD|Regional Sounds Expansion.esp
		Flags  -> Nordic Winds.esp_SRD.yaml
		Chance  -> Nordic Winds.esp_SRD.yaml
	DB6DE|Regional Sounds Expansion.esp
		Flags  -> Nordic Winds.esp_SRD.yaml
		Chance  -> Nordic Winds.esp_SRD.yaml
	801|Distant Rolling Thunder.esp
		Flags  -> Distant Rolling Thunder.esp_SRD.yaml
		Chance  -> Distant Rolling Thunder.esp_SRD.yaml
	804|Nordic Winds.esp
		Flags  -> Nordic Winds.esp_SRD.yaml
		Chance  -> Nordic Winds.esp_SRD.yaml
	804|Distant Rolling Thunder.esp
		Flags  -> Distant Rolling Thunder.esp_SRD.yaml
		Chance  -> Distant Rolling Thunder.esp_SRD.yaml
	806|Distant Rolling Thunder.esp
		Flags  -> Distant Rolling Thunder.esp_SRD.yaml
		Chance  -> Distant Rolling Thunder.esp_SRD.yaml
	807|Distant Rolling Thunder.esp
		Flags  -> Distant Rolling Thunder.esp_SRD.yaml
		Chance  -> Distant Rolling Thunder.esp_SRD.yaml
	810|Distant Rolling Thunder.esp
		Flags  -> Distant Rolling Thunder.esp_SRD.yaml
		Chance  -> Distant Rolling Thunder.esp_SRD.yaml
	808|Distant Rolling Thunder.esp
		Flags  -> Distant Rolling Thunder.esp_SRD.yaml
		Chance  -> Distant Rolling Thunder.esp_SRD.yaml
	809|Distant Rolling Thunder.esp
		Flags  -> Distant Rolling Thunder.esp_SRD.yaml
		Chance  -> Distant Rolling Thunder.esp_SRD.yaml

4D7FD|Seasonal Weathers Framework - NAT-ENB III.esp
	801|Nordic Winds.esp
		Flags  -> Nordic Winds.esp_SRD.yaml
		Chance  -> Nordic Winds.esp_SRD.yaml
	821|Regional Sounds Expansion.esp
		Flags  -> Regional Sounds Expansion.esp_SRD.yaml
		Chance  -> Regional Sounds Expansion.esp_SRD.yaml
	804|MurderOfSongbirds.esp
		Flags  -> MurderOfSongbirds.esp_SRD.yaml
		Chance  -> MurderOfSongbirds.esp_SRD.yaml
	835|Regional Sounds Expansion.esp
		Flags  -> Regional Sounds Expansion.esp_SRD.yaml
		Chance  -> Regional Sounds Expansion.esp_SRD.yaml
	801|MurderOfSongbirds.esp
		Flags  -> MurderOfSongbirds.esp_SRD.yaml
		Chance  -> MurderOfSongbirds.esp_SRD.yaml
	809|MurderOfSongbirds.esp
		Flags  -> MurderOfSongbirds.esp_SRD.yaml
		Chance  -> MurderOfSongbirds.esp_SRD.yaml
	808|MurderOfSongbirds.esp
		Flags  -> MurderOfSongbirds.esp_SRD.yaml
		Chance  -> MurderOfSongbirds.esp_SRD.yaml
	80B|MurderOfSongbirds.esp
		Flags  -> MurderOfSongbirds.esp_SRD.yaml
		Chance  -> MurderOfSongbirds.esp_SRD.yaml
	80A|MurderOfSongbirds.esp
		Flags  -> MurderOfSongbirds.esp_SRD.yaml
		Chance  -> MurderOfSongbirds.esp_SRD.yaml
	800|Ambient Warfare.esp
		Flags  -> Ambient Warfare.esp_SRD.yaml
		Chance  -> Ambient Warfare.esp_SRD.yaml
	D63|Ambient Warfare.esp
		Flags  -> Ambient Warfare.esp_SRD.yaml
		Chance  -> Ambient Warfare.esp_SRD.yaml
	3E602|Regional Sounds Expansion.esp
		Flags  -> Nordic Winds.esp_SRD.yaml
		Chance  -> Nordic Winds.esp_SRD.yaml
	D66|Ambient Warfare.esp
		Flags  -> Ambient Warfare.esp_SRD.yaml
		Chance  -> Ambient Warfare.esp_SRD.yaml
	D64|Ambient Warfare.esp
		Flags  -> Ambient Warfare.esp_SRD.yaml
		Chance  -> Ambient Warfare.esp_SRD.yaml
	D65|Ambient Warfare.esp
		Flags  -> Ambient Warfare.esp_SRD.yaml
		Chance  -> Ambient Warfare.esp_SRD.yaml
	D69|Ambient Warfare.esp
		Flags  -> Ambient Warfare.esp_SRD.yaml
		Chance  -> Ambient Warfare.esp_SRD.yaml
	D67|Ambient Warfare.esp
		Flags  -> Ambient Warfare.esp_SRD.yaml
		Chance  -> Ambient Warfare.esp_SRD.yaml
	D68|Ambient Warfare.esp
		Flags  -> Ambient Warfare.esp_SRD.yaml
		Chance  -> Ambient Warfare.esp_SRD.yaml
	D6A|Ambient Warfare.esp
		Flags  -> Ambient Warfare.esp_SRD.yaml
		Chance  -> Ambient Warfare.esp_SRD.yaml
	D6B|Ambient Warfare.esp
		Flags  -> Ambient Warfare.esp_SRD.yaml
		Chance  -> Ambient Warfare.esp_SRD.yaml
	D6E|Ambient Warfare.esp
		Flags  -> Ambient Warfare.esp_SRD.yaml
		Chance  -> Ambient Warfare.esp_SRD.yaml
	D6C|Ambient Warfare.esp
		Flags  -> Ambient Warfare.esp_SRD.yaml
		Chance  -> Ambient Warfare.esp_SRD.yaml
	D6D|Ambient Warfare.esp
		Flags  -> Ambient Warfare.esp_SRD.yaml
		Chance  -> Ambient Warfare.esp_SRD.yaml
	D6F|Ambient Warfare.esp
		Flags  -> Ambient Warfare.esp_SRD.yaml
		Chance  -> Ambient Warfare.esp_SRD.yaml
	CF2C7|Regional Sounds Expansion.esp
		Flags  -> Nordic Winds.esp_SRD.yaml
		Chance  -> Nordic Winds.esp_SRD.yaml
	CF2CA|Regional Sounds Expansion.esp
		Flags  -> Nordic Winds.esp_SRD.yaml
		Chance  -> Nordic Winds.esp_SRD.yaml

AA80B|Skyrim.esm
	AA809|Regional Sounds Expansion.esp
		Flags  -> Regional Sounds Expansion.esp_SRD.yaml
		Chance  -> Regional Sounds Expansion.esp_SRD.yaml
	AA80A|Regional Sounds Expansion.esp
		Flags  -> Regional Sounds Expansion.esp_SRD.yaml
		Chance  -> Regional Sounds Expansion.esp_SRD.yaml

FF259|Reverb Interior Sounds Expansion.esp
	805|Reverb Interior Sounds Expansion.esp
		Flags  -> Reverb Interior Sounds Expansion.esp_SRD.yaml
		Chance  -> Reverb Interior Sounds Expansion.esp_SRD.yaml
	804|Reverb Interior Sounds Expansion.esp
		Flags  -> Reverb Interior Sounds Expansion.esp_SRD.yaml
		Chance  -> Reverb Interior Sounds Expansion.esp_SRD.yaml
	803|Reverb Interior Sounds Expansion.esp
		Flags  -> Reverb Interior Sounds Expansion.esp_SRD.yaml
		Chance  -> Reverb Interior Sounds Expansion.esp_SRD.yaml

806|Reverb Interior Sounds Expansion.esp
	83E|Regional Sounds Expansion.esp
		Flags  -> Reverb Interior Sounds Expansion.esp_RegionalSoundsExpansion_SRD.yaml
		Chance  -> Reverb Interior Sounds Expansion.esp_RegionalSoundsExpansion_SRD.yaml
	843|Regional Sounds Expansion.esp
		Flags  -> Reverb Interior Sounds Expansion.esp_RegionalSoundsExpansion_SRD.yaml
		Chance  -> Reverb Interior Sounds Expansion.esp_RegionalSoundsExpansion_SRD.yaml
	84A|Regional Sounds Expansion.esp
		Flags  -> Reverb Interior Sounds Expansion.esp_RegionalSoundsExpansion_SRD.yaml
		Chance  -> Reverb Interior Sounds Expansion.esp_RegionalSoundsExpansion_SRD.yaml
	849|Regional Sounds Expansion.esp
		Flags  -> Reverb Interior Sounds Expansion.esp_RegionalSoundsExpansion_SRD.yaml
		Chance  -> Reverb Interior Sounds Expansion.esp_RegionalSoundsExpansion_SRD.yaml

C5853|Seasonal Weathers Framework - NAT-ENB III.esp
	821|Regional Sounds Expansion.esp
		Flags  -> Regional Sounds Expansion.esp_SRD.yaml
		Chance  -> Regional Sounds Expansion.esp_SRD.yaml
	835|Regional Sounds Expansion.esp
		Flags  -> Regional Sounds Expansion.esp_SRD.yaml
		Chance  -> Regional Sounds Expansion.esp_SRD.yaml
	3E602|Regional Sounds Expansion.esp
		Flags  -> Nordic Winds.esp_SRD.yaml
		Chance  -> Nordic Winds.esp_SRD.yaml
	D64|Ambient Warfare.esp
		Flags  -> Ambient Warfare.esp_SRD.yaml
		Chance  -> Ambient Warfare.esp_SRD.yaml
	D66|Ambient Warfare.esp
		Flags  -> Ambient Warfare.esp_SRD.yaml
		Chance  -> Ambient Warfare.esp_SRD.yaml
	D65|Ambient Warfare.esp
		Flags  -> Ambient Warfare.esp_SRD.yaml
		Chance  -> Ambient Warfare.esp_SRD.yaml
	80B|MurderOfSongbirds.esp
		Flags  -> MurderOfSongbirds.esp_SRD.yaml
		Chance  -> MurderOfSongbirds.esp_SRD.yaml
	D63|Ambient Warfare.esp
		Flags  -> Ambient Warfare.esp_SRD.yaml
		Chance  -> Ambient Warfare.esp_SRD.yaml
	800|Ambient Warfare.esp
		Flags  -> Ambient Warfare.esp_SRD.yaml
		Chance  -> Ambient Warfare.esp_SRD.yaml
	D69|Ambient Warfare.esp
		Flags  -> Ambient Warfare.esp_SRD.yaml
		Chance  -> Ambient Warfare.esp_SRD.yaml
	D67|Ambient Warfare.esp
		Flags  -> Ambient Warfare.esp_SRD.yaml
		Chance  -> Ambient Warfare.esp_SRD.yaml
	D68|Ambient Warfare.esp
		Flags  -> Ambient Warfare.esp_SRD.yaml
		Chance  -> Ambient Warfare.esp_SRD.yaml
	D6A|Ambient Warfare.esp
		Flags  -> Ambient Warfare.esp_SRD.yaml
		Chance  -> Ambient Warfare.esp_SRD.yaml
	D6B|Ambient Warfare.esp
		Flags  -> Ambient Warfare.esp_SRD.yaml
		Chance  -> Ambient Warfare.esp_SRD.yaml
	D6E|Ambient Warfare.esp
		Flags  -> Ambient Warfare.esp_SRD.yaml
		Chance  -> Ambient Warfare.esp_SRD.yaml
	D6C|Ambient Warfare.esp
		Flags  -> Ambient Warfare.esp_SRD.yaml
		Chance  -> Ambient Warfare.esp_SRD.yaml
	D6D|Ambient Warfare.esp
		Flags  -> Ambient Warfare.esp_SRD.yaml
		Chance  -> Ambient Warfare.esp_SRD.yaml
	D6F|Ambient Warfare.esp
		Flags  -> Ambient Warfare.esp_SRD.yaml
		Chance  -> Ambient Warfare.esp_SRD.yaml
	CF2C7|Regional Sounds Expansion.esp
		Flags  -> Nordic Winds.esp_SRD.yaml
		Chance  -> Nordic Winds.esp_SRD.yaml
	CF2CA|Regional Sounds Expansion.esp
		Flags  -> Nordic Winds.esp_SRD.yaml
		Chance  -> Nordic Winds.esp_SRD.yaml
	80E|Nordic Winds.esp
		Flags  -> Nordic Winds.esp_SRD.yaml
		Chance  -> Nordic Winds.esp_SRD.yaml

E8EC5|Skyrim.esm
	80D|Regional Sounds Expansion.esp
		Flags  -> Regional Sounds Expansion.esp_SRD.yaml
		Chance  -> Regional Sounds Expansion.esp_SRD.yaml
	3F405|Regional Sounds Expansion.esp
		Flags  -> Regional Sounds Expansion.esp_SRD.yaml
		Chance  -> Regional Sounds Expansion.esp_SRD.yaml
	3F3FD|Regional Sounds Expansion.esp
		Flags  -> Regional Sounds Expansion.esp_SRD.yaml
		Chance  -> Regional Sounds Expansion.esp_SRD.yaml
	3F3FC|Regional Sounds Expansion.esp
		Flags  -> Regional Sounds Expansion.esp_SRD.yaml
		Chance  -> Regional Sounds Expansion.esp_SRD.yaml

10B11B|Skyrim.esm
	821|Regional Sounds Expansion.esp
		Flags  -> Regional Sounds Expansion.esp_SRD.yaml
		Chance  -> Regional Sounds Expansion.esp_SRD.yaml
	835|Regional Sounds Expansion.esp
		Flags  -> Regional Sounds Expansion.esp_SRD.yaml
		Chance  -> Regional Sounds Expansion.esp_SRD.yaml

92C8E|Dawnguard.esm
	8D5DF|Regional Sounds Expansion.esp
		Flags  -> Regional Sounds Expansion.esp_SRD.yaml
		Chance  -> Regional Sounds Expansion.esp_SRD.yaml
	820|Regional Sounds Expansion.esp
		Flags  -> Regional Sounds Expansion.esp_SRD.yaml
		Chance  -> Regional Sounds Expansion.esp_SRD.yaml
	1646D|Regional Sounds Expansion.esp
		Flags  -> Regional Sounds Expansion.esp_SRD.yaml
		Chance  -> Regional Sounds Expansion.esp_SRD.yaml
	830|Regional Sounds Expansion.esp
		Flags  -> Regional Sounds Expansion.esp_SRD.yaml
		Chance  -> Regional Sounds Expansion.esp_SRD.yaml
	1646C|Regional Sounds Expansion.esp
		Flags  -> Regional Sounds Expansion.esp_SRD.yaml
		Chance  -> Regional Sounds Expansion.esp_SRD.yaml
	81186|Regional Sounds Expansion.esp
		Flags  -> Regional Sounds Expansion.esp_SRD.yaml
		Chance  -> Regional Sounds Expansion.esp_SRD.yaml
	3C709|Regional Sounds Expansion.esp
		Flags  -> Regional Sounds Expansion.esp_SRD.yaml
		Chance  -> Regional Sounds Expansion.esp_SRD.yaml
	7EDC8|Regional Sounds Expansion.esp
		Flags  -> Regional Sounds Expansion.esp_SRD.yaml
		Chance  -> Regional Sounds Expansion.esp_SRD.yaml
	8D5E0|Regional Sounds Expansion.esp
		Flags  -> Regional Sounds Expansion.esp_SRD.yaml
		Chance  -> Regional Sounds Expansion.esp_SRD.yaml
	10FD41|Regional Sounds Expansion.esp
		Flags  -> Regional Sounds Expansion.esp_SRD.yaml
		Chance  -> Regional Sounds Expansion.esp_SRD.yaml
	818|Regional Sounds Expansion.esp
		Flags  -> Regional Sounds Expansion.esp_SRD.yaml
		Chance  -> Regional Sounds Expansion.esp_SRD.yaml
	82C|Regional Sounds Expansion.esp
		Flags  -> Regional Sounds Expansion.esp_SRD.yaml
		Chance  -> Regional Sounds Expansion.esp_SRD.yaml
	81C|Regional Sounds Expansion.esp
		Flags  -> Regional Sounds Expansion.esp_SRD.yaml
		Chance  -> Regional Sounds Expansion.esp_SRD.yaml
	81F|Regional Sounds Expansion.esp
		Flags  -> Regional Sounds Expansion.esp_SRD.yaml -> Regional Sounds Expansion.esp_SRD.yaml
		Chance  -> Regional Sounds Expansion.esp_SRD.yaml -> Regional Sounds Expansion.esp_SRD.yaml
	831|Regional Sounds Expansion.esp
		Flags  -> Regional Sounds Expansion.esp_SRD.yaml
		Chance  -> Regional Sounds Expansion.esp_SRD.yaml
	833|Regional Sounds Expansion.esp
		Flags  -> Regional Sounds Expansion.esp_SRD.yaml
		Chance  -> Regional Sounds Expansion.esp_SRD.yaml
	832|Regional Sounds Expansion.esp
		Flags  -> Regional Sounds Expansion.esp_SRD.yaml
		Chance  -> Regional Sounds Expansion.esp_SRD.yaml
	860|Regional Sounds Expansion.esp
		Flags  -> Regional Sounds Expansion.esp_SRD.yaml
		Chance  -> Regional Sounds Expansion.esp_SRD.yaml
	863|Regional Sounds Expansion.esp
		Flags  -> Regional Sounds Expansion.esp_SRD.yaml
		Chance  -> Regional Sounds Expansion.esp_SRD.yaml
	864|Regional Sounds Expansion.esp
		Flags  -> Regional Sounds Expansion.esp_SRD.yaml
		Chance  -> Regional Sounds Expansion.esp_SRD.yaml
	82A|Regional Sounds Expansion.esp
		Flags  -> Regional Sounds Expansion.esp_SRD.yaml
		Chance  -> Regional Sounds Expansion.esp_SRD.yaml
	82B|Regional Sounds Expansion.esp
		Flags  -> Regional Sounds Expansion.esp_SRD.yaml
		Chance  -> Regional Sounds Expansion.esp_SRD.yaml

1046C8|Seasonal Weathers Framework - NAT-ENB III.esp
	D6F|Ambient Warfare.esp
		Flags  -> Ambient Warfare.esp_SRD.yaml
		Chance  -> Ambient Warfare.esp_SRD.yaml
	D63|WildwoodEchoes.esp
		Flags  -> WildwoodEchoes.esp_SRD.yaml
		Chance  -> WildwoodEchoes.esp_SRD.yaml
	50013|Regional Sounds Expansion.esp
		Flags  -> Regional Sounds Expansion.esp_SRD.yaml
		Chance  -> Regional Sounds Expansion.esp_SRD.yaml
	D9B|WildwoodEchoes.esp
		Flags  -> WildwoodEchoes.esp_SRD.yaml
		Chance  -> WildwoodEchoes.esp_SRD.yaml
	81D|Regional Sounds Expansion.esp
		Flags  -> Regional Sounds Expansion.esp_SRD.yaml
		Chance  -> Regional Sounds Expansion.esp_SRD.yaml
	509CC|Regional Sounds Expansion.esp
		Flags  -> Regional Sounds Expansion.esp_SRD.yaml
		Chance  -> Regional Sounds Expansion.esp_SRD.yaml
	509D0|Immersive Sounds - Compendium.esp
		Flags  -> Regional Sounds Expansion.esp_SRD.yaml
		Chance  -> Regional Sounds Expansion.esp_SRD.yaml
	509D2|Immersive Sounds - Compendium.esp
		Flags  -> Regional Sounds Expansion.esp_SRD.yaml
		Chance  -> Regional Sounds Expansion.esp_SRD.yaml
	509D6|Immersive Sounds - Compendium.esp
		Flags  -> Regional Sounds Expansion.esp_SRD.yaml
		Chance  -> Regional Sounds Expansion.esp_SRD.yaml
	509DA|Immersive Sounds - Compendium.esp
		Flags  -> Regional Sounds Expansion.esp_SRD.yaml
		Chance  -> Regional Sounds Expansion.esp_SRD.yaml
	804|MurderOfSongbirds.esp
		Flags  -> MurderOfSongbirds.esp_SRD.yaml
		Chance  -> MurderOfSongbirds.esp_SRD.yaml
	802|MurderOfSongbirds.esp
		Flags  -> MurderOfSongbirds.esp_SRD.yaml
		Chance  -> MurderOfSongbirds.esp_SRD.yaml
	509D8|Immersive Sounds - Compendium.esp
		Flags  -> Regional Sounds Expansion.esp_SRD.yaml
		Chance  -> Regional Sounds Expansion.esp_SRD.yaml
	509DC|Immersive Sounds - Compendium.esp
		Flags  -> Regional Sounds Expansion.esp_SRD.yaml
		Chance  -> Regional Sounds Expansion.esp_SRD.yaml
	509DE|Immersive Sounds - Compendium.esp
		Flags  -> Regional Sounds Expansion.esp_SRD.yaml
		Chance  -> Regional Sounds Expansion.esp_SRD.yaml
	D98|WildwoodEchoes.esp
		Flags  -> WildwoodEchoes.esp_SRD.yaml
		Chance  -> WildwoodEchoes.esp_SRD.yaml
	D4044|Regional Sounds Expansion.esp
		Flags  -> Regional Sounds Expansion.esp_SRD.yaml -> Nordic Winds.esp_SRD.yaml
		Chance  -> Regional Sounds Expansion.esp_SRD.yaml -> Nordic Winds.esp_SRD.yaml
	509F2|Regional Sounds Expansion.esp
		Flags  -> Regional Sounds Expansion.esp_SRD.yaml
		Chance  -> Regional Sounds Expansion.esp_SRD.yaml
	D74|WildwoodEchoes.esp
		Flags  -> WildwoodEchoes.esp_SRD.yaml
		Chance  -> WildwoodEchoes.esp_SRD.yaml
	D206D|Regional Sounds Expansion.esp
		Flags  -> Regional Sounds Expansion.esp_SRD.yaml
		Chance  -> Regional Sounds Expansion.esp_SRD.yaml
	D9A|WildwoodEchoes.esp
		Flags  -> WildwoodEchoes.esp_SRD.yaml
		Chance  -> WildwoodEchoes.esp_SRD.yaml
	81E|Regional Sounds Expansion.esp
		Flags  -> Regional Sounds Expansion.esp_SRD.yaml
		Chance  -> Regional Sounds Expansion.esp_SRD.yaml
	810|Distant Rolling Thunder.esp
		Flags  -> Distant Rolling Thunder.esp_SRD.yaml
		Chance  -> Distant Rolling Thunder.esp_SRD.yaml
	808|Distant Rolling Thunder.esp
		Flags  -> Distant Rolling Thunder.esp_SRD.yaml
		Chance  -> Distant Rolling Thunder.esp_SRD.yaml
	80E|MurderOfSongbirds.esp
		Flags  -> MurderOfSongbirds.esp_SRD.yaml
		Chance  -> MurderOfSongbirds.esp_SRD.yaml
	800|Regional Sounds Expansion.esp
		Flags  -> Regional Sounds Expansion.esp_SRD.yaml
		Chance  -> Regional Sounds Expansion.esp_SRD.yaml
	D73|WildwoodEchoes.esp
		Flags  -> WildwoodEchoes.esp_SRD.yaml
		Chance  -> WildwoodEchoes.esp_SRD.yaml
	D62|WildwoodEchoes.esp
		Flags  -> WildwoodEchoes.esp_SRD.yaml
		Chance  -> WildwoodEchoes.esp_SRD.yaml
	D66|WildwoodEchoes.esp
		Flags  -> WildwoodEchoes.esp_SRD.yaml
		Chance  -> WildwoodEchoes.esp_SRD.yaml
	D64|WildwoodEchoes.esp
		Flags  -> WildwoodEchoes.esp_SRD.yaml
		Chance  -> WildwoodEchoes.esp_SRD.yaml
	D65|WildwoodEchoes.esp
		Flags  -> WildwoodEchoes.esp_SRD.yaml
		Chance  -> WildwoodEchoes.esp_SRD.yaml
	D67|WildwoodEchoes.esp
		Flags  -> WildwoodEchoes.esp_SRD.yaml
		Chance  -> WildwoodEchoes.esp_SRD.yaml
	D68|WildwoodEchoes.esp
		Flags  -> WildwoodEchoes.esp_SRD.yaml
		Chance  -> WildwoodEchoes.esp_SRD.yaml
	D72|WildwoodEchoes.esp
		Flags  -> WildwoodEchoes.esp_SRD.yaml
		Chance  -> WildwoodEchoes.esp_SRD.yaml
	801|MurderOfSongbirds.esp
		Flags  -> MurderOfSongbirds.esp_SRD.yaml
		Chance  -> MurderOfSongbirds.esp_SRD.yaml
	801|Distant Rolling Thunder.esp
		Flags  -> Distant Rolling Thunder.esp_SRD.yaml
		Chance  -> Distant Rolling Thunder.esp_SRD.yaml
	806|Nordic Winds.esp
		Flags  -> Nordic Winds.esp_SRD.yaml
		Chance  -> Nordic Winds.esp_SRD.yaml
	805|MurderOfSongbirds.esp
		Flags  -> MurderOfSongbirds.esp_SRD.yaml
		Chance  -> MurderOfSongbirds.esp_SRD.yaml
	804|Distant Rolling Thunder.esp
		Flags  -> Distant Rolling Thunder.esp_SRD.yaml
		Chance  -> Distant Rolling Thunder.esp_SRD.yaml
	808|MurderOfSongbirds.esp
		Flags  -> MurderOfSongbirds.esp_SRD.yaml
		Chance  -> MurderOfSongbirds.esp_SRD.yaml
	807|Distant Rolling Thunder.esp
		Flags  -> Distant Rolling Thunder.esp_SRD.yaml
		Chance  -> Distant Rolling Thunder.esp_SRD.yaml
	80B|MurderOfSongbirds.esp
		Flags  -> MurderOfSongbirds.esp_SRD.yaml
		Chance  -> MurderOfSongbirds.esp_SRD.yaml
	806|Distant Rolling Thunder.esp
		Flags  -> Distant Rolling Thunder.esp_SRD.yaml
		Chance  -> Distant Rolling Thunder.esp_SRD.yaml
	80C|MurderOfSongbirds.esp
		Flags  -> MurderOfSongbirds.esp_SRD.yaml
		Chance  -> MurderOfSongbirds.esp_SRD.yaml
	809|Distant Rolling Thunder.esp
		Flags  -> Distant Rolling Thunder.esp_SRD.yaml
		Chance  -> Distant Rolling Thunder.esp_SRD.yaml
	80D|MurderOfSongbirds.esp
		Flags  -> MurderOfSongbirds.esp_SRD.yaml
		Chance  -> MurderOfSongbirds.esp_SRD.yaml
	800|Ambient Warfare.esp
		Flags  -> Ambient Warfare.esp_SRD.yaml
		Chance  -> Ambient Warfare.esp_SRD.yaml
	D63|Ambient Warfare.esp
		Flags  -> Ambient Warfare.esp_SRD.yaml
		Chance  -> Ambient Warfare.esp_SRD.yaml
	D66|Ambient Warfare.esp
		Flags  -> Ambient Warfare.esp_SRD.yaml
		Chance  -> Ambient Warfare.esp_SRD.yaml
	D64|Ambient Warfare.esp
		Flags  -> Ambient Warfare.esp_SRD.yaml
		Chance  -> Ambient Warfare.esp_SRD.yaml
	D65|Ambient Warfare.esp
		Flags  -> Ambient Warfare.esp_SRD.yaml
		Chance  -> Ambient Warfare.esp_SRD.yaml
	D69|Ambient Warfare.esp
		Flags  -> Ambient Warfare.esp_SRD.yaml
		Chance  -> Ambient Warfare.esp_SRD.yaml
	D67|Ambient Warfare.esp
		Flags  -> Ambient Warfare.esp_SRD.yaml
		Chance  -> Ambient Warfare.esp_SRD.yaml
	D68|Ambient Warfare.esp
		Flags  -> Ambient Warfare.esp_SRD.yaml
		Chance  -> Ambient Warfare.esp_SRD.yaml
	D6A|Ambient Warfare.esp
		Flags  -> Ambient Warfare.esp_SRD.yaml
		Chance  -> Ambient Warfare.esp_SRD.yaml
	D6B|Ambient Warfare.esp
		Flags  -> Ambient Warfare.esp_SRD.yaml
		Chance  -> Ambient Warfare.esp_SRD.yaml
	D6E|Ambient Warfare.esp
		Flags  -> Ambient Warfare.esp_SRD.yaml
		Chance  -> Ambient Warfare.esp_SRD.yaml
	D6C|Ambient Warfare.esp
		Flags  -> Ambient Warfare.esp_SRD.yaml
		Chance  -> Ambient Warfare.esp_SRD.yaml
	D6D|Ambient Warfare.esp
		Flags  -> Ambient Warfare.esp_SRD.yaml
		Chance  -> Ambient Warfare.esp_SRD.yaml
	D2066|Regional Sounds Expansion.esp
		Flags  -> Nordic Winds.esp_SRD.yaml
		Chance  -> Nordic Winds.esp_SRD.yaml
	D2067|Regional Sounds Expansion.esp
		Flags  -> Nordic Winds.esp_SRD.yaml
		Chance  -> Nordic Winds.esp_SRD.yaml
	802|Distant Rolling Thunder.esp
		Flags  -> Distant Rolling Thunder.esp_SRD.yaml
		Chance  -> Distant Rolling Thunder.esp_SRD.yaml
	805|Distant Rolling Thunder.esp
		Flags  -> Distant Rolling Thunder.esp_SRD.yaml
		Chance  -> Distant Rolling Thunder.esp_SRD.yaml
	803|Distant Rolling Thunder.esp
		Flags  -> Distant Rolling Thunder.esp_SRD.yaml
		Chance  -> Distant Rolling Thunder.esp_SRD.yaml

C5856|Seasonal Weathers Framework - NAT-ENB III.esp
	836|Regional Sounds Expansion.esp
		Flags  -> Regional Sounds Expansion.esp_SRD.yaml
		Chance  -> Regional Sounds Expansion.esp_SRD.yaml
	810|Distant Rolling Thunder.esp
		Flags  -> Distant Rolling Thunder.esp_SRD.yaml
		Chance  -> Distant Rolling Thunder.esp_SRD.yaml
	808|Distant Rolling Thunder.esp
		Flags  -> Distant Rolling Thunder.esp_SRD.yaml
		Chance  -> Distant Rolling Thunder.esp_SRD.yaml
	D4046|Regional Sounds Expansion.esp
		Flags  -> Nordic Winds.esp_SRD.yaml
		Chance  -> Nordic Winds.esp_SRD.yaml
	817|Regional Sounds Expansion.esp
		Flags  -> Regional Sounds Expansion.esp_SRD.yaml
		Chance  -> Regional Sounds Expansion.esp_SRD.yaml
	822|Regional Sounds Expansion.esp
		Flags  -> Regional Sounds Expansion.esp_SRD.yaml
		Chance  -> Regional Sounds Expansion.esp_SRD.yaml
	805|Distant Rolling Thunder.esp
		Flags  -> Distant Rolling Thunder.esp_SRD.yaml
		Chance  -> Distant Rolling Thunder.esp_SRD.yaml
	803|Distant Rolling Thunder.esp
		Flags  -> Distant Rolling Thunder.esp_SRD.yaml
		Chance  -> Distant Rolling Thunder.esp_SRD.yaml
	809|MurderOfSongbirds.esp
		Flags  -> MurderOfSongbirds.esp_SRD.yaml
		Chance  -> MurderOfSongbirds.esp_SRD.yaml
	800|Ambient Warfare.esp
		Flags  -> Ambient Warfare.esp_SRD.yaml
		Chance  -> Ambient Warfare.esp_SRD.yaml
	83A|Regional Sounds Expansion.esp
		Flags  -> Regional Sounds Expansion.esp_SRD.yaml
		Chance  -> Regional Sounds Expansion.esp_SRD.yaml
	801|MurderOfSongbirds.esp
		Flags  -> MurderOfSongbirds.esp_SRD.yaml
		Chance  -> MurderOfSongbirds.esp_SRD.yaml
	803|Nordic Winds.esp
		Flags  -> Nordic Winds.esp_SRD.yaml
		Chance  -> Nordic Winds.esp_SRD.yaml
	804|MurderOfSongbirds.esp
		Flags  -> MurderOfSongbirds.esp_SRD.yaml
		Chance  -> MurderOfSongbirds.esp_SRD.yaml
	806|Distant Rolling Thunder.esp
		Flags  -> Distant Rolling Thunder.esp_SRD.yaml
		Chance  -> Distant Rolling Thunder.esp_SRD.yaml
	80C|MurderOfSongbirds.esp
		Flags  -> MurderOfSongbirds.esp_SRD.yaml
		Chance  -> MurderOfSongbirds.esp_SRD.yaml
	80A|MurderOfSongbirds.esp
		Flags  -> MurderOfSongbirds.esp_SRD.yaml
		Chance  -> MurderOfSongbirds.esp_SRD.yaml
	809|Distant Rolling Thunder.esp
		Flags  -> Distant Rolling Thunder.esp_SRD.yaml
		Chance  -> Distant Rolling Thunder.esp_SRD.yaml
	80D|MurderOfSongbirds.esp
		Flags  -> MurderOfSongbirds.esp_SRD.yaml
		Chance  -> MurderOfSongbirds.esp_SRD.yaml
	D63|Ambient Warfare.esp
		Flags  -> Ambient Warfare.esp_SRD.yaml
		Chance  -> Ambient Warfare.esp_SRD.yaml
	D66|Ambient Warfare.esp
		Flags  -> Ambient Warfare.esp_SRD.yaml
		Chance  -> Ambient Warfare.esp_SRD.yaml
	D64|Ambient Warfare.esp
		Flags  -> Ambient Warfare.esp_SRD.yaml
		Chance  -> Ambient Warfare.esp_SRD.yaml
	D65|Ambient Warfare.esp
		Flags  -> Ambient Warfare.esp_SRD.yaml
		Chance  -> Ambient Warfare.esp_SRD.yaml
	D69|Ambient Warfare.esp
		Flags  -> Ambient Warfare.esp_SRD.yaml
		Chance  -> Ambient Warfare.esp_SRD.yaml
	D67|Ambient Warfare.esp
		Flags  -> Ambient Warfare.esp_SRD.yaml
		Chance  -> Ambient Warfare.esp_SRD.yaml
	D68|Ambient Warfare.esp
		Flags  -> Ambient Warfare.esp_SRD.yaml
		Chance  -> Ambient Warfare.esp_SRD.yaml
	D6A|Ambient Warfare.esp
		Flags  -> Ambient Warfare.esp_SRD.yaml
		Chance  -> Ambient Warfare.esp_SRD.yaml
	D6B|Ambient Warfare.esp
		Flags  -> Ambient Warfare.esp_SRD.yaml
		Chance  -> Ambient Warfare.esp_SRD.yaml
	D6E|Ambient Warfare.esp
		Flags  -> Ambient Warfare.esp_SRD.yaml
		Chance  -> Ambient Warfare.esp_SRD.yaml
	D6C|Ambient Warfare.esp
		Flags  -> Ambient Warfare.esp_SRD.yaml
		Chance  -> Ambient Warfare.esp_SRD.yaml
	D6D|Ambient Warfare.esp
		Flags  -> Ambient Warfare.esp_SRD.yaml
		Chance  -> Ambient Warfare.esp_SRD.yaml
	D6F|Ambient Warfare.esp
		Flags  -> Ambient Warfare.esp_SRD.yaml
		Chance  -> Ambient Warfare.esp_SRD.yaml
	D4044|Regional Sounds Expansion.esp
		Flags  -> Nordic Winds.esp_SRD.yaml
		Chance  -> Nordic Winds.esp_SRD.yaml
	D4045|Regional Sounds Expansion.esp
		Flags  -> Nordic Winds.esp_SRD.yaml
		Chance  -> Nordic Winds.esp_SRD.yaml
	801|Distant Rolling Thunder.esp
		Flags  -> Distant Rolling Thunder.esp_SRD.yaml
		Chance  -> Distant Rolling Thunder.esp_SRD.yaml
	802|Distant Rolling Thunder.esp
		Flags  -> Distant Rolling Thunder.esp_SRD.yaml
		Chance  -> Distant Rolling Thunder.esp_SRD.yaml
	804|Distant Rolling Thunder.esp
		Flags  -> Distant Rolling Thunder.esp_SRD.yaml
		Chance  -> Distant Rolling Thunder.esp_SRD.yaml
	807|Distant Rolling Thunder.esp
		Flags  -> Distant Rolling Thunder.esp_SRD.yaml
		Chance  -> Distant Rolling Thunder.esp_SRD.yaml

E8EC6|Skyrim.esm
	822|Regional Sounds Expansion.esp
		Flags  -> Regional Sounds Expansion.esp_SRD.yaml
		Chance  -> Regional Sounds Expansion.esp_SRD.yaml

10CB81|Dawnguard.esm
	821|Regional Sounds Expansion.esp
		Flags  -> Regional Sounds Expansion.esp_SRD.yaml
		Chance  -> Regional Sounds Expansion.esp_SRD.yaml
	835|Regional Sounds Expansion.esp
		Flags  -> Regional Sounds Expansion.esp_SRD.yaml
		Chance  -> Regional Sounds Expansion.esp_SRD.yaml
	CF2C7|Regional Sounds Expansion.esp
		Flags  -> VolkiharSoundscapeOverhaul.esp_SRD.yaml
		Chance  -> VolkiharSoundscapeOverhaul.esp_SRD.yaml
	3E602|Regional Sounds Expansion.esp
		Flags  -> VolkiharSoundscapeOverhaul.esp_SRD.yaml
		Chance  -> VolkiharSoundscapeOverhaul.esp_SRD.yaml
	CF2CA|Regional Sounds Expansion.esp
		Flags  -> VolkiharSoundscapeOverhaul.esp_SRD.yaml
		Chance  -> VolkiharSoundscapeOverhaul.esp_SRD.yaml
	3F3FC|Regional Sounds Expansion.esp
		Flags  -> VolkiharSoundscapeOverhaul.esp_SRD.yaml
		Chance  -> VolkiharSoundscapeOverhaul.esp_SRD.yaml
	3F405|Regional Sounds Expansion.esp
		Flags  -> VolkiharSoundscapeOverhaul.esp_SRD.yaml
		Chance  -> VolkiharSoundscapeOverhaul.esp_SRD.yaml
	AA809|Regional Sounds Expansion.esp
		Flags  -> VolkiharSoundscapeOverhaul.esp_SRD.yaml
		Chance  -> VolkiharSoundscapeOverhaul.esp_SRD.yaml
	3F3FD|Regional Sounds Expansion.esp
		Flags  -> VolkiharSoundscapeOverhaul.esp_SRD.yaml
		Chance  -> VolkiharSoundscapeOverhaul.esp_SRD.yaml
	AA80A|Regional Sounds Expansion.esp
		Flags  -> VolkiharSoundscapeOverhaul.esp_SRD.yaml
		Chance  -> VolkiharSoundscapeOverhaul.esp_SRD.yaml
	830|VolkiharSoundscapeOverhaul.esp
		Flags  -> VolkiharSoundscapeOverhaul.esp_SRD.yaml
		Chance  -> VolkiharSoundscapeOverhaul.esp_SRD.yaml
	831|VolkiharSoundscapeOverhaul.esp
		Flags  -> VolkiharSoundscapeOverhaul.esp_SRD.yaml
		Chance  -> VolkiharSoundscapeOverhaul.esp_SRD.yaml

C5858|Seasonal Weathers Framework - NAT-ENB III.esp
	3F3FC|Regional Sounds Expansion.esp
		Flags  -> Nordic Winds.esp_SRD.yaml
		Chance  -> Nordic Winds.esp_SRD.yaml
	D6A|Ambient Warfare.esp
		Flags  -> Ambient Warfare.esp_SRD.yaml
		Chance  -> Ambient Warfare.esp_SRD.yaml
	3F405|Regional Sounds Expansion.esp
		Flags  -> Regional Sounds Expansion.esp_SRD.yaml -> Nordic Winds.esp_SRD.yaml
		Chance  -> Regional Sounds Expansion.esp_SRD.yaml -> Nordic Winds.esp_SRD.yaml
	D6B|Ambient Warfare.esp
		Flags  -> Ambient Warfare.esp_SRD.yaml
		Chance  -> Ambient Warfare.esp_SRD.yaml
	3F3FD|Regional Sounds Expansion.esp
		Flags  -> Regional Sounds Expansion.esp_SRD.yaml -> Nordic Winds.esp_SRD.yaml
		Chance  -> Regional Sounds Expansion.esp_SRD.yaml -> Nordic Winds.esp_SRD.yaml
	3F40D|Regional Sounds Expansion.esp
		Flags  -> Regional Sounds Expansion.esp_SRD.yaml
		Chance  -> Regional Sounds Expansion.esp_SRD.yaml
	D65|Ambient Warfare.esp
		Flags  -> Ambient Warfare.esp_SRD.yaml
		Chance  -> Ambient Warfare.esp_SRD.yaml
	3F410|Regional Sounds Expansion.esp
		Flags  -> Regional Sounds Expansion.esp_SRD.yaml
		Chance  -> Regional Sounds Expansion.esp_SRD.yaml
	3F414|Regional Sounds Expansion.esp
		Flags  -> Regional Sounds Expansion.esp_SRD.yaml
		Chance  -> Regional Sounds Expansion.esp_SRD.yaml
	D66|Ambient Warfare.esp
		Flags  -> Ambient Warfare.esp_SRD.yaml
		Chance  -> Ambient Warfare.esp_SRD.yaml
	D64|Ambient Warfare.esp
		Flags  -> Ambient Warfare.esp_SRD.yaml
		Chance  -> Ambient Warfare.esp_SRD.yaml
	829|Regional Sounds Expansion.esp
		Flags  -> Regional Sounds Expansion.esp_SRD.yaml
		Chance  -> Regional Sounds Expansion.esp_SRD.yaml
	3F412|Regional Sounds Expansion.esp
		Flags  -> Regional Sounds Expansion.esp_SRD.yaml
		Chance  -> Regional Sounds Expansion.esp_SRD.yaml
	3F416|Regional Sounds Expansion.esp
		Flags  -> Regional Sounds Expansion.esp_SRD.yaml
		Chance  -> Regional Sounds Expansion.esp_SRD.yaml
	808|Regional Sounds Expansion.esp
		Flags  -> Regional Sounds Expansion.esp_SRD.yaml
		Chance  -> Regional Sounds Expansion.esp_SRD.yaml
	81D|Regional Sounds Expansion.esp
		Flags  -> Regional Sounds Expansion.esp_SRD.yaml
		Chance  -> Regional Sounds Expansion.esp_SRD.yaml
	81E|Regional Sounds Expansion.esp
		Flags  -> Regional Sounds Expansion.esp_SRD.yaml
		Chance  -> Regional Sounds Expansion.esp_SRD.yaml
	D6E|Ambient Warfare.esp
		Flags  -> Ambient Warfare.esp_SRD.yaml
		Chance  -> Ambient Warfare.esp_SRD.yaml
	D6C|Ambient Warfare.esp
		Flags  -> Ambient Warfare.esp_SRD.yaml
		Chance  -> Ambient Warfare.esp_SRD.yaml
	865|Regional Sounds Expansion.esp
		Flags  -> Regional Sounds Expansion.esp_SRD.yaml
		Chance  -> Regional Sounds Expansion.esp_SRD.yaml
	D6D|Ambient Warfare.esp
		Flags  -> Ambient Warfare.esp_SRD.yaml
		Chance  -> Ambient Warfare.esp_SRD.yaml
	866|Regional Sounds Expansion.esp
		Flags  -> Regional Sounds Expansion.esp_SRD.yaml
		Chance  -> Regional Sounds Expansion.esp_SRD.yaml
	810|Distant Rolling Thunder.esp
		Flags  -> Distant Rolling Thunder.esp_SRD.yaml
		Chance  -> Distant Rolling Thunder.esp_SRD.yaml
	808|Distant Rolling Thunder.esp
		Flags  -> Distant Rolling Thunder.esp_SRD.yaml
		Chance  -> Distant Rolling Thunder.esp_SRD.yaml
	817|Regional Sounds Expansion.esp
		Flags  -> Regional Sounds Expansion.esp_SRD.yaml
		Chance  -> Regional Sounds Expansion.esp_SRD.yaml
	833|Regional Sounds Expansion.esp
		Flags  -> Regional Sounds Expansion.esp_SRD.yaml
		Chance  -> Regional Sounds Expansion.esp_SRD.yaml
	828|Regional Sounds Expansion.esp
		Flags  -> Regional Sounds Expansion.esp_SRD.yaml
		Chance  -> Regional Sounds Expansion.esp_SRD.yaml
	801|MurderOfSongbirds.esp
		Flags  -> MurderOfSongbirds.esp_SRD.yaml
		Chance  -> MurderOfSongbirds.esp_SRD.yaml
	804|MurderOfSongbirds.esp
		Flags  -> MurderOfSongbirds.esp_SRD.yaml
		Chance  -> MurderOfSongbirds.esp_SRD.yaml
	805|Distant Rolling Thunder.esp
		Flags  -> Distant Rolling Thunder.esp_SRD.yaml
		Chance  -> Distant Rolling Thunder.esp_SRD.yaml
	803|Distant Rolling Thunder.esp
		Flags  -> Distant Rolling Thunder.esp_SRD.yaml
		Chance  -> Distant Rolling Thunder.esp_SRD.yaml
	809|MurderOfSongbirds.esp
		Flags  -> MurderOfSongbirds.esp_SRD.yaml
		Chance  -> MurderOfSongbirds.esp_SRD.yaml
	806|Distant Rolling Thunder.esp
		Flags  -> Distant Rolling Thunder.esp_SRD.yaml
		Chance  -> Distant Rolling Thunder.esp_SRD.yaml
	80C|MurderOfSongbirds.esp
		Flags  -> MurderOfSongbirds.esp_SRD.yaml
		Chance  -> MurderOfSongbirds.esp_SRD.yaml
	80A|MurderOfSongbirds.esp
		Flags  -> MurderOfSongbirds.esp_SRD.yaml
		Chance  -> MurderOfSongbirds.esp_SRD.yaml
	807|Distant Rolling Thunder.esp
		Flags  -> Distant Rolling Thunder.esp_SRD.yaml
		Chance  -> Distant Rolling Thunder.esp_SRD.yaml
	80B|MurderOfSongbirds.esp
		Flags  -> MurderOfSongbirds.esp_SRD.yaml
		Chance  -> MurderOfSongbirds.esp_SRD.yaml
	809|Distant Rolling Thunder.esp
		Flags  -> Distant Rolling Thunder.esp_SRD.yaml
		Chance  -> Distant Rolling Thunder.esp_SRD.yaml
	80D|MurderOfSongbirds.esp
		Flags  -> MurderOfSongbirds.esp_SRD.yaml
		Chance  -> MurderOfSongbirds.esp_SRD.yaml
	800|Ambient Warfare.esp
		Flags  -> Ambient Warfare.esp_SRD.yaml
		Chance  -> Ambient Warfare.esp_SRD.yaml
	D63|Ambient Warfare.esp
		Flags  -> Ambient Warfare.esp_SRD.yaml
		Chance  -> Ambient Warfare.esp_SRD.yaml
	D69|Ambient Warfare.esp
		Flags  -> Ambient Warfare.esp_SRD.yaml
		Chance  -> Ambient Warfare.esp_SRD.yaml
	D67|Ambient Warfare.esp
		Flags  -> Ambient Warfare.esp_SRD.yaml
		Chance  -> Ambient Warfare.esp_SRD.yaml
	D68|Ambient Warfare.esp
		Flags  -> Ambient Warfare.esp_SRD.yaml
		Chance  -> Ambient Warfare.esp_SRD.yaml
	D6F|Ambient Warfare.esp
		Flags  -> Ambient Warfare.esp_SRD.yaml
		Chance  -> Ambient Warfare.esp_SRD.yaml
	802|Nordic Winds.esp
		Flags  -> Nordic Winds.esp_SRD.yaml
		Chance  -> Nordic Winds.esp_SRD.yaml
	801|Distant Rolling Thunder.esp
		Flags  -> Distant Rolling Thunder.esp_SRD.yaml
		Chance  -> Distant Rolling Thunder.esp_SRD.yaml
	802|Distant Rolling Thunder.esp
		Flags  -> Distant Rolling Thunder.esp_SRD.yaml
		Chance  -> Distant Rolling Thunder.esp_SRD.yaml
	804|Distant Rolling Thunder.esp
		Flags  -> Distant Rolling Thunder.esp_SRD.yaml
		Chance  -> Distant Rolling Thunder.esp_SRD.yaml

1046CA|Seasonal Weathers Framework - NAT-ENB III.esp
	821|Regional Sounds Expansion.esp
		Flags  -> Regional Sounds Expansion.esp_SRD.yaml
		Chance  -> Regional Sounds Expansion.esp_SRD.yaml
	835|Regional Sounds Expansion.esp
		Flags  -> Regional Sounds Expansion.esp_SRD.yaml
		Chance  -> Regional Sounds Expansion.esp_SRD.yaml
	3E602|Regional Sounds Expansion.esp
		Flags  -> Nordic Winds.esp_SRD.yaml
		Chance  -> Nordic Winds.esp_SRD.yaml
	D64|Ambient Warfare.esp
		Flags  -> Ambient Warfare.esp_SRD.yaml
		Chance  -> Ambient Warfare.esp_SRD.yaml
	D66|Ambient Warfare.esp
		Flags  -> Ambient Warfare.esp_SRD.yaml
		Chance  -> Ambient Warfare.esp_SRD.yaml
	D65|Ambient Warfare.esp
		Flags  -> Ambient Warfare.esp_SRD.yaml
		Chance  -> Ambient Warfare.esp_SRD.yaml
	80B|MurderOfSongbirds.esp
		Flags  -> MurderOfSongbirds.esp_SRD.yaml
		Chance  -> MurderOfSongbirds.esp_SRD.yaml
	D63|Ambient Warfare.esp
		Flags  -> Ambient Warfare.esp_SRD.yaml
		Chance  -> Ambient Warfare.esp_SRD.yaml
	800|Ambient Warfare.esp
		Flags  -> Ambient Warfare.esp_SRD.yaml
		Chance  -> Ambient Warfare.esp_SRD.yaml
	D69|Ambient Warfare.esp
		Flags  -> Ambient Warfare.esp_SRD.yaml
		Chance  -> Ambient Warfare.esp_SRD.yaml
	D67|Ambient Warfare.esp
		Flags  -> Ambient Warfare.esp_SRD.yaml
		Chance  -> Ambient Warfare.esp_SRD.yaml
	D68|Ambient Warfare.esp
		Flags  -> Ambient Warfare.esp_SRD.yaml
		Chance  -> Ambient Warfare.esp_SRD.yaml
	D6A|Ambient Warfare.esp
		Flags  -> Ambient Warfare.esp_SRD.yaml
		Chance  -> Ambient Warfare.esp_SRD.yaml
	D6B|Ambient Warfare.esp
		Flags  -> Ambient Warfare.esp_SRD.yaml
		Chance  -> Ambient Warfare.esp_SRD.yaml
	D6E|Ambient Warfare.esp
		Flags  -> Ambient Warfare.esp_SRD.yaml
		Chance  -> Ambient Warfare.esp_SRD.yaml
	D6C|Ambient Warfare.esp
		Flags  -> Ambient Warfare.esp_SRD.yaml
		Chance  -> Ambient Warfare.esp_SRD.yaml
	D6D|Ambient Warfare.esp
		Flags  -> Ambient Warfare.esp_SRD.yaml
		Chance  -> Ambient Warfare.esp_SRD.yaml
	D6F|Ambient Warfare.esp
		Flags  -> Ambient Warfare.esp_SRD.yaml
		Chance  -> Ambient Warfare.esp_SRD.yaml
	CF2C7|Regional Sounds Expansion.esp
		Flags  -> Nordic Winds.esp_SRD.yaml
		Chance  -> Nordic Winds.esp_SRD.yaml
	CF2CA|Regional Sounds Expansion.esp
		Flags  -> Nordic Winds.esp_SRD.yaml
		Chance  -> Nordic Winds.esp_SRD.yaml
	80E|Nordic Winds.esp
		Flags  -> Nordic Winds.esp_SRD.yaml
		Chance  -> Nordic Winds.esp_SRD.yaml

7013|Dawnguard.esm
	802|Revenant Spirits of the Soul Cairn.esp
		Flags  -> Revenant Spirits of the Soul Cairn.esp_SRD.yaml
		Chance  -> Revenant Spirits of the Soul Cairn.esp_SRD.yaml
	801|Revenant Spirits of the Soul Cairn.esp
		Flags  -> Revenant Spirits of the Soul Cairn.esp_SRD.yaml
		Chance  -> Revenant Spirits of the Soul Cairn.esp_SRD.yaml
	803|Revenant Spirits of the Soul Cairn.esp
		Flags  -> Revenant Spirits of the Soul Cairn.esp_SRD.yaml
		Chance  -> Revenant Spirits of the Soul Cairn.esp_SRD.yaml
	E7522|NAT - AoS Patch.esp
		Flags  -> Revenant Spirits of the Soul Cairn.esp_SRD.yaml
		Chance  -> Revenant Spirits of the Soul Cairn.esp_SRD.yaml
	10F1F1|NAT - AoS Patch.esp
		Flags  -> Revenant Spirits of the Soul Cairn.esp_SRD.yaml
		Chance  -> Revenant Spirits of the Soul Cairn.esp_SRD.yaml

1046CB|Seasonal Weathers Framework - NAT-ENB III.esp
	801|Nordic Winds.esp
		Flags  -> Nordic Winds.esp_SRD.yaml
		Chance  -> Nordic Winds.esp_SRD.yaml
	821|Regional Sounds Expansion.esp
		Flags  -> Regional Sounds Expansion.esp_SRD.yaml
		Chance  -> Regional Sounds Expansion.esp_SRD.yaml
	804|MurderOfSongbirds.esp
		Flags  -> MurderOfSongbirds.esp_SRD.yaml
		Chance  -> MurderOfSongbirds.esp_SRD.yaml
	835|Regional Sounds Expansion.esp
		Flags  -> Regional Sounds Expansion.esp_SRD.yaml
		Chance  -> Regional Sounds Expansion.esp_SRD.yaml
	801|MurderOfSongbirds.esp
		Flags  -> MurderOfSongbirds.esp_SRD.yaml
		Chance  -> MurderOfSongbirds.esp_SRD.yaml
	809|MurderOfSongbirds.esp
		Flags  -> MurderOfSongbirds.esp_SRD.yaml
		Chance  -> MurderOfSongbirds.esp_SRD.yaml
	808|MurderOfSongbirds.esp
		Flags  -> MurderOfSongbirds.esp_SRD.yaml
		Chance  -> MurderOfSongbirds.esp_SRD.yaml
	80B|MurderOfSongbirds.esp
		Flags  -> MurderOfSongbirds.esp_SRD.yaml
		Chance  -> MurderOfSongbirds.esp_SRD.yaml
	80A|MurderOfSongbirds.esp
		Flags  -> MurderOfSongbirds.esp_SRD.yaml
		Chance  -> MurderOfSongbirds.esp_SRD.yaml
	800|Ambient Warfare.esp
		Flags  -> Ambient Warfare.esp_SRD.yaml
		Chance  -> Ambient Warfare.esp_SRD.yaml
	D63|Ambient Warfare.esp
		Flags  -> Ambient Warfare.esp_SRD.yaml
		Chance  -> Ambient Warfare.esp_SRD.yaml
	3E602|Regional Sounds Expansion.esp
		Flags  -> Nordic Winds.esp_SRD.yaml
		Chance  -> Nordic Winds.esp_SRD.yaml
	D66|Ambient Warfare.esp
		Flags  -> Ambient Warfare.esp_SRD.yaml
		Chance  -> Ambient Warfare.esp_SRD.yaml
	D64|Ambient Warfare.esp
		Flags  -> Ambient Warfare.esp_SRD.yaml
		Chance  -> Ambient Warfare.esp_SRD.yaml
	D65|Ambient Warfare.esp
		Flags  -> Ambient Warfare.esp_SRD.yaml
		Chance  -> Ambient Warfare.esp_SRD.yaml
	D69|Ambient Warfare.esp
		Flags  -> Ambient Warfare.esp_SRD.yaml
		Chance  -> Ambient Warfare.esp_SRD.yaml
	D67|Ambient Warfare.esp
		Flags  -> Ambient Warfare.esp_SRD.yaml
		Chance  -> Ambient Warfare.esp_SRD.yaml
	D68|Ambient Warfare.esp
		Flags  -> Ambient Warfare.esp_SRD.yaml
		Chance  -> Ambient Warfare.esp_SRD.yaml
	D6A|Ambient Warfare.esp
		Flags  -> Ambient Warfare.esp_SRD.yaml
		Chance  -> Ambient Warfare.esp_SRD.yaml
	D6B|Ambient Warfare.esp
		Flags  -> Ambient Warfare.esp_SRD.yaml
		Chance  -> Ambient Warfare.esp_SRD.yaml
	D6E|Ambient Warfare.esp
		Flags  -> Ambient Warfare.esp_SRD.yaml
		Chance  -> Ambient Warfare.esp_SRD.yaml
	D6C|Ambient Warfare.esp
		Flags  -> Ambient Warfare.esp_SRD.yaml
		Chance  -> Ambient Warfare.esp_SRD.yaml
	D6D|Ambient Warfare.esp
		Flags  -> Ambient Warfare.esp_SRD.yaml
		Chance  -> Ambient Warfare.esp_SRD.yaml
	D6F|Ambient Warfare.esp
		Flags  -> Ambient Warfare.esp_SRD.yaml
		Chance  -> Ambient Warfare.esp_SRD.yaml
	CF2C7|Regional Sounds Expansion.esp
		Flags  -> Nordic Winds.esp_SRD.yaml
		Chance  -> Nordic Winds.esp_SRD.yaml
	CF2CA|Regional Sounds Expansion.esp
		Flags  -> Nordic Winds.esp_SRD.yaml
		Chance  -> Nordic Winds.esp_SRD.yaml

2A201|Seasonal Weathers Framework - NAT-ENB III.esp
	80B|Solstheim Exterior Soundscapes.esp
		Flags  -> Solstheim Exterior Soundscapes.esp_SRD.yaml
		Chance  -> Solstheim Exterior Soundscapes.esp_SRD.yaml
	809|Solstheim Exterior Soundscapes.esp
		Flags  -> Solstheim Exterior Soundscapes.esp_SRD.yaml
		Chance  -> Solstheim Exterior Soundscapes.esp_SRD.yaml
	808|Solstheim Exterior Soundscapes.esp
		Flags  -> Solstheim Exterior Soundscapes.esp_SRD.yaml
		Chance  -> Solstheim Exterior Soundscapes.esp_SRD.yaml
	1E0C3|Immersive Sounds - Compendium.esp
		Flags  -> Solstheim Exterior Soundscapes.esp_SRD.yaml
		Chance  -> Solstheim Exterior Soundscapes.esp_SRD.yaml
	805|Solstheim Exterior Soundscapes.esp
		Flags  -> Solstheim Exterior Soundscapes.esp_SRD.yaml
		Chance  -> Solstheim Exterior Soundscapes.esp_SRD.yaml
	804|Solstheim Exterior Soundscapes.esp
		Flags  -> Solstheim Exterior Soundscapes.esp_SRD.yaml
		Chance  -> Solstheim Exterior Soundscapes.esp_SRD.yaml
	803|Solstheim Exterior Soundscapes.esp
		Flags  -> Solstheim Exterior Soundscapes.esp_SRD.yaml
		Chance  -> Solstheim Exterior Soundscapes.esp_SRD.yaml

105F3F|Skyrim.esm
	821|Regional Sounds Expansion.esp
		Flags  -> Regional Sounds Expansion.esp_SRD.yaml
		Chance  -> Regional Sounds Expansion.esp_SRD.yaml
	835|Regional Sounds Expansion.esp
		Flags  -> Regional Sounds Expansion.esp_SRD.yaml
		Chance  -> Regional Sounds Expansion.esp_SRD.yaml

E934B|Skyrim.esm
	847|Regional Sounds Expansion.esp
		Flags  -> Regional Sounds Expansion.esp_SRD.yaml
		Chance  -> Regional Sounds Expansion.esp_SRD.yaml
	848|Regional Sounds Expansion.esp
		Flags  -> Regional Sounds Expansion.esp_SRD.yaml
		Chance  -> Regional Sounds Expansion.esp_SRD.yaml
	E9DDE|Regional Sounds Expansion.esp
		Flags  -> Regional Sounds Expansion.esp_SRD.yaml
		Chance  -> Regional Sounds Expansion.esp_SRD.yaml
	E934A|Regional Sounds Expansion.esp
		Flags  -> Regional Sounds Expansion.esp_SRD.yaml
		Chance  -> Regional Sounds Expansion.esp_SRD.yaml

106634|Seasonal Weathers Framework - NAT-ENB III.esp
	821|Regional Sounds Expansion.esp
		Flags  -> Regional Sounds Expansion.esp_SRD.yaml
		Chance  -> Regional Sounds Expansion.esp_SRD.yaml
	801|Nordic Winds.esp
		Flags  -> Nordic Winds.esp_SRD.yaml
		Chance  -> Nordic Winds.esp_SRD.yaml
	835|Regional Sounds Expansion.esp
		Flags  -> Regional Sounds Expansion.esp_SRD.yaml
		Chance  -> Regional Sounds Expansion.esp_SRD.yaml
	CF2C7|Regional Sounds Expansion.esp
		Flags  -> Nordic Winds.esp_SRD.yaml
		Chance  -> Nordic Winds.esp_SRD.yaml
	3E602|Regional Sounds Expansion.esp
		Flags  -> Nordic Winds.esp_SRD.yaml
		Chance  -> Nordic Winds.esp_SRD.yaml
	802|Distant Rolling Thunder.esp
		Flags  -> Distant Rolling Thunder.esp_SRD.yaml
		Chance  -> Distant Rolling Thunder.esp_SRD.yaml
	801|Distant Rolling Thunder.esp
		Flags  -> Distant Rolling Thunder.esp_SRD.yaml
		Chance  -> Distant Rolling Thunder.esp_SRD.yaml
	CF2CA|Regional Sounds Expansion.esp
		Flags  -> Nordic Winds.esp_SRD.yaml
		Chance  -> Nordic Winds.esp_SRD.yaml
	805|Distant Rolling Thunder.esp
		Flags  -> Distant Rolling Thunder.esp_SRD.yaml
		Chance  -> Distant Rolling Thunder.esp_SRD.yaml
	803|Distant Rolling Thunder.esp
		Flags  -> Distant Rolling Thunder.esp_SRD.yaml
		Chance  -> Distant Rolling Thunder.esp_SRD.yaml
	804|Distant Rolling Thunder.esp
		Flags  -> Distant Rolling Thunder.esp_SRD.yaml
		Chance  -> Distant Rolling Thunder.esp_SRD.yaml
	806|Distant Rolling Thunder.esp
		Flags  -> Distant Rolling Thunder.esp_SRD.yaml
		Chance  -> Distant Rolling Thunder.esp_SRD.yaml
	807|Distant Rolling Thunder.esp
		Flags  -> Distant Rolling Thunder.esp_SRD.yaml
		Chance  -> Distant Rolling Thunder.esp_SRD.yaml
	810|Distant Rolling Thunder.esp
		Flags  -> Distant Rolling Thunder.esp_SRD.yaml
		Chance  -> Distant Rolling Thunder.esp_SRD.yaml
	808|Distant Rolling Thunder.esp
		Flags  -> Distant Rolling Thunder.esp_SRD.yaml
		Chance  -> Distant Rolling Thunder.esp_SRD.yaml
	809|Distant Rolling Thunder.esp
		Flags  -> Distant Rolling Thunder.esp_SRD.yaml
		Chance  -> Distant Rolling Thunder.esp_SRD.yaml

106631|Seasonal Weathers Framework - NAT-ENB III.esp
	803|Nordic Winds.esp
		Flags  -> Nordic Winds.esp_SRD.yaml
		Chance  -> Nordic Winds.esp_SRD.yaml
	821|Regional Sounds Expansion.esp
		Flags  -> Regional Sounds Expansion.esp_SRD.yaml
		Chance  -> Regional Sounds Expansion.esp_SRD.yaml
	804|MurderOfSongbirds.esp
		Flags  -> MurderOfSongbirds.esp_SRD.yaml
		Chance  -> MurderOfSongbirds.esp_SRD.yaml
	822|Regional Sounds Expansion.esp
		Flags  -> Regional Sounds Expansion.esp_SRD.yaml
		Chance  -> Regional Sounds Expansion.esp_SRD.yaml
	836|Regional Sounds Expansion.esp
		Flags  -> Regional Sounds Expansion.esp_SRD.yaml
		Chance  -> Regional Sounds Expansion.esp_SRD.yaml
	805|Distant Rolling Thunder.esp
		Flags  -> Distant Rolling Thunder.esp_SRD.yaml
		Chance  -> Distant Rolling Thunder.esp_SRD.yaml
	803|Distant Rolling Thunder.esp
		Flags  -> Distant Rolling Thunder.esp_SRD.yaml
		Chance  -> Distant Rolling Thunder.esp_SRD.yaml
	809|MurderOfSongbirds.esp
		Flags  -> MurderOfSongbirds.esp_SRD.yaml
		Chance  -> MurderOfSongbirds.esp_SRD.yaml
	83A|Regional Sounds Expansion.esp
		Flags  -> Regional Sounds Expansion.esp_SRD.yaml
		Chance  -> Regional Sounds Expansion.esp_SRD.yaml
	801|MurderOfSongbirds.esp
		Flags  -> MurderOfSongbirds.esp_SRD.yaml
		Chance  -> MurderOfSongbirds.esp_SRD.yaml
	806|Distant Rolling Thunder.esp
		Flags  -> Distant Rolling Thunder.esp_SRD.yaml
		Chance  -> Distant Rolling Thunder.esp_SRD.yaml
	80C|MurderOfSongbirds.esp
		Flags  -> MurderOfSongbirds.esp_SRD.yaml
		Chance  -> MurderOfSongbirds.esp_SRD.yaml
	80A|MurderOfSongbirds.esp
		Flags  -> MurderOfSongbirds.esp_SRD.yaml
		Chance  -> MurderOfSongbirds.esp_SRD.yaml
	809|Distant Rolling Thunder.esp
		Flags  -> Distant Rolling Thunder.esp_SRD.yaml
		Chance  -> Distant Rolling Thunder.esp_SRD.yaml
	80D|MurderOfSongbirds.esp
		Flags  -> MurderOfSongbirds.esp_SRD.yaml
		Chance  -> MurderOfSongbirds.esp_SRD.yaml
	D4044|Regional Sounds Expansion.esp
		Flags  -> Nordic Winds.esp_SRD.yaml
		Chance  -> Nordic Winds.esp_SRD.yaml
	D4045|Regional Sounds Expansion.esp
		Flags  -> Nordic Winds.esp_SRD.yaml
		Chance  -> Nordic Winds.esp_SRD.yaml
	810|Distant Rolling Thunder.esp
		Flags  -> Distant Rolling Thunder.esp_SRD.yaml
		Chance  -> Distant Rolling Thunder.esp_SRD.yaml
	808|Distant Rolling Thunder.esp
		Flags  -> Distant Rolling Thunder.esp_SRD.yaml
		Chance  -> Distant Rolling Thunder.esp_SRD.yaml
	D4046|Regional Sounds Expansion.esp
		Flags  -> Nordic Winds.esp_SRD.yaml
		Chance  -> Nordic Winds.esp_SRD.yaml
	801|Distant Rolling Thunder.esp
		Flags  -> Distant Rolling Thunder.esp_SRD.yaml
		Chance  -> Distant Rolling Thunder.esp_SRD.yaml
	802|Distant Rolling Thunder.esp
		Flags  -> Distant Rolling Thunder.esp_SRD.yaml
		Chance  -> Distant Rolling Thunder.esp_SRD.yaml
	804|Distant Rolling Thunder.esp
		Flags  -> Distant Rolling Thunder.esp_SRD.yaml
		Chance  -> Distant Rolling Thunder.esp_SRD.yaml
	807|Distant Rolling Thunder.esp
		Flags  -> Distant Rolling Thunder.esp_SRD.yaml
		Chance  -> Distant Rolling Thunder.esp_SRD.yaml

C5854|Seasonal Weathers Framework - NAT-ENB III.esp
	509EA|Regional Sounds Expansion.esp
		Flags  -> Regional Sounds Expansion.esp_SRD.yaml
		Chance  -> Regional Sounds Expansion.esp_SRD.yaml
	509E9|Regional Sounds Expansion.esp
		Flags  -> Regional Sounds Expansion.esp_SRD.yaml
		Chance  -> Regional Sounds Expansion.esp_SRD.yaml
	509EC|Regional Sounds Expansion.esp
		Flags  -> Regional Sounds Expansion.esp_SRD.yaml
		Chance  -> Regional Sounds Expansion.esp_SRD.yaml
	509EB|Regional Sounds Expansion.esp
		Flags  -> Regional Sounds Expansion.esp_SRD.yaml
		Chance  -> Regional Sounds Expansion.esp_SRD.yaml
	509ED|Regional Sounds Expansion.esp
		Flags  -> Regional Sounds Expansion.esp_SRD.yaml
		Chance  -> Regional Sounds Expansion.esp_SRD.yaml
	509EF|Regional Sounds Expansion.esp
		Flags  -> Regional Sounds Expansion.esp_SRD.yaml
		Chance  -> Regional Sounds Expansion.esp_SRD.yaml
	509EE|Regional Sounds Expansion.esp
		Flags  -> Regional Sounds Expansion.esp_SRD.yaml
		Chance  -> Regional Sounds Expansion.esp_SRD.yaml
	D65|Ambient Warfare.esp
		Flags  -> Ambient Warfare.esp_SRD.yaml
		Chance  -> Ambient Warfare.esp_SRD.yaml
	8FC17|Regional Sounds Expansion.esp
		Flags  -> Regional Sounds Expansion.esp_SRD.yaml
		Chance  -> Regional Sounds Expansion.esp_SRD.yaml
	D6B|Ambient Warfare.esp
		Flags  -> Ambient Warfare.esp_SRD.yaml
		Chance  -> Ambient Warfare.esp_SRD.yaml
	AA809|Regional Sounds Expansion.esp
		Flags  -> Regional Sounds Expansion.esp_SRD.yaml -> Nordic Winds.esp_SRD.yaml
		Chance  -> Regional Sounds Expansion.esp_SRD.yaml -> Nordic Winds.esp_SRD.yaml
	D6E|Ambient Warfare.esp
		Flags  -> Ambient Warfare.esp_SRD.yaml
		Chance  -> Ambient Warfare.esp_SRD.yaml
	D6C|Ambient Warfare.esp
		Flags  -> Ambient Warfare.esp_SRD.yaml
		Chance  -> Ambient Warfare.esp_SRD.yaml
	AA80A|Regional Sounds Expansion.esp
		Flags  -> Regional Sounds Expansion.esp_SRD.yaml -> Nordic Winds.esp_SRD.yaml
		Chance  -> Regional Sounds Expansion.esp_SRD.yaml -> Nordic Winds.esp_SRD.yaml
	D2066|Regional Sounds Expansion.esp
		Flags  -> Regional Sounds Expansion.esp_SRD.yaml -> Nordic Winds.esp_SRD.yaml
		Chance  -> Regional Sounds Expansion.esp_SRD.yaml -> Nordic Winds.esp_SRD.yaml
	D2067|Regional Sounds Expansion.esp
		Flags  -> Regional Sounds Expansion.esp_SRD.yaml -> Nordic Winds.esp_SRD.yaml
		Chance  -> Regional Sounds Expansion.esp_SRD.yaml -> Nordic Winds.esp_SRD.yaml
	D4044|Regional Sounds Expansion.esp
		Flags  -> Regional Sounds Expansion.esp_SRD.yaml -> Nordic Winds.esp_SRD.yaml
		Chance  -> Regional Sounds Expansion.esp_SRD.yaml -> Nordic Winds.esp_SRD.yaml
	D4045|Regional Sounds Expansion.esp
		Flags  -> Regional Sounds Expansion.esp_SRD.yaml
		Chance  -> Regional Sounds Expansion.esp_SRD.yaml
	810|Distant Rolling Thunder.esp
		Flags  -> Distant Rolling Thunder.esp_SRD.yaml
		Chance  -> Distant Rolling Thunder.esp_SRD.yaml
	808|Distant Rolling Thunder.esp
		Flags  -> Distant Rolling Thunder.esp_SRD.yaml
		Chance  -> Distant Rolling Thunder.esp_SRD.yaml
	817|Regional Sounds Expansion.esp
		Flags  -> Regional Sounds Expansion.esp_SRD.yaml
		Chance  -> Regional Sounds Expansion.esp_SRD.yaml
	D4046|Regional Sounds Expansion.esp
		Flags  -> Regional Sounds Expansion.esp_SRD.yaml
		Chance  -> Regional Sounds Expansion.esp_SRD.yaml
	83B|Regional Sounds Expansion.esp
		Flags  -> Regional Sounds Expansion.esp_SRD.yaml
		Chance  -> Regional Sounds Expansion.esp_SRD.yaml
	833|Regional Sounds Expansion.esp
		Flags  -> Regional Sounds Expansion.esp_SRD.yaml
		Chance  -> Regional Sounds Expansion.esp_SRD.yaml
	804|MurderOfSongbirds.esp
		Flags  -> MurderOfSongbirds.esp_SRD.yaml
		Chance  -> MurderOfSongbirds.esp_SRD.yaml
	805|Distant Rolling Thunder.esp
		Flags  -> Distant Rolling Thunder.esp_SRD.yaml
		Chance  -> Distant Rolling Thunder.esp_SRD.yaml
	803|Distant Rolling Thunder.esp
		Flags  -> Distant Rolling Thunder.esp_SRD.yaml
		Chance  -> Distant Rolling Thunder.esp_SRD.yaml
	809|MurderOfSongbirds.esp
		Flags  -> MurderOfSongbirds.esp_SRD.yaml
		Chance  -> MurderOfSongbirds.esp_SRD.yaml
	806|Distant Rolling Thunder.esp
		Flags  -> Distant Rolling Thunder.esp_SRD.yaml
		Chance  -> Distant Rolling Thunder.esp_SRD.yaml
	80C|MurderOfSongbirds.esp
		Flags  -> MurderOfSongbirds.esp_SRD.yaml
		Chance  -> MurderOfSongbirds.esp_SRD.yaml
	80A|MurderOfSongbirds.esp
		Flags  -> MurderOfSongbirds.esp_SRD.yaml
		Chance  -> MurderOfSongbirds.esp_SRD.yaml
	807|Distant Rolling Thunder.esp
		Flags  -> Distant Rolling Thunder.esp_SRD.yaml
		Chance  -> Distant Rolling Thunder.esp_SRD.yaml
	80B|MurderOfSongbirds.esp
		Flags  -> MurderOfSongbirds.esp_SRD.yaml
		Chance  -> MurderOfSongbirds.esp_SRD.yaml
	800|Ambient Warfare.esp
		Flags  -> Ambient Warfare.esp_SRD.yaml
		Chance  -> Ambient Warfare.esp_SRD.yaml
	D63|Ambient Warfare.esp
		Flags  -> Ambient Warfare.esp_SRD.yaml
		Chance  -> Ambient Warfare.esp_SRD.yaml
	D66|Ambient Warfare.esp
		Flags  -> Ambient Warfare.esp_SRD.yaml
		Chance  -> Ambient Warfare.esp_SRD.yaml
	D64|Ambient Warfare.esp
		Flags  -> Ambient Warfare.esp_SRD.yaml
		Chance  -> Ambient Warfare.esp_SRD.yaml
	D69|Ambient Warfare.esp
		Flags  -> Ambient Warfare.esp_SRD.yaml
		Chance  -> Ambient Warfare.esp_SRD.yaml
	D67|Ambient Warfare.esp
		Flags  -> Ambient Warfare.esp_SRD.yaml
		Chance  -> Ambient Warfare.esp_SRD.yaml
	D68|Ambient Warfare.esp
		Flags  -> Ambient Warfare.esp_SRD.yaml
		Chance  -> Ambient Warfare.esp_SRD.yaml
	D6A|Ambient Warfare.esp
		Flags  -> Ambient Warfare.esp_SRD.yaml
		Chance  -> Ambient Warfare.esp_SRD.yaml
	D6D|Ambient Warfare.esp
		Flags  -> Ambient Warfare.esp_SRD.yaml
		Chance  -> Ambient Warfare.esp_SRD.yaml
	D6F|Ambient Warfare.esp
		Flags  -> Ambient Warfare.esp_SRD.yaml
		Chance  -> Ambient Warfare.esp_SRD.yaml
	802|Distant Rolling Thunder.esp
		Flags  -> Distant Rolling Thunder.esp_SRD.yaml
		Chance  -> Distant Rolling Thunder.esp_SRD.yaml
	805|Nordic Winds.esp
		Flags  -> Nordic Winds.esp_SRD.yaml
		Chance  -> Nordic Winds.esp_SRD.yaml
	801|Distant Rolling Thunder.esp
		Flags  -> Distant Rolling Thunder.esp_SRD.yaml
		Chance  -> Distant Rolling Thunder.esp_SRD.yaml
	804|Distant Rolling Thunder.esp
		Flags  -> Distant Rolling Thunder.esp_SRD.yaml
		Chance  -> Distant Rolling Thunder.esp_SRD.yaml
	809|Distant Rolling Thunder.esp
		Flags  -> Distant Rolling Thunder.esp_SRD.yaml
		Chance  -> Distant Rolling Thunder.esp_SRD.yaml

10FDC6|Seasonal Weathers Framework - NAT-ENB III.esp
	801|MurderOfSongbirds.esp
		Flags  -> MurderOfSongbirds.esp_SRD.yaml
		Chance  -> MurderOfSongbirds.esp_SRD.yaml
	3E602|Regional Sounds Expansion.esp
		Flags  -> Nordic Winds.esp_SRD.yaml
		Chance  -> Nordic Winds.esp_SRD.yaml
	80B|MurderOfSongbirds.esp
		Flags  -> MurderOfSongbirds.esp_SRD.yaml
		Chance  -> MurderOfSongbirds.esp_SRD.yaml
	CF2C7|Regional Sounds Expansion.esp
		Flags  -> Nordic Winds.esp_SRD.yaml
		Chance  -> Nordic Winds.esp_SRD.yaml
	802|Sounds of Towns and Cities.esp
		Flags  -> Sounds of Towns and Cities.esp_SRD.yaml
		Chance  -> Sounds of Towns and Cities.esp_SRD.yaml
	801|Sounds of Towns and Cities.esp
		Flags  -> Sounds of Towns and Cities.esp_SRD.yaml
		Chance  -> Sounds of Towns and Cities.esp_SRD.yaml
	CF2CA|Regional Sounds Expansion.esp
		Flags  -> Nordic Winds.esp_SRD.yaml
		Chance  -> Nordic Winds.esp_SRD.yaml
	80E|Nordic Winds.esp
		Flags  -> Nordic Winds.esp_SRD.yaml
		Chance  -> Nordic Winds.esp_SRD.yaml
	804|Sounds of Towns and Cities.esp
		Flags  -> Sounds of Towns and Cities.esp_SRD.yaml
		Chance  -> Sounds of Towns and Cities.esp_SRD.yaml
	805|Sounds of Towns and Cities.esp
		Flags  -> Sounds of Towns and Cities.esp_SRD.yaml
		Chance  -> Sounds of Towns and Cities.esp_SRD.yaml
	806|Sounds of Towns and Cities.esp
		Flags  -> Sounds of Towns and Cities.esp_SRD.yaml
		Chance  -> Sounds of Towns and Cities.esp_SRD.yaml
	807|Sounds of Towns and Cities.esp
		Flags  -> Sounds of Towns and Cities.esp_SRD.yaml
		Chance  -> Sounds of Towns and Cities.esp_SRD.yaml
	808|Sounds of Towns and Cities.esp
		Flags  -> Sounds of Towns and Cities.esp_SRD.yaml
		Chance  -> Sounds of Towns and Cities.esp_SRD.yaml
	80B|Sounds of Towns and Cities.esp
		Flags  -> Sounds of Towns and Cities.esp_SRD.yaml
		Chance  -> Sounds of Towns and Cities.esp_SRD.yaml
	812|Sounds of Towns and Cities.esp
		Flags  -> Sounds of Towns and Cities.esp_SRD.yaml
		Chance  -> Sounds of Towns and Cities.esp_SRD.yaml
	813|Sounds of Towns and Cities.esp
		Flags  -> Sounds of Towns and Cities.esp_SRD.yaml
		Chance  -> Sounds of Towns and Cities.esp_SRD.yaml
	816|Sounds of Towns and Cities.esp
		Flags  -> Sounds of Towns and Cities.esp_SRD.yaml
		Chance  -> Sounds of Towns and Cities.esp_SRD.yaml
	817|Sounds of Towns and Cities.esp
		Flags  -> Sounds of Towns and Cities.esp_SRD.yaml
		Chance  -> Sounds of Towns and Cities.esp_SRD.yaml
	818|Sounds of Towns and Cities.esp
		Flags  -> Sounds of Towns and Cities.esp_SRD.yaml
		Chance  -> Sounds of Towns and Cities.esp_SRD.yaml

EA654|Skyrim.esm
	80A|Regional Sounds Expansion.esp
		Flags  -> Regional Sounds Expansion.esp_SRD.yaml
		Chance  -> Regional Sounds Expansion.esp_SRD.yaml
	8F3DE|Regional Sounds Expansion.esp
		Flags  -> Regional Sounds Expansion.esp_SRD.yaml
		Chance  -> Regional Sounds Expansion.esp_SRD.yaml
	8F3DD|Regional Sounds Expansion.esp
		Flags  -> Regional Sounds Expansion.esp_SRD.yaml
		Chance  -> Regional Sounds Expansion.esp_SRD.yaml
	819|Regional Sounds Expansion.esp
		Flags  -> Regional Sounds Expansion.esp_SRD.yaml
		Chance  -> Regional Sounds Expansion.esp_SRD.yaml
	81A|Regional Sounds Expansion.esp
		Flags  -> Regional Sounds Expansion.esp_SRD.yaml
		Chance  -> Regional Sounds Expansion.esp_SRD.yaml
	82C|Regional Sounds Expansion.esp
		Flags  -> Regional Sounds Expansion.esp_SRD.yaml
		Chance  -> Regional Sounds Expansion.esp_SRD.yaml
	81C|Regional Sounds Expansion.esp
		Flags  -> Regional Sounds Expansion.esp_SRD.yaml
		Chance  -> Regional Sounds Expansion.esp_SRD.yaml
	809|Regional Sounds Expansion.esp
		Flags  -> Regional Sounds Expansion.esp_SRD.yaml
		Chance  -> Regional Sounds Expansion.esp_SRD.yaml
	81F|Regional Sounds Expansion.esp
		Flags  -> Regional Sounds Expansion.esp_SRD.yaml
		Chance  -> Regional Sounds Expansion.esp_SRD.yaml
	815|Regional Sounds Expansion.esp
		Flags  -> Regional Sounds Expansion.esp_SRD.yaml
		Chance  -> Regional Sounds Expansion.esp_SRD.yaml
	80C|Regional Sounds Expansion.esp
		Flags  -> Regional Sounds Expansion.esp_SRD.yaml
		Chance  -> Regional Sounds Expansion.esp_SRD.yaml
	810|Regional Sounds Expansion.esp
		Flags  -> Regional Sounds Expansion.esp_SRD.yaml
		Chance  -> Regional Sounds Expansion.esp_SRD.yaml
	813|Regional Sounds Expansion.esp
		Flags  -> Regional Sounds Expansion.esp_SRD.yaml
		Chance  -> Regional Sounds Expansion.esp_SRD.yaml
	826|Regional Sounds Expansion.esp
		Flags  -> Regional Sounds Expansion.esp_SRD.yaml
		Chance  -> Regional Sounds Expansion.esp_SRD.yaml
	827|Regional Sounds Expansion.esp
		Flags  -> Regional Sounds Expansion.esp_SRD.yaml
		Chance  -> Regional Sounds Expansion.esp_SRD.yaml
	82A|Regional Sounds Expansion.esp
		Flags  -> Regional Sounds Expansion.esp_SRD.yaml
		Chance  -> Regional Sounds Expansion.esp_SRD.yaml
	82B|Regional Sounds Expansion.esp
		Flags  -> Regional Sounds Expansion.esp_SRD.yaml
		Chance  -> Regional Sounds Expansion.esp_SRD.yaml

10FDC5|Seasonal Weathers Framework - NAT-ENB III.esp
	10FD47|Regional Sounds Expansion.esp
		Flags  -> Regional Sounds Expansion.esp_SRD.yaml
		Chance  -> Regional Sounds Expansion.esp_SRD.yaml
	800|MurderOfSongbirds.esp
		Flags  -> MurderOfSongbirds.esp_SRD.yaml
		Chance  -> MurderOfSongbirds.esp_SRD.yaml
	8F3DE|Regional Sounds Expansion.esp
		Flags  -> Regional Sounds Expansion.esp_SRD.yaml -> Nordic Winds.esp_SRD.yaml
		Chance  -> Regional Sounds Expansion.esp_SRD.yaml -> Nordic Winds.esp_SRD.yaml
	8F3DD|Regional Sounds Expansion.esp
		Flags  -> Regional Sounds Expansion.esp_SRD.yaml -> Nordic Winds.esp_SRD.yaml
		Chance  -> Regional Sounds Expansion.esp_SRD.yaml -> Nordic Winds.esp_SRD.yaml
	D65|Ambient Warfare.esp
		Flags  -> Ambient Warfare.esp_SRD.yaml
		Chance  -> Ambient Warfare.esp_SRD.yaml
	810|Regional Sounds Expansion.esp
		Flags  -> Regional Sounds Expansion.esp_SRD.yaml
		Chance  -> Regional Sounds Expansion.esp_SRD.yaml
	8FC17|Regional Sounds Expansion.esp
		Flags  -> Regional Sounds Expansion.esp_SRD.yaml
		Chance  -> Regional Sounds Expansion.esp_SRD.yaml
	8FC16|Regional Sounds Expansion.esp
		Flags  -> Regional Sounds Expansion.esp_SRD.yaml
		Chance  -> Regional Sounds Expansion.esp_SRD.yaml
	D66|Ambient Warfare.esp
		Flags  -> Ambient Warfare.esp_SRD.yaml
		Chance  -> Ambient Warfare.esp_SRD.yaml
	D64|Ambient Warfare.esp
		Flags  -> Ambient Warfare.esp_SRD.yaml
		Chance  -> Ambient Warfare.esp_SRD.yaml
	82A|Regional Sounds Expansion.esp
		Flags  -> Regional Sounds Expansion.esp_SRD.yaml
		Chance  -> Regional Sounds Expansion.esp_SRD.yaml
	8FC19|Regional Sounds Expansion.esp
		Flags  -> Regional Sounds Expansion.esp_SRD.yaml
		Chance  -> Regional Sounds Expansion.esp_SRD.yaml
	82B|Regional Sounds Expansion.esp
		Flags  -> Regional Sounds Expansion.esp_SRD.yaml
		Chance  -> Regional Sounds Expansion.esp_SRD.yaml
	8FC18|Regional Sounds Expansion.esp
		Flags  -> Regional Sounds Expansion.esp_SRD.yaml
		Chance  -> Regional Sounds Expansion.esp_SRD.yaml
	10FD48|Regional Sounds Expansion.esp
		Flags  -> Regional Sounds Expansion.esp_SRD.yaml
		Chance  -> Regional Sounds Expansion.esp_SRD.yaml
	804|MurderOfSongbirds.esp
		Flags  -> MurderOfSongbirds.esp_SRD.yaml
		Chance  -> MurderOfSongbirds.esp_SRD.yaml
	10FD49|Regional Sounds Expansion.esp
		Flags  -> Regional Sounds Expansion.esp_SRD.yaml
		Chance  -> Regional Sounds Expansion.esp_SRD.yaml
	803|MurderOfSongbirds.esp
		Flags  -> MurderOfSongbirds.esp_SRD.yaml
		Chance  -> MurderOfSongbirds.esp_SRD.yaml
	10FD4C|Regional Sounds Expansion.esp
		Flags  -> Regional Sounds Expansion.esp_SRD.yaml
		Chance  -> Regional Sounds Expansion.esp_SRD.yaml
	10FD4A|Regional Sounds Expansion.esp
		Flags  -> Regional Sounds Expansion.esp_SRD.yaml
		Chance  -> Regional Sounds Expansion.esp_SRD.yaml
	10FD4B|Regional Sounds Expansion.esp
		Flags  -> Regional Sounds Expansion.esp_SRD.yaml
		Chance  -> Regional Sounds Expansion.esp_SRD.yaml
	819|Regional Sounds Expansion.esp
		Flags  -> Regional Sounds Expansion.esp_SRD.yaml
		Chance  -> Regional Sounds Expansion.esp_SRD.yaml
	807|Distant Rolling Thunder.esp
		Flags  -> Distant Rolling Thunder.esp_SRD.yaml
		Chance  -> Distant Rolling Thunder.esp_SRD.yaml
	80B|MurderOfSongbirds.esp
		Flags  -> MurderOfSongbirds.esp_SRD.yaml
		Chance  -> MurderOfSongbirds.esp_SRD.yaml
	81A|Regional Sounds Expansion.esp
		Flags  -> Regional Sounds Expansion.esp_SRD.yaml
		Chance  -> Regional Sounds Expansion.esp_SRD.yaml
	82C|Regional Sounds Expansion.esp
		Flags  -> Regional Sounds Expansion.esp_SRD.yaml
		Chance  -> Regional Sounds Expansion.esp_SRD.yaml
	809|Regional Sounds Expansion.esp
		Flags  -> Regional Sounds Expansion.esp_SRD.yaml
		Chance  -> Regional Sounds Expansion.esp_SRD.yaml
	81C|Regional Sounds Expansion.esp
		Flags  -> Regional Sounds Expansion.esp_SRD.yaml
		Chance  -> Regional Sounds Expansion.esp_SRD.yaml
	81F|Regional Sounds Expansion.esp
		Flags  -> Regional Sounds Expansion.esp_SRD.yaml
		Chance  -> Regional Sounds Expansion.esp_SRD.yaml
	820|Regional Sounds Expansion.esp
		Flags  -> Regional Sounds Expansion.esp_SRD.yaml
		Chance  -> Regional Sounds Expansion.esp_SRD.yaml
	85F|Regional Sounds Expansion.esp
		Flags  -> Regional Sounds Expansion.esp_SRD.yaml
		Chance  -> Regional Sounds Expansion.esp_SRD.yaml
	D69|Ambient Warfare.esp
		Flags  -> Ambient Warfare.esp_SRD.yaml
		Chance  -> Ambient Warfare.esp_SRD.yaml
	861|Regional Sounds Expansion.esp
		Flags  -> Regional Sounds Expansion.esp_SRD.yaml
		Chance  -> Regional Sounds Expansion.esp_SRD.yaml
	D67|Ambient Warfare.esp
		Flags  -> Ambient Warfare.esp_SRD.yaml
		Chance  -> Ambient Warfare.esp_SRD.yaml
	862|Regional Sounds Expansion.esp
		Flags  -> Regional Sounds Expansion.esp_SRD.yaml
		Chance  -> Regional Sounds Expansion.esp_SRD.yaml
	826|Regional Sounds Expansion.esp
		Flags  -> Regional Sounds Expansion.esp_SRD.yaml
		Chance  -> Regional Sounds Expansion.esp_SRD.yaml
	815|Regional Sounds Expansion.esp
		Flags  -> Regional Sounds Expansion.esp_SRD.yaml
		Chance  -> Regional Sounds Expansion.esp_SRD.yaml
	80C|Regional Sounds Expansion.esp
		Flags  -> Regional Sounds Expansion.esp_SRD.yaml
		Chance  -> Regional Sounds Expansion.esp_SRD.yaml
	80A|Regional Sounds Expansion.esp
		Flags  -> Regional Sounds Expansion.esp_SRD.yaml
		Chance  -> Regional Sounds Expansion.esp_SRD.yaml
	D6F|Ambient Warfare.esp
		Flags  -> Ambient Warfare.esp_SRD.yaml
		Chance  -> Ambient Warfare.esp_SRD.yaml
	813|Regional Sounds Expansion.esp
		Flags  -> Regional Sounds Expansion.esp_SRD.yaml
		Chance  -> Regional Sounds Expansion.esp_SRD.yaml
	814|Regional Sounds Expansion.esp
		Flags  -> Regional Sounds Expansion.esp_SRD.yaml
		Chance  -> Regional Sounds Expansion.esp_SRD.yaml
	827|Regional Sounds Expansion.esp
		Flags  -> Regional Sounds Expansion.esp_SRD.yaml
		Chance  -> Regional Sounds Expansion.esp_SRD.yaml
	801|Distant Rolling Thunder.esp
		Flags  -> Distant Rolling Thunder.esp_SRD.yaml
		Chance  -> Distant Rolling Thunder.esp_SRD.yaml
	805|MurderOfSongbirds.esp
		Flags  -> MurderOfSongbirds.esp_SRD.yaml
		Chance  -> MurderOfSongbirds.esp_SRD.yaml
	806|Distant Rolling Thunder.esp
		Flags  -> Distant Rolling Thunder.esp_SRD.yaml
		Chance  -> Distant Rolling Thunder.esp_SRD.yaml
	80C|Nordic Winds.esp
		Flags  -> Nordic Winds.esp_SRD.yaml
		Chance  -> Nordic Winds.esp_SRD.yaml
	80C|MurderOfSongbirds.esp
		Flags  -> MurderOfSongbirds.esp_SRD.yaml
		Chance  -> MurderOfSongbirds.esp_SRD.yaml
	809|Distant Rolling Thunder.esp
		Flags  -> Distant Rolling Thunder.esp_SRD.yaml
		Chance  -> Distant Rolling Thunder.esp_SRD.yaml
	80D|MurderOfSongbirds.esp
		Flags  -> MurderOfSongbirds.esp_SRD.yaml
		Chance  -> MurderOfSongbirds.esp_SRD.yaml
	800|Ambient Warfare.esp
		Flags  -> Ambient Warfare.esp_SRD.yaml
		Chance  -> Ambient Warfare.esp_SRD.yaml
	D63|Ambient Warfare.esp
		Flags  -> Ambient Warfare.esp_SRD.yaml
		Chance  -> Ambient Warfare.esp_SRD.yaml
	D68|Ambient Warfare.esp
		Flags  -> Ambient Warfare.esp_SRD.yaml
		Chance  -> Ambient Warfare.esp_SRD.yaml
	D6A|Ambient Warfare.esp
		Flags  -> Ambient Warfare.esp_SRD.yaml
		Chance  -> Ambient Warfare.esp_SRD.yaml
	D6B|Ambient Warfare.esp
		Flags  -> Ambient Warfare.esp_SRD.yaml
		Chance  -> Ambient Warfare.esp_SRD.yaml
	D6E|Ambient Warfare.esp
		Flags  -> Ambient Warfare.esp_SRD.yaml
		Chance  -> Ambient Warfare.esp_SRD.yaml
	D6C|Ambient Warfare.esp
		Flags  -> Ambient Warfare.esp_SRD.yaml
		Chance  -> Ambient Warfare.esp_SRD.yaml
	D6D|Ambient Warfare.esp
		Flags  -> Ambient Warfare.esp_SRD.yaml
		Chance  -> Ambient Warfare.esp_SRD.yaml
	8D5E1|Regional Sounds Expansion.esp
		Flags  -> Nordic Winds.esp_SRD.yaml
		Chance  -> Nordic Winds.esp_SRD.yaml
	802|Distant Rolling Thunder.esp
		Flags  -> Distant Rolling Thunder.esp_SRD.yaml
		Chance  -> Distant Rolling Thunder.esp_SRD.yaml
	805|Distant Rolling Thunder.esp
		Flags  -> Distant Rolling Thunder.esp_SRD.yaml
		Chance  -> Distant Rolling Thunder.esp_SRD.yaml
	803|Distant Rolling Thunder.esp
		Flags  -> Distant Rolling Thunder.esp_SRD.yaml
		Chance  -> Distant Rolling Thunder.esp_SRD.yaml
	804|Distant Rolling Thunder.esp
		Flags  -> Distant Rolling Thunder.esp_SRD.yaml
		Chance  -> Distant Rolling Thunder.esp_SRD.yaml
	808|Distant Rolling Thunder.esp
		Flags  -> Distant Rolling Thunder.esp_SRD.yaml
		Chance  -> Distant Rolling Thunder.esp_SRD.yaml
	810|Distant Rolling Thunder.esp
		Flags  -> Distant Rolling Thunder.esp_SRD.yaml
		Chance  -> Distant Rolling Thunder.esp_SRD.yaml

10474E|Seasonal Weathers Framework - NAT-ENB III.esp
	10FD47|Regional Sounds Expansion.esp
		Flags  -> Regional Sounds Expansion.esp_SRD.yaml
		Chance  -> Regional Sounds Expansion.esp_SRD.yaml
	800|MurderOfSongbirds.esp
		Flags  -> MurderOfSongbirds.esp_SRD.yaml
		Chance  -> MurderOfSongbirds.esp_SRD.yaml
	8F3DE|Regional Sounds Expansion.esp
		Flags  -> Regional Sounds Expansion.esp_SRD.yaml -> Nordic Winds.esp_SRD.yaml
		Chance  -> Regional Sounds Expansion.esp_SRD.yaml -> Nordic Winds.esp_SRD.yaml
	801|MurderOfSongbirds.esp
		Flags  -> MurderOfSongbirds.esp_SRD.yaml
		Chance  -> MurderOfSongbirds.esp_SRD.yaml
	8F3DD|Regional Sounds Expansion.esp
		Flags  -> Regional Sounds Expansion.esp_SRD.yaml -> Nordic Winds.esp_SRD.yaml
		Chance  -> Regional Sounds Expansion.esp_SRD.yaml -> Nordic Winds.esp_SRD.yaml
	D9C|WildwoodEchoes.esp
		Flags  -> WildwoodEchoes.esp_SRD.yaml
		Chance  -> WildwoodEchoes.esp_SRD.yaml
	810|Regional Sounds Expansion.esp
		Flags  -> Regional Sounds Expansion.esp_SRD.yaml
		Chance  -> Regional Sounds Expansion.esp_SRD.yaml
	8FC17|Regional Sounds Expansion.esp
		Flags  -> Regional Sounds Expansion.esp_SRD.yaml
		Chance  -> Regional Sounds Expansion.esp_SRD.yaml
	8FC16|Regional Sounds Expansion.esp
		Flags  -> Regional Sounds Expansion.esp_SRD.yaml
		Chance  -> Regional Sounds Expansion.esp_SRD.yaml
	82A|Regional Sounds Expansion.esp
		Flags  -> Regional Sounds Expansion.esp_SRD.yaml
		Chance  -> Regional Sounds Expansion.esp_SRD.yaml
	8FC19|Regional Sounds Expansion.esp
		Flags  -> Regional Sounds Expansion.esp_SRD.yaml
		Chance  -> Regional Sounds Expansion.esp_SRD.yaml
	82B|Regional Sounds Expansion.esp
		Flags  -> Regional Sounds Expansion.esp_SRD.yaml
		Chance  -> Regional Sounds Expansion.esp_SRD.yaml
	8FC18|Regional Sounds Expansion.esp
		Flags  -> Regional Sounds Expansion.esp_SRD.yaml
		Chance  -> Regional Sounds Expansion.esp_SRD.yaml
	10FD48|Regional Sounds Expansion.esp
		Flags  -> Regional Sounds Expansion.esp_SRD.yaml
		Chance  -> Regional Sounds Expansion.esp_SRD.yaml
	804|MurderOfSongbirds.esp
		Flags  -> MurderOfSongbirds.esp_SRD.yaml
		Chance  -> MurderOfSongbirds.esp_SRD.yaml
	10FD49|Regional Sounds Expansion.esp
		Flags  -> Regional Sounds Expansion.esp_SRD.yaml
		Chance  -> Regional Sounds Expansion.esp_SRD.yaml
	803|MurderOfSongbirds.esp
		Flags  -> MurderOfSongbirds.esp_SRD.yaml
		Chance  -> MurderOfSongbirds.esp_SRD.yaml
	D6B|WildwoodEchoes.esp
		Flags  -> WildwoodEchoes.esp_SRD.yaml
		Chance  -> WildwoodEchoes.esp_SRD.yaml
	10FD4C|Regional Sounds Expansion.esp
		Flags  -> Regional Sounds Expansion.esp_SRD.yaml
		Chance  -> Regional Sounds Expansion.esp_SRD.yaml
	10FD4A|Regional Sounds Expansion.esp
		Flags  -> Regional Sounds Expansion.esp_SRD.yaml
		Chance  -> Regional Sounds Expansion.esp_SRD.yaml
	10FD4B|Regional Sounds Expansion.esp
		Flags  -> Regional Sounds Expansion.esp_SRD.yaml
		Chance  -> Regional Sounds Expansion.esp_SRD.yaml
	807|Distant Rolling Thunder.esp
		Flags  -> Distant Rolling Thunder.esp_SRD.yaml
		Chance  -> Distant Rolling Thunder.esp_SRD.yaml
	819|Regional Sounds Expansion.esp
		Flags  -> Regional Sounds Expansion.esp_SRD.yaml
		Chance  -> Regional Sounds Expansion.esp_SRD.yaml
	81A|Regional Sounds Expansion.esp
		Flags  -> Regional Sounds Expansion.esp_SRD.yaml
		Chance  -> Regional Sounds Expansion.esp_SRD.yaml
	82C|Regional Sounds Expansion.esp
		Flags  -> Regional Sounds Expansion.esp_SRD.yaml
		Chance  -> Regional Sounds Expansion.esp_SRD.yaml
	D98|WildwoodEchoes.esp
		Flags  -> WildwoodEchoes.esp_SRD.yaml
		Chance  -> WildwoodEchoes.esp_SRD.yaml
	809|Regional Sounds Expansion.esp
		Flags  -> Regional Sounds Expansion.esp_SRD.yaml
		Chance  -> Regional Sounds Expansion.esp_SRD.yaml
	81C|Regional Sounds Expansion.esp
		Flags  -> Regional Sounds Expansion.esp_SRD.yaml
		Chance  -> Regional Sounds Expansion.esp_SRD.yaml
	D9B|WildwoodEchoes.esp
		Flags  -> WildwoodEchoes.esp_SRD.yaml
		Chance  -> WildwoodEchoes.esp_SRD.yaml
	81F|Regional Sounds Expansion.esp
		Flags  -> Regional Sounds Expansion.esp_SRD.yaml
		Chance  -> Regional Sounds Expansion.esp_SRD.yaml
	D65|WildwoodEchoes.esp
		Flags  -> WildwoodEchoes.esp_SRD.yaml
		Chance  -> WildwoodEchoes.esp_SRD.yaml
	820|Regional Sounds Expansion.esp
		Flags  -> Regional Sounds Expansion.esp_SRD.yaml
		Chance  -> Regional Sounds Expansion.esp_SRD.yaml
	85F|Regional Sounds Expansion.esp
		Flags  -> Regional Sounds Expansion.esp_SRD.yaml
		Chance  -> Regional Sounds Expansion.esp_SRD.yaml
	861|Regional Sounds Expansion.esp
		Flags  -> Regional Sounds Expansion.esp_SRD.yaml
		Chance  -> Regional Sounds Expansion.esp_SRD.yaml
	862|Regional Sounds Expansion.esp
		Flags  -> Regional Sounds Expansion.esp_SRD.yaml
		Chance  -> Regional Sounds Expansion.esp_SRD.yaml
	826|Regional Sounds Expansion.esp
		Flags  -> Regional Sounds Expansion.esp_SRD.yaml
		Chance  -> Regional Sounds Expansion.esp_SRD.yaml
	815|Regional Sounds Expansion.esp
		Flags  -> Regional Sounds Expansion.esp_SRD.yaml
		Chance  -> Regional Sounds Expansion.esp_SRD.yaml
	80C|Regional Sounds Expansion.esp
		Flags  -> Regional Sounds Expansion.esp_SRD.yaml
		Chance  -> Regional Sounds Expansion.esp_SRD.yaml
	D66|WildwoodEchoes.esp
		Flags  -> WildwoodEchoes.esp_SRD.yaml
		Chance  -> WildwoodEchoes.esp_SRD.yaml
	80A|Regional Sounds Expansion.esp
		Flags  -> Regional Sounds Expansion.esp_SRD.yaml
		Chance  -> Regional Sounds Expansion.esp_SRD.yaml
	D64|WildwoodEchoes.esp
		Flags  -> WildwoodEchoes.esp_SRD.yaml
		Chance  -> WildwoodEchoes.esp_SRD.yaml
	D63|WildwoodEchoes.esp
		Flags  -> WildwoodEchoes.esp_SRD.yaml
		Chance  -> WildwoodEchoes.esp_SRD.yaml
	813|Regional Sounds Expansion.esp
		Flags  -> Regional Sounds Expansion.esp_SRD.yaml
		Chance  -> Regional Sounds Expansion.esp_SRD.yaml
	814|Regional Sounds Expansion.esp
		Flags  -> Regional Sounds Expansion.esp_SRD.yaml
		Chance  -> Regional Sounds Expansion.esp_SRD.yaml
	827|Regional Sounds Expansion.esp
		Flags  -> Regional Sounds Expansion.esp_SRD.yaml
		Chance  -> Regional Sounds Expansion.esp_SRD.yaml
	D62|WildwoodEchoes.esp
		Flags  -> WildwoodEchoes.esp_SRD.yaml
		Chance  -> WildwoodEchoes.esp_SRD.yaml
	D73|WildwoodEchoes.esp
		Flags  -> WildwoodEchoes.esp_SRD.yaml
		Chance  -> WildwoodEchoes.esp_SRD.yaml
	D71|WildwoodEchoes.esp
		Flags  -> WildwoodEchoes.esp_SRD.yaml
		Chance  -> WildwoodEchoes.esp_SRD.yaml
	D67|WildwoodEchoes.esp
		Flags  -> WildwoodEchoes.esp_SRD.yaml
		Chance  -> WildwoodEchoes.esp_SRD.yaml
	D68|WildwoodEchoes.esp
		Flags  -> WildwoodEchoes.esp_SRD.yaml
		Chance  -> WildwoodEchoes.esp_SRD.yaml
	D6E|WildwoodEchoes.esp
		Flags  -> WildwoodEchoes.esp_SRD.yaml
		Chance  -> WildwoodEchoes.esp_SRD.yaml
	D6C|WildwoodEchoes.esp
		Flags  -> WildwoodEchoes.esp_SRD.yaml
		Chance  -> WildwoodEchoes.esp_SRD.yaml
	D6D|WildwoodEchoes.esp
		Flags  -> WildwoodEchoes.esp_SRD.yaml
		Chance  -> WildwoodEchoes.esp_SRD.yaml
	D6F|WildwoodEchoes.esp
		Flags  -> WildwoodEchoes.esp_SRD.yaml
		Chance  -> WildwoodEchoes.esp_SRD.yaml
	D70|WildwoodEchoes.esp
		Flags  -> WildwoodEchoes.esp_SRD.yaml
		Chance  -> WildwoodEchoes.esp_SRD.yaml
	D72|WildwoodEchoes.esp
		Flags  -> WildwoodEchoes.esp_SRD.yaml
		Chance  -> WildwoodEchoes.esp_SRD.yaml
	D99|WildwoodEchoes.esp
		Flags  -> WildwoodEchoes.esp_SRD.yaml
		Chance  -> WildwoodEchoes.esp_SRD.yaml
	D74|WildwoodEchoes.esp
		Flags  -> WildwoodEchoes.esp_SRD.yaml
		Chance  -> WildwoodEchoes.esp_SRD.yaml
	D9A|WildwoodEchoes.esp
		Flags  -> WildwoodEchoes.esp_SRD.yaml
		Chance  -> WildwoodEchoes.esp_SRD.yaml
	801|Distant Rolling Thunder.esp
		Flags  -> Distant Rolling Thunder.esp_SRD.yaml
		Chance  -> Distant Rolling Thunder.esp_SRD.yaml
	805|MurderOfSongbirds.esp
		Flags  -> MurderOfSongbirds.esp_SRD.yaml
		Chance  -> MurderOfSongbirds.esp_SRD.yaml
	80C|MurderOfSongbirds.esp
		Flags  -> MurderOfSongbirds.esp_SRD.yaml
		Chance  -> MurderOfSongbirds.esp_SRD.yaml
	8D5E1|Regional Sounds Expansion.esp
		Flags  -> Nordic Winds.esp_SRD.yaml
		Chance  -> Nordic Winds.esp_SRD.yaml
	804|Distant Rolling Thunder.esp
		Flags  -> Distant Rolling Thunder.esp_SRD.yaml
		Chance  -> Distant Rolling Thunder.esp_SRD.yaml
	807|Nordic Winds.esp
		Flags  -> Nordic Winds.esp_SRD.yaml
		Chance  -> Nordic Winds.esp_SRD.yaml
	802|Distant Rolling Thunder.esp
		Flags  -> Distant Rolling Thunder.esp_SRD.yaml
		Chance  -> Distant Rolling Thunder.esp_SRD.yaml
	803|Distant Rolling Thunder.esp
		Flags  -> Distant Rolling Thunder.esp_SRD.yaml
		Chance  -> Distant Rolling Thunder.esp_SRD.yaml
	805|Distant Rolling Thunder.esp
		Flags  -> Distant Rolling Thunder.esp_SRD.yaml
		Chance  -> Distant Rolling Thunder.esp_SRD.yaml
	806|Distant Rolling Thunder.esp
		Flags  -> Distant Rolling Thunder.esp_SRD.yaml
		Chance  -> Distant Rolling Thunder.esp_SRD.yaml
	808|Distant Rolling Thunder.esp
		Flags  -> Distant Rolling Thunder.esp_SRD.yaml
		Chance  -> Distant Rolling Thunder.esp_SRD.yaml
	809|Distant Rolling Thunder.esp
		Flags  -> Distant Rolling Thunder.esp_SRD.yaml
		Chance  -> Distant Rolling Thunder.esp_SRD.yaml
	810|Distant Rolling Thunder.esp
		Flags  -> Distant Rolling Thunder.esp_SRD.yaml
		Chance  -> Distant Rolling Thunder.esp_SRD.yaml

2A72D|Seasonal Weathers Framework - NAT-ENB III.esp
	1646D|Regional Sounds Expansion.esp
		Flags  -> Regional Sounds Expansion.esp_SRD.yaml -> Nordic Winds.esp_SRD.yaml
		Chance  -> Regional Sounds Expansion.esp_SRD.yaml -> Nordic Winds.esp_SRD.yaml
	D65|WildwoodEchoes.esp
		Flags  -> WildwoodEchoes.esp_SRD.yaml
		Chance  -> WildwoodEchoes.esp_SRD.yaml
	820|Regional Sounds Expansion.esp
		Flags  -> Regional Sounds Expansion.esp_SRD.yaml
		Chance  -> Regional Sounds Expansion.esp_SRD.yaml
	D66|WildwoodEchoes.esp
		Flags  -> WildwoodEchoes.esp_SRD.yaml
		Chance  -> WildwoodEchoes.esp_SRD.yaml
	D64|WildwoodEchoes.esp
		Flags  -> WildwoodEchoes.esp_SRD.yaml
		Chance  -> WildwoodEchoes.esp_SRD.yaml
	1646C|Regional Sounds Expansion.esp
		Flags  -> Regional Sounds Expansion.esp_SRD.yaml -> Nordic Winds.esp_SRD.yaml
		Chance  -> Regional Sounds Expansion.esp_SRD.yaml -> Nordic Winds.esp_SRD.yaml
	830|Regional Sounds Expansion.esp
		Flags  -> Regional Sounds Expansion.esp_SRD.yaml
		Chance  -> Regional Sounds Expansion.esp_SRD.yaml
	D6E|WildwoodEchoes.esp
		Flags  -> WildwoodEchoes.esp_SRD.yaml
		Chance  -> WildwoodEchoes.esp_SRD.yaml
	81187|Regional Sounds Expansion.esp
		Flags  -> Regional Sounds Expansion.esp_SRD.yaml
		Chance  -> Regional Sounds Expansion.esp_SRD.yaml
	D6C|WildwoodEchoes.esp
		Flags  -> WildwoodEchoes.esp_SRD.yaml
		Chance  -> WildwoodEchoes.esp_SRD.yaml
	8F3E0|Regional Sounds Expansion.esp
		Flags  -> Regional Sounds Expansion.esp_SRD.yaml
		Chance  -> Regional Sounds Expansion.esp_SRD.yaml
	8F3E1|Regional Sounds Expansion.esp
		Flags  -> Regional Sounds Expansion.esp_SRD.yaml
		Chance  -> Regional Sounds Expansion.esp_SRD.yaml
	10FD42|Regional Sounds Expansion.esp
		Flags  -> Regional Sounds Expansion.esp_SRD.yaml
		Chance  -> Regional Sounds Expansion.esp_SRD.yaml
	10FD44|Regional Sounds Expansion.esp
		Flags  -> Regional Sounds Expansion.esp_SRD.yaml
		Chance  -> Regional Sounds Expansion.esp_SRD.yaml
	10FD43|Regional Sounds Expansion.esp
		Flags  -> Regional Sounds Expansion.esp_SRD.yaml
		Chance  -> Regional Sounds Expansion.esp_SRD.yaml
	10FD45|Regional Sounds Expansion.esp
		Flags  -> Regional Sounds Expansion.esp_SRD.yaml
		Chance  -> Regional Sounds Expansion.esp_SRD.yaml
	D6F|Ambient Warfare.esp
		Flags  -> Ambient Warfare.esp_SRD.yaml
		Chance  -> Ambient Warfare.esp_SRD.yaml
	D63|WildwoodEchoes.esp
		Flags  -> WildwoodEchoes.esp_SRD.yaml
		Chance  -> WildwoodEchoes.esp_SRD.yaml
	10FD46|Regional Sounds Expansion.esp
		Flags  -> Regional Sounds Expansion.esp_SRD.yaml
		Chance  -> Regional Sounds Expansion.esp_SRD.yaml
	818|Regional Sounds Expansion.esp
		Flags  -> Regional Sounds Expansion.esp_SRD.yaml
		Chance  -> Regional Sounds Expansion.esp_SRD.yaml
	81B|Regional Sounds Expansion.esp
		Flags  -> Regional Sounds Expansion.esp_SRD.yaml
		Chance  -> Regional Sounds Expansion.esp_SRD.yaml
	D66|Ambient Warfare.esp
		Flags  -> Ambient Warfare.esp_SRD.yaml
		Chance  -> Ambient Warfare.esp_SRD.yaml
	D64|Ambient Warfare.esp
		Flags  -> Ambient Warfare.esp_SRD.yaml
		Chance  -> Ambient Warfare.esp_SRD.yaml
	82C|Regional Sounds Expansion.esp
		Flags  -> Regional Sounds Expansion.esp_SRD.yaml
		Chance  -> Regional Sounds Expansion.esp_SRD.yaml
	D98|WildwoodEchoes.esp
		Flags  -> WildwoodEchoes.esp_SRD.yaml
		Chance  -> WildwoodEchoes.esp_SRD.yaml
	81C|Regional Sounds Expansion.esp
		Flags  -> Regional Sounds Expansion.esp_SRD.yaml
		Chance  -> Regional Sounds Expansion.esp_SRD.yaml
	D9B|WildwoodEchoes.esp
		Flags  -> WildwoodEchoes.esp_SRD.yaml
		Chance  -> WildwoodEchoes.esp_SRD.yaml
	81F|Regional Sounds Expansion.esp
		Flags  -> Regional Sounds Expansion.esp_SRD.yaml
		Chance  -> Regional Sounds Expansion.esp_SRD.yaml
	804|MurderOfSongbirds.esp
		Flags  -> MurderOfSongbirds.esp_SRD.yaml
		Chance  -> MurderOfSongbirds.esp_SRD.yaml
	831|Regional Sounds Expansion.esp
		Flags  -> Regional Sounds Expansion.esp_SRD.yaml
		Chance  -> Regional Sounds Expansion.esp_SRD.yaml
	D6A|WildwoodEchoes.esp
		Flags  -> WildwoodEchoes.esp_SRD.yaml
		Chance  -> WildwoodEchoes.esp_SRD.yaml
	833|Regional Sounds Expansion.esp
		Flags  -> Regional Sounds Expansion.esp_SRD.yaml
		Chance  -> Regional Sounds Expansion.esp_SRD.yaml
	832|Regional Sounds Expansion.esp
		Flags  -> Regional Sounds Expansion.esp_SRD.yaml
		Chance  -> Regional Sounds Expansion.esp_SRD.yaml
	D70|WildwoodEchoes.esp
		Flags  -> WildwoodEchoes.esp_SRD.yaml
		Chance  -> WildwoodEchoes.esp_SRD.yaml
	860|Regional Sounds Expansion.esp
		Flags  -> Regional Sounds Expansion.esp_SRD.yaml
		Chance  -> Regional Sounds Expansion.esp_SRD.yaml
	863|Regional Sounds Expansion.esp
		Flags  -> Regional Sounds Expansion.esp_SRD.yaml
		Chance  -> Regional Sounds Expansion.esp_SRD.yaml
	864|Regional Sounds Expansion.esp
		Flags  -> Regional Sounds Expansion.esp_SRD.yaml
		Chance  -> Regional Sounds Expansion.esp_SRD.yaml
	82A|Regional Sounds Expansion.esp
		Flags  -> Regional Sounds Expansion.esp_SRD.yaml
		Chance  -> Regional Sounds Expansion.esp_SRD.yaml
	82B|Regional Sounds Expansion.esp
		Flags  -> Regional Sounds Expansion.esp_SRD.yaml
		Chance  -> Regional Sounds Expansion.esp_SRD.yaml
	D62|WildwoodEchoes.esp
		Flags  -> WildwoodEchoes.esp_SRD.yaml
		Chance  -> WildwoodEchoes.esp_SRD.yaml
	D73|WildwoodEchoes.esp
		Flags  -> WildwoodEchoes.esp_SRD.yaml
		Chance  -> WildwoodEchoes.esp_SRD.yaml
	D71|WildwoodEchoes.esp
		Flags  -> WildwoodEchoes.esp_SRD.yaml
		Chance  -> WildwoodEchoes.esp_SRD.yaml
	D67|WildwoodEchoes.esp
		Flags  -> WildwoodEchoes.esp_SRD.yaml
		Chance  -> WildwoodEchoes.esp_SRD.yaml
	D68|WildwoodEchoes.esp
		Flags  -> WildwoodEchoes.esp_SRD.yaml
		Chance  -> WildwoodEchoes.esp_SRD.yaml
	D6B|WildwoodEchoes.esp
		Flags  -> WildwoodEchoes.esp_SRD.yaml
		Chance  -> WildwoodEchoes.esp_SRD.yaml
	D69|WildwoodEchoes.esp
		Flags  -> WildwoodEchoes.esp_SRD.yaml
		Chance  -> WildwoodEchoes.esp_SRD.yaml
	D6D|WildwoodEchoes.esp
		Flags  -> WildwoodEchoes.esp_SRD.yaml
		Chance  -> WildwoodEchoes.esp_SRD.yaml
	D6F|WildwoodEchoes.esp
		Flags  -> WildwoodEchoes.esp_SRD.yaml
		Chance  -> WildwoodEchoes.esp_SRD.yaml
	D72|WildwoodEchoes.esp
		Flags  -> WildwoodEchoes.esp_SRD.yaml
		Chance  -> WildwoodEchoes.esp_SRD.yaml
	D99|WildwoodEchoes.esp
		Flags  -> WildwoodEchoes.esp_SRD.yaml
		Chance  -> WildwoodEchoes.esp_SRD.yaml
	D74|WildwoodEchoes.esp
		Flags  -> WildwoodEchoes.esp_SRD.yaml
		Chance  -> WildwoodEchoes.esp_SRD.yaml
	D9A|WildwoodEchoes.esp
		Flags  -> WildwoodEchoes.esp_SRD.yaml
		Chance  -> WildwoodEchoes.esp_SRD.yaml
	801|MurderOfSongbirds.esp
		Flags  -> MurderOfSongbirds.esp_SRD.yaml
		Chance  -> MurderOfSongbirds.esp_SRD.yaml
	D9C|WildwoodEchoes.esp
		Flags  -> WildwoodEchoes.esp_SRD.yaml
		Chance  -> WildwoodEchoes.esp_SRD.yaml
	800|MurderOfSongbirds.esp
		Flags  -> MurderOfSongbirds.esp_SRD.yaml
		Chance  -> MurderOfSongbirds.esp_SRD.yaml
	803|MurderOfSongbirds.esp
		Flags  -> MurderOfSongbirds.esp_SRD.yaml
		Chance  -> MurderOfSongbirds.esp_SRD.yaml
	805|MurderOfSongbirds.esp
		Flags  -> MurderOfSongbirds.esp_SRD.yaml
		Chance  -> MurderOfSongbirds.esp_SRD.yaml
	80C|MurderOfSongbirds.esp
		Flags  -> MurderOfSongbirds.esp_SRD.yaml
		Chance  -> MurderOfSongbirds.esp_SRD.yaml
	800|Ambient Warfare.esp
		Flags  -> Ambient Warfare.esp_SRD.yaml
		Chance  -> Ambient Warfare.esp_SRD.yaml
	D63|Ambient Warfare.esp
		Flags  -> Ambient Warfare.esp_SRD.yaml
		Chance  -> Ambient Warfare.esp_SRD.yaml
	D65|Ambient Warfare.esp
		Flags  -> Ambient Warfare.esp_SRD.yaml
		Chance  -> Ambient Warfare.esp_SRD.yaml
	D69|Ambient Warfare.esp
		Flags  -> Ambient Warfare.esp_SRD.yaml
		Chance  -> Ambient Warfare.esp_SRD.yaml
	D67|Ambient Warfare.esp
		Flags  -> Ambient Warfare.esp_SRD.yaml
		Chance  -> Ambient Warfare.esp_SRD.yaml
	D68|Ambient Warfare.esp
		Flags  -> Ambient Warfare.esp_SRD.yaml
		Chance  -> Ambient Warfare.esp_SRD.yaml
	D6A|Ambient Warfare.esp
		Flags  -> Ambient Warfare.esp_SRD.yaml
		Chance  -> Ambient Warfare.esp_SRD.yaml
	D6B|Ambient Warfare.esp
		Flags  -> Ambient Warfare.esp_SRD.yaml
		Chance  -> Ambient Warfare.esp_SRD.yaml
	D6C|Ambient Warfare.esp
		Flags  -> Ambient Warfare.esp_SRD.yaml
		Chance  -> Ambient Warfare.esp_SRD.yaml
	D6D|Ambient Warfare.esp
		Flags  -> Ambient Warfare.esp_SRD.yaml
		Chance  -> Ambient Warfare.esp_SRD.yaml
	D6E|Ambient Warfare.esp
		Flags  -> Ambient Warfare.esp_SRD.yaml
		Chance  -> Ambient Warfare.esp_SRD.yaml
	3C709|Regional Sounds Expansion.esp
		Flags  -> Nordic Winds.esp_SRD.yaml
		Chance  -> Nordic Winds.esp_SRD.yaml
	800|Nordic Winds.esp
		Flags  -> Nordic Winds.esp_SRD.yaml
		Chance  -> Nordic Winds.esp_SRD.yaml
	801|Distant Rolling Thunder.esp
		Flags  -> Distant Rolling Thunder.esp_SRD.yaml
		Chance  -> Distant Rolling Thunder.esp_SRD.yaml
	802|Distant Rolling Thunder.esp
		Flags  -> Distant Rolling Thunder.esp_SRD.yaml
		Chance  -> Distant Rolling Thunder.esp_SRD.yaml
	803|Distant Rolling Thunder.esp
		Flags  -> Distant Rolling Thunder.esp_SRD.yaml
		Chance  -> Distant Rolling Thunder.esp_SRD.yaml
	804|Distant Rolling Thunder.esp
		Flags  -> Distant Rolling Thunder.esp_SRD.yaml
		Chance  -> Distant Rolling Thunder.esp_SRD.yaml
	805|Distant Rolling Thunder.esp
		Flags  -> Distant Rolling Thunder.esp_SRD.yaml
		Chance  -> Distant Rolling Thunder.esp_SRD.yaml
	806|Distant Rolling Thunder.esp
		Flags  -> Distant Rolling Thunder.esp_SRD.yaml
		Chance  -> Distant Rolling Thunder.esp_SRD.yaml
	807|Distant Rolling Thunder.esp
		Flags  -> Distant Rolling Thunder.esp_SRD.yaml
		Chance  -> Distant Rolling Thunder.esp_SRD.yaml
	808|Distant Rolling Thunder.esp
		Flags  -> Distant Rolling Thunder.esp_SRD.yaml
		Chance  -> Distant Rolling Thunder.esp_SRD.yaml
	809|Distant Rolling Thunder.esp
		Flags  -> Distant Rolling Thunder.esp_SRD.yaml
		Chance  -> Distant Rolling Thunder.esp_SRD.yaml
	810|Distant Rolling Thunder.esp
		Flags  -> Distant Rolling Thunder.esp_SRD.yaml
		Chance  -> Distant Rolling Thunder.esp_SRD.yaml

10CB84|Skyrim.esm
	81186|Regional Sounds Expansion.esp
		Flags  -> Regional Sounds Expansion.esp_SRD.yaml
		Chance  -> Regional Sounds Expansion.esp_SRD.yaml
	3C709|Regional Sounds Expansion.esp
		Flags  -> Regional Sounds Expansion.esp_SRD.yaml
		Chance  -> Regional Sounds Expansion.esp_SRD.yaml
	818|Regional Sounds Expansion.esp
		Flags  -> Regional Sounds Expansion.esp_SRD.yaml -> Regional Sounds Expansion.esp_SRD.yaml
		Chance  -> Regional Sounds Expansion.esp_SRD.yaml -> Regional Sounds Expansion.esp_SRD.yaml
	403FA|Regional Sounds Expansion.esp
		Flags  -> Regional Sounds Expansion.esp_SRD.yaml
		Chance  -> Regional Sounds Expansion.esp_SRD.yaml
	7EDC8|Regional Sounds Expansion.esp
		Flags  -> Regional Sounds Expansion.esp_SRD.yaml
		Chance  -> Regional Sounds Expansion.esp_SRD.yaml
	8D5DF|Regional Sounds Expansion.esp
		Flags  -> Regional Sounds Expansion.esp_SRD.yaml
		Chance  -> Regional Sounds Expansion.esp_SRD.yaml
	8D5E0|Regional Sounds Expansion.esp
		Flags  -> Regional Sounds Expansion.esp_SRD.yaml
		Chance  -> Regional Sounds Expansion.esp_SRD.yaml
	10FD42|Regional Sounds Expansion.esp
		Flags  -> Regional Sounds Expansion.esp_SRD.yaml
		Chance  -> Regional Sounds Expansion.esp_SRD.yaml
	81B|Regional Sounds Expansion.esp
		Flags  -> Regional Sounds Expansion.esp_SRD.yaml
		Chance  -> Regional Sounds Expansion.esp_SRD.yaml
	82C|Regional Sounds Expansion.esp
		Flags  -> Regional Sounds Expansion.esp_SRD.yaml
		Chance  -> Regional Sounds Expansion.esp_SRD.yaml
	81C|Regional Sounds Expansion.esp
		Flags  -> Regional Sounds Expansion.esp_SRD.yaml
		Chance  -> Regional Sounds Expansion.esp_SRD.yaml
	81F|Regional Sounds Expansion.esp
		Flags  -> Regional Sounds Expansion.esp_SRD.yaml
		Chance  -> Regional Sounds Expansion.esp_SRD.yaml
	820|Regional Sounds Expansion.esp
		Flags  -> Regional Sounds Expansion.esp_SRD.yaml
		Chance  -> Regional Sounds Expansion.esp_SRD.yaml
	830|Regional Sounds Expansion.esp
		Flags  -> Regional Sounds Expansion.esp_SRD.yaml
		Chance  -> Regional Sounds Expansion.esp_SRD.yaml
	831|Regional Sounds Expansion.esp
		Flags  -> Regional Sounds Expansion.esp_SRD.yaml
		Chance  -> Regional Sounds Expansion.esp_SRD.yaml
	833|Regional Sounds Expansion.esp
		Flags  -> Regional Sounds Expansion.esp_SRD.yaml
		Chance  -> Regional Sounds Expansion.esp_SRD.yaml
	832|Regional Sounds Expansion.esp
		Flags  -> Regional Sounds Expansion.esp_SRD.yaml
		Chance  -> Regional Sounds Expansion.esp_SRD.yaml
	82A|Regional Sounds Expansion.esp
		Flags  -> Regional Sounds Expansion.esp_SRD.yaml
		Chance  -> Regional Sounds Expansion.esp_SRD.yaml
	82B|Regional Sounds Expansion.esp
		Flags  -> Regional Sounds Expansion.esp_SRD.yaml
		Chance  -> Regional Sounds Expansion.esp_SRD.yaml

10B1F8|Skyrim.esm
	8D5DF|Regional Sounds Expansion.esp
		Flags  -> Regional Sounds Expansion.esp_SRD.yaml
		Chance  -> Regional Sounds Expansion.esp_SRD.yaml
	820|Regional Sounds Expansion.esp
		Flags  -> Regional Sounds Expansion.esp_SRD.yaml
		Chance  -> Regional Sounds Expansion.esp_SRD.yaml
	1646D|Regional Sounds Expansion.esp
		Flags  -> Regional Sounds Expansion.esp_SRD.yaml
		Chance  -> Regional Sounds Expansion.esp_SRD.yaml
	830|Regional Sounds Expansion.esp
		Flags  -> Regional Sounds Expansion.esp_SRD.yaml
		Chance  -> Regional Sounds Expansion.esp_SRD.yaml
	1646C|Regional Sounds Expansion.esp
		Flags  -> Regional Sounds Expansion.esp_SRD.yaml
		Chance  -> Regional Sounds Expansion.esp_SRD.yaml
	81187|Regional Sounds Expansion.esp
		Flags  -> Regional Sounds Expansion.esp_SRD.yaml
		Chance  -> Regional Sounds Expansion.esp_SRD.yaml
	81186|Regional Sounds Expansion.esp
		Flags  -> Regional Sounds Expansion.esp_SRD.yaml
		Chance  -> Regional Sounds Expansion.esp_SRD.yaml
	8F3E0|Regional Sounds Expansion.esp
		Flags  -> Regional Sounds Expansion.esp_SRD.yaml
		Chance  -> Regional Sounds Expansion.esp_SRD.yaml
	8D5E0|Regional Sounds Expansion.esp
		Flags  -> Regional Sounds Expansion.esp_SRD.yaml
		Chance  -> Regional Sounds Expansion.esp_SRD.yaml
	8F3E1|Regional Sounds Expansion.esp
		Flags  -> Regional Sounds Expansion.esp_SRD.yaml
		Chance  -> Regional Sounds Expansion.esp_SRD.yaml
	10FD41|Regional Sounds Expansion.esp
		Flags  -> Regional Sounds Expansion.esp_SRD.yaml
		Chance  -> Regional Sounds Expansion.esp_SRD.yaml
	818|Regional Sounds Expansion.esp
		Flags  -> Regional Sounds Expansion.esp_SRD.yaml
		Chance  -> Regional Sounds Expansion.esp_SRD.yaml
	81B|Regional Sounds Expansion.esp
		Flags  -> Regional Sounds Expansion.esp_SRD.yaml
		Chance  -> Regional Sounds Expansion.esp_SRD.yaml
	82C|Regional Sounds Expansion.esp
		Flags  -> Regional Sounds Expansion.esp_SRD.yaml
		Chance  -> Regional Sounds Expansion.esp_SRD.yaml
	81C|Regional Sounds Expansion.esp
		Flags  -> Regional Sounds Expansion.esp_SRD.yaml
		Chance  -> Regional Sounds Expansion.esp_SRD.yaml
	81F|Regional Sounds Expansion.esp
		Flags  -> Regional Sounds Expansion.esp_SRD.yaml
		Chance  -> Regional Sounds Expansion.esp_SRD.yaml
	831|Regional Sounds Expansion.esp
		Flags  -> Regional Sounds Expansion.esp_SRD.yaml
		Chance  -> Regional Sounds Expansion.esp_SRD.yaml
	833|Regional Sounds Expansion.esp
		Flags  -> Regional Sounds Expansion.esp_SRD.yaml
		Chance  -> Regional Sounds Expansion.esp_SRD.yaml
	832|Regional Sounds Expansion.esp
		Flags  -> Regional Sounds Expansion.esp_SRD.yaml
		Chance  -> Regional Sounds Expansion.esp_SRD.yaml
	82A|Regional Sounds Expansion.esp
		Flags  -> Regional Sounds Expansion.esp_SRD.yaml
		Chance  -> Regional Sounds Expansion.esp_SRD.yaml
	82B|Regional Sounds Expansion.esp
		Flags  -> Regional Sounds Expansion.esp_SRD.yaml
		Chance  -> Regional Sounds Expansion.esp_SRD.yaml

10474D|Seasonal Weathers Framework - NAT-ENB III.esp
	1646D|Regional Sounds Expansion.esp
		Flags  -> Regional Sounds Expansion.esp_SRD.yaml -> Nordic Winds.esp_SRD.yaml
		Chance  -> Regional Sounds Expansion.esp_SRD.yaml -> Nordic Winds.esp_SRD.yaml
	D65|WildwoodEchoes.esp
		Flags  -> WildwoodEchoes.esp_SRD.yaml
		Chance  -> WildwoodEchoes.esp_SRD.yaml
	806|Sounds of Towns and Cities.esp
		Flags  -> Sounds of Towns and Cities.esp_SRD.yaml
		Chance  -> Sounds of Towns and Cities.esp_SRD.yaml
	820|Regional Sounds Expansion.esp
		Flags  -> Regional Sounds Expansion.esp_SRD.yaml
		Chance  -> Regional Sounds Expansion.esp_SRD.yaml
	D66|WildwoodEchoes.esp
		Flags  -> WildwoodEchoes.esp_SRD.yaml
		Chance  -> WildwoodEchoes.esp_SRD.yaml
	D64|WildwoodEchoes.esp
		Flags  -> WildwoodEchoes.esp_SRD.yaml
		Chance  -> WildwoodEchoes.esp_SRD.yaml
	807|Sounds of Towns and Cities.esp
		Flags  -> Sounds of Towns and Cities.esp_SRD.yaml
		Chance  -> Sounds of Towns and Cities.esp_SRD.yaml
	1646C|Regional Sounds Expansion.esp
		Flags  -> Regional Sounds Expansion.esp_SRD.yaml -> Nordic Winds.esp_SRD.yaml
		Chance  -> Regional Sounds Expansion.esp_SRD.yaml -> Nordic Winds.esp_SRD.yaml
	830|Regional Sounds Expansion.esp
		Flags  -> Regional Sounds Expansion.esp_SRD.yaml
		Chance  -> Regional Sounds Expansion.esp_SRD.yaml
	D6E|WildwoodEchoes.esp
		Flags  -> WildwoodEchoes.esp_SRD.yaml
		Chance  -> WildwoodEchoes.esp_SRD.yaml
	81187|Regional Sounds Expansion.esp
		Flags  -> Regional Sounds Expansion.esp_SRD.yaml
		Chance  -> Regional Sounds Expansion.esp_SRD.yaml
	D6C|WildwoodEchoes.esp
		Flags  -> WildwoodEchoes.esp_SRD.yaml
		Chance  -> WildwoodEchoes.esp_SRD.yaml
	8F3E0|Regional Sounds Expansion.esp
		Flags  -> Regional Sounds Expansion.esp_SRD.yaml
		Chance  -> Regional Sounds Expansion.esp_SRD.yaml
	8F3E1|Regional Sounds Expansion.esp
		Flags  -> Regional Sounds Expansion.esp_SRD.yaml
		Chance  -> Regional Sounds Expansion.esp_SRD.yaml
	10FD42|Regional Sounds Expansion.esp
		Flags  -> Regional Sounds Expansion.esp_SRD.yaml
		Chance  -> Regional Sounds Expansion.esp_SRD.yaml
	10FD44|Regional Sounds Expansion.esp
		Flags  -> Regional Sounds Expansion.esp_SRD.yaml
		Chance  -> Regional Sounds Expansion.esp_SRD.yaml
	10FD43|Regional Sounds Expansion.esp
		Flags  -> Regional Sounds Expansion.esp_SRD.yaml
		Chance  -> Regional Sounds Expansion.esp_SRD.yaml
	10FD45|Regional Sounds Expansion.esp
		Flags  -> Regional Sounds Expansion.esp_SRD.yaml
		Chance  -> Regional Sounds Expansion.esp_SRD.yaml
	D6F|Ambient Warfare.esp
		Flags  -> Ambient Warfare.esp_SRD.yaml
		Chance  -> Ambient Warfare.esp_SRD.yaml
	D63|WildwoodEchoes.esp
		Flags  -> WildwoodEchoes.esp_SRD.yaml
		Chance  -> WildwoodEchoes.esp_SRD.yaml
	10FD46|Regional Sounds Expansion.esp
		Flags  -> Regional Sounds Expansion.esp_SRD.yaml
		Chance  -> Regional Sounds Expansion.esp_SRD.yaml
	818|Regional Sounds Expansion.esp
		Flags  -> Regional Sounds Expansion.esp_SRD.yaml
		Chance  -> Regional Sounds Expansion.esp_SRD.yaml
	81B|Regional Sounds Expansion.esp
		Flags  -> Regional Sounds Expansion.esp_SRD.yaml
		Chance  -> Regional Sounds Expansion.esp_SRD.yaml
	D66|Ambient Warfare.esp
		Flags  -> Ambient Warfare.esp_SRD.yaml
		Chance  -> Ambient Warfare.esp_SRD.yaml
	D64|Ambient Warfare.esp
		Flags  -> Ambient Warfare.esp_SRD.yaml
		Chance  -> Ambient Warfare.esp_SRD.yaml
	82C|Regional Sounds Expansion.esp
		Flags  -> Regional Sounds Expansion.esp_SRD.yaml
		Chance  -> Regional Sounds Expansion.esp_SRD.yaml
	D98|WildwoodEchoes.esp
		Flags  -> WildwoodEchoes.esp_SRD.yaml
		Chance  -> WildwoodEchoes.esp_SRD.yaml
	81C|Regional Sounds Expansion.esp
		Flags  -> Regional Sounds Expansion.esp_SRD.yaml
		Chance  -> Regional Sounds Expansion.esp_SRD.yaml
	D9B|WildwoodEchoes.esp
		Flags  -> WildwoodEchoes.esp_SRD.yaml
		Chance  -> WildwoodEchoes.esp_SRD.yaml
	81F|Regional Sounds Expansion.esp
		Flags  -> Regional Sounds Expansion.esp_SRD.yaml
		Chance  -> Regional Sounds Expansion.esp_SRD.yaml
	804|MurderOfSongbirds.esp
		Flags  -> MurderOfSongbirds.esp_SRD.yaml
		Chance  -> MurderOfSongbirds.esp_SRD.yaml
	831|Regional Sounds Expansion.esp
		Flags  -> Regional Sounds Expansion.esp_SRD.yaml
		Chance  -> Regional Sounds Expansion.esp_SRD.yaml
	D6A|WildwoodEchoes.esp
		Flags  -> WildwoodEchoes.esp_SRD.yaml
		Chance  -> WildwoodEchoes.esp_SRD.yaml
	833|Regional Sounds Expansion.esp
		Flags  -> Regional Sounds Expansion.esp_SRD.yaml
		Chance  -> Regional Sounds Expansion.esp_SRD.yaml
	832|Regional Sounds Expansion.esp
		Flags  -> Regional Sounds Expansion.esp_SRD.yaml
		Chance  -> Regional Sounds Expansion.esp_SRD.yaml
	D70|WildwoodEchoes.esp
		Flags  -> WildwoodEchoes.esp_SRD.yaml
		Chance  -> WildwoodEchoes.esp_SRD.yaml
	860|Regional Sounds Expansion.esp
		Flags  -> Regional Sounds Expansion.esp_SRD.yaml
		Chance  -> Regional Sounds Expansion.esp_SRD.yaml
	863|Regional Sounds Expansion.esp
		Flags  -> Regional Sounds Expansion.esp_SRD.yaml
		Chance  -> Regional Sounds Expansion.esp_SRD.yaml
	864|Regional Sounds Expansion.esp
		Flags  -> Regional Sounds Expansion.esp_SRD.yaml
		Chance  -> Regional Sounds Expansion.esp_SRD.yaml
	82A|Regional Sounds Expansion.esp
		Flags  -> Regional Sounds Expansion.esp_SRD.yaml
		Chance  -> Regional Sounds Expansion.esp_SRD.yaml
	82B|Regional Sounds Expansion.esp
		Flags  -> Regional Sounds Expansion.esp_SRD.yaml
		Chance  -> Regional Sounds Expansion.esp_SRD.yaml
	D72|WildwoodEchoes.esp
		Flags  -> WildwoodEchoes.esp_SRD.yaml
		Chance  -> WildwoodEchoes.esp_SRD.yaml
	D61|WildwoodEchoes.esp
		Flags  -> WildwoodEchoes.esp_SRD.yaml
		Chance  -> WildwoodEchoes.esp_SRD.yaml
	D62|WildwoodEchoes.esp
		Flags  -> WildwoodEchoes.esp_SRD.yaml
		Chance  -> WildwoodEchoes.esp_SRD.yaml
	D73|WildwoodEchoes.esp
		Flags  -> WildwoodEchoes.esp_SRD.yaml
		Chance  -> WildwoodEchoes.esp_SRD.yaml
	D71|WildwoodEchoes.esp
		Flags  -> WildwoodEchoes.esp_SRD.yaml
		Chance  -> WildwoodEchoes.esp_SRD.yaml
	D67|WildwoodEchoes.esp
		Flags  -> WildwoodEchoes.esp_SRD.yaml
		Chance  -> WildwoodEchoes.esp_SRD.yaml
	D68|WildwoodEchoes.esp
		Flags  -> WildwoodEchoes.esp_SRD.yaml
		Chance  -> WildwoodEchoes.esp_SRD.yaml
	D6B|WildwoodEchoes.esp
		Flags  -> WildwoodEchoes.esp_SRD.yaml
		Chance  -> WildwoodEchoes.esp_SRD.yaml
	D69|WildwoodEchoes.esp
		Flags  -> WildwoodEchoes.esp_SRD.yaml
		Chance  -> WildwoodEchoes.esp_SRD.yaml
	D6D|WildwoodEchoes.esp
		Flags  -> WildwoodEchoes.esp_SRD.yaml
		Chance  -> WildwoodEchoes.esp_SRD.yaml
	D6F|WildwoodEchoes.esp
		Flags  -> WildwoodEchoes.esp_SRD.yaml
		Chance  -> WildwoodEchoes.esp_SRD.yaml
	D99|WildwoodEchoes.esp
		Flags  -> WildwoodEchoes.esp_SRD.yaml
		Chance  -> WildwoodEchoes.esp_SRD.yaml
	D74|WildwoodEchoes.esp
		Flags  -> WildwoodEchoes.esp_SRD.yaml
		Chance  -> WildwoodEchoes.esp_SRD.yaml
	D9A|WildwoodEchoes.esp
		Flags  -> WildwoodEchoes.esp_SRD.yaml
		Chance  -> WildwoodEchoes.esp_SRD.yaml
	800|MurderOfSongbirds.esp
		Flags  -> MurderOfSongbirds.esp_SRD.yaml
		Chance  -> MurderOfSongbirds.esp_SRD.yaml
	803|MurderOfSongbirds.esp
		Flags  -> MurderOfSongbirds.esp_SRD.yaml
		Chance  -> MurderOfSongbirds.esp_SRD.yaml
	805|MurderOfSongbirds.esp
		Flags  -> MurderOfSongbirds.esp_SRD.yaml
		Chance  -> MurderOfSongbirds.esp_SRD.yaml
	801|MurderOfSongbirds.esp
		Flags  -> MurderOfSongbirds.esp_SRD.yaml
		Chance  -> MurderOfSongbirds.esp_SRD.yaml
	80C|MurderOfSongbirds.esp
		Flags  -> MurderOfSongbirds.esp_SRD.yaml
		Chance  -> MurderOfSongbirds.esp_SRD.yaml
	800|Ambient Warfare.esp
		Flags  -> Ambient Warfare.esp_SRD.yaml
		Chance  -> Ambient Warfare.esp_SRD.yaml
	D63|Ambient Warfare.esp
		Flags  -> Ambient Warfare.esp_SRD.yaml
		Chance  -> Ambient Warfare.esp_SRD.yaml
	D65|Ambient Warfare.esp
		Flags  -> Ambient Warfare.esp_SRD.yaml
		Chance  -> Ambient Warfare.esp_SRD.yaml
	D69|Ambient Warfare.esp
		Flags  -> Ambient Warfare.esp_SRD.yaml
		Chance  -> Ambient Warfare.esp_SRD.yaml
	D67|Ambient Warfare.esp
		Flags  -> Ambient Warfare.esp_SRD.yaml
		Chance  -> Ambient Warfare.esp_SRD.yaml
	D68|Ambient Warfare.esp
		Flags  -> Ambient Warfare.esp_SRD.yaml
		Chance  -> Ambient Warfare.esp_SRD.yaml
	D6A|Ambient Warfare.esp
		Flags  -> Ambient Warfare.esp_SRD.yaml
		Chance  -> Ambient Warfare.esp_SRD.yaml
	D6B|Ambient Warfare.esp
		Flags  -> Ambient Warfare.esp_SRD.yaml
		Chance  -> Ambient Warfare.esp_SRD.yaml
	D6C|Ambient Warfare.esp
		Flags  -> Ambient Warfare.esp_SRD.yaml
		Chance  -> Ambient Warfare.esp_SRD.yaml
	D6D|Ambient Warfare.esp
		Flags  -> Ambient Warfare.esp_SRD.yaml
		Chance  -> Ambient Warfare.esp_SRD.yaml
	D6E|Ambient Warfare.esp
		Flags  -> Ambient Warfare.esp_SRD.yaml
		Chance  -> Ambient Warfare.esp_SRD.yaml
	3C709|Regional Sounds Expansion.esp
		Flags  -> Nordic Winds.esp_SRD.yaml
		Chance  -> Nordic Winds.esp_SRD.yaml
	800|Nordic Winds.esp
		Flags  -> Nordic Winds.esp_SRD.yaml
		Chance  -> Nordic Winds.esp_SRD.yaml
	801|Distant Rolling Thunder.esp
		Flags  -> Distant Rolling Thunder.esp_SRD.yaml
		Chance  -> Distant Rolling Thunder.esp_SRD.yaml
	802|Distant Rolling Thunder.esp
		Flags  -> Distant Rolling Thunder.esp_SRD.yaml
		Chance  -> Distant Rolling Thunder.esp_SRD.yaml
	803|Distant Rolling Thunder.esp
		Flags  -> Distant Rolling Thunder.esp_SRD.yaml
		Chance  -> Distant Rolling Thunder.esp_SRD.yaml
	804|Distant Rolling Thunder.esp
		Flags  -> Distant Rolling Thunder.esp_SRD.yaml
		Chance  -> Distant Rolling Thunder.esp_SRD.yaml
	805|Distant Rolling Thunder.esp
		Flags  -> Distant Rolling Thunder.esp_SRD.yaml
		Chance  -> Distant Rolling Thunder.esp_SRD.yaml
	806|Distant Rolling Thunder.esp
		Flags  -> Distant Rolling Thunder.esp_SRD.yaml
		Chance  -> Distant Rolling Thunder.esp_SRD.yaml
	807|Distant Rolling Thunder.esp
		Flags  -> Distant Rolling Thunder.esp_SRD.yaml
		Chance  -> Distant Rolling Thunder.esp_SRD.yaml
	808|Distant Rolling Thunder.esp
		Flags  -> Distant Rolling Thunder.esp_SRD.yaml
		Chance  -> Distant Rolling Thunder.esp_SRD.yaml
	809|Distant Rolling Thunder.esp
		Flags  -> Distant Rolling Thunder.esp_SRD.yaml
		Chance  -> Distant Rolling Thunder.esp_SRD.yaml
	810|Distant Rolling Thunder.esp
		Flags  -> Distant Rolling Thunder.esp_SRD.yaml
		Chance  -> Distant Rolling Thunder.esp_SRD.yaml
	801|Sounds of Towns and Cities.esp
		Flags  -> Sounds of Towns and Cities.esp_SRD.yaml
		Chance  -> Sounds of Towns and Cities.esp_SRD.yaml
	802|Sounds of Towns and Cities.esp
		Flags  -> Sounds of Towns and Cities.esp_SRD.yaml
		Chance  -> Sounds of Towns and Cities.esp_SRD.yaml
	804|Sounds of Towns and Cities.esp
		Flags  -> Sounds of Towns and Cities.esp_SRD.yaml
		Chance  -> Sounds of Towns and Cities.esp_SRD.yaml
	805|Sounds of Towns and Cities.esp
		Flags  -> Sounds of Towns and Cities.esp_SRD.yaml
		Chance  -> Sounds of Towns and Cities.esp_SRD.yaml
	808|Sounds of Towns and Cities.esp
		Flags  -> Sounds of Towns and Cities.esp_SRD.yaml
		Chance  -> Sounds of Towns and Cities.esp_SRD.yaml
	809|Sounds of Towns and Cities.esp
		Flags  -> Sounds of Towns and Cities.esp_SRD.yaml
		Chance  -> Sounds of Towns and Cities.esp_SRD.yaml
	80A|Sounds of Towns and Cities.esp
		Flags  -> Sounds of Towns and Cities.esp_SRD.yaml
		Chance  -> Sounds of Towns and Cities.esp_SRD.yaml
	812|Sounds of Towns and Cities.esp
		Flags  -> Sounds of Towns and Cities.esp_SRD.yaml
		Chance  -> Sounds of Towns and Cities.esp_SRD.yaml
	813|Sounds of Towns and Cities.esp
		Flags  -> Sounds of Towns and Cities.esp_SRD.yaml
		Chance  -> Sounds of Towns and Cities.esp_SRD.yaml
	816|Sounds of Towns and Cities.esp
		Flags  -> Sounds of Towns and Cities.esp_SRD.yaml
		Chance  -> Sounds of Towns and Cities.esp_SRD.yaml
	817|Sounds of Towns and Cities.esp
		Flags  -> Sounds of Towns and Cities.esp_SRD.yaml
		Chance  -> Sounds of Towns and Cities.esp_SRD.yaml
	818|Sounds of Towns and Cities.esp
		Flags  -> Sounds of Towns and Cities.esp_SRD.yaml
		Chance  -> Sounds of Towns and Cities.esp_SRD.yaml
	844|Sounds of Towns and Cities.esp
		Flags  -> Sounds of Towns and Cities.esp_SRD.yaml
		Chance  -> Sounds of Towns and Cities.esp_SRD.yaml
	845|Sounds of Towns and Cities.esp
		Flags  -> Sounds of Towns and Cities.esp_SRD.yaml
		Chance  -> Sounds of Towns and Cities.esp_SRD.yaml
	847|Sounds of Towns and Cities.esp
		Flags  -> Sounds of Towns and Cities.esp_SRD.yaml
		Chance  -> Sounds of Towns and Cities.esp_SRD.yaml

D78C0|Skyrim.esm
	D78C1|Reverb Interior Sounds Expansion.esp
		Flags  -> Reverb Interior Sounds Expansion.esp_SRD.yaml
		Chance  -> Reverb Interior Sounds Expansion.esp_SRD.yaml
	805|Reverb Interior Sounds Expansion.esp
		Flags  -> Reverb Interior Sounds Expansion.esp_SRD.yaml
		Chance  -> Reverb Interior Sounds Expansion.esp_SRD.yaml
	804|Reverb Interior Sounds Expansion.esp
		Flags  -> Reverb Interior Sounds Expansion.esp_SRD.yaml
		Chance  -> Reverb Interior Sounds Expansion.esp_SRD.yaml
	803|Reverb Interior Sounds Expansion.esp
		Flags  -> Reverb Interior Sounds Expansion.esp_SRD.yaml
		Chance  -> Reverb Interior Sounds Expansion.esp_SRD.yaml

39E2F|Dragonborn.esm
	801|Whispering Tomes of Apocrypha.esp
		Flags  -> Whispering Tomes of Apocrypha.esp_SRD.yaml
		Chance  -> Whispering Tomes of Apocrypha.esp_SRD.yaml
	804|Whispering Tomes of Apocrypha.esp
		Flags  -> Whispering Tomes of Apocrypha.esp_SRD.yaml
		Chance  -> Whispering Tomes of Apocrypha.esp_SRD.yaml
	803|Whispering Tomes of Apocrypha.esp
		Flags  -> Whispering Tomes of Apocrypha.esp_SRD.yaml
		Chance  -> Whispering Tomes of Apocrypha.esp_SRD.yaml
	802|Whispering Tomes of Apocrypha.esp
		Flags  -> Whispering Tomes of Apocrypha.esp_SRD.yaml
		Chance  -> Whispering Tomes of Apocrypha.esp_SRD.yaml
	806|Whispering Tomes of Apocrypha.esp
		Flags  -> Whispering Tomes of Apocrypha.esp_SRD.yaml
		Chance  -> Whispering Tomes of Apocrypha.esp_SRD.yaml
	805|Whispering Tomes of Apocrypha.esp
		Flags  -> Whispering Tomes of Apocrypha.esp_SRD.yaml
		Chance  -> Whispering Tomes of Apocrypha.esp_SRD.yaml
	808|Whispering Tomes of Apocrypha.esp
		Flags  -> Whispering Tomes of Apocrypha.esp_SRD.yaml
		Chance  -> Whispering Tomes of Apocrypha.esp_SRD.yaml
	809|Whispering Tomes of Apocrypha.esp
		Flags  -> Whispering Tomes of Apocrypha.esp_SRD.yaml
		Chance  -> Whispering Tomes of Apocrypha.esp_SRD.yaml
	807|Whispering Tomes of Apocrypha.esp
		Flags  -> Whispering Tomes of Apocrypha.esp_SRD.yaml
		Chance  -> Whispering Tomes of Apocrypha.esp_SRD.yaml
	80A|Whispering Tomes of Apocrypha.esp
		Flags  -> Whispering Tomes of Apocrypha.esp_SRD.yaml
		Chance  -> Whispering Tomes of Apocrypha.esp_SRD.yaml

EA260|Dawnguard.esm
	801|MurderOfSongbirds.esp
		Flags  -> MurderOfSongbirds.esp_SRD.yaml
		Chance  -> MurderOfSongbirds.esp_SRD.yaml
	804|MurderOfSongbirds.esp
		Flags  -> MurderOfSongbirds.esp_SRD.yaml
		Chance  -> MurderOfSongbirds.esp_SRD.yaml
	3E602|Regional Sounds Expansion.esp
		Flags  -> Nordic Winds.esp_SRD.yaml
		Chance  -> Nordic Winds.esp_SRD.yaml
	806|Distant Rolling Thunder.esp
		Flags  -> Distant Rolling Thunder.esp_SRD.yaml
		Chance  -> Distant Rolling Thunder.esp_SRD.yaml
	80C|MurderOfSongbirds.esp
		Flags  -> MurderOfSongbirds.esp_SRD.yaml
		Chance  -> MurderOfSongbirds.esp_SRD.yaml
	807|Distant Rolling Thunder.esp
		Flags  -> Distant Rolling Thunder.esp_SRD.yaml
		Chance  -> Distant Rolling Thunder.esp_SRD.yaml
	80B|MurderOfSongbirds.esp
		Flags  -> MurderOfSongbirds.esp_SRD.yaml
		Chance  -> MurderOfSongbirds.esp_SRD.yaml
	809|Distant Rolling Thunder.esp
		Flags  -> Distant Rolling Thunder.esp_SRD.yaml
		Chance  -> Distant Rolling Thunder.esp_SRD.yaml
	80F|Nordic Winds.esp
		Flags  -> Nordic Winds.esp_SRD.yaml
		Chance  -> Nordic Winds.esp_SRD.yaml
	80D|MurderOfSongbirds.esp
		Flags  -> MurderOfSongbirds.esp_SRD.yaml
		Chance  -> MurderOfSongbirds.esp_SRD.yaml
	CF2C7|Regional Sounds Expansion.esp
		Flags  -> Nordic Winds.esp_SRD.yaml
		Chance  -> Nordic Winds.esp_SRD.yaml
	CF2CA|Regional Sounds Expansion.esp
		Flags  -> Nordic Winds.esp_SRD.yaml
		Chance  -> Nordic Winds.esp_SRD.yaml
	801|Distant Rolling Thunder.esp
		Flags  -> Distant Rolling Thunder.esp_SRD.yaml
		Chance  -> Distant Rolling Thunder.esp_SRD.yaml
	802|Distant Rolling Thunder.esp
		Flags  -> Distant Rolling Thunder.esp_SRD.yaml
		Chance  -> Distant Rolling Thunder.esp_SRD.yaml
	805|Distant Rolling Thunder.esp
		Flags  -> Distant Rolling Thunder.esp_SRD.yaml
		Chance  -> Distant Rolling Thunder.esp_SRD.yaml
	803|Distant Rolling Thunder.esp
		Flags  -> Distant Rolling Thunder.esp_SRD.yaml
		Chance  -> Distant Rolling Thunder.esp_SRD.yaml
	804|Distant Rolling Thunder.esp
		Flags  -> Distant Rolling Thunder.esp_SRD.yaml
		Chance  -> Distant Rolling Thunder.esp_SRD.yaml
	810|Distant Rolling Thunder.esp
		Flags  -> Distant Rolling Thunder.esp_SRD.yaml
		Chance  -> Distant Rolling Thunder.esp_SRD.yaml
	808|Distant Rolling Thunder.esp
		Flags  -> Distant Rolling Thunder.esp_SRD.yaml
		Chance  -> Distant Rolling Thunder.esp_SRD.yaml

104AB3|Skyrim.esm
	801|MurderOfSongbirds.esp
		Flags  -> MurderOfSongbirds.esp_SRD.yaml
		Chance  -> MurderOfSongbirds.esp_SRD.yaml
	804|MurderOfSongbirds.esp
		Flags  -> MurderOfSongbirds.esp_SRD.yaml
		Chance  -> MurderOfSongbirds.esp_SRD.yaml
	806|Distant Rolling Thunder.esp
		Flags  -> Distant Rolling Thunder.esp_SRD.yaml
		Chance  -> Distant Rolling Thunder.esp_SRD.yaml
	80C|MurderOfSongbirds.esp
		Flags  -> MurderOfSongbirds.esp_SRD.yaml
		Chance  -> MurderOfSongbirds.esp_SRD.yaml
	807|Distant Rolling Thunder.esp
		Flags  -> Distant Rolling Thunder.esp_SRD.yaml
		Chance  -> Distant Rolling Thunder.esp_SRD.yaml
	80B|MurderOfSongbirds.esp
		Flags  -> MurderOfSongbirds.esp_SRD.yaml
		Chance  -> MurderOfSongbirds.esp_SRD.yaml
	809|Distant Rolling Thunder.esp
		Flags  -> Distant Rolling Thunder.esp_SRD.yaml
		Chance  -> Distant Rolling Thunder.esp_SRD.yaml
	80D|MurderOfSongbirds.esp
		Flags  -> MurderOfSongbirds.esp_SRD.yaml
		Chance  -> MurderOfSongbirds.esp_SRD.yaml
	810|Nordic Winds.esp
		Flags  -> Nordic Winds.esp_SRD.yaml
		Chance  -> Nordic Winds.esp_SRD.yaml
	802|Distant Rolling Thunder.esp
		Flags  -> Distant Rolling Thunder.esp_SRD.yaml
		Chance  -> Distant Rolling Thunder.esp_SRD.yaml
	801|Distant Rolling Thunder.esp
		Flags  -> Distant Rolling Thunder.esp_SRD.yaml
		Chance  -> Distant Rolling Thunder.esp_SRD.yaml
	805|Distant Rolling Thunder.esp
		Flags  -> Distant Rolling Thunder.esp_SRD.yaml
		Chance  -> Distant Rolling Thunder.esp_SRD.yaml
	803|Distant Rolling Thunder.esp
		Flags  -> Distant Rolling Thunder.esp_SRD.yaml
		Chance  -> Distant Rolling Thunder.esp_SRD.yaml
	804|Distant Rolling Thunder.esp
		Flags  -> Distant Rolling Thunder.esp_SRD.yaml
		Chance  -> Distant Rolling Thunder.esp_SRD.yaml
	810|Distant Rolling Thunder.esp
		Flags  -> Distant Rolling Thunder.esp_SRD.yaml
		Chance  -> Distant Rolling Thunder.esp_SRD.yaml
	808|Distant Rolling Thunder.esp
		Flags  -> Distant Rolling Thunder.esp_SRD.yaml
		Chance  -> Distant Rolling Thunder.esp_SRD.yaml

18681|Nolvus Awakening Weather Patch.esp
	195C1|Regional Sounds Expansion.esp
		Flags  -> Solstheim Exterior Soundscapes.esp_SRD.yaml
		Chance  -> Solstheim Exterior Soundscapes.esp_SRD.yaml
	1E28D|Dragonborn.esm
		Flags  -> Solstheim Exterior Soundscapes.esp_SRD.yaml
		Chance  -> Solstheim Exterior Soundscapes.esp_SRD.yaml
	195C2|Regional Sounds Expansion.esp
		Flags  -> Solstheim Exterior Soundscapes.esp_SRD.yaml
		Chance  -> Solstheim Exterior Soundscapes.esp_SRD.yaml
	383C1|Regional Sounds Expansion.esp
		Flags  -> Solstheim Exterior Soundscapes.esp_SRD.yaml
		Chance  -> Solstheim Exterior Soundscapes.esp_SRD.yaml
	1E0C3|Immersive Sounds - Compendium.esp
		Flags  -> Solstheim Exterior Soundscapes.esp_SRD.yaml
		Chance  -> Solstheim Exterior Soundscapes.esp_SRD.yaml
	802|Solstheim Exterior Soundscapes.esp
		Flags  -> Solstheim Exterior Soundscapes.esp_SRD.yaml
		Chance  -> Solstheim Exterior Soundscapes.esp_SRD.yaml
	804|Solstheim Exterior Soundscapes.esp
		Flags  -> Solstheim Exterior Soundscapes.esp_SRD.yaml
		Chance  -> Solstheim Exterior Soundscapes.esp_SRD.yaml
	805|Solstheim Exterior Soundscapes.esp
		Flags  -> Solstheim Exterior Soundscapes.esp_SRD.yaml
		Chance  -> Solstheim Exterior Soundscapes.esp_SRD.yaml
	803|Solstheim Exterior Soundscapes.esp
		Flags  -> Solstheim Exterior Soundscapes.esp_SRD.yaml
		Chance  -> Solstheim Exterior Soundscapes.esp_SRD.yaml
	806|Solstheim Exterior Soundscapes.esp
		Flags  -> Solstheim Exterior Soundscapes.esp_SRD.yaml
		Chance  -> Solstheim Exterior Soundscapes.esp_SRD.yaml
	807|Solstheim Exterior Soundscapes.esp
		Flags  -> Solstheim Exterior Soundscapes.esp_SRD.yaml
		Chance  -> Solstheim Exterior Soundscapes.esp_SRD.yaml
	80A|Solstheim Exterior Soundscapes.esp
		Flags  -> Solstheim Exterior Soundscapes.esp_SRD.yaml
		Chance  -> Solstheim Exterior Soundscapes.esp_SRD.yaml
	808|Solstheim Exterior Soundscapes.esp
		Flags  -> Solstheim Exterior Soundscapes.esp_SRD.yaml
		Chance  -> Solstheim Exterior Soundscapes.esp_SRD.yaml
	809|Solstheim Exterior Soundscapes.esp
		Flags  -> Solstheim Exterior Soundscapes.esp_SRD.yaml
		Chance  -> Solstheim Exterior Soundscapes.esp_SRD.yaml
	80B|Solstheim Exterior Soundscapes.esp
		Flags  -> Solstheim Exterior Soundscapes.esp_SRD.yaml
		Chance  -> Solstheim Exterior Soundscapes.esp_SRD.yaml

1EF70|Seasonal Weathers Framework - NAT-ENB III.esp
	195C1|Regional Sounds Expansion.esp
		Flags  -> Solstheim Exterior Soundscapes.esp_SRD.yaml
		Chance  -> Solstheim Exterior Soundscapes.esp_SRD.yaml
	1E28D|Dragonborn.esm
		Flags  -> Solstheim Exterior Soundscapes.esp_SRD.yaml
		Chance  -> Solstheim Exterior Soundscapes.esp_SRD.yaml
	195C2|Regional Sounds Expansion.esp
		Flags  -> Solstheim Exterior Soundscapes.esp_SRD.yaml
		Chance  -> Solstheim Exterior Soundscapes.esp_SRD.yaml
	383C1|Regional Sounds Expansion.esp
		Flags  -> Solstheim Exterior Soundscapes.esp_SRD.yaml
		Chance  -> Solstheim Exterior Soundscapes.esp_SRD.yaml
	1E0C3|Immersive Sounds - Compendium.esp
		Flags  -> Solstheim Exterior Soundscapes.esp_SRD.yaml
		Chance  -> Solstheim Exterior Soundscapes.esp_SRD.yaml
	802|Solstheim Exterior Soundscapes.esp
		Flags  -> Solstheim Exterior Soundscapes.esp_SRD.yaml
		Chance  -> Solstheim Exterior Soundscapes.esp_SRD.yaml
	804|Solstheim Exterior Soundscapes.esp
		Flags  -> Solstheim Exterior Soundscapes.esp_SRD.yaml
		Chance  -> Solstheim Exterior Soundscapes.esp_SRD.yaml
	805|Solstheim Exterior Soundscapes.esp
		Flags  -> Solstheim Exterior Soundscapes.esp_SRD.yaml
		Chance  -> Solstheim Exterior Soundscapes.esp_SRD.yaml
	803|Solstheim Exterior Soundscapes.esp
		Flags  -> Solstheim Exterior Soundscapes.esp_SRD.yaml
		Chance  -> Solstheim Exterior Soundscapes.esp_SRD.yaml
	806|Solstheim Exterior Soundscapes.esp
		Flags  -> Solstheim Exterior Soundscapes.esp_SRD.yaml
		Chance  -> Solstheim Exterior Soundscapes.esp_SRD.yaml
	807|Solstheim Exterior Soundscapes.esp
		Flags  -> Solstheim Exterior Soundscapes.esp_SRD.yaml
		Chance  -> Solstheim Exterior Soundscapes.esp_SRD.yaml
	80A|Solstheim Exterior Soundscapes.esp
		Flags  -> Solstheim Exterior Soundscapes.esp_SRD.yaml
		Chance  -> Solstheim Exterior Soundscapes.esp_SRD.yaml
	808|Solstheim Exterior Soundscapes.esp
		Flags  -> Solstheim Exterior Soundscapes.esp_SRD.yaml
		Chance  -> Solstheim Exterior Soundscapes.esp_SRD.yaml
	809|Solstheim Exterior Soundscapes.esp
		Flags  -> Solstheim Exterior Soundscapes.esp_SRD.yaml
		Chance  -> Solstheim Exterior Soundscapes.esp_SRD.yaml
	80B|Solstheim Exterior Soundscapes.esp
		Flags  -> Solstheim Exterior Soundscapes.esp_SRD.yaml
		Chance  -> Solstheim Exterior Soundscapes.esp_SRD.yaml

29F3B|Seasonal Weathers Framework - NAT-ENB III.esp
	80B|Solstheim Exterior Soundscapes.esp
		Flags  -> Solstheim Exterior Soundscapes.esp_SRD.yaml
		Chance  -> Solstheim Exterior Soundscapes.esp_SRD.yaml
	809|Solstheim Exterior Soundscapes.esp
		Flags  -> Solstheim Exterior Soundscapes.esp_SRD.yaml
		Chance  -> Solstheim Exterior Soundscapes.esp_SRD.yaml
	808|Solstheim Exterior Soundscapes.esp
		Flags  -> Solstheim Exterior Soundscapes.esp_SRD.yaml
		Chance  -> Solstheim Exterior Soundscapes.esp_SRD.yaml
	1E0C3|Immersive Sounds - Compendium.esp
		Flags  -> Solstheim Exterior Soundscapes.esp_SRD.yaml
		Chance  -> Solstheim Exterior Soundscapes.esp_SRD.yaml
	805|Solstheim Exterior Soundscapes.esp
		Flags  -> Solstheim Exterior Soundscapes.esp_SRD.yaml
		Chance  -> Solstheim Exterior Soundscapes.esp_SRD.yaml
	804|Solstheim Exterior Soundscapes.esp
		Flags  -> Solstheim Exterior Soundscapes.esp_SRD.yaml
		Chance  -> Solstheim Exterior Soundscapes.esp_SRD.yaml
	803|Solstheim Exterior Soundscapes.esp
		Flags  -> Solstheim Exterior Soundscapes.esp_SRD.yaml
		Chance  -> Solstheim Exterior Soundscapes.esp_SRD.yaml

2ADC6|Seasonal Weathers Framework - NAT-ENB III.esp
	80B|Solstheim Exterior Soundscapes.esp
		Flags  -> Solstheim Exterior Soundscapes.esp_SRD.yaml
		Chance  -> Solstheim Exterior Soundscapes.esp_SRD.yaml
	809|Solstheim Exterior Soundscapes.esp
		Flags  -> Solstheim Exterior Soundscapes.esp_SRD.yaml
		Chance  -> Solstheim Exterior Soundscapes.esp_SRD.yaml
	808|Solstheim Exterior Soundscapes.esp
		Flags  -> Solstheim Exterior Soundscapes.esp_SRD.yaml
		Chance  -> Solstheim Exterior Soundscapes.esp_SRD.yaml
	1E0C3|Immersive Sounds - Compendium.esp
		Flags  -> Solstheim Exterior Soundscapes.esp_SRD.yaml
		Chance  -> Solstheim Exterior Soundscapes.esp_SRD.yaml
	805|Solstheim Exterior Soundscapes.esp
		Flags  -> Solstheim Exterior Soundscapes.esp_SRD.yaml
		Chance  -> Solstheim Exterior Soundscapes.esp_SRD.yaml
	804|Solstheim Exterior Soundscapes.esp
		Flags  -> Solstheim Exterior Soundscapes.esp_SRD.yaml
		Chance  -> Solstheim Exterior Soundscapes.esp_SRD.yaml
	803|Solstheim Exterior Soundscapes.esp
		Flags  -> Solstheim Exterior Soundscapes.esp_SRD.yaml
		Chance  -> Solstheim Exterior Soundscapes.esp_SRD.yaml

48C2E|Skyrim.esm
	10EE73|Regional Sounds Expansion.esp
		Flags  -> BlackreachEerieAmbience_SRD.yaml
		Chance  -> BlackreachEerieAmbience_SRD.yaml
	D61|BlackreachEerieAmbience.esp
		Flags  -> BlackreachEerieAmbience_SRD.yaml
		Chance  -> BlackreachEerieAmbience_SRD.yaml
	D63|BlackreachEerieAmbience.esp
		Flags  -> BlackreachEerieAmbience_SRD.yaml
		Chance  -> BlackreachEerieAmbience_SRD.yaml
	D62|BlackreachEerieAmbience.esp
		Flags  -> BlackreachEerieAmbience_SRD.yaml
		Chance  -> BlackreachEerieAmbience_SRD.yaml
	D64|BlackreachEerieAmbience.esp
		Flags  -> BlackreachEerieAmbience_SRD.yaml
		Chance  -> BlackreachEerieAmbience_SRD.yaml
	D66|BlackreachEerieAmbience.esp
		Flags  -> BlackreachEerieAmbience_SRD.yaml
		Chance  -> BlackreachEerieAmbience_SRD.yaml
	D65|BlackreachEerieAmbience.esp
		Flags  -> BlackreachEerieAmbience_SRD.yaml
		Chance  -> BlackreachEerieAmbience_SRD.yaml
	D68|BlackreachEerieAmbience.esp
		Flags  -> BlackreachEerieAmbience_SRD.yaml
		Chance  -> BlackreachEerieAmbience_SRD.yaml
	D67|BlackreachEerieAmbience.esp
		Flags  -> BlackreachEerieAmbience_SRD.yaml
		Chance  -> BlackreachEerieAmbience_SRD.yaml
	D6B|BlackreachEerieAmbience.esp
		Flags  -> BlackreachEerieAmbience_SRD.yaml
		Chance  -> BlackreachEerieAmbience_SRD.yaml
	D69|BlackreachEerieAmbience.esp
		Flags  -> BlackreachEerieAmbience_SRD.yaml
		Chance  -> BlackreachEerieAmbience_SRD.yaml
	D6A|BlackreachEerieAmbience.esp
		Flags  -> BlackreachEerieAmbience_SRD.yaml
		Chance  -> BlackreachEerieAmbience_SRD.yaml
	D6E|BlackreachEerieAmbience.esp
		Flags  -> BlackreachEerieAmbience_SRD.yaml
		Chance  -> BlackreachEerieAmbience_SRD.yaml
	D6C|BlackreachEerieAmbience.esp
		Flags  -> BlackreachEerieAmbience_SRD.yaml
		Chance  -> BlackreachEerieAmbience_SRD.yaml
	D6D|BlackreachEerieAmbience.esp
		Flags  -> BlackreachEerieAmbience_SRD.yaml
		Chance  -> BlackreachEerieAmbience_SRD.yaml
	10DA01|Regional Sounds Expansion.esp
		Flags  -> BlackreachEerieAmbience_SRD.yaml
		Chance  -> BlackreachEerieAmbience_SRD.yaml
	10DA02|Regional Sounds Expansion.esp
		Flags  -> BlackreachEerieAmbience_SRD.yaml
		Chance  -> BlackreachEerieAmbience_SRD.yaml

13CA9|Vokriinator Black.esp
	Release  -> Audio Overhaul Skyrim.esp_Magic_Base_SRD.yaml

7F82F|Thunderchild - Epic Shout Package.esp
	Release  -> Audio Overhaul Skyrim.esp_Magic_Base_SRD.yaml -> Audio Overhaul Skyrim.esp_Magic_Base_SRD.yaml
	On Hit  -> Audio Overhaul Skyrim.esp_Magic_Base_SRD.yaml -> Audio Overhaul Skyrim.esp_Magic_Base_SRD.yaml

13CAA|Vokriinator Black.esp
	Release  -> Audio Overhaul Skyrim.esp_Magic_Base_SRD.yaml

13CAB|Vokriinator Black.esp
	Release  -> Audio Overhaul Skyrim.esp_Magic_Base_SRD.yaml

7F82E|Thunderchild - Epic Shout Package.esp
	Release  -> Audio Overhaul Skyrim.esp_Magic_Base_SRD.yaml
	On Hit  -> Audio Overhaul Skyrim.esp_Magic_Base_SRD.yaml

665BB|Skyrim.esm
	Interior  -> Audio Overhaul Skyrim.esp_Magic_Base_SRD.yaml
	Exterior  -> Audio Overhaul Skyrim.esp_Magic_Base_SRD.yaml

F392F|Ordinator - Perks of Skyrim.esp
	On Hit  -> Audio Overhaul Skyrim.esp_Magic_Base_SRD.yaml

47DBD6|Adamant.esp
	Interior  -> Audio Overhaul Skyrim.esp_Magic_ModSupport_SRD.yaml
	Exterior  -> Audio Overhaul Skyrim.esp_Magic_ModSupport_SRD.yaml

3EEB18|ImmersiveSoundsCompendium_CCOR_Patch.esp
	Pick Up  -> CompleteCraftingOverhaulRemastered - ISC Patch_SRD.yaml
	Put Down  -> CompleteCraftingOverhaulRemastered - ISC Patch_SRD.yaml

30021|ImmersiveSoundsCompendium_CCOR_Patch.esp
	Pick Up  -> CompleteCraftingOverhaulRemastered - ISC Patch_SRD.yaml
	Put Down  -> CompleteCraftingOverhaulRemastered - ISC Patch_SRD.yaml

73271|Skyrim.esm
	Interior  -> Audio Overhaul Skyrim.esp_Magic_Base_SRD.yaml
	Exterior  -> Audio Overhaul Skyrim.esp_Magic_Base_SRD.yaml

801|Unofficial Skyrim Creation Club Content Patch.esl
	Impact Data Set  -> Audio Overhaul Skyrim.esp_Weapons_Base_SRD.yaml
	Equip  -> Audio Overhaul Skyrim.esp_Weapons_Base_SRD.yaml
	Unequip  -> Audio Overhaul Skyrim.esp_Weapons_Base_SRD.yaml

105CFF|Skyrim.esm
	Interior  -> Audio Overhaul Skyrim.esp_Magic_Base_SRD.yaml

79B1D|JS Unique Utopia SE - Daggers - LOTD Patch.esp
	Impact Data Set  -> Audio Overhaul Skyrim.esp_Weapons_Base_SRD.yaml
	Equip  -> Audio Overhaul Skyrim.esp_Weapons_Base_SRD.yaml
	Unequip  -> Audio Overhaul Skyrim.esp_Weapons_Base_SRD.yaml

1074FD|Skyrim.esm
	Interior  -> Audio Overhaul Skyrim.esp_Magic_Base_SRD.yaml
	Exterior  -> Audio Overhaul Skyrim.esp_Magic_Base_SRD.yaml

4F6295|ImmersiveSoundsCompendium_CCOR_Patch.esp
	Pick Up  -> CompleteCraftingOverhaulRemastered - ISC Patch_SRD.yaml

30026|ImmersiveSoundsCompendium_CCOR_Patch.esp
	Pick Up  -> CompleteCraftingOverhaulRemastered - ISC Patch_SRD.yaml
	Put Down  -> CompleteCraftingOverhaulRemastered - ISC Patch_SRD.yaml

10FE9F|Skyrim.esm
	Interior  -> Audio Overhaul Skyrim.esp_Magic_Base_SRD.yaml
	Exterior  -> Audio Overhaul Skyrim.esp_Magic_Base_SRD.yaml

47DBBD|MysticismMagic.esp
	Interior  -> Audio Overhaul Skyrim.esp_Magic_ModSupport_SRD.yaml
	Exterior  -> Audio Overhaul Skyrim.esp_Magic_ModSupport_SRD.yaml

1E4DA6|Complete Crafting Overhaul_Remastered.esp
	Footstep  -> CompleteCraftingOverhaulRemastered - ISC Patch_SRD.yaml

1C492|Nolvus Awakening Weapons Patch.esp
	Impact Data Set  -> Audio Overhaul Skyrim.esp_Weapons_Base_SRD.yaml
	Equip  -> Audio Overhaul Skyrim.esp_Weapons_Base_SRD.yaml
	Unequip  -> Audio Overhaul Skyrim.esp_Weapons_Base_SRD.yaml

889AE|Skyrim.esm
	Interior  -> Audio Overhaul Skyrim.esp_Magic_Base_SRD.yaml
	Exterior  -> Audio Overhaul Skyrim.esp_Magic_Base_SRD.yaml

139A6|Weapons Armor Clothing & Clutter Fixes.esp
	Impact Data Set  -> Audio Overhaul Skyrim.esp_Weapons_Base_SRD.yaml

47DBD7|MysticismMagic.esp
	Interior  -> Audio Overhaul Skyrim.esp_Magic_ModSupport_SRD.yaml
	Exterior  -> Audio Overhaul Skyrim.esp_Magic_ModSupport_SRD.yaml

44089|Adamant.esp
	Interior  -> Audio Overhaul Skyrim.esp_Magic_Base_SRD.yaml
	Exterior  -> Audio Overhaul Skyrim.esp_Magic_Base_SRD.yaml

CDEC9|Weapons Armor Clothing & Clutter Fixes.esp
	Impact Data Set  -> Audio Overhaul Skyrim.esp_Weapons_Base_SRD.yaml

47DBD4|Adamant.esp
	Interior  -> Audio Overhaul Skyrim.esp_Magic_ModSupport_SRD.yaml
	Exterior  -> Audio Overhaul Skyrim.esp_Magic_ModSupport_SRD.yaml

6051F|Skyrim.esm
	Interior  -> Audio Overhaul Skyrim.esp_Magic_Base_SRD.yaml
	Exterior  -> Audio Overhaul Skyrim.esp_Magic_Base_SRD.yaml

FBFE9|Skyrim.esm
	Interior  -> Audio Overhaul Skyrim.esp_Magic_Base_SRD.yaml
	Exterior  -> Audio Overhaul Skyrim.esp_Magic_Base_SRD.yaml

60DAF|Skyrim.esm
	Interior  -> Audio Overhaul Skyrim.esp_Magic_Base_SRD.yaml
	Exterior  -> Audio Overhaul Skyrim.esp_Magic_Base_SRD.yaml

16C46|Skyrim.esm
	Interior  -> Audio Overhaul Skyrim.esp_Magic_Base_SRD.yaml

426C8|Weapons Armor Clothing & Clutter Fixes.esp
	Impact Data Set  -> Audio Overhaul Skyrim.esp_Weapons_Base_SRD.yaml
	Equip  -> Audio Overhaul Skyrim.esp_Weapons_Base_SRD.yaml
	Unequip  -> Audio Overhaul Skyrim.esp_Weapons_Base_SRD.yaml

73326|Skyrim.esm
	Interior  -> Audio Overhaul Skyrim.esp_Magic_Base_SRD.yaml
	Exterior  -> Audio Overhaul Skyrim.esp_Magic_Base_SRD.yaml

47DBC6|Adamant.esp
	Interior  -> Audio Overhaul Skyrim.esp_Magic_ModSupport_SRD.yaml
	Exterior  -> Audio Overhaul Skyrim.esp_Magic_ModSupport_SRD.yaml

2DEC|ImmersiveSoundsCompendium_CCOR_Patch.esp
	Pick Up  -> CompleteCraftingOverhaulRemastered - ISC Patch_SRD.yaml

F1189|Skyrim.esm
	Interior  -> Audio Overhaul Skyrim.esp_Magic_Base_SRD.yaml
	Exterior  -> Audio Overhaul Skyrim.esp_Magic_Base_SRD.yaml

73327|Skyrim.esm
	Interior  -> Audio Overhaul Skyrim.esp_Magic_Base_SRD.yaml
	Exterior  -> Audio Overhaul Skyrim.esp_Magic_Base_SRD.yaml

189AD3|ImmersiveSoundsCompendium_CCOR_Patch.esp
	Pick Up  -> CompleteCraftingOverhaulRemastered - ISC Patch_SRD.yaml

73FF0|Skyrim.esm
	Exterior  -> Audio Overhaul Skyrim.esp_Magic_Base_SRD.yaml

D13E8|MysticismMagic.esp
	Interior  -> Audio Overhaul Skyrim.esp_Magic_Base_SRD.yaml
	Exterior  -> Audio Overhaul Skyrim.esp_Magic_Base_SRD.yaml

2DE9|ImmersiveSoundsCompendium_CCOR_Patch.esp
	Pick Up  -> CompleteCraftingOverhaulRemastered - ISC Patch_SRD.yaml

D6C63|Skyrim.esm
	Exterior  -> Audio Overhaul Skyrim.esp_Magic_Base_SRD.yaml

47DBD8|MysticismMagic.esp
	Interior  -> Audio Overhaul Skyrim.esp_Magic_ModSupport_SRD.yaml
	Exterior  -> Audio Overhaul Skyrim.esp_Magic_ModSupport_SRD.yaml

D65D|ImmersiveSoundsCompendium_CCOR_Patch.esp
	Pick Up  -> CompleteCraftingOverhaulRemastered - ISC Patch_SRD.yaml

87B|ccbgssse014-spellpack01.esl
	Exterior  -> Audio Overhaul Skyrim.esp_Magic_Base_SRD.yaml

DC20A|Skyrim.esm
	Interior  -> Audio Overhaul Skyrim.esp_Magic_Base_SRD.yaml

E1530|Skyrim.esm
	Interior  -> Audio Overhaul Skyrim.esp_Magic_Base_SRD.yaml
	Exterior  -> Audio Overhaul Skyrim.esp_Magic_Base_SRD.yaml

E7721|Skyrim.esm
	Interior  -> Audio Overhaul Skyrim.esp_Magic_Base_SRD.yaml

F9B0B|Skyrim.esm
	Interior  -> Audio Overhaul Skyrim.esp_Magic_Base_SRD.yaml
	Exterior  -> Audio Overhaul Skyrim.esp_Magic_Base_SRD.yaml

109E74|Skyrim.esm
	Interior  -> Audio Overhaul Skyrim.esp_Magic_Base_SRD.yaml
	Exterior  -> Audio Overhaul Skyrim.esp_Magic_Base_SRD.yaml

10FBE9|Immersive Sounds - Compendium.esp
	Interior  -> Audio Overhaul Skyrim.esp_Magic_Base_SRD.yaml

189AD7|ImmersiveSoundsCompendium_CCOR_Patch.esp
	Pick Up  -> CompleteCraftingOverhaulRemastered - ISC Patch_SRD.yaml

3EEB0D|ImmersiveSoundsCompendium_CCOR_Patch.esp
	Pick Up  -> CompleteCraftingOverhaulRemastered - ISC Patch_SRD.yaml
	Put Down  -> CompleteCraftingOverhaulRemastered - ISC Patch_SRD.yaml

87A|ccbgssse014-spellpack01.esl
	Exterior  -> Audio Overhaul Skyrim.esp_Magic_Base_SRD.yaml

87C|ccbgssse014-spellpack01.esl
	Exterior  -> Audio Overhaul Skyrim.esp_Magic_Base_SRD.yaml

87E|ccbgssse014-spellpack01.esl
	Exterior  -> Audio Overhaul Skyrim.esp_Magic_Base_SRD.yaml

1398E|Nolvus Awakening Weapons Patch.esp
	Impact Data Set  -> Audio Overhaul Skyrim.esp_Weapons_Base_SRD.yaml
	Equip  -> Audio Overhaul Skyrim.esp_Weapons_Base_SRD.yaml
	Unequip  -> Audio Overhaul Skyrim.esp_Weapons_Base_SRD.yaml

1D7028|Vokriinator Black.esp
	Release  -> Audio Overhaul Skyrim.esp_Magic_ModSupport_SRD.yaml

3B3121|MysticOrdinator.esp
	On Hit  -> Audio Overhaul Skyrim.esp_Magic_ModSupport_SRD.yaml

3EEB0C|ImmersiveSoundsCompendium_CCOR_Patch.esp
	Pick Up  -> CompleteCraftingOverhaulRemastered - ISC Patch_SRD.yaml
	Put Down  -> CompleteCraftingOverhaulRemastered - ISC Patch_SRD.yaml

A08|CC Misc Patches - Saints and Seducers.esp
	Impact Data Set  -> Audio Overhaul Skyrim.esp_Weapons_Base_SRD.yaml
	Equip  -> Audio Overhaul Skyrim.esp_Weapons_Base_SRD.yaml
	Unequip  -> Audio Overhaul Skyrim.esp_Weapons_Base_SRD.yaml

CF9FA6|MysticismMagic.esp
	Interior  -> Audio Overhaul Skyrim.esp_Magic_ModSupport_SRD.yaml
	Exterior  -> Audio Overhaul Skyrim.esp_Magic_ModSupport_SRD.yaml

3EEB20|ImmersiveSoundsCompendium_CCOR_Patch.esp
	Pick Up  -> CompleteCraftingOverhaulRemastered - ISC Patch_SRD.yaml
	Put Down  -> CompleteCraftingOverhaulRemastered - ISC Patch_SRD.yaml

821|CC Misc Patches - Saints and Seducers.esp
	Impact Data Set  -> Audio Overhaul Skyrim.esp_Weapons_Base_SRD.yaml
	Equip  -> Audio Overhaul Skyrim.esp_Weapons_Base_SRD.yaml
	Unequip  -> Audio Overhaul Skyrim.esp_Weapons_Base_SRD.yaml

47DBC4|MysticismMagic.esp
	Interior  -> Audio Overhaul Skyrim.esp_Magic_ModSupport_SRD.yaml
	Exterior  -> Audio Overhaul Skyrim.esp_Magic_ModSupport_SRD.yaml

47DBC7|MysticismMagic.esp
	Interior  -> Audio Overhaul Skyrim.esp_Magic_ModSupport_SRD.yaml
	Exterior  -> Audio Overhaul Skyrim.esp_Magic_ModSupport_SRD.yaml

3857FA|MysticismMagic.esp
	Interior  -> Audio Overhaul Skyrim.esp_Magic_ModSupport_SRD.yaml
	Exterior  -> Audio Overhaul Skyrim.esp_Magic_ModSupport_SRD.yaml

3857F4|MysticismMagic.esp
	Interior  -> Audio Overhaul Skyrim.esp_Magic_ModSupport_SRD.yaml
	Exterior  -> Audio Overhaul Skyrim.esp_Magic_ModSupport_SRD.yaml

77AE2A|DBM_TOK_Patch.esp
	Impact Data Set  -> Audio Overhaul Skyrim.esp_Weapons_ModSupport_SRD.yaml
	Equip  -> Audio Overhaul Skyrim.esp_Weapons_ModSupport_SRD.yaml
	Unequip  -> Audio Overhaul Skyrim.esp_Weapons_ModSupport_SRD.yaml

3857FB|MysticismMagic.esp
	Interior  -> Audio Overhaul Skyrim.esp_Magic_ModSupport_SRD.yaml
	Exterior  -> Audio Overhaul Skyrim.esp_Magic_ModSupport_SRD.yaml

1397E|Weapons Armor Clothing & Clutter Fixes.esp
	Impact Data Set  -> Audio Overhaul Skyrim.esp_Weapons_Base_SRD.yaml

1E4D9C|Complete Crafting Overhaul_Remastered.esp
	Footstep  -> CompleteCraftingOverhaulRemastered - ISC Patch_SRD.yaml

13986|Nolvus Awakening Clothes Patch.esp
	Impact Data Set  -> Audio Overhaul Skyrim.esp_Weapons_Base_SRD.yaml
	Equip  -> Audio Overhaul Skyrim.esp_Weapons_Base_SRD.yaml
	Unequip  -> Audio Overhaul Skyrim.esp_Weapons_Base_SRD.yaml

13996|Weapons Armor Clothing & Clutter Fixes.esp
	Impact Data Set  -> Audio Overhaul Skyrim.esp_Weapons_Base_SRD.yaml
	Equip  -> Audio Overhaul Skyrim.esp_Weapons_Base_SRD.yaml
	Unequip  -> Audio Overhaul Skyrim.esp_Weapons_Base_SRD.yaml

1399E|Weapons Armor Clothing & Clutter Fixes.esp
	Impact Data Set  -> Audio Overhaul Skyrim.esp_Weapons_Base_SRD.yaml
	Equip  -> Audio Overhaul Skyrim.esp_Weapons_Base_SRD.yaml
	Unequip  -> Audio Overhaul Skyrim.esp_Weapons_Base_SRD.yaml

D65C|ImmersiveSoundsCompendium_CCOR_Patch.esp
	Pick Up  -> CompleteCraftingOverhaulRemastered - ISC Patch_SRD.yaml

3EEC48|ImmersiveSoundsCompendium_CCOR_Patch.esp
	Pick Up  -> CompleteCraftingOverhaulRemastered - ISC Patch_SRD.yaml

139AE|Unofficial Skyrim Special Edition Patch.esp
	Impact Data Set  -> Audio Overhaul Skyrim.esp_Weapons_Base_SRD.yaml
	Equip  -> Audio Overhaul Skyrim.esp_Weapons_Base_SRD.yaml
	Unequip  -> Audio Overhaul Skyrim.esp_Weapons_Base_SRD.yaml

139B6|Weapons Armor Clothing & Clutter Fixes.esp
	Impact Data Set  -> Audio Overhaul Skyrim.esp_Weapons_Base_SRD.yaml
	Equip  -> Audio Overhaul Skyrim.esp_Weapons_Base_SRD.yaml
	Unequip  -> Audio Overhaul Skyrim.esp_Weapons_Base_SRD.yaml

3B1EBA|ImmersiveSoundsCompendium_CCOR_Patch.esp
	Pick Up  -> CompleteCraftingOverhaulRemastered - ISC Patch_SRD.yaml

1C1FE|Weapons Armor Clothing & Clutter Fixes.esp
	Impact Data Set  -> Audio Overhaul Skyrim.esp_Weapons_Base_SRD.yaml
	Equip  -> Audio Overhaul Skyrim.esp_Weapons_Base_SRD.yaml
	Unequip  -> Audio Overhaul Skyrim.esp_Weapons_Base_SRD.yaml

91531|AudioOverhaulSkyrim_CCOR_Patch.esp
	Impact Data Set  -> CompleteCraftingOverhaulRemastered - AOS Patch_SRD.yaml

8749C|Beyond Skyrim Bruma_CCOR_Patch.esp
	Impact Data Set  -> Audio Overhaul Skyrim.esp_Weapons_Base_SRD.yaml
	Equip  -> Audio Overhaul Skyrim.esp_Weapons_Base_SRD.yaml
	Unequip  -> Audio Overhaul Skyrim.esp_Weapons_Base_SRD.yaml

240D2|ZIA_Complete Pack.esp
	Impact Data Set  -> Audio Overhaul Skyrim.esp_Weapons_Base_SRD.yaml
	Equip  -> Audio Overhaul Skyrim.esp_Weapons_Base_SRD.yaml
	Unequip  -> Audio Overhaul Skyrim.esp_Weapons_Base_SRD.yaml

43E1E|JS Unique Utopia SE - Daggers - WACCF Patch.esp
	Impact Data Set  -> Audio Overhaul Skyrim.esp_Weapons_Base_SRD.yaml
	Equip  -> Audio Overhaul Skyrim.esp_Weapons_Base_SRD.yaml
	Unequip  -> Audio Overhaul Skyrim.esp_Weapons_Base_SRD.yaml

1E4D9E|Complete Crafting Overhaul_Remastered.esp
	Footstep  -> CompleteCraftingOverhaulRemastered - ISC Patch_SRD.yaml

461DA|Weapons Armor Clothing & Clutter Fixes.esp
	Impact Data Set  -> Audio Overhaul Skyrim.esp_Weapons_Base_SRD.yaml

C334F|CuttingRoomFloor_WACCF_Patch.esp
	Impact Data Set  -> Audio Overhaul Skyrim.esp_Weapons_Base_SRD.yaml

6A13C|ZimsImmersiveArtifacts_WACCF_Patch.esp
	Impact Data Set  -> Audio Overhaul Skyrim.esp_Weapons_Base_SRD.yaml
	Equip  -> Audio Overhaul Skyrim.esp_Weapons_Base_SRD.yaml
	Unequip  -> Audio Overhaul Skyrim.esp_Weapons_Base_SRD.yaml

80F|Wyrmstooth - Craftable Sets.esp
	Impact Data Set  -> WTBrimstoneWyrmstoneArmory - AOS Patch_SRD.yaml

3B1EA4|ImmersiveSoundsCompendium_CCOR_Patch.esp
	Pick Up  -> CompleteCraftingOverhaulRemastered - ISC Patch_SRD.yaml

300056|Beyond Skyrim Bruma_CCOR_Patch.esp
	Impact Data Set  -> Audio Overhaul Skyrim.esp_Weapons_Base_SRD.yaml
	Equip  -> Audio Overhaul Skyrim.esp_Weapons_Base_SRD.yaml
	Unequip  -> Audio Overhaul Skyrim.esp_Weapons_Base_SRD.yaml

964C9|ZIA_Complete Pack.esp
	Impact Data Set  -> Audio Overhaul Skyrim.esp_Weapons_Base_SRD.yaml
	Equip  -> Audio Overhaul Skyrim.esp_Weapons_Base_SRD.yaml
	Unequip  -> Audio Overhaul Skyrim.esp_Weapons_Base_SRD.yaml

3001C|ImmersiveSoundsCompendium_CCOR_Patch.esp
	Pick Up  -> CompleteCraftingOverhaulRemastered - ISC Patch_SRD.yaml

236C51|LegacyoftheDragonborn.esm
	Impact Data Set  -> Audio Overhaul Skyrim.esp_Weapons_ModSupport_SRD.yaml
	Equip  -> Audio Overhaul Skyrim.esp_Weapons_ModSupport_SRD.yaml
	Unequip  -> Audio Overhaul Skyrim.esp_Weapons_ModSupport_SRD.yaml

9F25D|Nolvus Awakening Weapons Patch.esp
	Impact Data Set  -> Audio Overhaul Skyrim.esp_Weapons_Base_SRD.yaml
	Equip  -> Audio Overhaul Skyrim.esp_Weapons_Base_SRD.yaml
	Unequip  -> Audio Overhaul Skyrim.esp_Weapons_Base_SRD.yaml

A4DCE|JS Unique Utopia SE - Daggers - WACCF Patch.esp
	Impact Data Set  -> Audio Overhaul Skyrim.esp_Weapons_Base_SRD.yaml
	Equip  -> Audio Overhaul Skyrim.esp_Weapons_Base_SRD.yaml
	Unequip  -> Audio Overhaul Skyrim.esp_Weapons_Base_SRD.yaml

4F6297|ImmersiveSoundsCompendium_CCOR_Patch.esp
	Pick Up  -> CompleteCraftingOverhaulRemastered - ISC Patch_SRD.yaml

30027|ImmersiveSoundsCompendium_CCOR_Patch.esp
	Pick Up  -> CompleteCraftingOverhaulRemastered - ISC Patch_SRD.yaml
	Put Down  -> CompleteCraftingOverhaulRemastered - ISC Patch_SRD.yaml

AE085|DBM_WACCF_Patch.esp
	Equip  -> Audio Overhaul Skyrim.esp_Weapons_Base_SRD.yaml
	Attack Fail  -> Audio Overhaul Skyrim.esp_Weapons_Base_SRD.yaml
	Unequip  -> Audio Overhaul Skyrim.esp_Weapons_Base_SRD.yaml

B994E|JS Unique Utopia SE - Daggers - WACCF Patch.esp
	Impact Data Set  -> Audio Overhaul Skyrim.esp_Weapons_Base_SRD.yaml
	Equip  -> Audio Overhaul Skyrim.esp_Weapons_Base_SRD.yaml
	Unequip  -> Audio Overhaul Skyrim.esp_Weapons_Base_SRD.yaml

1259F6|LegacyoftheDragonborn.esm
	Impact Data Set  -> Audio Overhaul Skyrim.esp_Weapons_ModSupport_SRD.yaml
	Equip  -> Audio Overhaul Skyrim.esp_Weapons_ModSupport_SRD.yaml
	Unequip  -> Audio Overhaul Skyrim.esp_Weapons_ModSupport_SRD.yaml

D0758|JS Unique Utopia SE - Daggers - WACCF Patch.esp
	Impact Data Set  -> Audio Overhaul Skyrim.esp_Weapons_Base_SRD.yaml
	Equip  -> Audio Overhaul Skyrim.esp_Weapons_Base_SRD.yaml
	Unequip  -> Audio Overhaul Skyrim.esp_Weapons_Base_SRD.yaml

BE6|CC Misc Patches - Saints and Seducers.esp
	Impact Data Set  -> Audio Overhaul Skyrim.esp_Weapons_Base_SRD.yaml
	Equip  -> Audio Overhaul Skyrim.esp_Weapons_Base_SRD.yaml
	Unequip  -> Audio Overhaul Skyrim.esp_Weapons_Base_SRD.yaml

ECD53|JS Unique Utopia SE - Daggers - Johnskyrim.esp
	Impact Data Set  -> Audio Overhaul Skyrim.esp_Weapons_Base_SRD.yaml
	Equip  -> Audio Overhaul Skyrim.esp_Weapons_Base_SRD.yaml
	Unequip  -> Audio Overhaul Skyrim.esp_Weapons_Base_SRD.yaml

ECD54|JS Unique Utopia SE - Daggers - WACCF Patch.esp
	Impact Data Set  -> Audio Overhaul Skyrim.esp_Weapons_Base_SRD.yaml
	Equip  -> Audio Overhaul Skyrim.esp_Weapons_Base_SRD.yaml
	Unequip  -> Audio Overhaul Skyrim.esp_Weapons_Base_SRD.yaml

10F9C6|Tools of Kagrenac.esp
	Impact Data Set  -> Audio Overhaul Skyrim.esp_Weapons_Base_SRD.yaml
	Equip  -> Audio Overhaul Skyrim.esp_Weapons_Base_SRD.yaml
	Unequip  -> Audio Overhaul Skyrim.esp_Weapons_Base_SRD.yaml

3EEB09|ImmersiveSoundsCompendium_CCOR_Patch.esp
	Pick Up  -> CompleteCraftingOverhaulRemastered - ISC Patch_SRD.yaml
	Put Down  -> CompleteCraftingOverhaulRemastered - ISC Patch_SRD.yaml

14FCB|Nolvus Awakening Clothes Patch.esp
	Impact Data Set  -> Audio Overhaul Skyrim.esp_Weapons_Base_SRD.yaml
	Equip  -> Audio Overhaul Skyrim.esp_Weapons_Base_SRD.yaml
	Unequip  -> Audio Overhaul Skyrim.esp_Weapons_Base_SRD.yaml

1CDB5|Unofficial Skyrim Special Edition Patch.esp
	Impact Data Set  -> Audio Overhaul Skyrim.esp_Weapons_Base_SRD.yaml
	Equip  -> Audio Overhaul Skyrim.esp_Weapons_Base_SRD.yaml
	Unequip  -> Audio Overhaul Skyrim.esp_Weapons_Base_SRD.yaml

1CC0633|ImmersiveSoundsCompendium_CCOR_Patch.esp
	Pick Up  -> CompleteCraftingOverhaulRemastered - ISC Patch_SRD.yaml
	Put Down  -> CompleteCraftingOverhaulRemastered - ISC Patch_SRD.yaml

8A1ED|TRD Patch - CC Fishing.esp
	Impact Data Set  -> Audio Overhaul Skyrim.esp_Weapons_Base_SRD.yaml

1CE02|Adamant.esp
	Impact Data Set  -> Audio Overhaul Skyrim.esp_Weapons_Base_SRD.yaml
	Equip  -> Audio Overhaul Skyrim.esp_Weapons_Base_SRD.yaml
	Unequip  -> Audio Overhaul Skyrim.esp_Weapons_Base_SRD.yaml

300065|Beyond Skyrim Bruma_CCOR_Patch.esp
	Impact Data Set  -> Audio Overhaul Skyrim.esp_Weapons_Base_SRD.yaml
	Equip  -> Audio Overhaul Skyrim.esp_Weapons_Base_SRD.yaml
	Unequip  -> Audio Overhaul Skyrim.esp_Weapons_Base_SRD.yaml

83A4B|Beyond Skyrim Bruma_CCOR_Patch.esp
	Impact Data Set  -> Audio Overhaul Skyrim.esp_Weapons_Base_SRD.yaml
	Equip  -> Audio Overhaul Skyrim.esp_Weapons_Base_SRD.yaml
	Unequip  -> Audio Overhaul Skyrim.esp_Weapons_Base_SRD.yaml

1CE03|Adamant.esp
	Impact Data Set  -> Audio Overhaul Skyrim.esp_Weapons_Base_SRD.yaml
	Equip  -> Audio Overhaul Skyrim.esp_Weapons_Base_SRD.yaml
	Unequip  -> Audio Overhaul Skyrim.esp_Weapons_Base_SRD.yaml

805|Wyrmstooth - Craftable Sets.esp
	Attack Fail  -> WTBrimstoneWyrmstoneArmory - ISC Patch_SRD.yaml

30019|ImmersiveSoundsCompendium_CCOR_Patch.esp
	Pick Up  -> CompleteCraftingOverhaulRemastered - ISC Patch_SRD.yaml

30005D|Beyond Skyrim Bruma_CCOR_Patch.esp
	Impact Data Set  -> Audio Overhaul Skyrim.esp_Weapons_Base_SRD.yaml
	Equip  -> Audio Overhaul Skyrim.esp_Weapons_Base_SRD.yaml
	Unequip  -> Audio Overhaul Skyrim.esp_Weapons_Base_SRD.yaml

823|Wyrmstooth - Craftable Sets.esp
	Footstep  -> WTBrimstoneWyrmstoneArmory - ISC Patch_SRD.yaml

80E|CC Misc Patches - Saints and Seducers.esp
	Impact Data Set  -> Audio Overhaul Skyrim.esp_Weapons_Base_SRD.yaml
	Equip  -> Audio Overhaul Skyrim.esp_Weapons_Base_SRD.yaml
	Unequip  -> Audio Overhaul Skyrim.esp_Weapons_Base_SRD.yaml

996|CC Misc Patches - Saints and Seducers.esp
	Impact Data Set  -> Audio Overhaul Skyrim.esp_Weapons_Base_SRD.yaml
	Equip  -> Audio Overhaul Skyrim.esp_Weapons_Base_SRD.yaml
	Unequip  -> Audio Overhaul Skyrim.esp_Weapons_Base_SRD.yaml

3E401A|LegacyoftheDragonborn.esm
	Impact Data Set  -> Audio Overhaul Skyrim.esp_Weapons_ModSupport_SRD.yaml
	Equip  -> Audio Overhaul Skyrim.esp_Weapons_ModSupport_SRD.yaml
	Unequip  -> Audio Overhaul Skyrim.esp_Weapons_ModSupport_SRD.yaml

BDD|CC Misc Patches - Saints and Seducers.esp
	Impact Data Set  -> Audio Overhaul Skyrim.esp_Weapons_Base_SRD.yaml
	Equip  -> Audio Overhaul Skyrim.esp_Weapons_Base_SRD.yaml
	Unequip  -> Audio Overhaul Skyrim.esp_Weapons_Base_SRD.yaml

8A1E4|CC-Fishing_CCOR_Patch.esp
	Impact Data Set  -> Audio Overhaul Skyrim.esp_Weapons_Base_SRD.yaml

2DED|ImmersiveSoundsCompendium_CCOR_Patch.esp
	Pick Up  -> CompleteCraftingOverhaulRemastered - ISC Patch_SRD.yaml

D660|ImmersiveSoundsCompendium_CCOR_Patch.esp
	Pick Up  -> CompleteCraftingOverhaulRemastered - ISC Patch_SRD.yaml

E44|TRD Patch - CC Fishing.esp
	Impact Data Set  -> Audio Overhaul Skyrim.esp_Weapons_Base_SRD.yaml

166825|JS Unique Utopia SE - Daggers - LOTD Patch.esp
	Impact Data Set  -> Audio Overhaul Skyrim.esp_Weapons_ModSupport_SRD.yaml
	Equip  -> Audio Overhaul Skyrim.esp_Weapons_ModSupport_SRD.yaml
	Unequip  -> Audio Overhaul Skyrim.esp_Weapons_ModSupport_SRD.yaml

ED3|CC Misc Patches - Fishing.esp
	Impact Data Set  -> Audio Overhaul Skyrim.esp_Weapons_Base_SRD.yaml
	Equip  -> Audio Overhaul Skyrim.esp_Weapons_Base_SRD.yaml
	Unequip  -> Audio Overhaul Skyrim.esp_Weapons_Base_SRD.yaml

89B|CC-NecromanticGrimoire_WACCF_Patch.esp
	Impact Data Set  -> Audio Overhaul Skyrim.esp_Weapons_Base_SRD.yaml
	Equip  -> Audio Overhaul Skyrim.esp_Weapons_Base_SRD.yaml
	Unequip  -> Audio Overhaul Skyrim.esp_Weapons_Base_SRD.yaml

3EEB0F|ImmersiveSoundsCompendium_CCOR_Patch.esp
	Pick Up  -> CompleteCraftingOverhaulRemastered - ISC Patch_SRD.yaml
	Put Down  -> CompleteCraftingOverhaulRemastered - ISC Patch_SRD.yaml

ECE|DBM_CC_BittercupHOWPatch.esp
	Impact Data Set  -> Audio Overhaul Skyrim.esp_Weapons_Base_SRD.yaml
	Equip  -> Audio Overhaul Skyrim.esp_Weapons_Base_SRD.yaml
	Unequip  -> Audio Overhaul Skyrim.esp_Weapons_Base_SRD.yaml

923|ccmtysse002-ve.esl
	Impact Data Set  -> Audio Overhaul Skyrim.esp_Weapons_Base_SRD.yaml
	Equip  -> Audio Overhaul Skyrim.esp_Weapons_Base_SRD.yaml
	Unequip  -> Audio Overhaul Skyrim.esp_Weapons_Base_SRD.yaml

784A71|Wyrmstooth.esp
	Impact Data Set  -> Audio Overhaul Skyrim.esp_Weapons_Base_SRD.yaml
	Equip  -> Audio Overhaul Skyrim.esp_Weapons_Base_SRD.yaml
	Unequip  -> Audio Overhaul Skyrim.esp_Weapons_Base_SRD.yaml

10B9E|LegacyoftheDragonborn.esm
	Impact Data Set  -> Audio Overhaul Skyrim.esp_Weapons_ModSupport_SRD.yaml
	Equip  -> Audio Overhaul Skyrim.esp_Weapons_ModSupport_SRD.yaml
	Unequip  -> Audio Overhaul Skyrim.esp_Weapons_ModSupport_SRD.yaml

10BA0|LegacyoftheDragonborn.esm
	Impact Data Set  -> Audio Overhaul Skyrim.esp_Weapons_ModSupport_SRD.yaml
	Equip  -> Audio Overhaul Skyrim.esp_Weapons_ModSupport_SRD.yaml
	Unequip  -> Audio Overhaul Skyrim.esp_Weapons_ModSupport_SRD.yaml

64F6C|LegacyoftheDragonborn.esm
	Impact Data Set  -> Audio Overhaul Skyrim.esp_Weapons_ModSupport_SRD.yaml
	Equip  -> Audio Overhaul Skyrim.esp_Weapons_ModSupport_SRD.yaml
	Unequip  -> Audio Overhaul Skyrim.esp_Weapons_ModSupport_SRD.yaml

73C725|JS Unique Utopia SE - Daggers - LOTD Patch.esp
	Impact Data Set  -> Audio Overhaul Skyrim.esp_Weapons_ModSupport_SRD.yaml
	Equip  -> Audio Overhaul Skyrim.esp_Weapons_ModSupport_SRD.yaml
	Unequip  -> Audio Overhaul Skyrim.esp_Weapons_ModSupport_SRD.yaml

6F679|LegacyoftheDragonborn.esm
	Impact Data Set  -> Audio Overhaul Skyrim.esp_Weapons_ModSupport_SRD.yaml
	Equip  -> Audio Overhaul Skyrim.esp_Weapons_ModSupport_SRD.yaml
	Unequip  -> Audio Overhaul Skyrim.esp_Weapons_ModSupport_SRD.yaml

7EEEF|LegacyoftheDragonborn.esm
	Impact Data Set  -> Audio Overhaul Skyrim.esp_Weapons_ModSupport_SRD.yaml
	Equip  -> Audio Overhaul Skyrim.esp_Weapons_ModSupport_SRD.yaml
	Unequip  -> Audio Overhaul Skyrim.esp_Weapons_ModSupport_SRD.yaml

7EF23|LegacyoftheDragonborn.esm
	Impact Data Set  -> Audio Overhaul Skyrim.esp_Weapons_ModSupport_SRD.yaml
	Equip  -> Audio Overhaul Skyrim.esp_Weapons_ModSupport_SRD.yaml
	Unequip  -> Audio Overhaul Skyrim.esp_Weapons_ModSupport_SRD.yaml

1253C0|Nolvus Awakening DLC Patch.esp
	Impact Data Set  -> Audio Overhaul Skyrim.esp_Weapons_ModSupport_SRD.yaml
	Equip  -> Audio Overhaul Skyrim.esp_Weapons_ModSupport_SRD.yaml
	Unequip  -> Audio Overhaul Skyrim.esp_Weapons_ModSupport_SRD.yaml

161D35|LegacyoftheDragonborn.esm
	Impact Data Set  -> Audio Overhaul Skyrim.esp_Weapons_ModSupport_SRD.yaml
	Equip  -> Audio Overhaul Skyrim.esp_Weapons_ModSupport_SRD.yaml
	Unequip  -> Audio Overhaul Skyrim.esp_Weapons_ModSupport_SRD.yaml

166826|JS Unique Utopia SE - Daggers - LOTD Patch.esp
	Impact Data Set  -> Audio Overhaul Skyrim.esp_Weapons_ModSupport_SRD.yaml
	Equip  -> Audio Overhaul Skyrim.esp_Weapons_ModSupport_SRD.yaml
	Unequip  -> Audio Overhaul Skyrim.esp_Weapons_ModSupport_SRD.yaml

16682E|JS Unique Utopia SE - Daggers - LOTD Patch.esp
	Impact Data Set  -> Audio Overhaul Skyrim.esp_Weapons_ModSupport_SRD.yaml
	Equip  -> Audio Overhaul Skyrim.esp_Weapons_ModSupport_SRD.yaml
	Unequip  -> Audio Overhaul Skyrim.esp_Weapons_ModSupport_SRD.yaml

236C5F|LegacyoftheDragonborn.esm
	Impact Data Set  -> Audio Overhaul Skyrim.esp_Weapons_ModSupport_SRD.yaml
	Equip  -> Audio Overhaul Skyrim.esp_Weapons_ModSupport_SRD.yaml
	Unequip  -> Audio Overhaul Skyrim.esp_Weapons_ModSupport_SRD.yaml

3CAA8C|LegacyoftheDragonborn.esm
	Impact Data Set  -> Audio Overhaul Skyrim.esp_Weapons_ModSupport_SRD.yaml
	Equip  -> Audio Overhaul Skyrim.esp_Weapons_ModSupport_SRD.yaml
	Unequip  -> Audio Overhaul Skyrim.esp_Weapons_ModSupport_SRD.yaml

4ADDD3|LegacyoftheDragonborn.esm
	Impact Data Set  -> Audio Overhaul Skyrim.esp_Weapons_ModSupport_SRD.yaml
	Equip  -> Audio Overhaul Skyrim.esp_Weapons_ModSupport_SRD.yaml
	Unequip  -> Audio Overhaul Skyrim.esp_Weapons_ModSupport_SRD.yaml

638C39|JS Unique Utopia SE - Daggers - LOTD Patch.esp
	Impact Data Set  -> Audio Overhaul Skyrim.esp_Weapons_ModSupport_SRD.yaml
	Equip  -> Audio Overhaul Skyrim.esp_Weapons_ModSupport_SRD.yaml
	Unequip  -> Audio Overhaul Skyrim.esp_Weapons_ModSupport_SRD.yaml

73C715|LegacyoftheDragonborn.esm
	Impact Data Set  -> Audio Overhaul Skyrim.esp_Weapons_ModSupport_SRD.yaml
	Equip  -> Audio Overhaul Skyrim.esp_Weapons_ModSupport_SRD.yaml
	Unequip  -> Audio Overhaul Skyrim.esp_Weapons_ModSupport_SRD.yaml

73C717|LegacyoftheDragonborn.esm
	Impact Data Set  -> Audio Overhaul Skyrim.esp_Weapons_ModSupport_SRD.yaml
	Equip  -> Audio Overhaul Skyrim.esp_Weapons_ModSupport_SRD.yaml
	Unequip  -> Audio Overhaul Skyrim.esp_Weapons_ModSupport_SRD.yaml

73C719|JS Unique Utopia SE - Daggers - LOTD Patch.esp
	Impact Data Set  -> Audio Overhaul Skyrim.esp_Weapons_ModSupport_SRD.yaml
	Equip  -> Audio Overhaul Skyrim.esp_Weapons_ModSupport_SRD.yaml
	Unequip  -> Audio Overhaul Skyrim.esp_Weapons_ModSupport_SRD.yaml

73C71C|JS Unique Utopia SE - Daggers - LOTD Patch.esp
	Impact Data Set  -> Audio Overhaul Skyrim.esp_Weapons_ModSupport_SRD.yaml
	Equip  -> Audio Overhaul Skyrim.esp_Weapons_ModSupport_SRD.yaml
	Unequip  -> Audio Overhaul Skyrim.esp_Weapons_ModSupport_SRD.yaml

73C71E|JS Unique Utopia SE - Daggers - LOTD Patch.esp
	Impact Data Set  -> Audio Overhaul Skyrim.esp_Weapons_ModSupport_SRD.yaml
	Equip  -> Audio Overhaul Skyrim.esp_Weapons_ModSupport_SRD.yaml
	Unequip  -> Audio Overhaul Skyrim.esp_Weapons_ModSupport_SRD.yaml

73C71F|JS Unique Utopia SE - Daggers - LOTD Patch.esp
	Impact Data Set  -> Audio Overhaul Skyrim.esp_Weapons_ModSupport_SRD.yaml
	Equip  -> Audio Overhaul Skyrim.esp_Weapons_ModSupport_SRD.yaml
	Unequip  -> Audio Overhaul Skyrim.esp_Weapons_ModSupport_SRD.yaml

73C723|Nolvus Awakening DLC Patch.esp
	Impact Data Set  -> Audio Overhaul Skyrim.esp_Weapons_ModSupport_SRD.yaml
	Equip  -> Audio Overhaul Skyrim.esp_Weapons_ModSupport_SRD.yaml
	Unequip  -> Audio Overhaul Skyrim.esp_Weapons_ModSupport_SRD.yaml

1CC0630|ImmersiveSoundsCompendium_CCOR_Patch.esp
	Pick Up  -> CompleteCraftingOverhaulRemastered - ISC Patch_SRD.yaml
	Put Down  -> CompleteCraftingOverhaulRemastered - ISC Patch_SRD.yaml

77AE37|LegacyoftheDragonborn.esm
	Impact Data Set  -> Audio Overhaul Skyrim.esp_Weapons_ModSupport_SRD.yaml
	Equip  -> Audio Overhaul Skyrim.esp_Weapons_ModSupport_SRD.yaml
	Unequip  -> Audio Overhaul Skyrim.esp_Weapons_ModSupport_SRD.yaml

CE1DD|AudioOverhaulSkyrim_CCOR_Patch.esp
	Impact Data Set  -> CompleteCraftingOverhaulRemastered - AOS Patch_SRD.yaml

CE1DE|AudioOverhaulSkyrim_CCOR_Patch.esp
	Impact Data Set  -> CompleteCraftingOverhaulRemastered - AOS Patch_SRD.yaml

CE1E3|AudioOverhaulSkyrim_CCOR_Patch.esp
	Impact Data Set  -> CompleteCraftingOverhaulRemastered - AOS Patch_SRD.yaml

CE1E9|ImmersiveSoundsCompendium_CCOR_Patch.esp
	Attack Fail  -> CompleteCraftingOverhaulRemastered - ISC Patch_SRD.yaml

CE1EF|ImmersiveSoundsCompendium_CCOR_Patch.esp
	Attack Fail  -> CompleteCraftingOverhaulRemastered - ISC Patch_SRD.yaml

3EEB16|ImmersiveSoundsCompendium_CCOR_Patch.esp
	Pick Up  -> CompleteCraftingOverhaulRemastered - ISC Patch_SRD.yaml
	Put Down  -> CompleteCraftingOverhaulRemastered - ISC Patch_SRD.yaml

7D0B8|DawnguardArsenal_CCOR_Patch.esp
	Attack Fail  -> CompleteCraftingOverhaulRemastered - ISC Patch_SRD.yaml

BEE8D|ImmersiveSoundsCompendium_CCOR_Patch.esp
	Attack Fail  -> CompleteCraftingOverhaulRemastered - ISC Patch_SRD.yaml

CE1EC|ImmersiveSoundsCompendium_CCOR_Patch.esp
	Attack Fail  -> CompleteCraftingOverhaulRemastered - ISC Patch_SRD.yaml

1D5A55|Complete Crafting Overhaul_Remastered.esp
	Footstep  -> CompleteCraftingOverhaulRemastered - ISC Patch_SRD.yaml

1DFC69|Complete Crafting Overhaul_Remastered.esp
	Footstep  -> CompleteCraftingOverhaulRemastered - ISC Patch_SRD.yaml

1E4D9B|Complete Crafting Overhaul_Remastered.esp
	Footstep  -> CompleteCraftingOverhaulRemastered - ISC Patch_SRD.yaml

1E4D9D|Complete Crafting Overhaul_Remastered.esp
	Footstep  -> CompleteCraftingOverhaulRemastered - ISC Patch_SRD.yaml

1E4DA3|Complete Crafting Overhaul_Remastered.esp
	Footstep  -> CompleteCraftingOverhaulRemastered - ISC Patch_SRD.yaml

1E4DA4|Complete Crafting Overhaul_Remastered.esp
	Footstep  -> CompleteCraftingOverhaulRemastered - ISC Patch_SRD.yaml

1E4DA5|Complete Crafting Overhaul_Remastered.esp
	Footstep  -> CompleteCraftingOverhaulRemastered - ISC Patch_SRD.yaml

1E4DA7|Complete Crafting Overhaul_Remastered.esp
	Footstep  -> CompleteCraftingOverhaulRemastered - ISC Patch_SRD.yaml

1E4DA8|Complete Crafting Overhaul_Remastered.esp
	Footstep  -> CompleteCraftingOverhaulRemastered - ISC Patch_SRD.yaml

1E4DA9|Complete Crafting Overhaul_Remastered.esp
	Footstep  -> CompleteCraftingOverhaulRemastered - ISC Patch_SRD.yaml

1E4DAA|Complete Crafting Overhaul_Remastered.esp
	Footstep  -> CompleteCraftingOverhaulRemastered - ISC Patch_SRD.yaml

1E4DAB|Complete Crafting Overhaul_Remastered.esp
	Footstep  -> CompleteCraftingOverhaulRemastered - ISC Patch_SRD.yaml

1E4DAC|Complete Crafting Overhaul_Remastered.esp
	Footstep  -> CompleteCraftingOverhaulRemastered - ISC Patch_SRD.yaml

3EEB0A|ImmersiveSoundsCompendium_CCOR_Patch.esp
	Pick Up  -> CompleteCraftingOverhaulRemastered - ISC Patch_SRD.yaml
	Put Down  -> CompleteCraftingOverhaulRemastered - ISC Patch_SRD.yaml

1E4DAD|Complete Crafting Overhaul_Remastered.esp
	Footstep  -> CompleteCraftingOverhaulRemastered - ISC Patch_SRD.yaml

3EEB1B|ImmersiveSoundsCompendium_CCOR_Patch.esp
	Pick Up  -> CompleteCraftingOverhaulRemastered - ISC Patch_SRD.yaml
	Put Down  -> CompleteCraftingOverhaulRemastered - ISC Patch_SRD.yaml

A730E|Complete Crafting Overhaul_Remastered.esp
	Footstep  -> CompleteCraftingOverhaulRemastered - ISC Patch_SRD.yaml

A730F|Complete Crafting Overhaul_Remastered.esp
	Footstep  -> CompleteCraftingOverhaulRemastered - ISC Patch_SRD.yaml

8C3F3|ImmersiveSoundsCompendium_CCOR_Patch.esp
	Pick Up  -> CompleteCraftingOverhaulRemastered - ISC Patch_SRD.yaml
	Put Down  -> CompleteCraftingOverhaulRemastered - ISC Patch_SRD.yaml

4F6293|ImmersiveSoundsCompendium_CCOR_Patch.esp
	Pick Up  -> CompleteCraftingOverhaulRemastered - ISC Patch_SRD.yaml
	Put Down  -> CompleteCraftingOverhaulRemastered - ISC Patch_SRD.yaml

4F6294|ImmersiveSoundsCompendium_CCOR_Patch.esp
	Pick Up  -> CompleteCraftingOverhaulRemastered - ISC Patch_SRD.yaml
	Put Down  -> CompleteCraftingOverhaulRemastered - ISC Patch_SRD.yaml

8C3F1|ImmersiveSoundsCompendium_CCOR_Patch.esp
	Pick Up  -> CompleteCraftingOverhaulRemastered - ISC Patch_SRD.yaml
	Put Down  -> CompleteCraftingOverhaulRemastered - ISC Patch_SRD.yaml

3001F|ImmersiveSoundsCompendium_CCOR_Patch.esp
	Pick Up  -> CompleteCraftingOverhaulRemastered - ISC Patch_SRD.yaml
	Put Down  -> CompleteCraftingOverhaulRemastered - ISC Patch_SRD.yaml

30020|ImmersiveSoundsCompendium_CCOR_Patch.esp
	Pick Up  -> CompleteCraftingOverhaulRemastered - ISC Patch_SRD.yaml
	Put Down  -> CompleteCraftingOverhaulRemastered - ISC Patch_SRD.yaml

30022|ImmersiveSoundsCompendium_CCOR_Patch.esp
	Pick Up  -> CompleteCraftingOverhaulRemastered - ISC Patch_SRD.yaml
	Put Down  -> CompleteCraftingOverhaulRemastered - ISC Patch_SRD.yaml

30023|ImmersiveSoundsCompendium_CCOR_Patch.esp
	Pick Up  -> CompleteCraftingOverhaulRemastered - ISC Patch_SRD.yaml
	Put Down  -> CompleteCraftingOverhaulRemastered - ISC Patch_SRD.yaml

30024|ImmersiveSoundsCompendium_CCOR_Patch.esp
	Pick Up  -> CompleteCraftingOverhaulRemastered - ISC Patch_SRD.yaml
	Put Down  -> CompleteCraftingOverhaulRemastered - ISC Patch_SRD.yaml

30025|ImmersiveSoundsCompendium_CCOR_Patch.esp
	Pick Up  -> CompleteCraftingOverhaulRemastered - ISC Patch_SRD.yaml
	Put Down  -> CompleteCraftingOverhaulRemastered - ISC Patch_SRD.yaml

3EEB0B|ImmersiveSoundsCompendium_CCOR_Patch.esp
	Pick Up  -> CompleteCraftingOverhaulRemastered - ISC Patch_SRD.yaml
	Put Down  -> CompleteCraftingOverhaulRemastered - ISC Patch_SRD.yaml

38B2|ImmersiveSoundsCompendium_CCOR_Patch.esp
	Pick Up  -> CompleteCraftingOverhaulRemastered - ISC Patch_SRD.yaml
	Put Down  -> CompleteCraftingOverhaulRemastered - ISC Patch_SRD.yaml

3EEB0E|ImmersiveSoundsCompendium_CCOR_Patch.esp
	Pick Up  -> CompleteCraftingOverhaulRemastered - ISC Patch_SRD.yaml
	Put Down  -> CompleteCraftingOverhaulRemastered - ISC Patch_SRD.yaml

189AD6|ImmersiveSoundsCompendium_CCOR_Patch.esp
	Pick Up  -> CompleteCraftingOverhaulRemastered - ISC Patch_SRD.yaml

3EEB10|ImmersiveSoundsCompendium_CCOR_Patch.esp
	Pick Up  -> CompleteCraftingOverhaulRemastered - ISC Patch_SRD.yaml
	Put Down  -> CompleteCraftingOverhaulRemastered - ISC Patch_SRD.yaml

38B3|ImmersiveSoundsCompendium_CCOR_Patch.esp
	Pick Up  -> CompleteCraftingOverhaulRemastered - ISC Patch_SRD.yaml
	Put Down  -> CompleteCraftingOverhaulRemastered - ISC Patch_SRD.yaml

3EEC46|ImmersiveSoundsCompendium_CCOR_Patch.esp
	Pick Up  -> CompleteCraftingOverhaulRemastered - ISC Patch_SRD.yaml
	Put Down  -> CompleteCraftingOverhaulRemastered - ISC Patch_SRD.yaml

38B5|ImmersiveSoundsCompendium_CCOR_Patch.esp
	Pick Up  -> CompleteCraftingOverhaulRemastered - ISC Patch_SRD.yaml
	Put Down  -> CompleteCraftingOverhaulRemastered - ISC Patch_SRD.yaml

3EEB12|ImmersiveSoundsCompendium_CCOR_Patch.esp
	Pick Up  -> CompleteCraftingOverhaulRemastered - ISC Patch_SRD.yaml
	Put Down  -> CompleteCraftingOverhaulRemastered - ISC Patch_SRD.yaml

3EEB11|ImmersiveSoundsCompendium_CCOR_Patch.esp
	Pick Up  -> CompleteCraftingOverhaulRemastered - ISC Patch_SRD.yaml
	Put Down  -> CompleteCraftingOverhaulRemastered - ISC Patch_SRD.yaml

38B4|ImmersiveSoundsCompendium_CCOR_Patch.esp
	Pick Up  -> CompleteCraftingOverhaulRemastered - ISC Patch_SRD.yaml
	Put Down  -> CompleteCraftingOverhaulRemastered - ISC Patch_SRD.yaml

38B7|ImmersiveSoundsCompendium_CCOR_Patch.esp
	Pick Up  -> CompleteCraftingOverhaulRemastered - ISC Patch_SRD.yaml
	Put Down  -> CompleteCraftingOverhaulRemastered - ISC Patch_SRD.yaml

3EEB14|ImmersiveSoundsCompendium_CCOR_Patch.esp
	Pick Up  -> CompleteCraftingOverhaulRemastered - ISC Patch_SRD.yaml
	Put Down  -> CompleteCraftingOverhaulRemastered - ISC Patch_SRD.yaml

3EEB13|ImmersiveSoundsCompendium_CCOR_Patch.esp
	Pick Up  -> CompleteCraftingOverhaulRemastered - ISC Patch_SRD.yaml
	Put Down  -> CompleteCraftingOverhaulRemastered - ISC Patch_SRD.yaml

3EEB15|ImmersiveSoundsCompendium_CCOR_Patch.esp
	Pick Up  -> CompleteCraftingOverhaulRemastered - ISC Patch_SRD.yaml
	Put Down  -> CompleteCraftingOverhaulRemastered - ISC Patch_SRD.yaml

3EEB1A|ImmersiveSoundsCompendium_CCOR_Patch.esp
	Pick Up  -> CompleteCraftingOverhaulRemastered - ISC Patch_SRD.yaml
	Put Down  -> CompleteCraftingOverhaulRemastered - ISC Patch_SRD.yaml

3EEB17|ImmersiveSoundsCompendium_CCOR_Patch.esp
	Pick Up  -> CompleteCraftingOverhaulRemastered - ISC Patch_SRD.yaml
	Put Down  -> CompleteCraftingOverhaulRemastered - ISC Patch_SRD.yaml

3EEB19|ImmersiveSoundsCompendium_CCOR_Patch.esp
	Pick Up  -> CompleteCraftingOverhaulRemastered - ISC Patch_SRD.yaml
	Put Down  -> CompleteCraftingOverhaulRemastered - ISC Patch_SRD.yaml

38B6|ImmersiveSoundsCompendium_CCOR_Patch.esp
	Pick Up  -> CompleteCraftingOverhaulRemastered - ISC Patch_SRD.yaml
	Put Down  -> CompleteCraftingOverhaulRemastered - ISC Patch_SRD.yaml

3EEC47|ImmersiveSoundsCompendium_CCOR_Patch.esp
	Pick Up  -> CompleteCraftingOverhaulRemastered - ISC Patch_SRD.yaml
	Put Down  -> CompleteCraftingOverhaulRemastered - ISC Patch_SRD.yaml

3EEB1E|ImmersiveSoundsCompendium_CCOR_Patch.esp
	Pick Up  -> CompleteCraftingOverhaulRemastered - ISC Patch_SRD.yaml
	Put Down  -> CompleteCraftingOverhaulRemastered - ISC Patch_SRD.yaml

3EEB1D|ImmersiveSoundsCompendium_CCOR_Patch.esp
	Pick Up  -> CompleteCraftingOverhaulRemastered - ISC Patch_SRD.yaml
	Put Down  -> CompleteCraftingOverhaulRemastered - ISC Patch_SRD.yaml

3EEB1F|ImmersiveSoundsCompendium_CCOR_Patch.esp
	Pick Up  -> CompleteCraftingOverhaulRemastered - ISC Patch_SRD.yaml
	Put Down  -> CompleteCraftingOverhaulRemastered - ISC Patch_SRD.yaml

4F6291|ImmersiveSoundsCompendium_CCOR_Patch.esp
	Pick Up  -> CompleteCraftingOverhaulRemastered - ISC Patch_SRD.yaml
	Put Down  -> CompleteCraftingOverhaulRemastered - ISC Patch_SRD.yaml

4F6292|ImmersiveSoundsCompendium_CCOR_Patch.esp
	Pick Up  -> CompleteCraftingOverhaulRemastered - ISC Patch_SRD.yaml
	Put Down  -> CompleteCraftingOverhaulRemastered - ISC Patch_SRD.yaml

8C403|ImmersiveSoundsCompendium_CCOR_Patch.esp
	Pick Up  -> CompleteCraftingOverhaulRemastered - ISC Patch_SRD.yaml

4F6296|ImmersiveSoundsCompendium_CCOR_Patch.esp
	Pick Up  -> CompleteCraftingOverhaulRemastered - ISC Patch_SRD.yaml

3A2B8D|ImmersiveSoundsCompendium_CCOR_Patch.esp
	Pick Up  -> CompleteCraftingOverhaulRemastered - ISC Patch_SRD.yaml

3001B|ImmersiveSoundsCompendium_CCOR_Patch.esp
	Pick Up  -> CompleteCraftingOverhaulRemastered - ISC Patch_SRD.yaml

D65F|ImmersiveSoundsCompendium_CCOR_Patch.esp
	Pick Up  -> CompleteCraftingOverhaulRemastered - ISC Patch_SRD.yaml

3B1EA1|ImmersiveSoundsCompendium_CCOR_Patch.esp
	Pick Up  -> CompleteCraftingOverhaulRemastered - ISC Patch_SRD.yaml

3B1EA0|ImmersiveSoundsCompendium_CCOR_Patch.esp
	Pick Up  -> CompleteCraftingOverhaulRemastered - ISC Patch_SRD.yaml

2DE8|ImmersiveSoundsCompendium_CCOR_Patch.esp
	Pick Up  -> CompleteCraftingOverhaulRemastered - ISC Patch_SRD.yaml

3B1EA3|ImmersiveSoundsCompendium_CCOR_Patch.esp
	Pick Up  -> CompleteCraftingOverhaulRemastered - ISC Patch_SRD.yaml

3B1EA5|ImmersiveSoundsCompendium_CCOR_Patch.esp
	Pick Up  -> CompleteCraftingOverhaulRemastered - ISC Patch_SRD.yaml

3001D|ImmersiveSoundsCompendium_CCOR_Patch.esp
	Pick Up  -> CompleteCraftingOverhaulRemastered - ISC Patch_SRD.yaml

D661|ImmersiveSoundsCompendium_CCOR_Patch.esp
	Pick Up  -> CompleteCraftingOverhaulRemastered - ISC Patch_SRD.yaml

2DEA|ImmersiveSoundsCompendium_CCOR_Patch.esp
	Pick Up  -> CompleteCraftingOverhaulRemastered - ISC Patch_SRD.yaml

2DEB|ImmersiveSoundsCompendium_CCOR_Patch.esp
	Pick Up  -> CompleteCraftingOverhaulRemastered - ISC Patch_SRD.yaml

3001A|ImmersiveSoundsCompendium_CCOR_Patch.esp
	Pick Up  -> CompleteCraftingOverhaulRemastered - ISC Patch_SRD.yaml

3EEC49|ImmersiveSoundsCompendium_CCOR_Patch.esp
	Pick Up  -> CompleteCraftingOverhaulRemastered - ISC Patch_SRD.yaml

3B1EBB|ImmersiveSoundsCompendium_CCOR_Patch.esp
	Pick Up  -> CompleteCraftingOverhaulRemastered - ISC Patch_SRD.yaml

30036|ImmersiveSoundsCompendium_CCOR_Patch.esp
	Pick Up  -> CompleteCraftingOverhaulRemastered - ISC Patch_SRD.yaml

30018|ImmersiveSoundsCompendium_CCOR_Patch.esp
	Pick Up  -> CompleteCraftingOverhaulRemastered - ISC Patch_SRD.yaml

D65E|ImmersiveSoundsCompendium_CCOR_Patch.esp
	Pick Up  -> CompleteCraftingOverhaulRemastered - ISC Patch_SRD.yaml

1CC0607|ImmersiveSoundsCompendium_CCOR_Patch.esp
	Pick Up  -> CompleteCraftingOverhaulRemastered - ISC Patch_SRD.yaml
	Put Down  -> CompleteCraftingOverhaulRemastered - ISC Patch_SRD.yaml

1CC0609|ImmersiveSoundsCompendium_CCOR_Patch.esp
	Pick Up  -> CompleteCraftingOverhaulRemastered - ISC Patch_SRD.yaml
	Put Down  -> CompleteCraftingOverhaulRemastered - ISC Patch_SRD.yaml

1CC0631|ImmersiveSoundsCompendium_CCOR_Patch.esp
	Pick Up  -> CompleteCraftingOverhaulRemastered - ISC Patch_SRD.yaml
	Put Down  -> CompleteCraftingOverhaulRemastered - ISC Patch_SRD.yaml

1CC0632|ImmersiveSoundsCompendium_CCOR_Patch.esp
	Pick Up  -> CompleteCraftingOverhaulRemastered - ISC Patch_SRD.yaml
	Put Down  -> CompleteCraftingOverhaulRemastered - ISC Patch_SRD.yaml

1CC4076|ImmersiveSoundsCompendium_CCOR_Patch.esp
	Pick Up  -> CompleteCraftingOverhaulRemastered - ISC Patch_SRD.yaml
	Put Down  -> CompleteCraftingOverhaulRemastered - ISC Patch_SRD.yaml

807|Wyrmstooth - Craftable Sets.esp
	Impact Data Set  -> WTBrimstoneWyrmstoneArmory - AOS Patch_SRD.yaml

80D|Wyrmstooth - Craftable Sets.esp
	Attack Fail  -> WTBrimstoneWyrmstoneArmory - ISC Patch_SRD.yaml

80C|Wyrmstooth - Craftable Sets.esp
	Attack Fail  -> WTBrimstoneWyrmstoneArmory - ISC Patch_SRD.yaml

814|Wyrmstooth - Craftable Sets.esp
	Attack Fail  -> WTBrimstoneWyrmstoneArmory - ISC Patch_SRD.yaml

81B|Wyrmstooth - Craftable Sets.esp
	Footstep  -> WTBrimstoneWyrmstoneArmory - ISC Patch_SRD.yaml

Printed conflicts in 24 milliseconds

